64c9b8e822f9d7cfdff9e0650979f3c02a309e3de8c7b7f12987c125aa7ed8e2,4ce0027e32d08b1ca5d3e65a3ee7fd855d229129e177df75ea761dd7b30a66ae,b0a0bc84acf12028753e466502f98f7ad1b35bfe300320b35814d301aa50b524,34edd51777a8471ef1163fb01a85fea3a298c9e1c75b548a34325dcafead8af1,04b14ad0eb86ad5ddb6d5c4cb4a0671e75638597e745ba555a556e87a0552697,a2a380f37884db1c2046142b0b95ccd47ae1bf77c6e04cf5998da87cfb78eb85,e578fb7d8172ac90054ebcc8df5a0129d42a2727a6d49b337fab22b0ee2b1e8f,cfc8969dd684d0cdeaa7f8aaf939c0b67170d1c91f4adc67189822082ff6bed6,818041dae8f6fcd5ce53c9c0b5799089ab9b47350054d2aac38901b628b1ed05,1e9bcde8d1b8c1c3dc0c79a699546c6aa87075cf567ca994bc7b9f8cc7aacd11,bfe0d092886027586f5e586000047323f08ce2e2ff925096392e53e79d9a1d31,266029880f00ad7898493d19c5d10aa2d5feaf966b9f571569be177d33c0a328,f23e273e88cfd8e71d842dfe91345107fc2aca187555e84c54ad111c2d0ff748,aa8db7f4d4ed606c6ebac8b67253dcba2d0a0f928ed147cce17147757c6e30b2
"0","0","2018/08/27 15:59:59","0","1","2000","1","1","-1","30","0","34","103","2018/08/20 16:00:00"
"0","0","2018/08/27 15:59:59","0","1","2000","1","2","-1","40","0","44","103","2018/08/20 16:00:00"
"0","0","2018/09/03 15:59:59","0","1","2000","1","3","-1","40","0","45","104","2018/08/27 16:00:00"
"0","0","2018/09/10 15:59:59","0","1","2000","1","4","-1","30","0","31","101","2018/09/05 16:00:00"
"0","0","2018/09/10 15:59:59","0","1","2000","1","5","-1","40","0","41","101","2018/09/05 16:00:00"
"0","0","2018/09/14 15:59:59","0","1","2000","1","6","-1","30","0","32","102","2018/09/10 16:00:00"
"0","0","2018/09/14 15:59:59","0","1","2000","1","7","-1","40","0","42","102","2018/09/10 16:00:00"
"0","0","2018/09/21 15:59:59","0","1","2000","1","8","-1","30","0","34","103","2018/09/14 16:00:00"
"0","0","2018/09/21 15:59:59","0","1","2000","1","9","-1","40","0","44","103","2018/09/14 16:00:00"
"0","0","2018/10/01 04:59:59","0","1","2000","1","10","-1","40","0","45","104","2018/09/21 16:00:00"
"0","0","2018/10/11 04:59:59","0","1","2000","1","11","-1","30","0","34","103","2018/10/01 05:00:00"
"0","0","2018/10/11 04:59:59","0","1","2000","1","12","-1","40","0","44","103","2018/10/01 05:00:00"
"0","0","2018/10/22 04:59:59","0","1","2000","1","13","-1","40","0","45","104","2018/10/11 05:00:00"
"0","0","2018/10/27 04:59:59","0","1","2000","1","14","-1","30","0","31","101","2018/10/22 05:00:00"
"0","0","2018/10/27 04:59:59","0","1","2000","1","15","-1","40","0","41","101","2018/10/22 05:00:00"
"0","0","2018/11/01 04:59:59","0","1","2000","1","16","-1","30","0","32","102","2018/10/27 05:00:00"
"0","0","2018/11/01 04:59:59","0","1","2000","1","17","-1","40","0","42","102","2018/10/27 05:00:00"
"0","0","2018/11/10 04:59:59","0","1","2000","1","18","-1","30","0","34","103","2018/11/01 05:00:00"
"0","0","2018/11/10 04:59:59","0","1","2000","1","19","-1","40","0","44","103","2018/11/01 05:00:00"
"0","0","2018/11/20 04:59:59","0","1","2000","1","20","-1","40","0","45","104","2018/11/10 05:00:00"
"0","0","2018/11/26 04:59:59","0","1","2000","1","21","-1","30","0","31","101","2018/11/20 05:00:00"
"0","0","2018/11/26 04:59:59","0","1","2000","1","22","-1","40","0","41","101","2018/11/20 05:00:00"
"0","0","2018/11/30 04:59:59","0","1","2000","1","23","-1","30","0","32","102","2018/11/26 05:00:00"
"0","0","2018/11/30 04:59:59","0","1","2000","1","24","-1","40","0","42","102","2018/11/26 05:00:00"
"0","0","2018/12/11 04:59:59","0","1","2000","1","25","-1","30","0","34","103","2018/12/01 05:00:00"
"0","0","2018/12/11 04:59:59","0","1","2000","1","26","-1","40","0","44","103","2018/12/01 05:00:00"
"0","0","2018/12/21 04:59:59","0","1","2000","1","27","-1","40","0","45","104","2018/12/11 05:00:00"
"0","0","2018/12/26 04:59:59","0","1","2000","1","28","-1","30","0","31","101","2018/12/21 05:00:00"
"0","0","2018/12/26 04:59:59","0","1","2000","1","29","-1","40","0","41","101","2018/12/21 05:00:00"
"0","0","2018/12/31 04:59:59","0","1","2000","1","30","-1","30","0","32","102","2018/12/26 05:00:00"
"0","0","2018/12/31 04:59:59","0","1","2000","1","31","-1","40","0","42","102","2018/12/26 05:00:00"
"0","0","2019/01/11 04:59:59","0","1","2000","1","32","-1","30","0","34","103","2018/12/31 05:00:00"
"0","0","2019/01/11 04:59:59","0","1","2000","1","33","-1","40","0","44","103","2018/12/31 05:00:00"
"0","0","2019/01/22 04:59:59","0","1","2000","1","34","-1","40","0","45","104","2019/01/11 05:00:00"
"0","0","2019/01/27 04:59:59","0","1","2000","1","35","-1","30","0","31","101","2019/01/22 05:00:00"
"0","0","2019/01/27 04:59:59","0","1","2000","1","36","-1","40","0","41","101","2019/01/22 05:00:00"
"0","0","2019/02/01 04:59:59","0","1","2000","1","37","-1","30","0","32","102","2019/01/27 05:00:00"
"0","0","2019/02/01 04:59:59","0","1","2000","1","38","-1","40","0","42","102","2019/01/27 05:00:00"
"0","0","2019/02/10 04:59:59","0","1","3000","1","39","-1","30","0","34","103","2019/02/01 05:00:00"
"0","0","2019/02/10 04:59:59","0","1","3000","1","40","-1","40","0","44","103","2019/02/01 05:00:00"
"0","0","2019/02/19 04:59:59","0","1","2000","1","41","-1","40","0","45","104","2019/02/10 05:00:00"
"0","0","2019/02/24 04:59:59","0","1","3000","1","42","-1","30","0","31","101","2019/02/19 05:00:00"
"0","0","2019/02/24 04:59:59","0","1","3000","1","43","-1","40","0","41","101","2019/02/19 05:00:00"
"0","0","2019/03/01 04:59:59","0","1","3000","1","44","-1","30","0","32","102","2019/02/24 05:00:00"
"0","0","2019/03/01 04:59:59","0","1","3000","1","45","-1","40","0","42","102","2019/02/24 05:00:00"
"0","0","2019/03/11 04:59:59","0","1","2000","1","46","-1","30","0","34","103","2019/03/01 05:00:00"
"0","0","2019/03/11 04:59:59","0","1","2000","1","47","-1","40","0","44","103","2019/03/01 05:00:00"
"0","0","2019/03/25 15:59:59","0","1","1500","1","48","-1","80","0","151","6004","2019/03/06 16:00:00"
"0","0","2019/03/25 15:59:59","0","1","1500","1","49","-1","80","0","152","6005","2019/03/06 16:00:00"
"0","0","2019/03/22 04:59:59","0","1","2000","1","50","-1","40","0","45","104","2019/03/11 05:00:00"
"0","0","2019/03/27 04:59:59","0","1","2000","1","51","-1","30","0","31","101","2019/03/22 05:00:00"
"0","0","2019/03/27 04:59:59","0","1","2000","1","52","-1","40","0","41","101","2019/03/22 05:00:00"
"0","0","2019/04/01 04:59:59","0","1","2000","1","53","-1","30","0","32","102","2019/03/27 05:00:00"
"0","0","2019/04/01 04:59:59","0","1","2000","1","54","-1","40","0","42","102","2019/03/27 05:00:00"
"0","0","2019/04/11 04:59:59","0","1","2000","1","55","-1","30","0","34","103","2019/04/01 05:00:00"
"0","0","2019/04/11 04:59:59","0","1","2000","1","56","-1","40","0","44","103","2019/04/01 05:00:00"
"0","0","2019/04/17 15:59:59","0","1","1500","1","57","-1","80","0","151","6004","2019/04/03 16:00:00"
"0","0","2019/04/17 15:59:59","0","1","1500","1","58","-1","80","0","152","6005","2019/04/03 16:00:00"
"0","0","2019/04/21 04:59:59","0","1","2000","1","59","-1","40","0","45","104","2019/04/11 05:00:00"
"0","0","2019/04/26 04:59:59","0","1","2000","1","60","-1","30","0","31","101","2019/04/21 05:00:00"
"0","0","2019/04/26 04:59:59","0","1","2000","1","61","-1","40","0","41","101","2019/04/21 05:00:00"
"0","0","2019/05/01 04:59:59","0","1","2000","1","62","-1","30","0","32","102","2019/04/26 05:00:00"
"0","0","2019/05/01 04:59:59","0","1","2000","1","63","-1","40","0","42","102","2019/04/26 05:00:00"
"0","0","2019/05/11 04:59:59","0","1","2000","1","64","-1","30","0","34","103","2019/05/01 05:00:00"
"0","0","2019/05/11 04:59:59","0","1","2000","1","65","-1","40","0","44","103","2019/05/01 05:00:00"
"0","0","2019/05/16 15:59:59","0","1","1500","1","66","-1","80","0","151","6004","2019/05/02 16:00:00"
"0","0","2019/05/16 15:59:59","0","1","1500","1","67","-1","80","0","152","6005","2019/05/02 16:00:00"
"0","0","2019/05/21 04:59:59","0","1","2000","1","68","-1","40","0","45","104","2019/05/11 05:00:00"
"0","0","2019/05/27 04:59:59","0","1","2000","1","69","-1","30","0","31","101","2019/05/21 05:00:00"
"0","0","2019/05/27 04:59:59","0","1","2000","1","70","-1","40","0","41","101","2019/05/21 05:00:00"
"0","0","2019/06/01 04:59:59","0","1","2000","1","71","-1","30","0","32","102","2019/05/27 05:00:00"
"0","0","2019/06/01 04:59:59","0","1","2000","1","72","-1","40","0","42","102","2019/05/27 05:00:00"
"0","0","2019/06/13 04:59:59","0","1","2000","1","73","-1","30","0","34","103","2019/06/01 05:00:00"
"0","0","2019/06/13 04:59:59","0","1","2000","1","74","-1","40","0","44","103","2019/06/01 05:00:00"
"0","0","2019/06/17 15:59:59","0","1","1500","1","75","-1","80","0","151","6004","2019/06/03 16:00:00"
"0","0","2019/06/17 15:59:59","0","1","1500","1","76","-1","80","0","152","6005","2019/06/03 16:00:00"
"0","0","2019/06/23 04:59:59","0","1","2000","1","77","-1","40","0","45","104","2019/06/13 05:00:00"
"0","0","2019/06/25 04:59:59","0","1","2000","1","78","-1","30","0","31","101","2019/06/13 05:00:00"
"0","0","2019/06/25 04:59:59","0","1","2000","1","79","-1","40","0","41","101","2019/06/13 05:00:00"
"0","0","2019/07/01 04:59:59","0","1","2000","1","80","-1","30","0","32","102","2019/06/25 05:00:00"
"0","0","2019/07/01 04:59:59","0","1","2000","1","81","-1","40","0","42","102","2019/06/25 05:00:00"
"0","0","2019/07/13 04:59:59","0","1","2000","1","82","-1","30","0","34","103","2019/07/01 05:00:00"
"0","0","2019/07/13 04:59:59","0","1","2000","1","83","-1","40","0","44","103","2019/07/01 05:00:00"
"0","0","2019/07/15 15:59:59","0","1","1500","1","84","-1","80","0","151","6004","2019/07/01 16:00:00"
"0","0","2019/07/15 15:59:59","0","1","1500","1","85","-1","80","0","152","6005","2019/07/01 16:00:00"
"0","0","2019/07/22 04:59:59","0","1","2000","1","86","-1","40","0","45","104","2019/07/08 05:00:00"
"0","0","2019/07/26 04:59:59","0","1","2000","1","87","-1","30","0","31","101","2019/07/13 05:00:00"
"0","0","2019/07/26 04:59:59","0","1","2000","1","88","-1","40","0","41","101","2019/07/13 05:00:00"
"0","0","2019/07/31 15:59:59","0","1","1500","1","89","-1","80","0","151","6004","2019/07/17 16:00:00"
"0","0","2019/07/31 15:59:59","0","1","1500","1","90","-1","80","0","152","6005","2019/07/17 16:00:00"
"0","0","2019/07/27 04:59:59","0","1","2000","1","91","-1","30","0","37","109","2019/07/22 05:00:00"
"0","0","2019/08/01 04:59:59","0","1","2000","1","92","-1","30","0","32","102","2019/07/26 05:00:00"
"0","0","2019/08/01 04:59:59","0","1","2000","1","93","-1","40","0","42","102","2019/07/26 05:00:00"
"0","0","2019/08/14 04:59:59","0","1","3000","1","94","-1","30","0","34","103","2019/08/01 05:00:00"
"0","0","2019/08/14 04:59:59","0","1","3000","1","95","-1","40","0","44","103","2019/08/01 05:00:00"
"0","0","2019/08/15 15:59:59","0","1","1500","1","96","-1","80","0","151","6004","2019/08/01 16:00:00"
"0","0","2019/08/15 15:59:59","0","1","1500","1","97","-1","80","0","152","6005","2019/08/01 16:00:00"
"0","0","2019/08/22 04:59:59","0","1","2000","1","98","-1","40","0","45","104","2019/08/08 05:00:00"
"0","0","2019/08/26 04:59:59","0","1","3000","1","99","-1","30","0","31","101","2019/08/14 05:00:00"
"0","0","2019/08/26 04:59:59","0","1","3000","1","100","-1","40","0","41","101","2019/08/14 05:00:00"
"0","0","2019/08/27 04:59:59","0","1","2000","1","101","-1","30","0","37","109","2019/08/22 05:00:00"
"0","0","2019/09/01 04:59:59","0","1","3000","1","102","-1","30","0","32","102","2019/08/26 05:00:00"
"0","0","2019/09/01 04:59:59","0","1","3000","1","103","-1","40","0","42","102","2019/08/26 05:00:00"
"0","0","2019/09/13 04:59:59","0","1","2000","1","104","-1","30","0","34","103","2019/09/01 05:00:00"
"0","0","2019/09/13 04:59:59","0","1","2000","1","105","-1","40","0","44","103","2019/09/01 05:00:00"
"0","0","2019/09/18 15:59:59","0","1","1500","1","106","-1","80","0","151","6004","2019/09/03 16:00:00"
"0","0","2019/09/18 15:59:59","0","1","1500","1","107","-1","80","0","152","6005","2019/09/03 16:00:00"
"0","0","2019/09/20 04:59:59","0","1","2000","1","108","-1","40","0","45","104","2019/09/05 05:00:00"
"0","0","2019/09/26 04:59:59","0","1","2000","1","109","-1","30","0","31","101","2019/09/13 05:00:00"
"0","0","2019/09/26 04:59:59","0","1","2000","1","110","-1","40","0","41","101","2019/09/13 05:00:00"
"0","0","2019/09/26 04:59:59","0","1","2000","1","111","-1","30","0","34","103","2019/09/20 05:00:00"
"0","0","2019/09/26 04:59:59","0","1","2000","1","112","-1","40","0","44","103","2019/09/20 05:00:00"
"0","0","2019/10/01 04:59:59","0","1","2000","1","113","-1","30","0","37","109","2019/09/26 05:00:00"
"0","0","2019/10/01 04:59:59","0","1","2000","1","114","-1","30","0","32","102","2019/09/26 05:00:00"
"0","0","2019/10/01 04:59:59","0","1","2000","1","115","-1","40","0","42","102","2019/09/26 05:00:00"
"0","0","2019/10/13 04:59:59","0","1","2000","1","116","-1","30","0","34","103","2019/10/01 05:00:00"
"0","0","2019/10/13 04:59:59","0","1","2000","1","117","-1","40","0","44","103","2019/10/01 05:00:00"
"0","0","2019/10/15 15:59:59","0","1","1500","1","118","-1","80","0","151","6004","2019/10/01 16:00:00"
"0","0","2019/10/15 15:59:59","0","1","1500","1","119","-1","80","0","152","6005","2019/10/01 16:00:00"
"0","0","2019/10/20 04:59:59","0","1","2000","1","120","-1","40","0","45","104","2019/10/07 05:00:00"
"0","0","2019/10/26 04:59:59","0","1","2000","1","121","-1","30","0","31","101","2019/10/13 05:00:00"
"0","0","2019/10/26 04:59:59","0","1","2000","1","122","-1","40","0","41","101","2019/10/13 05:00:00"
"0","0","2019/10/24 15:59:59","0","1","1500","1","123","-1","80","0","251","7004","2019/10/17 16:00:00"
"0","0","2019/10/24 15:59:59","0","1","1500","1","124","-1","80","0","252","7005","2019/10/17 16:00:00"
"0","0","2019/10/27 04:59:59","0","1","2000","1","125","-1","30","0","37","109","2019/10/22 05:00:00"
"0","0","2019/11/01 04:59:59","0","1","2000","1","126","-1","30","0","32","102","2019/10/26 05:00:00"
"0","0","2019/11/01 04:59:59","0","1","2000","1","127","-1","40","0","42","102","2019/10/26 05:00:00"
"0","0","2019/11/13 04:59:59","0","1","2000","1","128","-1","30","0","34","103","2019/11/01 05:00:00"
"0","0","2019/11/13 04:59:59","0","1","2000","1","129","-1","40","0","44","103","2019/11/01 05:00:00"
"0","0","2019/11/15 15:59:59","0","1","1500","1","130","-1","80","0","151","6004","2019/11/01 16:00:00"
"0","0","2019/11/15 15:59:59","0","1","1500","1","131","-1","80","0","152","6005","2019/11/01 16:00:00"
"0","0","2019/11/20 04:59:59","0","1","2000","1","132","-1","40","0","45","104","2019/11/07 05:00:00"
"0","0","2019/11/26 04:59:59","0","1","2000","1","133","-1","30","0","31","101","2019/11/13 05:00:00"
"0","0","2019/11/26 04:59:59","0","1","2000","1","134","-1","40","0","41","101","2019/11/13 05:00:00"
"0","0","2019/11/24 15:59:59","0","1","1500","1","135","-1","80","0","251","7004","2019/11/17 16:00:00"
"0","0","2019/11/24 15:59:59","0","1","1500","1","136","-1","80","0","252","7005","2019/11/17 16:00:00"
"0","0","2019/11/26 04:59:59","0","1","2000","1","137","-1","30","0","37","109","2019/11/20 05:00:00"
"0","0","2019/12/01 04:59:59","0","1","2000","1","138","-1","30","0","32","102","2019/11/26 05:00:00"
"0","0","2019/12/01 04:59:59","0","1","2000","1","139","-1","40","0","42","102","2019/11/26 05:00:00"
"0","0","2019/12/13 04:59:59","0","1","2000","1","140","-1","30","0","34","103","2019/12/01 05:00:00"
"0","0","2019/12/13 04:59:59","0","1","2000","1","141","-1","40","0","44","103","2019/12/01 05:00:00"
"0","0","2019/12/15 15:59:59","0","1","1500","1","142","-1","80","0","151","6004","2019/12/02 16:00:00"
"0","0","2019/12/15 15:59:59","0","1","1500","1","143","-1","80","0","152","6005","2019/12/02 16:00:00"
"0","0","2019/12/20 04:59:59","0","1","2000","1","144","-1","40","0","45","104","2019/12/07 05:00:00"
"0","0","2019/12/26 04:59:59","0","1","2000","1","145","-1","30","0","31","101","2019/12/13 05:00:00"
"0","0","2019/12/26 04:59:59","0","1","2000","1","146","-1","40","0","41","101","2019/12/13 05:00:00"
"0","0","2019/12/24 15:59:59","0","1","1500","1","147","-1","80","0","251","7004","2019/12/17 16:00:00"
"0","0","2019/12/24 15:59:59","0","1","1500","1","148","-1","80","0","252","7005","2019/12/17 16:00:00"
"0","0","2019/12/26 04:59:59","0","1","2000","1","149","-1","30","0","37","109","2019/12/20 05:00:00"
"0","0","2020/01/01 04:59:59","0","1","2000","1","150","-1","30","0","32","102","2019/12/26 05:00:00"
"0","0","2020/01/01 04:59:59","0","1","2000","1","151","-1","40","0","42","102","2019/12/26 05:00:00"
"0","0","2020/01/10 04:59:59","0","1","2000","1","152","-1","30","0","34","103","2020/01/01 05:00:00"
"0","0","2020/01/10 04:59:59","0","1","2000","1","153","-1","40","0","44","103","2020/01/01 05:00:00"
"0","0","2020/01/08 04:59:59","0","1","2000","1","154","-1","30","0","37","109","2020/01/02 05:00:00"
"0","0","2020/01/08 04:59:59","0","1","2000","1","155","-1","30","0","38","112","2020/01/02 05:00:00"
"0","0","2020/01/16 15:59:59","0","1","1500","1","156","-1","80","0","151","6004","2020/01/02 16:00:00"
"0","0","2020/01/16 15:59:59","0","1","1500","1","157","-1","80","0","152","6005","2020/01/02 16:00:00"
"0","0","2020/01/23 04:59:59","0","1","2000","1","158","-1","40","0","45","104","2020/01/10 05:00:00"
"0","0","2020/01/23 04:59:59","0","1","2000","1","159","-1","30","0","31","101","2020/01/10 05:00:00"
"0","0","2020/01/23 04:59:59","0","1","2000","1","160","-1","40","0","41","101","2020/01/10 05:00:00"
"0","0","2020/01/23 15:59:59","0","1","1500","1","161","-1","80","0","251","7004","2020/01/16 16:00:00"
"0","0","2020/01/23 15:59:59","0","1","1500","1","162","-1","80","0","252","7005","2020/01/16 16:00:00"
"0","0","2020/01/26 04:59:59","0","1","2000","1","163","-1","30","0","34","103","2020/01/21 05:00:00"
"0","0","2020/01/26 04:59:59","0","1","2000","1","164","-1","40","0","44","103","2020/01/21 05:00:00"
"0","0","2020/02/01 04:59:59","0","1","2000","1","165","-1","30","0","32","102","2020/01/26 05:00:00"
"0","0","2020/02/01 04:59:59","0","1","2000","1","166","-1","40","0","42","102","2020/01/26 05:00:00"
"0","0","2020/02/14 04:59:59","0","1","2000","1","167","-1","40","0","45","104","2020/02/01 05:00:00"
"0","0","2020/02/14 04:59:59","0","1","2000","1","168","-1","30","0","34","103","2020/02/01 05:00:00"
"0","0","2020/02/14 04:59:59","0","1","2000","1","169","-1","40","0","44","103","2020/02/01 05:00:00"
"0","0","2020/02/18 15:59:59","0","1","1500","1","170","-1","80","0","151","6004","2020/02/04 16:00:00"
"0","0","2020/02/18 15:59:59","0","1","1500","1","171","-1","80","0","152","6005","2020/02/04 16:00:00"
"0","0","2020/02/24 04:59:59","0","1","2000","1","172","-1","30","0","37","109","2020/02/14 05:00:00"
"0","0","2020/02/24 04:59:59","0","1","2000","1","173","-1","30","0","38","112","2020/02/14 05:00:00"
"0","0","2020/02/24 04:59:59","0","1","3000","1","174","-1","30","0","31","101","2020/02/14 05:00:00"
"0","0","2020/02/24 04:59:59","0","1","3000","1","175","-1","40","0","41","101","2020/02/14 05:00:00"
"0","0","2020/02/25 15:59:59","0","1","1500","1","176","-1","80","0","251","7004","2020/02/18 16:00:00"
"0","0","2020/02/25 15:59:59","0","1","1500","1","177","-1","80","0","252","7005","2020/02/18 16:00:00"
"0","0","2020/03/01 04:59:59","0","1","2000","1","178","-1","30","0","31","101","2020/02/24 05:00:00"
"0","0","2020/03/01 04:59:59","0","1","2000","1","179","-1","40","0","41","101","2020/02/24 05:00:00"
"0","0","2020/03/01 04:59:59","0","1","3000","1","180","-1","30","0","32","102","2020/02/24 05:00:00"
"0","0","2020/03/01 04:59:59","0","1","3000","1","181","-1","40","0","42","102","2020/02/24 05:00:00"
"0","0","2020/03/13 04:59:59","0","1","2000","1","182","-1","40","0","45","104","2020/03/01 05:00:00"
"0","0","2020/03/15 04:59:59","0","1","2000","1","183","-1","30","0","34","103","2020/03/01 05:00:00"
"0","0","2020/03/15 04:59:59","0","1","2000","1","184","-1","40","0","44","103","2020/03/01 05:00:00"
"0","0","2020/03/09 04:59:59","0","1","1500","1","185","-1","100","0","91","101","2020/03/02 05:00:00"
"0","0","2020/03/09 04:59:59","0","1","1500","1","186","-1","100","0","92","102","2020/03/02 05:00:00"
"0","0","2020/03/09 04:59:59","0","1","1500","1","187","-1","100","0","93","111","2020/03/02 05:00:00"
"0","0","2020/03/09 04:59:59","0","1","1500","1","188","-1","100","0","94","109","2020/03/02 05:00:00"
"0","0","2020/03/09 04:59:59","0","1","1500","1","189","-1","100","0","95","112","2020/03/02 05:00:00"
"0","0","2020/03/09 04:59:59","0","1","1500","1","190","-1","100","0","96","6004","2020/03/02 05:00:00"
"0","0","2020/03/09 04:59:59","0","1","1500","1","191","-1","100","0","97","6005","2020/03/02 05:00:00"
"0","0","2020/03/16 15:59:59","0","1","1500","1","192","-1","80","0","151","6004","2020/03/02 16:00:00"
"0","0","2020/03/16 15:59:59","0","1","1500","1","193","-1","80","0","152","6005","2020/03/02 16:00:00"
"0","0","2020/04/01 04:59:59","0","1","2000","1","194","-1","30","0","31","101","2020/03/13 05:00:00"
"0","0","2020/04/01 04:59:59","0","1","2000","1","195","-1","40","0","41","101","2020/03/13 05:00:00"
"0","0","2020/03/25 04:59:59","0","1","2000","1","196","-1","30","0","37","109","2020/03/15 05:00:00"
"0","0","2020/03/25 04:59:59","0","1","2000","1","197","-1","30","0","38","112","2020/03/15 05:00:00"
"0","0","2020/03/23 15:59:59","0","1","1500","1","198","-1","80","0","251","7004","2020/03/16 16:00:00"
"0","0","2020/03/23 15:59:59","0","1","1500","1","199","-1","80","0","252","7005","2020/03/16 16:00:00"
"0","0","2020/04/01 04:59:59","0","1","2000","1","200","-1","30","0","32","102","2020/03/25 05:00:00"
"0","0","2020/04/01 04:59:59","0","1","2000","1","201","-1","40","0","42","102","2020/03/25 05:00:00"
"0","0","2020/04/14 04:59:59","0","1","2000","1","202","-1","40","0","45","104","2020/04/01 05:00:00"
"0","0","2020/04/14 04:59:59","0","1","2000","1","203","-1","30","0","34","103","2020/04/01 05:00:00"
"0","0","2020/04/14 04:59:59","0","1","2000","1","204","-1","40","0","44","103","2020/04/01 05:00:00"
"0","0","2020/04/15 15:59:59","0","1","1500","1","205","-1","80","0","151","6004","2020/04/01 16:00:00"
"0","0","2020/04/15 15:59:59","0","1","1500","1","206","-1","80","0","152","6005","2020/04/01 16:00:00"
"0","0","2020/05/05 04:59:59","0","1","1500","1","207","-1","80","0","81","101","2020/04/01 05:00:00"
"0","0","2020/05/05 04:59:59","0","1","1500","1","208","-1","80","0","82","102","2020/04/01 05:00:00"
"0","0","2020/05/05 04:59:59","0","1","1500","1","209","-1","80","0","83","111","2020/04/01 05:00:00"
"0","0","2020/05/05 04:59:59","0","1","1500","1","210","-1","80","0","84","109","2020/04/01 05:00:00"
"0","0","2020/05/05 04:59:59","0","1","1500","1","211","-1","80","0","85","112","2020/04/01 05:00:00"
"0","0","2020/04/25 04:59:59","0","1","2000","1","212","-1","30","0","37","109","2020/04/14 05:00:00"
"0","0","2020/04/25 04:59:59","0","1","2000","1","213","-1","30","0","38","112","2020/04/14 05:00:00"
"0","0","2020/05/01 04:59:59","0","1","2000","1","214","-1","30","0","31","101","2020/04/14 05:00:00"
"0","0","2020/05/01 04:59:59","0","1","2000","1","215","-1","40","0","41","101","2020/04/14 05:00:00"
"0","0","2020/04/22 15:59:59","0","1","1500","1","216","-1","80","0","251","7004","2020/04/15 16:00:00"
"0","0","2020/04/22 15:59:59","0","1","1500","1","217","-1","80","0","252","7005","2020/04/15 16:00:00"
"0","0","2020/05/01 04:59:59","0","1","2000","1","218","-1","30","0","32","102","2020/04/25 05:00:00"
"0","0","2020/05/01 04:59:59","0","1","2000","1","219","-1","40","0","42","102","2020/04/25 05:00:00"
"0","0","2020/05/15 04:59:59","0","1","2000","1","220","-1","40","0","45","104","2020/05/01 05:00:00"
"0","0","2020/05/15 04:59:59","0","1","2000","1","221","-1","30","0","34","103","2020/05/01 05:00:00"
"0","0","2020/05/15 04:59:59","0","1","2000","1","222","-1","40","0","44","103","2020/05/01 05:00:00"
"0","0","2020/05/19 15:59:59","0","1","1500","1","223","-1","80","0","151","6004","2020/05/05 16:00:00"
"0","0","2020/05/19 15:59:59","0","1","1500","1","224","-1","80","0","152","6005","2020/05/05 16:00:00"
"0","0","2020/05/25 04:59:59","0","1","2000","1","225","-1","30","0","37","109","2020/05/15 05:00:00"
"0","0","2020/05/25 04:59:59","0","1","2000","1","226","-1","30","0","38","112","2020/05/15 05:00:00"
"0","0","2020/06/01 04:59:59","0","1","2000","1","227","-1","30","0","31","101","2020/05/15 05:00:00"
"0","0","2020/06/01 04:59:59","0","1","2000","1","228","-1","40","0","41","101","2020/05/15 05:00:00"
"0","0","2020/05/26 15:59:59","0","1","1500","1","229","-1","80","0","251","7004","2020/05/19 16:00:00"
"0","0","2020/05/26 15:59:59","0","1","1500","1","230","-1","80","0","252","7005","2020/05/19 16:00:00"
"0","0","2020/06/01 04:59:59","0","1","2000","1","231","-1","30","0","32","102","2020/05/25 05:00:00"
"0","0","2020/06/01 04:59:59","0","1","2000","1","232","-1","40","0","42","102","2020/05/25 05:00:00"
"0","0","2020/06/15 04:59:59","0","1","2000","1","233","-1","40","0","45","104","2020/06/01 05:00:00"
"0","0","2020/06/15 04:59:59","0","1","2000","1","234","-1","30","0","34","103","2020/06/01 05:00:00"
"0","0","2020/06/15 04:59:59","0","1","2000","1","235","-1","40","0","44","103","2020/06/01 05:00:00"
"0","0","2020/06/17 15:59:59","0","1","1500","1","236","-1","80","0","151","6004","2020/06/03 16:00:00"
"0","0","2020/06/17 15:59:59","0","1","1500","1","237","-1","80","0","152","6005","2020/06/03 16:00:00"
"0","0","2020/06/25 04:59:59","0","1","2000","1","238","-1","30","0","37","109","2020/06/15 05:00:00"
"0","0","2020/06/25 04:59:59","0","1","2000","1","239","-1","30","0","38","112","2020/06/15 05:00:00"
"0","0","2020/07/01 04:59:59","0","1","2000","1","240","-1","30","0","31","101","2020/06/15 05:00:00"
"0","0","2020/07/01 04:59:59","0","1","2000","1","241","-1","40","0","41","101","2020/06/15 05:00:00"
"0","0","2020/06/24 15:59:59","0","1","1500","1","242","-1","80","0","251","7004","2020/06/17 16:00:00"
"0","0","2020/06/24 15:59:59","0","1","1500","1","243","-1","80","0","252","7005","2020/06/17 16:00:00"
"0","0","2020/07/01 04:59:59","0","1","2000","1","244","-1","30","0","32","102","2020/06/25 05:00:00"
"0","0","2020/07/01 04:59:59","0","1","2000","1","245","-1","40","0","42","102","2020/06/25 05:00:00"
"0","0","2020/07/11 04:59:59","0","1","2000","1","246","-1","30","0","31","101","2020/07/01 05:00:00"
"0","0","2020/07/11 04:59:59","0","1","2000","1","247","-1","40","0","41","101","2020/07/01 05:00:00"
"0","0","2020/07/13 04:59:59","0","1","2000","1","248","-1","30","0","34","103","2020/07/01 05:00:00"
"0","0","2020/07/13 04:59:59","0","1","2000","1","249","-1","40","0","44","103","2020/07/01 05:00:00"
"0","0","2020/07/17 04:59:59","0","1","1500","1","250","-1","100","0","91","101","2020/07/01 05:00:00"
"0","0","2020/07/17 04:59:59","0","1","1500","1","251","-1","100","0","92","102","2020/07/01 05:00:00"
"0","0","2020/07/17 04:59:59","0","1","1500","1","252","-1","100","0","93","111","2020/07/01 05:00:00"
"0","0","2020/07/17 04:59:59","0","1","1500","1","253","-1","100","0","94","109","2020/07/01 05:00:00"
"0","0","2020/07/17 04:59:59","0","1","1500","1","254","-1","100","0","95","112","2020/07/01 05:00:00"
"0","0","2020/07/16 15:59:59","0","1","1500","1","255","-1","100","0","96","6004","2020/07/02 16:00:00"
"0","0","2020/07/16 15:59:59","0","1","1500","1","256","-1","100","0","97","6005","2020/07/02 16:00:00"
"0","0","2020/07/16 15:59:59","0","1","1500","1","257","-1","80","0","151","6004","2020/07/02 16:00:00"
"0","0","2020/07/16 15:59:59","0","1","1500","1","258","-1","80","0","152","6005","2020/07/02 16:00:00"
"0","0","2020/07/17 15:59:59","0","1","1500","1","259","-1","100","0","100","8004","2020/07/02 16:00:00"
"0","0","2020/07/17 15:59:59","0","1","1500","1","260","-1","100","0","101","8005","2020/07/02 16:00:00"
"0","0","2020/07/17 04:59:59","0","1","2000","1","261","-1","30","0","37","109","2020/07/11 05:00:00"
"0","0","2020/07/17 04:59:59","0","1","2000","1","262","-1","30","0","38","112","2020/07/11 05:00:00"
"0","0","2020/07/26 04:59:59","0","1","2000","1","263","-1","40","0","45","104","2020/07/13 05:00:00"
"0","0","2020/07/26 15:59:59","0","1","1500","1","264","-1","80","0","251","7004","2020/07/16 16:00:00"
"0","0","2020/07/26 15:59:59","0","1","1500","1","265","-1","80","0","252","7005","2020/07/16 16:00:00"
"0","0","2020/07/17 15:59:59","0","1","1500","1","266","-1","100","0","98","7004","2020/07/16 16:00:00"
"0","0","2020/07/17 15:59:59","0","1","1500","1","267","-1","100","0","99","7005","2020/07/16 16:00:00"
"0","0","2020/07/26 04:59:59","0","1","2000","1","268","-1","30","0","31","101","2020/07/17 05:00:00"
"0","0","2020/07/26 04:59:59","0","1","2000","1","269","-1","40","0","41","101","2020/07/17 05:00:00"
"0","0","2020/07/24 04:59:59","0","1","2000","1","270","-1","30","0","39","111","2020/07/17 05:00:00"
"0","0","2020/07/24 04:59:59","0","1","2000","1","271","-1","40","0","49","111","2020/07/17 05:00:00"
"0","0","2020/08/01 04:59:59","0","1","2000","1","272","-1","30","0","37","109","2020/07/26 05:00:00"
"0","0","2020/08/01 04:59:59","0","1","2000","1","273","-1","30","0","38","112","2020/07/26 05:00:00"
"0","0","2020/08/01 04:59:59","0","1","3000","1","274","-1","30","0","32","102","2020/07/26 05:00:00"
"0","0","2020/08/01 04:59:59","0","1","3000","1","275","-1","40","0","42","102","2020/07/26 05:00:00"
"0","0","2020/08/11 04:59:59","0","1","3000","1","276","-1","30","0","31","101","2020/08/01 05:00:00"
"0","0","2020/08/11 04:59:59","0","1","3000","1","277","-1","40","0","41","101","2020/08/01 05:00:00"
"0","0","2020/08/13 04:59:59","0","1","2000","1","278","-1","30","0","34","103","2020/08/01 05:00:00"
"0","0","2020/08/13 04:59:59","0","1","2000","1","279","-1","40","0","44","103","2020/08/01 05:00:00"
"0","0","2020/08/16 04:59:59","0","1","1500","1","280","-1","100","0","91","101","2020/08/01 05:00:00"
"0","0","2020/08/16 04:59:59","0","1","1500","1","281","-1","100","0","92","102","2020/08/01 05:00:00"
"0","0","2020/08/16 04:59:59","0","1","1500","1","282","-1","100","0","93","111","2020/08/01 05:00:00"
"0","0","2020/08/16 04:59:59","0","1","1500","1","283","-1","100","0","94","109","2020/08/01 05:00:00"
"0","0","2020/08/16 04:59:59","0","1","1500","1","284","-1","100","0","95","112","2020/08/01 05:00:00"
"0","0","2020/08/16 04:59:59","0","1","1500","1","285","-1","100","0","100","8004","2020/08/01 05:00:00"
"0","0","2020/08/16 04:59:59","0","1","1500","1","286","-1","100","0","101","8005","2020/08/01 05:00:00"
"0","0","2020/08/16 04:59:59","0","1","1500","1","287","-1","100","0","96","6004","2020/08/03 16:00:00"
"0","0","2020/08/16 04:59:59","0","1","1500","1","288","-1","100","0","97","6005","2020/08/03 16:00:00"
"0","0","2020/08/11 04:59:59","0","1","2000","1","289","-1","30","0","39","111","2020/08/03 05:00:00"
"0","0","2020/08/11 04:59:59","0","1","2000","1","290","-1","40","0","49","111","2020/08/03 05:00:00"
"0","0","2020/08/17 15:59:59","0","1","1500","1","291","-1","80","0","151","6004","2020/08/03 16:00:00"
"0","0","2020/08/17 15:59:59","0","1","1500","1","292","-1","80","0","152","6005","2020/08/03 16:00:00"
"0","0","2020/08/17 04:59:59","0","1","3000","1","293","-1","30","0","37","109","2020/08/11 05:00:00"
"0","0","2020/08/17 04:59:59","0","1","3000","1","294","-1","30","0","38","112","2020/08/11 05:00:00"
"0","0","2020/08/26 04:59:59","0","1","2000","1","295","-1","40","0","45","104","2020/08/13 05:00:00"
"0","0","2020/08/24 15:59:59","0","1","1500","1","296","-1","80","0","251","7004","2020/08/17 16:00:00"
"0","0","2020/08/24 15:59:59","0","1","1500","1","297","-1","80","0","252","7005","2020/08/17 16:00:00"
"0","0","2020/08/26 04:59:59","0","1","3000","1","298","-1","30","0","31","101","2020/08/17 05:00:00"
"0","0","2020/08/26 04:59:59","0","1","3000","1","299","-1","40","0","41","101","2020/08/17 05:00:00"
"0","0","2020/09/01 04:59:59","0","1","3000","1","300","-1","30","0","37","109","2020/08/26 05:00:00"
"0","0","2020/09/01 04:59:59","0","1","3000","1","301","-1","30","0","38","112","2020/08/26 05:00:00"
"0","0","2020/09/01 04:59:59","0","1","3000","1","302","-1","30","0","32","102","2020/08/26 05:00:00"
"0","0","2020/09/01 04:59:59","0","1","3000","1","303","-1","40","0","42","102","2020/08/26 05:00:00"
"0","0","2020/09/06 04:59:59","0","1","2000","1","304","-1","30","0","37","109","2020/09/01 05:00:00"
"0","0","2020/09/06 04:59:59","0","1","2000","1","305","-1","30","0","38","112","2020/09/01 05:00:00"
"0","0","2020/09/14 04:59:59","0","1","2000","1","306","-1","30","0","34","103","2020/09/01 05:00:00"
"0","0","2020/09/14 04:59:59","0","1","2000","1","307","-1","40","0","44","103","2020/09/01 05:00:00"
"0","0","2020/09/19 04:59:59","0","1","2000","1","308","-1","40","0","45","104","2020/09/06 05:00:00"
"0","0","2020/10/01 04:59:59","0","1","2000","1","309","-1","30","0","31","101","2020/09/14 05:00:00"
"0","0","2020/10/01 04:59:59","0","1","2000","1","310","-1","40","0","41","101","2020/09/14 05:00:00"
"0","0","2020/09/26 04:59:59","0","1","2000","1","311","-1","30","0","37","109","2020/09/21 05:00:00"
"0","0","2020/09/26 04:59:59","0","1","2000","1","312","-1","30","0","38","112","2020/09/21 05:00:00"
"0","0","2020/10/01 04:59:59","0","1","2000","1","313","-1","30","0","32","102","2020/09/26 05:00:00"
"0","0","2020/10/01 04:59:59","0","1","2000","1","314","-1","40","0","42","102","2020/09/26 05:00:00"
"0","0","2020/09/18 15:59:59","0","1","1500","1","315","-1","80","0","151","6004","2020/09/01 16:00:00"
"0","0","2020/09/18 15:59:59","0","1","1500","1","316","-1","80","0","152","6005","2020/09/01 16:00:00"
"0","0","2020/09/25 15:59:59","0","1","1500","1","317","-1","80","0","251","7004","2020/09/18 16:00:00"
"0","0","2020/09/25 15:59:59","0","1","1500","1","318","-1","80","0","252","7005","2020/09/18 16:00:00"
"0","0","2020/10/21 15:59:59","0","1","1500","1","319","-1","80","0","151","6004","2020/09/30 16:00:00"
"0","0","2020/10/21 15:59:59","0","1","1500","1","320","-1","80","0","152","6005","2020/09/30 16:00:00"
"0","0","2020/10/14 04:59:59","0","1","2000","1","321","-1","40","0","45","104","2020/10/01 05:00:00"
"0","0","2020/10/14 04:59:59","0","1","2000","1","322","-1","30","0","34","103","2020/10/01 05:00:00"
"0","0","2020/10/14 04:59:59","0","1","2000","1","323","-1","40","0","44","103","2020/10/01 05:00:00"
"0","0","2020/10/12 04:59:59","0","1","2000","1","324","-1","30","0","32","102","2020/10/07 05:00:00"
"0","0","2020/10/12 04:59:59","0","1","2000","1","325","-1","40","0","42","102","2020/10/07 05:00:00"
"0","0","2020/10/24 04:59:59","0","1","2000","1","326","-1","30","0","37","109","2020/10/14 05:00:00"
"0","0","2020/10/24 04:59:59","0","1","2000","1","327","-1","30","0","38","112","2020/10/14 05:00:00"
"0","0","2020/10/24 04:59:59","0","1","2000","1","328","-1","30","0","31","101","2020/10/14 05:00:00"
"0","0","2020/10/24 04:59:59","0","1","2000","1","329","-1","40","0","41","101","2020/10/14 05:00:00"
"0","0","2020/11/01 04:59:59","0","1","1500","1","330","-1","100","0","91","101","2020/10/14 05:00:00"
"0","0","2020/11/01 04:59:59","0","1","1500","1","331","-1","100","0","92","102","2020/10/14 05:00:00"
"0","0","2020/11/01 04:59:59","0","1","1500","1","332","-1","100","0","93","111","2020/10/14 05:00:00"
"0","0","2020/11/01 04:59:59","0","1","1500","1","333","-1","100","0","94","109","2020/10/14 05:00:00"
"0","0","2020/11/01 04:59:59","0","1","1500","1","334","-1","100","0","95","112","2020/10/14 05:00:00"
"0","0","2020/11/01 04:59:59","0","1","1500","1","335","-1","100","0","100","8004","2020/10/14 05:00:00"
"0","0","2020/11/01 04:59:59","0","1","1500","1","336","-1","100","0","101","8005","2020/10/14 05:00:00"
"0","0","2020/11/01 04:59:59","0","1","1500","1","337","-1","100","0","96","6004","2020/10/14 05:00:00"
"0","0","2020/11/01 04:59:59","0","1","1500","1","338","-1","100","0","97","6005","2020/10/14 05:00:00"
"0","0","2020/11/01 04:59:59","0","1","1500","1","339","-1","100","0","98","7004","2020/10/14 05:00:00"
"0","0","2020/11/01 04:59:59","0","1","1500","1","340","-1","100","0","99","7005","2020/10/14 05:00:00"
"0","0","2020/10/26 15:59:59","0","1","1500","1","341","-1","80","0","251","7004","2020/10/19 16:00:00"
"0","0","2020/10/26 15:59:59","0","1","1500","1","342","-1","80","0","252","7005","2020/10/19 16:00:00"
"0","0","2020/10/27 04:59:59","0","1","3000","1","343","-1","30","0","32","102","2020/10/24 05:00:00"
"0","0","2020/10/27 04:59:59","0","1","3000","1","344","-1","40","0","42","102","2020/10/24 05:00:00"
"0","0","2020/11/01 04:59:59","0","1","3000","1","345","-1","30","0","31","101","2020/10/27 05:00:00"
"0","0","2020/11/01 04:59:59","0","1","3000","1","346","-1","40","0","41","101","2020/10/27 05:00:00"
"0","0","2020/11/06 04:59:59","0","1","2000","1","347","-1","30","0","37","109","2020/11/01 05:00:00"
"0","0","2020/11/06 04:59:59","0","1","2000","1","348","-1","30","0","38","112","2020/11/01 05:00:00"
"0","0","2020/11/13 04:59:59","0","1","2000","1","349","-1","30","0","34","103","2020/11/01 05:00:00"
"0","0","2020/11/13 04:59:59","0","1","2000","1","350","-1","40","0","44","103","2020/11/01 05:00:00"
"0","0","2020/11/16 15:59:59","0","1","1500","1","351","-1","80","0","151","6004","2020/11/02 16:00:00"
"0","0","2020/11/16 15:59:59","0","1","1500","1","352","-1","80","0","152","6005","2020/11/02 16:00:00"
"0","0","2020/11/18 04:59:59","0","1","2000","1","353","-1","40","0","45","104","2020/11/06 05:00:00"
"0","0","2020/12/01 04:59:59","0","1","2000","1","354","-1","30","0","31","101","2020/11/13 05:00:00"
"0","0","2020/12/01 04:59:59","0","1","2000","1","355","-1","40","0","41","101","2020/11/13 05:00:00"
"0","0","2020/11/23 04:59:59","0","1","2000","1","356","-1","30","0","37","109","2020/11/18 05:00:00"
"0","0","2020/11/23 04:59:59","0","1","2000","1","357","-1","30","0","38","112","2020/11/18 05:00:00"
"0","0","2020/12/01 04:59:59","0","1","2000","1","358","-1","30","0","32","102","2020/11/23 05:00:00"
"0","0","2020/12/01 04:59:59","0","1","2000","1","359","-1","40","0","42","102","2020/11/23 05:00:00"
"0","0","2020/11/24 15:59:59","0","1","1500","1","360","-1","80","0","251","7004","2020/11/17 16:00:00"
"0","0","2020/11/24 15:59:59","0","1","1500","1","361","-1","80","0","252","7005","2020/11/17 16:00:00"
"0","0","2020/12/05 04:59:59","0","1","2000","1","362","-1","30","0","37","109","2020/12/01 05:00:00"
"0","0","2020/12/05 04:59:59","0","1","2000","1","363","-1","30","0","38","112","2020/12/01 05:00:00"
"0","0","2020/12/14 04:59:59","0","1","2000","1","364","-1","30","0","34","103","2020/12/01 05:00:00"
"0","0","2020/12/14 04:59:59","0","1","2000","1","365","-1","40","0","44","103","2020/12/01 05:00:00"
"0","0","2020/12/16 04:59:59","0","1","2000","1","366","-1","40","0","45","104","2020/12/06 05:00:00"
"0","0","2020/12/30 04:59:59","0","1","2000","1","367","-1","30","0","31","101","2020/12/14 05:00:00"
"0","0","2020/12/30 04:59:59","0","1","2000","1","368","-1","40","0","41","101","2020/12/14 05:00:00"
"0","0","2020/12/22 04:59:59","0","1","2000","1","369","-1","30","0","37","109","2020/12/18 05:00:00"
"0","0","2020/12/22 04:59:59","0","1","2000","1","370","-1","30","0","38","112","2020/12/18 05:00:00"
"0","0","2021/01/01 04:59:59","0","1","2000","1","371","-1","30","0","32","102","2020/12/23 05:00:00"
"0","0","2021/01/01 04:59:59","0","1","2000","1","372","-1","40","0","42","102","2020/12/23 05:00:00"
"0","0","2020/12/18 15:59:59","0","1","1500","1","373","-1","80","0","151","6004","2020/12/04 16:00:00"
"0","0","2020/12/18 15:59:59","0","1","1500","1","374","-1","80","0","152","6005","2020/12/04 16:00:00"
"0","0","2020/12/25 15:59:59","0","1","1500","1","375","-1","80","0","251","7004","2020/12/18 16:00:00"
"0","0","2020/12/25 15:59:59","0","1","1500","1","376","-1","80","0","252","7005","2020/12/18 16:00:00"
"0","0","2021/01/14 15:59:59","0","1","1500","1","377","-1","80","0","151","6004","2020/12/31 16:00:00"
"0","0","2021/01/14 15:59:59","0","1","1500","1","378","-1","80","0","152","6005","2020/12/31 16:00:00"
"0","0","2021/01/15 04:59:59","0","1","2000","1","379","-1","30","0","34","103","2021/01/01 05:00:00"
"0","0","2021/01/15 04:59:59","0","1","2000","1","380","-1","40","0","44","103","2021/01/01 05:00:00"
"0","0","2021/01/10 04:59:59","0","1","2000","1","381","-1","40","0","45","104","2021/01/01 05:00:00"
"0","0","2021/02/01 04:59:59","0","1","2000","1","382","-1","30","0","31","101","2021/01/13 05:00:00"
"0","0","2021/02/01 04:59:59","0","1","2000","1","383","-1","40","0","41","101","2021/01/13 05:00:00"
"0","0","2021/01/23 04:59:59","0","1","2000","1","384","-1","30","0","32","102","2021/01/15 05:00:00"
"0","0","2021/01/23 04:59:59","0","1","2000","1","385","-1","40","0","42","102","2021/01/15 05:00:00"
"0","0","2021/01/25 15:59:59","0","1","1500","1","386","-1","80","0","251","7004","2021/01/18 16:00:00"
"0","0","2021/01/25 15:59:59","0","1","1500","1","387","-1","80","0","252","7005","2021/01/18 16:00:00"
"0","0","2021/01/30 04:59:59","0","1","2000","1","388","-1","30","0","37","109","2021/01/23 05:00:00"
"0","0","2021/01/30 04:59:59","0","1","2000","1","389","-1","30","0","38","112","2021/01/23 05:00:00"
"0","0","2021/02/15 15:59:59","0","1","1500","1","390","-1","80","0","151","6004","2021/02/01 16:00:00"
"0","0","2021/02/15 15:59:59","0","1","1500","1","391","-1","80","0","152","6005","2021/02/01 16:00:00"
"0","0","2021/02/08 04:59:59","0","1","2000","1","392","-1","30","0","34","103","2021/02/01 05:00:00"
"0","0","2021/02/08 04:59:59","0","1","2000","1","393","-1","40","0","44","103","2021/02/01 05:00:00"
"0","0","2021/02/10 04:59:59","0","1","2000","1","394","-1","40","0","45","104","2021/02/01 05:00:00"
"0","0","2021/02/04 04:59:59","0","1","2000","1","395","-1","30","0","32","102","2021/02/01 05:00:00"
"0","0","2021/02/04 04:59:59","0","1","2000","1","396","-1","40","0","42","102","2021/02/01 05:00:00"
"0","0","2021/02/15 04:59:59","0","1","3000","1","397","-1","30","0","31","101","2021/02/08 05:00:00"
"0","0","2021/02/15 04:59:59","0","1","3000","1","398","-1","40","0","41","101","2021/02/08 05:00:00"
"0","0","2021/02/15 04:59:59","0","1","3000","1","399","-1","30","0","34","103","2021/02/10 05:00:00"
"0","0","2021/02/15 04:59:59","0","1","3000","1","400","-1","40","0","44","103","2021/02/10 05:00:00"
"0","0","2021/03/01 04:59:59","0","1","1500","1","401","-1","100","0","91","101","2021/02/14 05:00:00"
"0","0","2021/03/01 04:59:59","0","1","1500","1","402","-1","100","0","92","102","2021/02/14 05:00:00"
"0","0","2021/03/01 04:59:59","0","1","1500","1","403","-1","100","0","93","111","2021/02/14 05:00:00"
"0","0","2021/03/01 04:59:59","0","1","1500","1","404","-1","100","0","94","109","2021/02/14 05:00:00"
"0","0","2021/03/01 04:59:59","0","1","1500","1","405","-1","100","0","95","112","2021/02/14 05:00:00"
"0","0","2021/03/01 04:59:59","0","1","1500","1","406","-1","100","0","100","8004","2021/02/14 05:00:00"
"0","0","2021/03/01 04:59:59","0","1","1500","1","407","-1","100","0","101","8005","2021/02/14 05:00:00"
"0","0","2021/03/01 04:59:59","0","1","1500","1","408","-1","100","0","96","6004","2021/02/14 05:00:00"
"0","0","2021/03/01 04:59:59","0","1","1500","1","409","-1","100","0","97","6005","2021/02/14 05:00:00"
"0","0","2021/03/01 04:59:59","0","1","1500","1","410","-1","100","0","98","7004","2021/02/14 05:00:00"
"0","0","2021/03/01 04:59:59","0","1","1500","1","411","-1","100","0","99","7005","2021/02/14 05:00:00"
"0","0","2021/02/18 04:59:59","0","1","2000","1","412","-1","30","0","39","111","2021/02/15 05:00:00"
"0","0","2021/02/18 04:59:59","0","1","2000","1","413","-1","40","0","49","111","2021/02/15 05:00:00"
"0","0","2021/02/23 04:59:59","0","1","3000","1","414","-1","30","0","37","109","2021/02/18 05:00:00"
"0","0","2021/02/23 04:59:59","0","1","3000","1","415","-1","30","0","38","112","2021/02/18 05:00:00"
"0","0","2021/02/26 04:59:59","0","1","2000","1","416","-1","30","0","31","101","2021/02/18 05:00:00"
"0","0","2021/02/26 04:59:59","0","1","2000","1","417","-1","40","0","41","101","2021/02/18 05:00:00"
"0","0","2021/02/26 15:59:59","0","1","1500","1","418","-1","80","0","251","7004","2021/02/19 16:00:00"
"0","0","2021/02/26 15:59:59","0","1","1500","1","419","-1","80","0","252","7005","2021/02/19 16:00:00"
"0","0","2021/03/01 04:59:59","0","1","3000","1","420","-1","30","0","32","102","2021/02/23 05:00:00"
"0","0","2021/03/01 04:59:59","0","1","3000","1","421","-1","40","0","42","102","2021/02/23 05:00:00"
"0","0","2021/03/15 04:59:59","0","1","2000","1","422","-1","30","0","34","103","2021/03/01 05:00:00"
"0","0","2021/03/15 04:59:59","0","1","2000","1","423","-1","40","0","44","103","2021/03/01 05:00:00"
"0","0","2021/03/10 04:59:59","0","1","2000","1","424","-1","40","0","45","104","2021/03/01 05:00:00"
"0","0","2021/03/16 15:59:59","0","1","1500","1","425","-1","80","0","151","6004","2021/03/02 16:00:00"
"0","0","2021/03/16 15:59:59","0","1","1500","1","426","-1","80","0","152","6005","2021/03/02 16:00:00"
"0","0","2021/04/01 04:59:59","0","1","2000","1","427","-1","30","0","31","101","2021/03/13 05:00:00"
"0","0","2021/04/01 04:59:59","0","1","2000","1","428","-1","40","0","41","101","2021/03/13 05:00:00"
"0","0","2021/03/23 04:59:59","0","1","2000","1","429","-1","30","0","32","102","2021/03/15 05:00:00"
"0","0","2021/03/23 04:59:59","0","1","2000","1","430","-1","40","0","42","102","2021/03/15 05:00:00"
"0","0","2021/03/24 15:59:59","0","1","1500","1","431","-1","80","0","251","7004","2021/03/17 16:00:00"
"0","0","2021/03/24 15:59:59","0","1","1500","1","432","-1","80","0","252","7005","2021/03/17 16:00:00"
"0","0","2021/03/30 04:59:59","0","1","2000","1","433","-1","30","0","37","109","2021/03/23 05:00:00"
"0","0","2021/03/30 04:59:59","0","1","2000","1","434","-1","30","0","38","112","2021/03/23 05:00:00"
"0","0","2021/04/15 15:59:59","0","1","1500","1","435","-1","80","0","151","6004","2021/04/01 16:00:00"
"0","0","2021/04/15 15:59:59","0","1","1500","1","436","-1","80","0","152","6005","2021/04/01 16:00:00"
"0","0","2021/04/14 04:59:59","0","1","2000","1","437","-1","30","0","34","103","2021/04/01 05:00:00"
"0","0","2021/04/14 04:59:59","0","1","2000","1","438","-1","40","0","44","103","2021/04/01 05:00:00"
"0","0","2021/04/10 04:59:59","0","1","2000","1","439","-1","40","0","45","104","2021/04/01 05:00:00"
"0","0","2021/04/11 04:59:59","0","1","2000","1","440","-1","30","0","39","111","2021/04/06 05:00:00"
"0","0","2021/04/11 04:59:59","0","1","2000","1","441","-1","40","0","49","111","2021/04/06 05:00:00"
"0","0","2021/04/15 04:59:59","0","1","2000","1","442","-1","30","0","37","109","2021/04/11 05:00:00"
"0","0","2021/04/15 04:59:59","0","1","2000","1","443","-1","30","0","38","112","2021/04/11 05:00:00"
"0","0","2021/04/27 15:59:59","0","1","1500","1","444","-1","80","0","251","7004","2021/04/16 16:00:00"
"0","0","2021/04/27 15:59:59","0","1","1500","1","445","-1","80","0","252","7005","2021/04/16 16:00:00"
"0","0","2021/04/30 04:59:59","0","1","2000","1","446","-1","30","0","31","101","2021/04/16 05:00:00"
"0","0","2021/04/30 04:59:59","0","1","2000","1","447","-1","40","0","41","101","2021/04/16 05:00:00"
"0","0","2021/04/26 04:59:59","0","1","2000","1","448","-1","30","0","32","102","2021/04/19 05:00:00"
"0","0","2021/04/26 04:59:59","0","1","2000","1","449","-1","40","0","42","102","2021/04/19 05:00:00"
"0","0","2021/04/30 04:59:59","0","1","1500","1","450","-1","80","0","81","101","2021/04/23 05:00:00"
"0","0","2021/04/30 04:59:59","0","1","1500","1","451","-1","80","0","82","102","2021/04/23 05:00:00"
"0","0","2021/04/30 04:59:59","0","1","1500","1","452","-1","80","0","83","111","2021/04/23 05:00:00"
"0","0","2021/04/30 04:59:59","0","1","1500","1","453","-1","80","0","84","109","2021/04/23 05:00:00"
"0","0","2021/04/30 04:59:59","0","1","1500","1","454","-1","80","0","85","112","2021/04/23 05:00:00"
"0","0","2021/04/30 04:59:59","0","1","1500","1","455","-1","80","0","351","8004","2021/04/23 05:00:00"
"0","0","2021/04/30 04:59:59","0","1","1500","1","456","-1","80","0","352","8005","2021/04/23 05:00:00"
"0","0","2021/05/01 04:59:59","0","1","2000","1","457","-1","30","0","37","109","2021/04/26 05:00:00"
"0","0","2021/05/01 04:59:59","0","1","2000","1","458","-1","30","0","38","112","2021/04/26 05:00:00"
"0","0","2021/05/07 04:59:59","0","1","2000","1","459","-1","30","0","32","102","2021/05/01 05:00:00"
"0","0","2021/05/07 04:59:59","0","1","2000","1","460","-1","40","0","42","102","2021/05/01 05:00:00"
"0","0","2021/05/11 04:59:59","0","1","2000","1","461","-1","40","0","45","104","2021/05/01 05:00:00"
"0","0","2021/05/18 15:59:59","0","1","1500","1","462","-1","80","0","151","6004","2021/05/04 16:00:00"
"0","0","2021/05/18 15:59:59","0","1","1500","1","463","-1","80","0","152","6005","2021/05/04 16:00:00"
"0","0","2021/05/21 04:59:59","0","1","2000","1","464","-1","30","0","34","103","2021/05/07 05:00:00"
"0","0","2021/05/21 04:59:59","0","1","2000","1","465","-1","40","0","44","103","2021/05/07 05:00:00"
"0","0","2021/05/15 04:59:59","0","1","2000","1","466","-1","30","0","39","111","2021/05/11 05:00:00"
"0","0","2021/05/15 04:59:59","0","1","2000","1","467","-1","40","0","49","111","2021/05/11 05:00:00"
"0","0","2021/05/31 04:59:59","0","1","2000","1","468","-1","30","0","31","101","2021/05/17 05:00:00"
"0","0","2021/05/31 04:59:59","0","1","2000","1","469","-1","40","0","41","101","2021/05/17 05:00:00"
"0","0","2021/05/26 15:59:59","0","1","1500","1","470","-1","80","0","251","7004","2021/05/19 16:00:00"
"0","0","2021/05/26 15:59:59","0","1","1500","1","471","-1","80","0","252","7005","2021/05/19 16:00:00"
"0","0","2021/06/01 04:59:59","0","1","2000","1","472","-1","30","0","37","109","2021/05/24 05:00:00"
"0","0","2021/06/01 04:59:59","0","1","2000","1","473","-1","30","0","38","112","2021/05/24 05:00:00"
"0","0","2021/06/01 04:59:59","0","1","1500","1","474","-1","80","0","81","101","2021/05/26 05:00:00"
"0","0","2021/06/01 04:59:59","0","1","1500","1","475","-1","80","0","82","102","2021/05/26 05:00:00"
"0","0","2021/06/01 04:59:59","0","1","1500","1","476","-1","80","0","83","111","2021/05/26 05:00:00"
"0","0","2021/06/01 04:59:59","0","1","1500","1","477","-1","80","0","84","109","2021/05/26 05:00:00"
"0","0","2021/06/01 04:59:59","0","1","1500","1","478","-1","80","0","85","112","2021/05/26 05:00:00"
"0","0","2021/06/01 04:59:59","0","1","1500","1","479","-1","80","0","351","8004","2021/05/26 05:00:00"
"0","0","2021/06/01 04:59:59","0","1","1500","1","480","-1","80","0","352","8005","2021/05/26 05:00:00"
"0","0","2021/06/11 04:59:59","0","1","2000","1","481","-1","40","0","45","104","2021/06/01 05:00:00"
"0","0","2021/06/15 04:59:59","0","1","2000","1","482","-1","30","0","34","103","2021/06/01 05:00:00"
"0","0","2021/06/15 04:59:59","0","1","2000","1","483","-1","40","0","44","103","2021/06/01 05:00:00"
"0","0","2021/06/22 15:59:59","0","1","1500","1","484","-1","80","0","151","6004","2021/06/02 16:00:00"
"0","0","2021/06/22 15:59:59","0","1","1500","1","485","-1","80","0","152","6005","2021/06/02 16:00:00"
"0","0","2021/06/14 04:59:59","0","1","2000","1","486","-1","30","0","39","111","2021/06/11 05:00:00"
"0","0","2021/06/14 04:59:59","0","1","2000","1","487","-1","40","0","49","111","2021/06/11 05:00:00"
"0","0","2021/06/24 04:59:59","0","1","2000","1","488","-1","30","0","37","109","2021/06/16 05:00:00"
"0","0","2021/06/24 04:59:59","0","1","2000","1","489","-1","30","0","38","112","2021/06/16 05:00:00"
"0","0","2021/06/30 04:59:59","0","1","2000","1","490","-1","30","0","31","101","2021/06/16 05:00:00"
"0","0","2021/06/30 04:59:59","0","1","2000","1","491","-1","40","0","41","101","2021/06/16 05:00:00"
"0","0","2021/06/25 15:59:59","0","1","1500","1","492","-1","80","0","251","7004","2021/06/18 16:00:00"
"0","0","2021/06/25 15:59:59","0","1","1500","1","493","-1","80","0","252","7005","2021/06/18 16:00:00"
"0","0","2021/07/01 04:59:59","0","1","2000","1","494","-1","30","0","32","102","2021/06/25 05:00:00"
"0","0","2021/07/01 04:59:59","0","1","2000","1","495","-1","40","0","42","102","2021/06/25 05:00:00"
"0","0","2021/07/01 04:59:59","0","1","1500","1","496","-1","80","0","81","101","2021/06/25 05:00:00"
"0","0","2021/07/01 04:59:59","0","1","1500","1","497","-1","80","0","82","102","2021/06/25 05:00:00"
"0","0","2021/07/01 04:59:59","0","1","1500","1","498","-1","80","0","83","111","2021/06/25 05:00:00"
"0","0","2021/07/01 04:59:59","0","1","1500","1","499","-1","80","0","84","109","2021/06/25 05:00:00"
"0","0","2021/07/01 04:59:59","0","1","1500","1","500","-1","80","0","85","112","2021/06/25 05:00:00"
"0","0","2021/07/01 04:59:59","0","1","1500","1","501","-1","80","0","351","8004","2021/06/25 05:00:00"
"0","0","2021/07/01 04:59:59","0","1","1500","1","502","-1","80","0","352","8005","2021/06/25 05:00:00"
"0","0","2021/07/12 04:59:59","0","1","2000","1","503","-1","40","0","45","104","2021/07/01 05:00:00"
"0","0","2021/07/13 04:59:59","0","1","2000","1","504","-1","30","0","34","103","2021/07/01 05:00:00"
"0","0","2021/07/13 04:59:59","0","1","2000","1","505","-1","40","0","44","103","2021/07/01 05:00:00"
"0","0","2021/07/19 15:59:59","0","1","1500","1","506","-1","80","0","151","6004","2021/07/05 16:00:00"
"0","0","2021/07/19 15:59:59","0","1","1500","1","507","-1","80","0","152","6005","2021/07/05 16:00:00"
"0","0","2021/07/17 04:59:59","0","1","2000","1","508","-1","30","0","39","111","2021/07/13 05:00:00"
"0","0","2021/07/17 04:59:59","0","1","2000","1","509","-1","40","0","49","111","2021/07/13 05:00:00"
"0","0","2021/07/31 04:59:59","0","1","2000","1","510","-1","30","0","31","101","2021/07/16 05:00:00"
"0","0","2021/07/31 04:59:59","0","1","2000","1","511","-1","40","0","41","101","2021/07/16 05:00:00"
"0","0","2021/07/25 04:59:59","0","1","2000","1","512","-1","30","0","37","109","2021/07/17 05:00:00"
"0","0","2021/07/25 04:59:59","0","1","2000","1","513","-1","30","0","38","112","2021/07/17 05:00:00"
"0","0","2021/07/26 15:59:59","0","1","1500","1","514","-1","80","0","251","7004","2021/07/19 16:00:00"
"0","0","2021/07/26 15:59:59","0","1","1500","1","515","-1","80","0","252","7005","2021/07/19 16:00:00"
"0","0","2021/07/31 04:59:59","0","1","1500","1","516","-1","80","0","81","101","2021/07/25 05:00:00"
"0","0","2021/07/31 04:59:59","0","1","1500","1","517","-1","80","0","82","102","2021/07/25 05:00:00"
"0","0","2021/07/31 04:59:59","0","1","1500","1","518","-1","80","0","83","111","2021/07/25 05:00:00"
"0","0","2021/07/31 04:59:59","0","1","1500","1","519","-1","80","0","84","109","2021/07/25 05:00:00"
"0","0","2021/07/31 04:59:59","0","1","1500","1","520","-1","80","0","85","112","2021/07/25 05:00:00"
"0","0","2021/07/31 04:59:59","0","1","1500","1","521","-1","80","0","351","8004","2021/07/25 05:00:00"
"0","0","2021/07/31 04:59:59","0","1","1500","1","522","-1","80","0","352","8005","2021/07/25 05:00:00"
"0","0","2021/08/01 04:59:59","0","1","2000","1","523","-1","30","0","32","102","2021/07/25 05:00:00"
"0","0","2021/08/01 04:59:59","0","1","2000","1","524","-1","40","0","42","102","2021/07/25 05:00:00"
"0","0","2021/08/06 04:59:59","0","1","3000","1","525","-1","30","0","34","103","2021/08/01 05:00:00"
"0","0","2021/08/06 04:59:59","0","1","3000","1","526","-1","40","0","44","103","2021/08/01 05:00:00"
"0","0","2021/08/11 04:59:59","0","1","2000","1","527","-1","40","0","45","104","2021/08/01 05:00:00"
"0","0","2021/08/15 04:59:59","0","1","1500","1","528","-1","100","0","91","101","2021/08/01 05:00:00"
"0","0","2021/08/15 04:59:59","0","1","1500","1","529","-1","100","0","92","102","2021/08/01 05:00:00"
"0","0","2021/08/15 04:59:59","0","1","1500","1","530","-1","100","0","93","111","2021/08/01 05:00:00"
"0","0","2021/08/15 04:59:59","0","1","1500","1","531","-1","100","0","94","109","2021/08/01 05:00:00"
"0","0","2021/08/15 04:59:59","0","1","1500","1","532","-1","100","0","95","112","2021/08/01 05:00:00"
"0","0","2021/08/15 04:59:59","0","1","1500","1","533","-1","100","0","100","8004","2021/08/01 05:00:00"
"0","0","2021/08/15 04:59:59","0","1","1500","1","534","-1","100","0","101","8005","2021/08/01 05:00:00"
"0","0","2021/08/15 04:59:59","0","1","1500","1","535","-1","100","0","96","6004","2021/08/01 05:00:00"
"0","0","2021/08/15 04:59:59","0","1","1500","1","536","-1","100","0","97","6005","2021/08/01 05:00:00"
"0","0","2021/08/15 04:59:59","0","1","1500","1","537","-1","100","0","98","7004","2021/08/01 05:00:00"
"0","0","2021/08/15 04:59:59","0","1","1500","1","538","-1","100","0","99","7005","2021/08/01 05:00:00"
"0","0","2021/08/16 15:59:59","0","1","1500","1","539","-1","80","0","151","6004","2021/08/02 16:00:00"
"0","0","2021/08/16 15:59:59","0","1","1500","1","540","-1","80","0","152","6005","2021/08/02 16:00:00"
"0","0","2021/08/10 04:59:59","0","1","3000","1","541","-1","30","0","37","109","2021/08/06 05:00:00"
"0","0","2021/08/10 04:59:59","0","1","3000","1","542","-1","30","0","38","112","2021/08/06 05:00:00"
"0","0","2021/08/25 15:59:59","0","1","1500","1","543","-1","80","0","251","7004","2021/08/09 16:00:00"
"0","0","2021/08/25 15:59:59","0","1","1500","1","544","-1","80","0","252","7005","2021/08/09 16:00:00"
"0","0","2021/08/13 04:59:59","0","1","3000","1","545","-1","30","0","39","111","2021/08/10 05:00:00"
"0","0","2021/08/13 04:59:59","0","1","3000","1","546","-1","40","0","49","111","2021/08/10 05:00:00"
"0","0","2021/08/16 04:59:59","0","1","2000","1","547","-1","30","0","39","111","2021/08/13 05:00:00"
"0","0","2021/08/16 04:59:59","0","1","2000","1","548","-1","40","0","49","111","2021/08/13 05:00:00"
"0","0","2021/08/27 04:59:59","0","1","2000","1","549","-1","30","0","34","103","2021/08/16 05:00:00"
"0","0","2021/08/27 04:59:59","0","1","2000","1","550","-1","40","0","44","103","2021/08/16 05:00:00"
"0","0","2021/08/24 04:59:59","0","1","3000","1","551","-1","30","0","31","101","2021/08/17 05:00:00"
"0","0","2021/08/24 04:59:59","0","1","3000","1","552","-1","40","0","41","101","2021/08/17 05:00:00"
"0","0","2021/08/27 04:59:59","0","1","2000","1","553","-1","30","0","31","101","2021/08/24 05:00:00"
"0","0","2021/08/27 04:59:59","0","1","2000","1","554","-1","40","0","41","101","2021/08/24 05:00:00"
"0","0","2021/08/31 04:59:59","0","1","3000","1","555","-1","30","0","32","102","2021/08/27 05:00:00"
"0","0","2021/08/31 04:59:59","0","1","3000","1","556","-1","40","0","42","102","2021/08/27 05:00:00"
"0","0","2021/09/04 04:59:59","0","1","3000","1","557","-1","30","0","32","102","2021/09/01 05:00:00"
"0","0","2021/09/04 04:59:59","0","1","3000","1","558","-1","40","0","42","102","2021/09/01 05:00:00"
"0","0","2021/09/10 04:59:59","0","1","1500","1","559","-1","100","0","91","101","2021/09/01 05:00:00"
"0","0","2021/09/10 04:59:59","0","1","1500","1","560","-1","100","0","92","102","2021/09/01 05:00:00"
"0","0","2021/09/10 04:59:59","0","1","1500","1","561","-1","100","0","93","111","2021/09/01 05:00:00"
"0","0","2021/09/10 04:59:59","0","1","1500","1","562","-1","100","0","94","109","2021/09/01 05:00:00"
"0","0","2021/09/10 04:59:59","0","1","1500","1","563","-1","100","0","95","112","2021/09/01 05:00:00"
"0","0","2021/09/10 04:59:59","0","1","1500","1","564","-1","100","0","100","8004","2021/09/01 05:00:00"
"0","0","2021/09/10 04:59:59","0","1","1500","1","565","-1","100","0","101","8005","2021/09/01 05:00:00"
"0","0","2021/09/10 04:59:59","0","1","1500","1","566","-1","100","0","96","6004","2021/09/01 05:00:00"
"0","0","2021/09/10 04:59:59","0","1","1500","1","567","-1","100","0","97","6005","2021/09/01 05:00:00"
"0","0","2021/09/10 04:59:59","0","1","1500","1","568","-1","100","0","98","7004","2021/09/01 05:00:00"
"0","0","2021/09/10 04:59:59","0","1","1500","1","569","-1","100","0","99","7005","2021/09/01 05:00:00"
"0","0","2021/09/17 04:59:59","0","1","2000","1","570","-1","30","0","34","103","2021/09/01 05:00:00"
"0","0","2021/09/17 04:59:59","0","1","2000","1","571","-1","40","0","44","103","2021/09/01 05:00:00"
"0","0","2021/09/08 04:59:59","0","1","3000","1","572","-1","30","0","31","101","2021/09/04 05:00:00"
"0","0","2021/09/08 04:59:59","0","1","3000","1","573","-1","40","0","41","101","2021/09/04 05:00:00"
"0","0","2021/09/11 04:59:59","0","1","3000","1","574","-1","30","0","39","111","2021/09/08 05:00:00"
"0","0","2021/09/11 04:59:59","0","1","3000","1","575","-1","40","0","49","111","2021/09/08 05:00:00"
"0","0","2021/09/21 04:59:59","0","1","2000","1","576","-1","30","0","37","109","2021/09/11 05:00:00"
"0","0","2021/09/21 04:59:59","0","1","2000","1","577","-1","30","0","38","112","2021/09/11 05:00:00"
"0","0","2021/09/26 04:59:59","0","1","2000","1","578","-1","30","0","31","101","2021/09/16 05:00:00"
"0","0","2021/09/26 04:59:59","0","1","2000","1","579","-1","40","0","41","101","2021/09/16 05:00:00"
"0","0","2021/09/30 04:59:59","0","1","2000","1","580","-1","40","0","45","104","2021/09/17 05:00:00"
"0","0","2021/09/30 04:59:59","0","1","1500","1","581","-1","80","0","81","101","2021/09/24 05:00:00"
"0","0","2021/09/30 04:59:59","0","1","1500","1","582","-1","80","0","82","102","2021/09/24 05:00:00"
"0","0","2021/09/30 04:59:59","0","1","1500","1","583","-1","80","0","83","111","2021/09/24 05:00:00"
"0","0","2021/09/30 04:59:59","0","1","1500","1","584","-1","80","0","84","109","2021/09/24 05:00:00"
"0","0","2021/09/30 04:59:59","0","1","1500","1","585","-1","80","0","85","112","2021/09/24 05:00:00"
"0","0","2021/09/30 04:59:59","0","1","1500","1","586","-1","80","0","351","8004","2021/09/24 05:00:00"
"0","0","2021/09/30 04:59:59","0","1","1500","1","587","-1","80","0","352","8005","2021/09/24 05:00:00"
"0","0","2021/09/28 04:59:59","0","1","2000","1","588","-1","30","0","37","109","2021/09/25 05:00:00"
"0","0","2021/10/01 04:59:59","0","1","2000","1","589","-1","30","0","32","102","2021/09/28 05:00:00"
"0","0","2021/10/01 04:59:59","0","1","2000","1","590","-1","40","0","42","102","2021/09/28 05:00:00"
"0","0","2021/09/15 15:59:59","0","1","1500","1","591","-1","80","0","151","6004","2021/09/01 16:00:00"
"0","0","2021/09/15 15:59:59","0","1","1500","1","592","-1","80","0","152","6005","2021/09/01 16:00:00"
"0","0","2021/09/24 15:59:59","0","1","1500","1","593","-1","80","0","251","7004","2021/09/17 16:00:00"
"0","0","2021/09/24 15:59:59","0","1","1500","1","594","-1","80","0","252","7005","2021/09/17 16:00:00"
"0","0","2021/10/13 04:59:59","0","1","2000","1","595","-1","40","0","45","104","2021/10/01 05:00:00"
"0","0","2021/10/14 04:59:59","0","1","2000","1","596","-1","30","0","34","103","2021/10/01 05:00:00"
"0","0","2021/10/14 04:59:59","0","1","2000","1","597","-1","40","0","44","103","2021/10/01 05:00:00"
"0","0","2021/10/15 15:59:59","0","1","1500","1","598","-1","80","0","151","6004","2021/10/01 16:00:00"
"0","0","2021/10/15 15:59:59","0","1","1500","1","599","-1","80","0","152","6005","2021/10/01 16:00:00"
"0","0","2021/10/17 04:59:59","0","1","2000","1","600","-1","30","0","39","111","2021/10/14 05:00:00"
"0","0","2021/10/17 04:59:59","0","1","2000","1","601","-1","40","0","49","111","2021/10/14 05:00:00"
"0","0","2021/10/29 04:59:59","0","1","2000","1","602","-1","30","0","31","101","2021/10/15 05:00:00"
"0","0","2021/10/29 04:59:59","0","1","2000","1","603","-1","40","0","41","101","2021/10/15 05:00:00"
"0","0","2021/10/25 04:59:59","0","1","2000","1","604","-1","30","0","37","109","2021/10/17 05:00:00"
"0","0","2021/10/25 04:59:59","0","1","2000","1","605","-1","30","0","38","112","2021/10/17 05:00:00"
"0","0","2021/10/25 15:59:59","0","1","1500","1","606","-1","80","0","251","7004","2021/10/18 16:00:00"
"0","0","2021/10/25 15:59:59","0","1","1500","1","607","-1","80","0","252","7005","2021/10/18 16:00:00"
"0","0","2021/10/31 04:59:59","0","1","1500","1","608","-1","80","0","81","101","2021/10/25 05:00:00"
"0","0","2021/10/31 04:59:59","0","1","1500","1","609","-1","80","0","82","102","2021/10/25 05:00:00"
"0","0","2021/10/31 04:59:59","0","1","1500","1","610","-1","80","0","83","111","2021/10/25 05:00:00"
"0","0","2021/10/31 04:59:59","0","1","1500","1","611","-1","80","0","84","109","2021/10/25 05:00:00"
"0","0","2021/10/31 04:59:59","0","1","1500","1","612","-1","80","0","85","112","2021/10/25 05:00:00"
"0","0","2021/10/31 04:59:59","0","1","1500","1","613","-1","80","0","351","8004","2021/10/25 05:00:00"
"0","0","2021/10/31 04:59:59","0","1","1500","1","614","-1","80","0","352","8005","2021/10/25 05:00:00"
"0","0","2021/11/01 04:59:59","0","1","2000","1","615","-1","30","0","32","102","2021/10/25 05:00:00"
"0","0","2021/11/01 04:59:59","0","1","2000","1","616","-1","40","0","42","102","2021/10/25 05:00:00"
"0","0","2021/11/01 04:59:59","0","1","2000","1","617","-1","30","0","37","109","2021/10/29 05:00:00"
"0","0","2021/11/13 04:59:59","0","1","2000","1","618","-1","40","0","45","104","2021/11/01 05:00:00"
"0","0","2021/11/15 04:59:59","0","1","2000","1","619","-1","30","0","34","103","2021/11/01 05:00:00"
"0","0","2021/11/15 04:59:59","0","1","2000","1","620","-1","40","0","44","103","2021/11/01 05:00:00"
"0","0","2021/11/15 15:59:59","0","1","1500","1","621","-1","80","0","151","6004","2021/11/01 16:00:00"
"0","0","2021/11/15 15:59:59","0","1","1500","1","622","-1","80","0","152","6005","2021/11/01 16:00:00"
"0","0","2021/11/08 04:59:59","0","1","2000","1","623","-1","30","0","37","109","2021/11/05 05:00:00"
"0","0","2021/11/26 04:59:59","0","1","3000","1","624","-1","30","0","31","101","2021/11/12 05:00:00"
"0","0","2021/11/26 04:59:59","0","1","3000","1","625","-1","40","0","41","101","2021/11/12 05:00:00"
"0","0","2021/11/19 04:59:59","0","1","2000","1","626","-1","30","0","39","111","2021/11/15 05:00:00"
"0","0","2021/11/19 04:59:59","0","1","2000","1","627","-1","40","0","49","111","2021/11/15 05:00:00"
"0","0","2021/11/28 04:59:59","0","1","2000","1","628","-1","30","0","37","109","2021/11/19 05:00:00"
"0","0","2021/11/28 04:59:59","0","1","2000","1","629","-1","30","0","38","112","2021/11/19 05:00:00"
"0","0","2021/12/01 04:59:59","0","1","2000","1","630","-1","30","0","32","102","2021/11/24 05:00:00"
"0","0","2021/12/01 04:59:59","0","1","2000","1","631","-1","40","0","42","102","2021/11/24 05:00:00"
"0","0","2021/11/25 15:59:59","0","1","1500","1","632","-1","80","0","251","7004","2021/11/18 16:00:00"
"0","0","2021/11/25 15:59:59","0","1","1500","1","633","-1","80","0","252","7005","2021/11/18 16:00:00"
"0","0","2021/11/30 04:59:59","0","1","1500","1","634","-1","80","0","81","101","2021/11/24 05:00:00"
"0","0","2021/11/30 04:59:59","0","1","1500","1","635","-1","80","0","82","102","2021/11/24 05:00:00"
"0","0","2021/11/30 04:59:59","0","1","1500","1","636","-1","80","0","83","111","2021/11/24 05:00:00"
"0","0","2021/11/30 04:59:59","0","1","1500","1","637","-1","80","0","84","109","2021/11/24 05:00:00"
"0","0","2021/11/30 04:59:59","0","1","1500","1","638","-1","80","0","85","112","2021/11/24 05:00:00"
"0","0","2021/11/30 04:59:59","0","1","1500","1","639","-1","80","0","351","8004","2021/11/24 05:00:00"
"0","0","2021/11/30 04:59:59","0","1","1500","1","640","-1","80","0","352","8005","2021/11/24 05:00:00"
"0","0","2021/12/12 04:59:59","0","1","2000","1","641","-1","40","0","45","104","2021/12/01 05:00:00"
"0","0","2021/12/14 04:59:59","0","1","2000","1","642","-1","30","0","34","103","2021/12/01 05:00:00"
"0","0","2021/12/14 04:59:59","0","1","2000","1","643","-1","40","0","44","103","2021/12/01 05:00:00"
"0","0","2021/12/16 15:59:59","0","1","1500","1","644","-1","80","0","151","6004","2021/12/02 16:00:00"
"0","0","2021/12/16 15:59:59","0","1","1500","1","645","-1","80","0","152","6005","2021/12/02 16:00:00"
"0","0","2021/12/06 04:59:59","0","1","2000","1","646","-1","30","0","37","109","2021/12/03 05:00:00"
"0","0","2021/12/14 04:59:59","0","1","2000","1","647","-1","30","0","39","111","2021/12/10 05:00:00"
"0","0","2021/12/14 04:59:59","0","1","2000","1","648","-1","40","0","49","111","2021/12/10 05:00:00"
"0","0","2021/12/29 04:59:59","0","1","2000","1","649","-1","30","0","31","101","2021/12/15 05:00:00"
"0","0","2021/12/29 04:59:59","0","1","2000","1","650","-1","40","0","41","101","2021/12/15 05:00:00"
"0","0","2021/12/25 04:59:59","0","1","2000","1","651","-1","30","0","37","109","2021/12/17 05:00:00"
"0","0","2021/12/25 04:59:59","0","1","2000","1","652","-1","30","0","38","112","2021/12/17 05:00:00"
"0","0","2021/12/24 15:59:59","0","1","1500","1","653","-1","80","0","251","7004","2021/12/17 16:00:00"
"0","0","2021/12/24 15:59:59","0","1","1500","1","654","-1","80","0","252","7005","2021/12/17 16:00:00"
"0","0","2022/01/01 04:59:59","0","1","2000","1","655","-1","30","0","32","102","2021/12/25 05:00:00"
"0","0","2022/01/01 04:59:59","0","1","2000","1","656","-1","40","0","42","102","2021/12/25 05:00:00"
"0","0","2021/12/31 04:59:59","0","1","1500","1","657","-1","80","0","81","101","2021/12/25 05:00:00"
"0","0","2021/12/31 04:59:59","0","1","1500","1","658","-1","80","0","82","102","2021/12/25 05:00:00"
"0","0","2021/12/31 04:59:59","0","1","1500","1","659","-1","80","0","83","111","2021/12/25 05:00:00"
"0","0","2021/12/31 04:59:59","0","1","1500","1","660","-1","80","0","84","109","2021/12/25 05:00:00"
"0","0","2021/12/31 04:59:59","0","1","1500","1","661","-1","80","0","85","112","2021/12/25 05:00:00"
"0","0","2021/12/31 04:59:59","0","1","1500","1","662","-1","80","0","351","8004","2021/12/25 05:00:00"
"0","0","2021/12/31 04:59:59","0","1","1500","1","663","-1","80","0","352","8005","2021/12/25 05:00:00"
"0","0","2022/01/04 04:59:59","0","1","2000","1","664","-1","30","0","37","109","2022/01/01 05:00:00"
"0","0","2022/01/16 04:59:59","0","1","2000","1","665","-1","30","0","34","103","2022/01/01 05:00:00"
"0","0","2022/01/16 04:59:59","0","1","2000","1","666","-1","40","0","44","103","2022/01/01 05:00:00"
"0","0","2022/01/17 15:59:59","0","1","1500","1","667","-1","80","0","151","6004","2022/01/03 16:00:00"
"0","0","2022/01/17 15:59:59","0","1","1500","1","668","-1","80","0","152","6005","2022/01/03 16:00:00"
"0","0","2022/01/11 04:59:59","0","1","2000","1","669","-1","30","0","32","102","2022/01/04 05:00:00"
"0","0","2022/01/11 04:59:59","0","1","2000","1","670","-1","40","0","42","102","2022/01/04 05:00:00"
"0","0","2022/01/15 04:59:59","0","1","2000","1","671","-1","30","0","39","111","2022/01/11 05:00:00"
"0","0","2022/01/15 04:59:59","0","1","2000","1","672","-1","40","0","49","111","2022/01/11 05:00:00"
"0","0","2022/01/24 04:59:59","0","1","2000","1","673","-1","30","0","37","109","2022/01/15 05:00:00"
"0","0","2022/01/24 04:59:59","0","1","2000","1","674","-1","30","0","38","112","2022/01/15 05:00:00"
"0","0","2022/01/29 04:59:59","0","1","2000","1","675","-1","40","0","45","104","2022/01/16 05:00:00"
"0","0","2022/01/22 04:59:59","0","1","3000","1","676","-1","30","0","31","101","2022/01/17 05:00:00"
"0","0","2022/01/22 04:59:59","0","1","2000","1","677","-1","40","0","41","101","2022/01/17 05:00:00"
"0","0","2022/01/26 15:59:59","0","1","1500","1","678","-1","80","0","251","7004","2022/01/19 16:00:00"
"0","0","2022/01/26 15:59:59","0","1","1500","1","679","-1","80","0","252","7005","2022/01/19 16:00:00"
"0","0","2022/02/01 04:59:59","0","1","2000","1","680","-1","30","0","31","101","2022/01/22 05:00:00"
"0","0","2022/02/01 04:59:59","0","1","2000","1","681","-1","40","0","41","101","2022/01/22 05:00:00"
"0","0","2022/01/31 04:59:59","0","1","1500","1","682","-1","80","0","81","101","2022/01/25 05:00:00"
"0","0","2022/01/31 04:59:59","0","1","1500","1","683","-1","80","0","82","102","2022/01/25 05:00:00"
"0","0","2022/01/31 04:59:59","0","1","1500","1","684","-1","80","0","83","111","2022/01/25 05:00:00"
"0","0","2022/01/31 04:59:59","0","1","1500","1","685","-1","80","0","84","109","2022/01/25 05:00:00"
"0","0","2022/01/31 04:59:59","0","1","1500","1","686","-1","80","0","85","112","2022/01/25 05:00:00"
"0","0","2022/01/31 04:59:59","0","1","1500","1","687","-1","80","0","351","8004","2022/01/25 05:00:00"
"0","0","2022/01/31 04:59:59","0","1","1500","1","688","-1","80","0","352","8005","2022/01/25 05:00:00"
"0","0","2022/02/15 04:59:59","0","1","1500","1","689","-1","100","0","91","101","2022/01/31 05:00:00"
"0","0","2022/02/15 04:59:59","0","1","1500","1","690","-1","100","0","92","102","2022/01/31 05:00:00"
"0","0","2022/02/15 04:59:59","0","1","1500","1","691","-1","100","0","93","111","2022/01/31 05:00:00"
"0","0","2022/02/15 04:59:59","0","1","1500","1","692","-1","100","0","94","109","2022/01/31 05:00:00"
"0","0","2022/02/15 04:59:59","0","1","1500","1","693","-1","100","0","95","112","2022/01/31 05:00:00"
"0","0","2022/02/15 04:59:59","0","1","1500","1","694","-1","100","0","96","6004","2022/01/31 05:00:00"
"0","0","2022/02/15 04:59:59","0","1","1500","1","695","-1","100","0","97","6005","2022/01/31 05:00:00"
"0","0","2022/02/15 04:59:59","0","1","1500","1","696","-1","100","0","98","7004","2022/01/31 05:00:00"
"0","0","2022/02/15 04:59:59","0","1","1500","1","697","-1","100","0","99","7005","2022/01/31 05:00:00"
"0","0","2022/02/15 04:59:59","0","1","1500","1","698","-1","100","0","100","8004","2022/01/31 05:00:00"
"0","0","2022/02/15 04:59:59","0","1","1500","1","699","-1","100","0","101","8005","2022/01/31 05:00:00"
"0","0","2022/02/06 04:59:59","0","1","3000","1","700","-1","30","0","34","103","2022/02/01 05:00:00"
"0","0","2022/02/06 04:59:59","0","1","3000","1","701","-1","40","0","44","103","2022/02/01 05:00:00"
"0","0","2022/02/07 04:59:59","0","1","3000","1","702","-1","30","0","32","102","2022/02/01 05:00:00"
"0","0","2022/02/07 04:59:59","0","1","3000","1","703","-1","40","0","42","102","2022/02/01 05:00:00"
"0","0","2022/02/15 15:59:59","0","1","1500","1","704","-1","80","0","151","6004","2022/02/01 16:00:00"
"0","0","2022/02/15 15:59:59","0","1","1500","1","705","-1","80","0","152","6005","2022/02/01 16:00:00"
"0","0","2022/02/11 04:59:59","0","1","3000","1","706","-1","30","0","37","109","2022/02/06 05:00:00"
"0","0","2022/02/11 04:59:59","0","1","3000","1","707","-1","30","0","38","112","2022/02/06 05:00:00"
"0","0","2022/02/18 04:59:59","0","1","2000","1","708","-1","40","0","45","104","2022/02/07 05:00:00"
"0","0","2022/02/15 04:59:59","0","1","3000","1","709","-1","30","0","39","111","2022/02/11 05:00:00"
"0","0","2022/02/15 04:59:59","0","1","3000","1","710","-1","40","0","49","111","2022/02/11 05:00:00"
"0","0","2022/02/22 04:59:59","0","1","4000","1","711","-1","30","0","31","101","2022/02/15 05:00:00"
"0","0","2022/02/22 04:59:59","0","1","4000","1","712","-1","40","0","41","101","2022/02/15 05:00:00"
"0","0","2022/02/22 04:59:59","0","1","2000","1","713","-1","30","0","34","103","2022/02/15 05:00:00"
"0","0","2022/02/22 04:59:59","0","1","2000","1","714","-1","40","0","44","103","2022/02/15 05:00:00"
"0","0","2022/02/23 15:59:59","0","1","1500","1","715","-1","80","0","251","7004","2022/02/16 16:00:00"
"0","0","2022/02/23 15:59:59","0","1","1500","1","716","-1","80","0","252","7005","2022/02/16 16:00:00"
"0","0","2022/02/26 04:59:59","0","1","2000","1","717","-1","30","0","39","111","2022/02/22 05:00:00"
"0","0","2022/02/26 04:59:59","0","1","2000","1","718","-1","40","0","49","111","2022/02/22 05:00:00"
"0","0","2022/02/28 04:59:59","0","1","2000","1","719","-1","30","0","31","101","2022/02/22 05:00:00"
"0","0","2022/02/28 04:59:59","0","1","2000","1","720","-1","40","0","41","101","2022/02/22 05:00:00"
"0","0","2022/03/01 04:59:59","0","1","2000","1","721","-1","30","0","32","102","2022/02/26 05:00:00"
"0","0","2022/03/01 04:59:59","0","1","2000","1","722","-1","40","0","42","102","2022/02/26 05:00:00"
"0","0","2022/03/06 04:59:59","0","1","3000","1","723","-1","30","0","37","109","2022/03/01 05:00:00"
"0","0","2022/03/06 04:59:59","0","1","3000","1","724","-1","30","0","38","112","2022/03/01 05:00:00"
"0","0","2022/03/12 04:59:59","0","1","2000","1","725","-1","30","0","34","103","2022/03/01 05:00:00"
"0","0","2022/03/12 04:59:59","0","1","2000","1","726","-1","40","0","44","103","2022/03/01 05:00:00"
"0","0","2022/03/15 15:59:59","0","1","1500","1","727","-1","80","0","151","6004","2022/03/01 16:00:00"
"0","0","2022/03/15 15:59:59","0","1","1500","1","728","-1","80","0","152","6005","2022/03/01 16:00:00"
"0","0","2022/03/11 04:59:59","0","1","3000","1","729","-1","30","0","32","102","2022/03/06 05:00:00"
"0","0","2022/03/11 04:59:59","0","1","3000","1","730","-1","40","0","42","102","2022/03/06 05:00:00"
"0","0","2022/03/15 04:59:59","0","1","2000","1","731","-1","30","0","37","109","2022/03/09 05:00:00"
"0","0","2022/03/15 04:59:59","0","1","2000","1","732","-1","30","0","38","112","2022/03/09 05:00:00"
"0","0","2022/03/16 04:59:59","0","1","3000","1","733","-1","30","0","39","111","2022/03/11 05:00:00"
"0","0","2022/03/16 04:59:59","0","1","3000","1","734","-1","40","0","49","111","2022/03/11 05:00:00"
"0","0","2022/03/26 04:59:59","0","1","2000","1","735","-1","40","0","45","104","2022/03/12 05:00:00"
"0","0","2022/03/20 04:59:59","0","1","4000","1","736","-1","30","0","31","101","2022/03/15 05:00:00"
"0","0","2022/03/20 04:59:59","0","1","2000","1","737","-1","40","0","41","101","2022/03/15 05:00:00"
"0","0","2022/03/25 15:59:59","0","1","1500","1","738","-1","80","0","251","7004","2022/03/18 16:00:00"
"0","0","2022/03/25 15:59:59","0","1","1500","1","739","-1","80","0","252","7005","2022/03/18 16:00:00"
"0","0","2022/03/29 04:59:59","0","1","3000","1","740","-1","30","0","31","101","2022/03/20 05:00:00"
"0","0","2022/03/29 04:59:59","0","1","2000","1","741","-1","40","0","41","101","2022/03/20 05:00:00"
"0","0","2022/04/01 04:59:59","0","1","1500","1","742","-1","80","0","81","101","2022/03/24 05:00:00"
"0","0","2022/04/01 04:59:59","0","1","1500","1","743","-1","80","0","82","102","2022/03/24 05:00:00"
"0","0","2022/04/01 04:59:59","0","1","1500","1","744","-1","80","0","83","111","2022/03/24 05:00:00"
"0","0","2022/04/01 04:59:59","0","1","1500","1","745","-1","80","0","84","109","2022/03/24 05:00:00"
"0","0","2022/04/01 04:59:59","0","1","1500","1","746","-1","80","0","85","112","2022/03/24 05:00:00"
"0","0","2022/04/01 04:59:59","0","1","1500","1","747","-1","80","0","351","8004","2022/03/24 05:00:00"
"0","0","2022/04/01 04:59:59","0","1","1500","1","748","-1","80","0","352","8005","2022/03/24 05:00:00"
"0","0","2022/04/01 04:59:59","0","1","2000","1","749","-1","30","0","32","102","2022/03/26 05:00:00"
"0","0","2022/04/01 04:59:59","0","1","2000","1","750","-1","40","0","42","102","2022/03/26 05:00:00"
"0","0","2022/04/12 04:59:59","0","1","2000","1","751","-1","30","0","34","103","2022/04/01 05:00:00"
"0","0","2022/04/12 04:59:59","0","1","2000","1","752","-1","40","0","44","103","2022/04/01 05:00:00"
"0","0","2022/04/06 04:59:59","0","1","2000","1","753","-1","30","0","37","109","2022/04/01 05:00:00"
"0","0","2022/04/06 04:59:59","0","1","2000","1","754","-1","30","0","38","112","2022/04/01 05:00:00"
"0","0","2022/04/15 15:59:59","0","1","1500","1","755","-1","80","0","151","6004","2022/04/01 16:00:00"
"0","0","2022/04/15 15:59:59","0","1","1500","1","756","-1","80","0","152","6005","2022/04/01 16:00:00"
"0","0","2022/04/17 04:59:59","0","1","2000","1","757","-1","30","0","32","102","2022/04/06 05:00:00"
"0","0","2022/04/17 04:59:59","0","1","2000","1","758","-1","40","0","42","102","2022/04/06 05:00:00"
"0","0","2022/04/15 04:59:59","0","1","2000","1","759","-1","30","0","39","111","2022/04/11 05:00:00"
"0","0","2022/04/15 04:59:59","0","1","2000","1","760","-1","40","0","49","111","2022/04/11 05:00:00"
"0","0","2022/04/28 04:59:59","0","1","2000","1","761","-1","40","0","45","104","2022/04/12 05:00:00"
"0","0","2022/04/20 04:59:59","0","1","3000","1","762","-1","30","0","31","101","2022/04/15 05:00:00"
"0","0","2022/04/20 04:59:59","0","1","2000","1","763","-1","40","0","41","101","2022/04/15 05:00:00"
"0","0","2022/04/25 15:59:59","0","1","1500","1","764","-1","80","0","251","7004","2022/04/18 16:00:00"
"0","0","2022/04/25 15:59:59","0","1","1500","1","765","-1","80","0","252","7005","2022/04/18 16:00:00"
"0","0","2022/04/30 04:59:59","0","1","2000","1","766","-1","30","0","31","101","2022/04/20 05:00:00"
"0","0","2022/04/30 04:59:59","0","1","2000","1","767","-1","40","0","41","101","2022/04/20 05:00:00"
"0","0","2022/05/02 04:59:59","0","1","1500","1","768","-1","80","0","81","101","2022/04/24 05:00:00"
"0","0","2022/05/02 04:59:59","0","1","1500","1","769","-1","80","0","82","102","2022/04/24 05:00:00"
"0","0","2022/05/02 04:59:59","0","1","1500","1","770","-1","80","0","83","111","2022/04/24 05:00:00"
"0","0","2022/05/02 04:59:59","0","1","1500","1","771","-1","80","0","84","109","2022/04/24 05:00:00"
"0","0","2022/05/02 04:59:59","0","1","1500","1","772","-1","80","0","85","112","2022/04/24 05:00:00"
"0","0","2022/05/02 04:59:59","0","1","1500","1","773","-1","80","0","351","8004","2022/04/24 05:00:00"
"0","0","2022/05/02 04:59:59","0","1","1500","1","774","-1","80","0","352","8005","2022/04/24 05:00:00"
"0","0","2022/05/01 04:59:59","0","1","2000","1","775","-1","30","0","37","109","2022/04/27 05:00:00"
"0","0","2022/05/12 04:59:59","0","1","2000","1","776","-1","30","0","34","103","2022/05/01 05:00:00"
"0","0","2022/05/12 04:59:59","0","1","2000","1","777","-1","40","0","44","103","2022/05/01 05:00:00"
"0","0","2022/05/07 04:59:59","0","1","2000","1","778","-1","30","0","37","109","2022/05/01 05:00:00"
"0","0","2022/05/07 04:59:59","0","1","2000","1","779","-1","30","0","38","112","2022/05/01 05:00:00"
"0","0","2022/05/16 15:59:59","0","1","1500","1","780","-1","80","0","151","6004","2022/05/02 16:00:00"
"0","0","2022/05/16 15:59:59","0","1","1500","1","781","-1","80","0","152","6005","2022/05/02 16:00:00"
"0","0","2022/05/19 04:59:59","0","1","2000","1","782","-1","30","0","32","102","2022/05/07 05:00:00"
"0","0","2022/05/19 04:59:59","0","1","2000","1","783","-1","40","0","42","102","2022/05/07 05:00:00"
"0","0","2022/05/16 04:59:59","0","1","2000","1","784","-1","30","0","39","111","2022/05/12 05:00:00"
"0","0","2022/05/16 04:59:59","0","1","2000","1","785","-1","40","0","49","111","2022/05/12 05:00:00"
"0","0","2022/05/24 04:59:59","0","1","2000","1","786","-1","40","0","45","104","2022/05/12 05:00:00"
"0","0","2022/05/21 04:59:59","0","1","3000","1","787","-1","30","0","31","101","2022/05/16 05:00:00"
"0","0","2022/05/21 04:59:59","0","1","2000","1","788","-1","40","0","41","101","2022/05/16 05:00:00"
"0","0","2022/05/26 15:59:59","0","1","1500","1","789","-1","80","0","251","7004","2022/05/19 16:00:00"
"0","0","2022/05/26 15:59:59","0","1","1500","1","790","-1","80","0","252","7005","2022/05/19 16:00:00"
"0","0","2022/06/01 04:59:59","0","1","2000","1","791","-1","30","0","31","101","2022/05/21 05:00:00"
"0","0","2022/06/01 04:59:59","0","1","2000","1","792","-1","40","0","41","101","2022/05/21 05:00:00"
"0","0","2022/06/01 04:59:59","0","1","1500","1","793","-1","80","0","81","101","2022/05/24 05:00:00"
"0","0","2022/06/01 04:59:59","0","1","1500","1","794","-1","80","0","82","102","2022/05/24 05:00:00"
"0","0","2022/06/01 04:59:59","0","1","1500","1","795","-1","80","0","83","111","2022/05/24 05:00:00"
"0","0","2022/06/01 04:59:59","0","1","1500","1","796","-1","80","0","84","109","2022/05/24 05:00:00"
"0","0","2022/06/01 04:59:59","0","1","1500","1","797","-1","80","0","85","112","2022/05/24 05:00:00"
"0","0","2022/06/01 04:59:59","0","1","1500","1","798","-1","80","0","351","8004","2022/05/24 05:00:00"
"0","0","2022/06/01 04:59:59","0","1","1500","1","799","-1","80","0","352","8005","2022/05/24 05:00:00"
"0","0","2022/05/31 04:59:59","0","1","2000","1","800","-1","30","0","37","109","2022/05/27 05:00:00"
"0","0","2022/06/12 04:59:59","0","1","2000","1","801","-1","30","0","34","103","2022/06/01 05:00:00"
"0","0","2022/06/12 04:59:59","0","1","2000","1","802","-1","40","0","44","103","2022/06/01 05:00:00"
"0","0","2022/06/09 04:59:59","0","1","2000","1","803","-1","30","0","37","109","2022/06/01 05:00:00"
"0","0","2022/06/09 04:59:59","0","1","2000","1","804","-1","30","0","38","112","2022/06/01 05:00:00"
"0","0","2022/06/21 15:59:59","0","1","1500","1","805","-1","80","0","151","6004","2022/06/01 16:00:00"
"0","0","2022/06/21 15:59:59","0","1","1500","1","806","-1","80","0","152","6005","2022/06/01 16:00:00"
"0","0","2022/06/15 04:59:59","0","1","2000","1","807","-1","30","0","32","102","2022/06/05 05:00:00"
"0","0","2022/06/15 04:59:59","0","1","2000","1","808","-1","40","0","42","102","2022/06/05 05:00:00"
"0","0","2022/06/14 04:59:59","0","1","2000","1","809","-1","30","0","39","111","2022/06/10 05:00:00"
"0","0","2022/06/14 04:59:59","0","1","2000","1","810","-1","40","0","49","111","2022/06/10 05:00:00"
"0","0","2022/06/27 04:59:59","0","1","2000","1","811","-1","40","0","45","104","2022/06/12 05:00:00"
"0","0","2022/06/25 15:59:59","0","1","1500","1","812","-1","80","0","251","7004","2022/06/13 16:00:00"
"0","0","2022/06/25 15:59:59","0","1","1500","1","813","-1","80","0","252","7005","2022/06/13 16:00:00"
"0","0","2022/06/20 04:59:59","0","1","3000","1","814","-1","30","0","31","101","2022/06/15 05:00:00"
"0","0","2022/06/20 04:59:59","0","1","2000","1","815","-1","40","0","41","101","2022/06/15 05:00:00"
"0","0","2022/06/30 04:59:59","0","1","2000","1","816","-1","30","0","31","101","2022/06/20 05:00:00"
"0","0","2022/06/30 04:59:59","0","1","2000","1","817","-1","40","0","41","101","2022/06/20 05:00:00"
"0","0","2022/07/01 04:59:59","0","1","1500","1","818","-1","80","0","81","101","2022/06/25 05:00:00"
"0","0","2022/07/01 04:59:59","0","1","1500","1","819","-1","80","0","82","102","2022/06/25 05:00:00"
"0","0","2022/07/01 04:59:59","0","1","1500","1","820","-1","80","0","83","111","2022/06/25 05:00:00"
"0","0","2022/07/01 04:59:59","0","1","1500","1","821","-1","80","0","84","109","2022/06/25 05:00:00"
"0","0","2022/07/01 04:59:59","0","1","1500","1","822","-1","80","0","85","112","2022/06/25 05:00:00"
"0","0","2022/07/01 04:59:59","0","1","1500","1","823","-1","80","0","351","8004","2022/06/25 05:00:00"
"0","0","2022/07/01 04:59:59","0","1","1500","1","824","-1","80","0","352","8005","2022/06/25 05:00:00"
"0","0","2022/07/07 04:59:59","0","1","2000","1","825","-1","30","0","34","103","2022/07/01 05:00:00"
"0","0","2022/07/07 04:59:59","0","1","2000","1","826","-1","40","0","44","103","2022/07/01 05:00:00"
"0","0","2022/07/05 04:59:59","0","1","2000","1","827","-1","30","0","37","109","2022/07/01 05:00:00"
"0","0","2022/07/15 15:59:59","0","1","1500","1","828","-1","80","0","151","6004","2022/07/01 16:00:00"
"0","0","2022/07/15 15:59:59","0","1","1500","1","829","-1","80","0","152","6005","2022/07/01 16:00:00"
"0","0","2022/07/15 04:59:59","0","1","2000","1","830","-1","30","0","32","102","2022/07/02 05:00:00"
"0","0","2022/07/15 04:59:59","0","1","2000","1","831","-1","40","0","42","102","2022/07/02 05:00:00"
"0","0","2022/07/15 04:59:59","0","1","2000","1","832","-1","30","0","39","111","2022/07/11 05:00:00"
"0","0","2022/07/15 04:59:59","0","1","2000","1","833","-1","40","0","49","111","2022/07/11 05:00:00"
"0","0","2022/07/24 04:59:59","0","1","2000","1","834","-1","40","0","45","104","2022/07/12 05:00:00"
"0","0","2022/07/20 04:59:59","0","1","3000","1","835","-1","30","0","31","101","2022/07/15 05:00:00"
"0","0","2022/07/20 04:59:59","0","1","2000","1","836","-1","40","0","41","101","2022/07/15 05:00:00"
"0","0","2022/07/26 15:59:59","0","1","1500","1","837","-1","80","0","251","7004","2022/07/19 16:00:00"
"0","0","2022/07/26 15:59:59","0","1","1500","1","838","-1","80","0","252","7005","2022/07/19 16:00:00"
"0","0","2022/07/26 04:59:59","0","1","2000","1","839","-1","30","0","31","101","2022/07/20 05:00:00"
"0","0","2022/07/26 04:59:59","0","1","2000","1","840","-1","40","0","41","101","2022/07/20 05:00:00"
"0","0","2022/08/01 04:59:59","0","1","1500","1","841","-1","80","0","81","101","2022/07/24 05:00:00"
"0","0","2022/08/01 04:59:59","0","1","1500","1","842","-1","80","0","82","102","2022/07/24 05:00:00"
"0","0","2022/08/01 04:59:59","0","1","1500","1","843","-1","80","0","83","111","2022/07/24 05:00:00"
"0","0","2022/08/01 04:59:59","0","1","1500","1","844","-1","80","0","84","109","2022/07/24 05:00:00"
"0","0","2022/08/01 04:59:59","0","1","1500","1","845","-1","80","0","85","112","2022/07/24 05:00:00"
"0","0","2022/08/01 04:59:59","0","1","1500","1","846","-1","80","0","351","8004","2022/07/24 05:00:00"
"0","0","2022/08/01 04:59:59","0","1","1500","1","847","-1","80","0","352","8005","2022/07/24 05:00:00"
"0","0","2022/08/01 04:59:59","0","1","2000","1","848","-1","30","0","37","109","2022/07/26 05:00:00"
"0","0","2022/08/01 04:59:59","0","1","2000","1","849","-1","30","0","38","112","2022/07/26 05:00:00"
"0","0","2022/08/15 04:59:59","0","1","1500","1","850","-1","100","0","91","101","2022/08/01 05:00:00"
"0","0","2022/08/15 04:59:59","0","1","1500","1","851","-1","100","0","92","102","2022/08/01 05:00:00"
"0","0","2022/08/15 04:59:59","0","1","1500","1","852","-1","100","0","93","111","2022/08/01 05:00:00"
"0","0","2022/08/15 04:59:59","0","1","1500","1","853","-1","100","0","94","109","2022/08/01 05:00:00"
"0","0","2022/08/15 04:59:59","0","1","1500","1","854","-1","100","0","95","112","2022/08/01 05:00:00"
"0","0","2022/08/15 04:59:59","0","1","1500","1","855","-1","100","0","100","8004","2022/08/01 05:00:00"
"0","0","2022/08/15 04:59:59","0","1","1500","1","856","-1","100","0","101","8005","2022/08/01 05:00:00"
"0","0","2022/08/15 04:59:59","0","1","1500","1","857","-1","100","0","96","6004","2022/08/01 05:00:00"
"0","0","2022/08/15 04:59:59","0","1","1500","1","858","-1","100","0","97","6005","2022/08/01 05:00:00"
"0","0","2022/08/15 04:59:59","0","1","1500","1","859","-1","100","0","98","7004","2022/08/01 05:00:00"
"0","0","2022/08/15 04:59:59","0","1","1500","1","860","-1","100","0","99","7005","2022/08/01 05:00:00"
"0","0","2022/08/07 04:59:59","0","1","4000","1","861","-1","30","0","34","103","2022/08/01 05:00:00"
"0","0","2022/08/07 04:59:59","0","1","4000","1","862","-1","40","0","44","103","2022/08/01 05:00:00"
"0","0","2022/08/15 15:59:59","0","1","1500","1","863","-1","80","0","151","6004","2022/08/01 16:00:00"
"0","0","2022/08/15 15:59:59","0","1","1500","1","864","-1","80","0","152","6005","2022/08/01 16:00:00"
"0","0","2022/08/05 04:59:59","0","1","4000","1","865","-1","30","0","31","101","2022/08/01 05:00:00"
"0","0","2022/08/05 04:59:59","0","1","2000","1","866","-1","40","0","41","101","2022/08/01 05:00:00"
"0","0","2022/08/11 04:59:59","0","1","4000","1","867","-1","30","0","32","102","2022/08/05 05:00:00"
"0","0","2022/08/11 04:59:59","0","1","4000","1","868","-1","40","0","42","102","2022/08/05 05:00:00"
"0","0","2022/08/14 04:59:59","0","1","4000","1","869","-1","30","0","39","111","2022/08/11 05:00:00"
"0","0","2022/08/14 04:59:59","0","1","4000","1","870","-1","40","0","49","111","2022/08/11 05:00:00"
"0","0","2022/08/19 04:59:59","0","1","2000","1","871","-1","30","0","34","103","2022/08/14 05:00:00"
"0","0","2022/08/19 04:59:59","0","1","2000","1","872","-1","40","0","44","103","2022/08/14 05:00:00"
"0","0","2022/08/19 04:59:59","0","1","4000","1","873","-1","30","0","31","101","2022/08/15 05:00:00"
"0","0","2022/08/19 04:59:59","0","1","2000","1","874","-1","40","0","41","101","2022/08/15 05:00:00"
"0","0","2022/08/24 04:59:59","0","1","2000","1","875","-1","30","0","31","101","2022/08/19 05:00:00"
"0","0","2022/08/24 04:59:59","0","1","2000","1","876","-1","40","0","41","101","2022/08/19 05:00:00"
"0","0","2022/08/26 15:59:59","0","1","1500","1","877","-1","80","0","251","7004","2022/08/19 16:00:00"
"0","0","2022/08/26 15:59:59","0","1","1500","1","878","-1","80","0","252","7005","2022/08/19 16:00:00"
"0","0","2022/08/27 04:59:59","0","1","4000","1","879","-1","30","0","37","109","2022/08/24 05:00:00"
"0","0","2022/08/27 04:59:59","0","1","4000","1","880","-1","30","0","38","112","2022/08/24 05:00:00"
"0","0","2022/09/01 04:59:59","0","1","2000","1","881","-1","30","0","32","102","2022/08/27 05:00:00"
"0","0","2022/09/01 04:59:59","0","1","2000","1","882","-1","40","0","42","102","2022/08/27 05:00:00"
"0","0","2022/09/01 04:59:59","0","1","2000","1","883","-1","30","0","39","111","2022/08/28 05:00:00"
"0","0","2022/09/01 04:59:59","0","1","2000","1","884","-1","40","0","49","111","2022/08/28 05:00:00"
"0","0","2022/09/12 04:59:59","0","1","2000","1","885","-1","30","0","34","103","2022/09/01 05:00:00"
"0","0","2022/09/12 04:59:59","0","1","2000","1","886","-1","40","0","44","103","2022/09/01 05:00:00"
"0","0","2022/09/11 04:59:59","0","1","2000","1","887","-1","30","0","37","109","2022/09/01 05:00:00"
"0","0","2022/09/11 04:59:59","0","1","2000","1","888","-1","30","0","38","112","2022/09/01 05:00:00"
"0","0","2022/09/15 15:59:59","0","1","1500","1","889","-1","80","0","151","6004","2022/09/01 16:00:00"
"0","0","2022/09/15 15:59:59","0","1","1500","1","890","-1","80","0","152","6005","2022/09/01 16:00:00"
"0","0","2022/09/09 04:59:59","0","1","2000","1","891","-1","30","0","32","102","2022/09/03 05:00:00"
"0","0","2022/09/09 04:59:59","0","1","2000","1","892","-1","40","0","42","102","2022/09/03 05:00:00"
"0","0","2022/09/15 04:59:59","5","1","3000","1","893","-1","30","0","32","102","2022/09/09 05:00:00"
"0","0","2022/09/15 04:59:59","5","1","2000","1","894","-1","40","0","42","102","2022/09/09 05:00:00"
"0","0","2022/09/15 04:59:59","1","1","3000","1","895","-1","81","0","82","102","2022/09/09 05:00:00"
"0","0","2022/09/15 04:59:59","1","1","50","1","896","-1","11","0","12","102","2022/09/09 05:00:00"
"0","0","2022/09/15 04:59:59","2","1","2000","1","897","-1","80","0","82","102","2022/09/09 05:00:00"
"0","0","2022/09/16 04:59:59","0","1","2000","1","898","-1","30","0","39","111","2022/09/12 05:00:00"
"0","0","2022/09/16 04:59:59","0","1","2000","1","899","-1","40","0","49","111","2022/09/12 05:00:00"
"0","0","2022/09/29 04:59:59","0","1","2000","1","900","-1","40","0","45","104","2022/09/12 05:00:00"
"0","0","2022/09/25 04:59:59","6","1","3000","1","901","-1","30","0","31","101","2022/09/15 05:00:00"
"0","0","2022/09/25 04:59:59","6","1","2000","1","902","-1","40","0","41","101","2022/09/15 05:00:00"
"0","0","2022/09/20 04:59:59","3","1","3000","1","903","-1","81","0","81","101","2022/09/15 05:00:00"
"0","0","2022/09/20 04:59:59","3","1","50","1","904","-1","11","0","11","101","2022/09/15 05:00:00"
"0","0","2022/09/20 04:59:59","4","1","2000","1","905","-1","80","0","81","101","2022/09/15 05:00:00"
"0","0","2022/09/26 15:59:59","0","1","1500","1","906","-1","80","0","251","7004","2022/09/19 16:00:00"
"0","0","2022/09/26 15:59:59","0","1","1500","1","907","-1","80","0","252","7005","2022/09/19 16:00:00"
"0","0","2022/09/25 04:59:59","6","1","1500","1","908","-1","80","0","81","101","2022/09/23 05:00:00"
"0","0","2022/10/01 04:59:59","0","1","1500","1","909","-1","80","0","81","101","2022/09/25 05:00:00"
"0","0","2022/10/01 04:59:59","0","1","1500","1","910","-1","80","0","82","102","2022/09/23 05:00:00"
"0","0","2022/10/01 04:59:59","0","1","1500","1","911","-1","80","0","83","111","2022/09/23 05:00:00"
"0","0","2022/10/01 04:59:59","0","1","1500","1","912","-1","80","0","84","109","2022/09/23 05:00:00"
"0","0","2022/10/01 04:59:59","0","1","1500","1","913","-1","80","0","85","112","2022/09/23 05:00:00"
"0","0","2022/10/01 04:59:59","0","1","1500","1","914","-1","80","0","351","8004","2022/09/23 05:00:00"
"0","0","2022/10/01 04:59:59","0","1","1500","1","915","-1","80","0","352","8005","2022/09/23 05:00:00"
"0","0","2022/10/01 04:59:59","0","1","2000","1","916","-1","30","0","31","101","2022/09/25 05:00:00"
"0","0","2022/10/01 04:59:59","0","1","2000","1","917","-1","40","0","41","101","2022/09/25 05:00:00"
"0","0","2022/10/01 04:59:59","0","1","1500","1","918","-1","100","0","91","101","2022/09/25 05:00:00"
"0","0","2022/10/01 04:59:59","0","1","1500","1","919","-1","100","0","92","102","2022/09/25 05:00:00"
"0","0","2022/10/01 04:59:59","0","1","1500","1","920","-1","100","0","93","111","2022/09/25 05:00:00"
"0","0","2022/10/01 04:59:59","0","1","1500","1","921","-1","100","0","94","109","2022/09/25 05:00:00"
"0","0","2022/10/01 04:59:59","0","1","1500","1","922","-1","100","0","95","112","2022/09/25 05:00:00"
"0","0","2022/10/01 04:59:59","0","1","1500","1","923","-1","100","0","100","8004","2022/09/25 05:00:00"
"0","0","2022/10/01 04:59:59","0","1","1500","1","924","-1","100","0","101","8005","2022/09/25 05:00:00"
"0","0","2022/10/01 04:59:59","0","1","1500","1","925","-1","100","0","96","6004","2022/09/25 05:00:00"
"0","0","2022/10/01 04:59:59","0","1","1500","1","926","-1","100","0","97","6005","2022/09/25 05:00:00"
"0","0","2022/10/01 04:59:59","0","1","1500","1","927","-1","100","0","98","7004","2022/09/25 05:00:00"
"0","0","2022/10/01 04:59:59","0","1","1500","1","928","-1","100","0","99","7005","2022/09/25 05:00:00"
"0","0","2022/10/12 04:59:59","0","1","2000","1","929","-1","30","0","34","103","2022/10/01 05:00:00"
"0","0","2022/10/12 04:59:59","0","1","2000","1","930","-1","40","0","44","103","2022/10/01 05:00:00"
"0","0","2022/10/11 04:59:59","0","1","2000","1","931","-1","30","0","37","109","2022/10/01 05:00:00"
"0","0","2022/10/11 04:59:59","0","1","2000","1","932","-1","30","0","38","112","2022/10/01 05:00:00"
"0","0","2022/10/16 15:59:59","0","1","1500","1","933","-1","80","0","151","6004","2022/10/02 16:00:00"
"0","0","2022/10/16 15:59:59","0","1","1500","1","934","-1","80","0","152","6005","2022/10/02 16:00:00"
"0","0","2022/10/14 04:59:59","0","1","2000","1","935","-1","30","0","32","102","2022/10/04 05:00:00"
"0","0","2022/10/14 04:59:59","0","1","2000","1","936","-1","40","0","42","102","2022/10/04 05:00:00"
"0","0","2022/10/15 04:59:59","0","1","2000","1","937","-1","30","0","39","111","2022/10/11 05:00:00"
"0","0","2022/10/15 04:59:59","0","1","2000","1","938","-1","40","0","49","111","2022/10/11 05:00:00"
"0","0","2022/10/19 04:59:59","0","1","3000","1","939","-1","40","0","45","104","2022/10/14 05:00:00"
"0","0","2022/10/19 04:59:59","0","1","3000","1","940","-1","30","0","31","101","2022/10/14 05:00:00"
"0","0","2022/10/19 04:59:59","0","1","2000","1","941","-1","40","0","41","101","2022/10/14 05:00:00"
"0","0","2022/10/26 15:59:59","0","1","1500","1","942","-1","80","0","251","7004","2022/10/19 16:00:00"
"0","0","2022/10/26 15:59:59","0","1","1500","1","943","-1","80","0","252","7005","2022/10/19 16:00:00"
"0","0","2022/10/30 04:59:59","0","1","2000","1","944","-1","40","0","45","104","2022/10/19 05:00:00"
"0","0","2022/10/30 04:59:59","0","1","2000","1","945","-1","30","0","31","101","2022/10/19 05:00:00"
"0","0","2022/10/30 04:59:59","0","1","2000","1","946","-1","40","0","41","101","2022/10/19 05:00:00"
"0","0","2022/11/01 04:59:59","0","1","1500","1","947","-1","80","0","81","101","2022/10/25 05:00:00"
"0","0","2022/11/01 04:59:59","0","1","1500","1","948","-1","80","0","82","102","2022/10/25 05:00:00"
"0","0","2022/11/01 04:59:59","0","1","1500","1","949","-1","80","0","83","111","2022/10/25 05:00:00"
"0","0","2022/11/01 04:59:59","0","1","1500","1","950","-1","80","0","84","109","2022/10/25 05:00:00"
"0","0","2022/11/01 04:59:59","0","1","1500","1","951","-1","80","0","85","112","2022/10/25 05:00:00"
"0","0","2022/11/01 04:59:59","0","1","1500","1","952","-1","80","0","351","8004","2022/10/25 05:00:00"
"0","0","2022/11/01 04:59:59","0","1","1500","1","953","-1","80","0","352","8005","2022/10/25 05:00:00"
"0","0","2022/11/01 04:59:59","0","1","1500","1","954","-1","100","0","91","101","2022/10/26 05:00:00"
"0","0","2022/11/01 04:59:59","0","1","1500","1","955","-1","100","0","92","102","2022/10/26 05:00:00"
"0","0","2022/11/01 04:59:59","0","1","1500","1","956","-1","100","0","93","111","2022/10/26 05:00:00"
"0","0","2022/11/01 04:59:59","0","1","1500","1","957","-1","100","0","94","109","2022/10/26 05:00:00"
"0","0","2022/11/01 04:59:59","0","1","1500","1","958","-1","100","0","95","112","2022/10/26 05:00:00"
"0","0","2022/11/01 04:59:59","0","1","1500","1","959","-1","100","0","100","8004","2022/10/26 05:00:00"
"0","0","2022/11/01 04:59:59","0","1","1500","1","960","-1","100","0","101","8005","2022/10/26 05:00:00"
"0","0","2022/11/01 04:59:59","0","1","1500","1","961","-1","100","0","96","6004","2022/10/26 05:00:00"
"0","0","2022/11/01 04:59:59","0","1","1500","1","962","-1","100","0","97","6005","2022/10/26 05:00:00"
"0","0","2022/11/01 04:59:59","0","1","1500","1","963","-1","100","0","98","7004","2022/10/26 05:00:00"
"0","0","2022/11/01 04:59:59","0","1","1500","1","964","-1","100","0","99","7005","2022/10/26 05:00:00"
"0","0","2022/11/01 04:59:59","0","1","3000","1","965","-1","30","0","32","102","2022/10/27 05:00:00"
"0","0","2022/11/01 04:59:59","0","1","3000","1","966","-1","40","0","42","102","2022/10/27 05:00:00"
"0","0","2022/11/12 04:59:59","0","1","2000","1","967","-1","30","0","34","103","2022/11/01 05:00:00"
"0","0","2022/11/12 04:59:59","0","1","2000","1","968","-1","40","0","44","103","2022/11/01 05:00:00"
"0","0","2022/11/11 04:59:59","0","1","2000","1","969","-1","30","0","37","109","2022/11/01 05:00:00"
"0","0","2022/11/11 04:59:59","0","1","2000","1","970","-1","30","0","38","112","2022/11/01 05:00:00"
"0","0","2022/11/15 15:59:59","0","1","1500","1","971","-1","80","0","151","6004","2022/11/01 16:00:00"
"0","0","2022/11/15 15:59:59","0","1","1500","1","972","-1","80","0","152","6005","2022/11/01 16:00:00"
"0","0","2022/11/15 04:59:59","0","1","2000","1","973","-1","30","0","32","102","2022/11/04 05:00:00"
"0","0","2022/11/15 04:59:59","0","1","2000","1","974","-1","40","0","42","102","2022/11/04 05:00:00"
"0","0","2022/11/15 04:59:59","0","1","2000","1","975","-1","30","0","39","111","2022/11/11 05:00:00"
"0","0","2022/11/15 04:59:59","0","1","2000","1","976","-1","40","0","49","111","2022/11/11 05:00:00"
"0","0","2022/11/29 04:59:59","0","1","2000","1","977","-1","40","0","45","104","2022/11/12 05:00:00"
"0","0","2022/11/20 04:59:59","0","1","3000","1","978","-1","30","0","31","101","2022/11/15 05:00:00"
"0","0","2022/11/20 04:59:59","0","1","2000","1","979","-1","40","0","41","101","2022/11/15 05:00:00"
"0","0","2022/11/25 15:59:59","0","1","1500","1","980","-1","80","0","251","7004","2022/11/18 16:00:00"
"0","0","2022/11/25 15:59:59","0","1","1500","1","981","-1","80","0","252","7005","2022/11/18 16:00:00"
"0","0","2022/12/01 04:59:59","0","1","2000","1","982","-1","30","0","31","101","2022/11/20 05:00:00"
"0","0","2022/12/01 04:59:59","0","1","2000","1","983","-1","40","0","41","101","2022/11/20 05:00:00"
"0","0","2022/12/01 04:59:59","0","1","1500","1","984","-1","80","0","81","101","2022/11/23 05:00:00"
"0","0","2022/12/01 04:59:59","0","1","1500","1","985","-1","80","0","82","102","2022/11/23 05:00:00"
"0","0","2022/12/01 04:59:59","0","1","1500","1","986","-1","80","0","83","111","2022/11/23 05:00:00"
"0","0","2022/12/01 04:59:59","0","1","1500","1","987","-1","80","0","84","109","2022/11/23 05:00:00"
"0","0","2022/12/01 04:59:59","0","1","1500","1","988","-1","80","0","85","112","2022/11/23 05:00:00"
"0","0","2022/12/01 04:59:59","0","1","1500","1","989","-1","80","0","351","8004","2022/11/23 05:00:00"
"0","0","2022/12/01 04:59:59","0","1","1500","1","990","-1","80","0","352","8005","2022/11/23 05:00:00"
"0","0","2022/12/01 04:59:59","0","1","1500","1","991","-1","100","0","91","101","2022/11/25 05:00:00"
"0","0","2022/12/01 04:59:59","0","1","1500","1","992","-1","100","0","92","102","2022/11/25 05:00:00"
"0","0","2022/12/01 04:59:59","0","1","1500","1","993","-1","100","0","93","111","2022/11/25 05:00:00"
"0","0","2022/12/01 04:59:59","0","1","1500","1","994","-1","100","0","94","109","2022/11/25 05:00:00"
"0","0","2022/12/01 04:59:59","0","1","1500","1","995","-1","100","0","95","112","2022/11/25 05:00:00"
"0","0","2022/12/01 04:59:59","0","1","1500","1","996","-1","100","0","100","8004","2022/11/25 05:00:00"
"0","0","2022/12/01 04:59:59","0","1","1500","1","997","-1","100","0","101","8005","2022/11/25 05:00:00"
"0","0","2022/12/01 04:59:59","0","1","1500","1","998","-1","100","0","96","6004","2022/11/25 05:00:00"
"0","0","2022/12/01 04:59:59","0","1","1500","1","999","-1","100","0","97","6005","2022/11/25 05:00:00"
"0","0","2022/12/01 04:59:59","0","1","1500","1","1000","-1","100","0","98","7004","2022/11/25 05:00:00"
"0","0","2022/12/01 04:59:59","0","1","1500","1","1001","-1","100","0","99","7005","2022/11/25 05:00:00"
"0","0","2022/12/11 04:59:59","0","1","2000","1","1002","-1","30","0","37","109","2022/12/01 05:00:00"
"0","0","2022/12/11 04:59:59","0","1","2000","1","1003","-1","30","0","38","112","2022/12/01 05:00:00"
"0","0","2022/12/18 04:59:59","0","1","2000","1","1004","-1","40","0","45","104","2022/12/01 05:00:00"
"0","0","2022/12/15 15:59:59","0","1","1500","1","1005","-1","80","0","151","6004","2022/12/01 16:00:00"
"0","0","2022/12/15 15:59:59","0","1","1500","1","1006","-1","80","0","152","6005","2022/12/01 16:00:00"
"0","0","2022/12/15 04:59:59","0","1","2000","1","1007","-1","30","0","32","102","2022/12/04 05:00:00"
"0","0","2022/12/15 04:59:59","0","1","2000","1","1008","-1","40","0","42","102","2022/12/04 05:00:00"
"0","0","2022/12/14 04:59:59","0","1","2000","1","1009","-1","120","0","541","122","2022/12/09 05:00:00"
"0","0","2022/12/15 04:59:59","0","1","2000","1","1010","-1","30","0","39","111","2022/12/11 05:00:00"
"0","0","2022/12/15 04:59:59","0","1","2000","1","1011","-1","40","0","49","111","2022/12/11 05:00:00"
"0","0","2022/12/20 04:59:59","0","1","3000","1","1012","-1","30","0","31","101","2022/12/15 05:00:00"
"0","0","2022/12/20 04:59:59","0","1","2000","1","1013","-1","40","0","41","101","2022/12/15 05:00:00"
"0","0","2022/12/26 15:59:59","0","1","1500","1","1014","-1","80","0","251","7004","2022/12/19 16:00:00"
"0","0","2022/12/26 15:59:59","0","1","1500","1","1015","-1","80","0","252","7005","2022/12/19 16:00:00"
"0","0","2022/12/29 04:59:59","0","1","2000","1","1016","-1","30","0","34","103","2022/12/18 05:00:00"
"0","0","2022/12/29 04:59:59","0","1","2000","1","1017","-1","40","0","44","103","2022/12/18 05:00:00"
"0","0","2022/12/31 04:59:59","0","1","2000","1","1018","-1","30","0","31","101","2022/12/20 05:00:00"
"0","0","2022/12/31 04:59:59","0","1","2000","1","1019","-1","40","0","41","101","2022/12/20 05:00:00"
"0","0","2023/01/01 04:59:59","0","1","1500","1","1020","-1","80","0","81","101","2022/12/24 05:00:00"
"0","0","2023/01/01 04:59:59","0","1","1500","1","1021","-1","80","0","82","102","2022/12/24 05:00:00"
"0","0","2023/01/01 04:59:59","0","1","1500","1","1022","-1","80","0","83","111","2022/12/24 05:00:00"
"0","0","2023/01/01 04:59:59","0","1","1500","1","1023","-1","80","0","84","109","2022/12/24 05:00:00"
"0","0","2023/01/01 04:59:59","0","1","1500","1","1024","-1","80","0","85","112","2022/12/24 05:00:00"
"0","0","2023/01/01 04:59:59","0","1","1500","1","1025","-1","80","0","351","8004","2022/12/24 05:00:00"
"0","0","2023/01/01 04:59:59","0","1","1500","1","1026","-1","80","0","352","8005","2022/12/24 05:00:00"
"0","0","2023/01/01 04:59:59","0","1","1500","1","1027","-1","100","0","91","101","2022/12/26 05:00:00"
"0","0","2023/01/01 04:59:59","0","1","1500","1","1028","-1","100","0","92","102","2022/12/26 05:00:00"
"0","0","2023/01/01 04:59:59","0","1","1500","1","1029","-1","100","0","93","111","2022/12/26 05:00:00"
"0","0","2023/01/01 04:59:59","0","1","1500","1","1030","-1","100","0","94","109","2022/12/26 05:00:00"
"0","0","2023/01/01 04:59:59","0","1","1500","1","1031","-1","100","0","95","112","2022/12/26 05:00:00"
"0","0","2023/01/01 04:59:59","0","1","1500","1","1032","-1","100","0","100","8004","2022/12/26 05:00:00"
"0","0","2023/01/01 04:59:59","0","1","1500","1","1033","-1","100","0","101","8005","2022/12/26 05:00:00"
"0","0","2023/01/01 04:59:59","0","1","1500","1","1034","-1","100","0","96","6004","2022/12/26 05:00:00"
"0","0","2023/01/01 04:59:59","0","1","1500","1","1035","-1","100","0","97","6005","2022/12/26 05:00:00"
"0","0","2023/01/01 04:59:59","0","1","1500","1","1036","-1","100","0","98","7004","2022/12/26 05:00:00"
"0","0","2023/01/01 04:59:59","0","1","1500","1","1037","-1","100","0","99","7005","2022/12/26 05:00:00"
"0","0","2023/01/05 04:59:59","0","1","2000","1","1038","-1","30","0","37","109","2023/01/01 05:00:00"
"0","0","2023/01/05 04:59:59","0","1","2000","1","1039","-1","30","0","38","112","2023/01/01 05:00:00"
"0","0","2023/01/18 04:59:59","0","1","2000","1","1040","-1","40","0","45","104","2023/01/01 05:00:00"
"0","0","2023/01/06 04:59:59","0","1","2000","1","1041","-1","30","0","34","103","2023/01/01 05:00:00"
"0","0","2023/01/06 04:59:59","0","1","2000","1","1042","-1","40","0","44","103","2023/01/01 05:00:00"
"0","0","2023/01/16 15:59:59","0","1","1500","1","1043","-1","80","0","151","6004","2023/01/02 16:00:00"
"0","0","2023/01/16 15:59:59","0","1","1500","1","1044","-1","80","0","152","6005","2023/01/02 16:00:00"
"0","0","2023/01/10 04:59:59","0","1","2000","1","1045","-1","30","0","32","102","2023/01/05 05:00:00"
"0","0","2023/01/10 04:59:59","0","1","2000","1","1046","-1","40","0","42","102","2023/01/05 05:00:00"
"0","0","2023/01/14 04:59:59","0","1","2000","1","1047","-1","30","0","39","111","2023/01/10 05:00:00"
"0","0","2023/01/14 04:59:59","0","1","2000","1","1048","-1","40","0","49","111","2023/01/10 05:00:00"
"0","0","2023/01/16 04:59:59","0","1","2000","1","1049","-1","30","0","31","101","2023/01/11 05:00:00"
"0","0","2023/01/16 04:59:59","0","1","2000","1","1050","-1","40","0","41","101","2023/01/11 05:00:00"
"0","0","2023/01/21 04:59:59","0","1","4000","1","1051","-1","30","0","31","101","2023/01/16 05:00:00"
"0","0","2023/01/21 04:59:59","0","1","2000","1","1052","-1","40","0","41","101","2023/01/16 05:00:00"
"0","0","2023/01/26 15:59:59","0","1","2000","1","1053","-1","80","0","251","7004","2023/01/19 16:00:00"
"0","0","2023/01/26 15:59:59","0","1","2000","1","1054","-1","80","0","252","7005","2023/01/19 16:00:00"
"0","0","2023/01/30 04:59:59","0","1","2000","1","1055","-1","80","0","81","101","2023/01/19 05:00:00"
"0","0","2023/01/30 04:59:59","0","1","2000","1","1056","-1","80","0","82","102","2023/01/19 05:00:00"
"0","0","2023/01/30 04:59:59","0","1","2000","1","1057","-1","80","0","83","111","2023/01/19 05:00:00"
"0","0","2023/01/30 04:59:59","0","1","2000","1","1058","-1","80","0","84","109","2023/01/19 05:00:00"
"0","0","2023/01/30 04:59:59","0","1","2000","1","1059","-1","80","0","85","112","2023/01/19 05:00:00"
"0","0","2023/01/30 04:59:59","0","1","2000","1","1060","-1","80","0","351","8004","2023/01/19 05:00:00"
"0","0","2023/01/30 04:59:59","0","1","2000","1","1061","-1","80","0","352","8005","2023/01/19 05:00:00"
"0","0","2023/01/25 04:59:59","0","1","4000","1","1062","-1","30","0","34","103","2023/01/20 05:00:00"
"0","0","2023/01/25 04:59:59","0","1","4000","1","1063","-1","40","0","44","103","2023/01/20 05:00:00"
"0","0","2023/01/27 04:59:59","0","1","4000","1","1064","-1","30","0","39","111","2023/01/21 05:00:00"
"0","0","2023/01/27 04:59:59","0","1","4000","1","1065","-1","40","0","49","111","2023/01/21 05:00:00"
"0","0","2023/01/27 04:59:59","0","1","4000","1","1066","-1","30","0","37","109","2023/01/21 05:00:00"
"0","0","2023/01/27 04:59:59","0","1","4000","1","1067","-1","30","0","38","112","2023/01/21 05:00:00"
"0","0","2023/02/01 04:59:59","0","1","4000","1","1068","-1","30","0","32","102","2023/01/26 05:00:00"
"0","0","2023/02/01 04:59:59","0","1","4000","1","1069","-1","40","0","42","102","2023/01/26 05:00:00"
"0","0","2023/02/01 04:59:59","0","1","2500","1","1070","-1","100","0","91","101","2023/01/26 05:00:00"
"0","0","2023/02/01 04:59:59","0","1","2500","1","1071","-1","100","0","92","102","2023/01/26 05:00:00"
"0","0","2023/02/01 04:59:59","0","1","2500","1","1072","-1","100","0","93","111","2023/01/26 05:00:00"
"0","0","2023/02/01 04:59:59","0","1","2500","1","1073","-1","100","0","94","109","2023/01/26 05:00:00"
"0","0","2023/02/01 04:59:59","0","1","2500","1","1074","-1","100","0","95","112","2023/01/26 05:00:00"
"0","0","2023/02/01 04:59:59","0","1","2500","1","1075","-1","100","0","100","8004","2023/01/26 05:00:00"
"0","0","2023/02/01 04:59:59","0","1","2500","1","1076","-1","100","0","101","8005","2023/01/26 05:00:00"
"0","0","2023/02/01 04:59:59","0","1","2500","1","1077","-1","100","0","96","6004","2023/01/26 05:00:00"
"0","0","2023/02/01 04:59:59","0","1","2500","1","1078","-1","100","0","97","6005","2023/01/26 05:00:00"
"0","0","2023/02/01 04:59:59","0","1","2500","1","1079","-1","100","0","98","7004","2023/01/26 05:00:00"
"0","0","2023/02/01 04:59:59","0","1","2500","1","1080","-1","100","0","99","7005","2023/01/26 05:00:00"
"0","0","2023/02/11 04:59:59","0","1","2000","1","1081","-1","30","0","37","109","2023/02/01 05:00:00"
"0","0","2023/02/11 04:59:59","0","1","2000","1","1082","-1","30","0","38","112","2023/02/01 05:00:00"
"0","0","2023/02/17 04:59:59","0","1","2000","1","1083","-1","40","0","45","104","2023/02/01 05:00:00"
"0","0","2023/02/06 04:59:59","3","2","3000","1","1084","-1","30","0","31","101","2023/02/01 05:00:00"
"0","0","2023/02/06 04:59:59","3","2","2000","1","1085","-1","40","0","41","101","2023/02/01 05:00:00"
"0","0","2023/02/06 04:59:59","3","2","3000","1","1086","-1","81","0","81","101","2023/02/01 05:00:00"
"0","0","2023/02/06 04:59:59","3","2","50","1","1087","-1","11","0","11","101","2023/02/01 05:00:00"
"0","0","2023/02/06 04:59:59","8","2","3000","1","1088","-1","30","0","31","101","2023/02/01 05:00:00"
"0","0","2023/02/06 04:59:59","8","2","2000","1","1089","-1","40","0","41","101","2023/02/01 05:00:00"
"0","0","2023/02/06 04:59:59","8","2","2000","1","1090","-1","81","0","81","101","2023/02/01 05:00:00"
"0","0","2023/02/15 15:59:59","0","1","1500","1","1091","-1","80","0","151","6004","2023/02/01 16:00:00"
"0","0","2023/02/15 15:59:59","0","1","1500","1","1092","-1","80","0","152","6005","2023/02/01 16:00:00"
"0","0","2023/02/11 04:59:59","1","2","3000","1","1093","-1","30","0","32","102","2023/02/06 05:00:00"
"0","0","2023/02/11 04:59:59","1","2","2000","1","1094","-1","40","0","42","102","2023/02/06 05:00:00"
"0","0","2023/02/11 04:59:59","1","2","3000","1","1095","-1","81","0","82","102","2023/02/06 05:00:00"
"0","0","2023/02/11 04:59:59","1","2","50","1","1096","-1","11","0","12","102","2023/02/06 05:00:00"
"0","0","2023/02/11 04:59:59","7","2","3000","1","1097","-1","30","0","32","102","2023/02/06 05:00:00"
"0","0","2023/02/11 04:59:59","7","2","2000","1","1098","-1","40","0","42","102","2023/02/06 05:00:00"
"0","0","2023/02/11 04:59:59","7","2","2000","1","1099","-1","81","0","82","102","2023/02/06 05:00:00"
"0","0","2023/02/15 04:59:59","0","1","2000","1","1100","-1","120","0","541","122","2023/02/10 05:00:00"
"0","0","2023/02/15 04:59:59","0","1","2000","1","1101","-1","30","0","39","111","2023/02/11 05:00:00"
"0","0","2023/02/15 04:59:59","0","1","2000","1","1102","-1","40","0","49","111","2023/02/11 05:00:00"
"0","0","2023/02/20 04:59:59","0","1","3000","1","1103","-1","30","0","31","101","2023/02/15 05:00:00"
"0","0","2023/02/20 04:59:59","0","1","2000","1","1104","-1","40","0","41","101","2023/02/15 05:00:00"
"0","0","2023/02/24 15:59:59","0","1","1500","1","1105","-1","80","0","251","7004","2023/02/17 16:00:00"
"0","0","2023/02/24 15:59:59","0","1","1500","1","1106","-1","80","0","252","7005","2023/02/17 16:00:00"
"0","0","2023/02/23 04:59:59","0","1","2000","1","1107","-1","30","0","34","103","2023/02/17 05:00:00"
"0","0","2023/02/23 04:59:59","0","1","2000","1","1108","-1","40","0","44","103","2023/02/17 05:00:00"
"0","0","2023/02/26 04:59:59","0","1","2000","1","1109","-1","30","0","31","101","2023/02/20 05:00:00"
"0","0","2023/02/26 04:59:59","0","1","2000","1","1110","-1","40","0","41","101","2023/02/20 05:00:00"
"0","0","2023/03/01 04:59:59","0","1","1500","1","1111","-1","80","0","81","101","2023/02/21 05:00:00"
"0","0","2023/03/01 04:59:59","0","1","1500","1","1112","-1","80","0","82","102","2023/02/21 05:00:00"
"0","0","2023/03/01 04:59:59","0","1","1500","1","1113","-1","80","0","83","111","2023/02/21 05:00:00"
"0","0","2023/03/01 04:59:59","0","1","1500","1","1114","-1","80","0","84","109","2023/02/21 05:00:00"
"0","0","2023/03/01 04:59:59","0","1","1500","1","1115","-1","80","0","85","112","2023/02/21 05:00:00"
"0","0","2023/03/01 04:59:59","0","1","1500","1","1116","-1","80","0","351","8004","2023/02/21 05:00:00"
"0","0","2023/03/01 04:59:59","0","1","1500","1","1117","-1","80","0","352","8005","2023/02/21 05:00:00"
"0","0","2023/03/01 04:59:59","0","1","1500","1","1118","-1","100","0","91","101","2023/02/23 05:00:00"
"0","0","2023/03/01 04:59:59","0","1","1500","1","1119","-1","100","0","92","102","2023/02/23 05:00:00"
"0","0","2023/03/01 04:59:59","0","1","1500","1","1120","-1","100","0","93","111","2023/02/23 05:00:00"
"0","0","2023/03/01 04:59:59","0","1","1500","1","1121","-1","100","0","94","109","2023/02/23 05:00:00"
"0","0","2023/03/01 04:59:59","0","1","1500","1","1122","-1","100","0","95","112","2023/02/23 05:00:00"
"0","0","2023/03/01 04:59:59","0","1","1500","1","1123","-1","100","0","100","8004","2023/02/23 05:00:00"
"0","0","2023/03/01 04:59:59","0","1","1500","1","1124","-1","100","0","101","8005","2023/02/23 05:00:00"
"0","0","2023/03/01 04:59:59","0","1","1500","1","1125","-1","100","0","96","6004","2023/02/23 05:00:00"
"0","0","2023/03/01 04:59:59","0","1","1500","1","1126","-1","100","0","97","6005","2023/02/23 05:00:00"
"0","0","2023/03/01 04:59:59","0","1","1500","1","1127","-1","100","0","98","7004","2023/02/23 05:00:00"
"0","0","2023/03/01 04:59:59","0","1","1500","1","1128","-1","100","0","99","7005","2023/02/23 05:00:00"
"0","0","2023/03/01 04:59:59","0","1","2000","1","1129","-1","30","0","32","102","2023/02/24 05:00:00"
"0","0","2023/03/01 04:59:59","0","1","2000","1","1130","-1","40","0","42","102","2023/02/24 05:00:00"
"0","0","2023/03/11 04:59:59","0","1","2000","1","1131","-1","30","0","37","109","2023/03/01 05:00:00"
"0","0","2023/03/11 04:59:59","0","1","2000","1","1132","-1","30","0","38","112","2023/03/01 05:00:00"
"0","0","2023/03/18 04:59:59","0","1","2000","1","1133","-1","40","0","45","104","2023/03/01 05:00:00"
"0","0","2023/03/15 15:59:59","0","1","1500","1","1134","-1","80","0","151","6004","2023/03/01 16:00:00"
"0","0","2023/03/15 15:59:59","0","1","1500","1","1135","-1","80","0","152","6005","2023/03/01 16:00:00"
"0","0","2023/03/15 04:59:59","0","1","2000","1","1136","-1","30","0","32","102","2023/03/04 05:00:00"
"0","0","2023/03/15 04:59:59","0","1","2000","1","1137","-1","40","0","42","102","2023/03/04 05:00:00"
"0","0","2023/03/15 04:59:59","0","1","2000","1","1138","-1","30","0","39","111","2023/03/11 05:00:00"
"0","0","2023/03/15 04:59:59","0","1","2000","1","1139","-1","40","0","49","111","2023/03/11 05:00:00"
"0","0","2023/03/20 04:59:59","0","1","3000","1","1140","-1","30","0","31","101","2023/03/15 05:00:00"
"0","0","2023/03/20 04:59:59","0","1","2000","1","1141","-1","40","0","41","101","2023/03/15 05:00:00"
"0","0","2023/03/29 04:59:59","0","1","2000","1","1142","-1","30","0","34","103","2023/03/18 05:00:00"
"0","0","2023/03/29 04:59:59","0","1","2000","1","1143","-1","40","0","44","103","2023/03/18 05:00:00"
"0","0","2023/03/26 15:59:59","0","1","1500","1","1144","-1","80","0","251","7004","2023/03/19 16:00:00"
"0","0","2023/03/26 15:59:59","0","1","1500","1","1145","-1","80","0","252","7005","2023/03/19 16:00:00"
"0","0","2023/03/25 04:59:59","0","1","2000","1","1146","-1","30","0","31","101","2023/03/20 05:00:00"
"0","0","2023/03/25 04:59:59","0","1","2000","1","1147","-1","40","0","41","101","2023/03/20 05:00:00"
"0","0","2023/04/01 04:59:59","3","1","1500","1","1148","-1","100","0","91","101","2023/03/26 05:00:00"
"0","0","2023/04/01 04:59:59","10","1","1500","1","1149","-1","100","0","91","101","2023/03/26 05:00:00"
"0","0","2023/04/01 04:59:59","0","1","1500","1","1150","-1","100","0","92","102","2023/03/26 05:00:00"
"0","0","2023/04/01 04:59:59","0","1","1500","1","1151","-1","100","0","93","111","2023/03/26 05:00:00"
"0","0","2023/04/01 04:59:59","0","1","1500","1","1152","-1","100","0","94","109","2023/03/26 05:00:00"
"0","0","2023/04/01 04:59:59","0","1","1500","1","1153","-1","100","0","95","112","2023/03/26 05:00:00"
"0","0","2023/04/01 04:59:59","0","1","1500","1","1154","-1","100","0","100","8004","2023/03/26 05:00:00"
"0","0","2023/04/01 04:59:59","0","1","1500","1","1155","-1","100","0","101","8005","2023/03/26 05:00:00"
"0","0","2023/04/01 04:59:59","0","1","1500","1","1156","-1","100","0","96","6004","2023/03/26 05:00:00"
"0","0","2023/04/01 04:59:59","0","1","1500","1","1157","-1","100","0","97","6005","2023/03/26 05:00:00"
"0","0","2023/04/01 04:59:59","0","1","1500","1","1158","-1","100","0","98","7004","2023/03/26 05:00:00"
"0","0","2023/04/01 04:59:59","0","1","1500","1","1159","-1","100","0","99","7005","2023/03/26 05:00:00"
"0","0","2023/04/01 04:59:59","3","2","3000","1","1160","-1","31","0","31","101","2023/03/26 05:00:00"
"0","0","2023/04/01 04:59:59","3","2","3000","1","1161","-1","41","0","41","101","2023/03/26 05:00:00"
"0","0","2023/04/01 04:59:59","3","2","50","1","1162","-1","11","0","11","101","2023/03/26 05:00:00"
"0","0","2023/04/01 04:59:59","3","2","3000","1","1163","-1","81","0","81","101","2023/03/26 05:00:00"
"0","0","2023/04/01 04:59:59","10","2","3000","1","1164","-1","31","0","31","101","2023/03/26 05:00:00"
"0","0","2023/04/01 04:59:59","10","2","2000","1","1165","-1","41","0","41","101","2023/03/26 05:00:00"
"0","0","2023/04/01 04:59:59","10","2","2000","1","1166","-1","81","0","81","101","2023/03/26 05:00:00"
"0","0","2023/04/06 04:59:59","1","2","3000","1","1167","-1","31","0","32","102","2023/04/01 05:00:00"
"0","0","2023/04/06 04:59:59","1","2","3000","1","1168","-1","41","0","42","102","2023/04/01 05:00:00"
"0","0","2023/04/06 04:59:59","1","2","3000","1","1169","-1","81","0","82","102","2023/04/01 05:00:00"
"0","0","2023/04/06 04:59:59","1","2","50","1","1170","-1","11","0","12","102","2023/04/01 05:00:00"
"0","0","2023/04/06 04:59:59","9","2","3000","1","1171","-1","31","0","32","102","2023/04/01 05:00:00"
"0","0","2023/04/06 04:59:59","9","2","2000","1","1172","-1","41","0","42","102","2023/04/01 05:00:00"
"0","0","2023/04/06 04:59:59","9","2","2000","1","1173","-1","81","0","82","102","2023/04/01 05:00:00"
"0","0","2023/04/17 04:59:59","0","1","2000","1","1174","-1","40","0","45","104","2023/04/01 05:00:00"
"0","0","2023/04/15 15:59:59","0","1","1500","1","1175","-1","80","0","151","6004","2023/04/01 16:00:00"
"0","0","2023/04/15 15:59:59","0","1","1500","1","1176","-1","80","0","152","6005","2023/04/01 16:00:00"
"0","0","2023/04/10 04:59:59","0","1","2000","1","1177","-1","30","0","37","109","2023/04/06 05:00:00"
"0","0","2023/04/10 04:59:59","0","1","2000","1","1178","-1","30","0","38","112","2023/04/06 05:00:00"
"0","0","2023/04/12 04:59:59","0","1","2000","1","1179","-1","120","0","541","122","2023/04/07 05:00:00"
"0","0","2023/04/14 04:59:59","0","1","2000","1","1180","-1","30","0","32","102","2023/04/09 05:00:00"
"0","0","2023/04/14 04:59:59","0","1","2000","1","1181","-1","40","0","42","102","2023/04/09 05:00:00"
"0","0","2023/04/14 04:59:59","0","1","2000","1","1182","-1","30","0","39","111","2023/04/10 05:00:00"
"0","0","2023/04/14 04:59:59","0","1","2000","1","1183","-1","40","0","49","111","2023/04/10 05:00:00"
"0","0","2023/04/17 04:59:59","0","1","3000","1","1184","-1","30","0","31","101","2023/04/14 05:00:00"
"0","0","2023/04/17 04:59:59","0","1","2000","1","1185","-1","40","0","41","101","2023/04/14 05:00:00"
"0","0","2023/04/19 04:59:59","0","1","3000","201","1186","-1","30","0","31","101","2023/04/17 05:00:00"
"0","0","2023/04/19 04:59:59","0","1","2000","201","1187","-1","40","0","41","101","2023/04/17 05:00:00"
"0","0","2023/04/28 04:59:59","0","1","2000","1","1188","-1","30","0","34","103","2023/04/17 05:00:00"
"0","0","2023/04/28 04:59:59","0","1","2000","1","1189","-1","40","0","44","103","2023/04/17 05:00:00"
"0","0","2023/04/24 15:59:59","0","1","1500","1","1190","-1","80","0","251","7004","2023/04/17 16:00:00"
"0","0","2023/04/24 15:59:59","0","1","1500","1","1191","-1","80","0","252","7005","2023/04/17 16:00:00"
"0","0","2023/04/30 04:59:59","0","1","2000","201","1192","-1","30","0","31","101","2023/04/19 05:00:00"
"0","0","2023/04/30 04:59:59","0","1","2000","201","1193","-1","40","0","41","101","2023/04/19 05:00:00"
"0","0","2023/05/01 04:59:59","0","1","1500","1","1194","49","80","0","81","101","2023/04/23 05:00:00"
"0","0","2023/05/01 04:59:59","0","1","1500","201","1195","-1","80","0","81","101","2023/04/23 05:00:00"
"0","0","2023/05/01 04:59:59","0","1","1500","1","1196","49","80","0","82","102","2023/04/23 05:00:00"
"0","0","2023/05/01 04:59:59","0","1","1500","201","1197","-1","80","0","82","102","2023/04/23 05:00:00"
"0","0","2023/05/01 04:59:59","0","1","1500","1","1198","49","80","0","83","111","2023/04/23 05:00:00"
"0","0","2023/05/01 04:59:59","0","1","1500","201","1199","-1","80","0","83","111","2023/04/23 05:00:00"
"0","0","2023/05/01 04:59:59","0","1","1500","1","1200","-1","80","0","84","109","2023/04/23 05:00:00"
"0","0","2023/05/01 04:59:59","0","1","1500","1","1201","-1","80","0","85","112","2023/04/23 05:00:00"
"0","0","2023/05/01 04:59:59","0","1","1500","1","1202","-1","80","0","351","8004","2023/04/23 05:00:00"
"0","0","2023/05/01 04:59:59","0","1","1500","1","1203","-1","80","0","352","8005","2023/04/23 05:00:00"
"0","0","2023/05/01 04:59:59","0","1","2000","1","1204","-1","30","0","37","109","2023/04/25 05:00:00"
"0","0","2023/05/01 04:59:59","0","1","2000","1","1205","-1","30","0","38","112","2023/04/25 05:00:00"
"0","0","2023/05/01 04:59:59","0","1","1500","1","1206","-1","100","0","91","101","2023/04/25 05:00:00"
"0","0","2023/05/01 04:59:59","0","1","1500","1","1207","-1","100","0","92","102","2023/04/25 05:00:00"
"0","0","2023/05/01 04:59:59","0","1","1500","1","1208","-1","100","0","93","111","2023/04/25 05:00:00"
"0","0","2023/05/01 04:59:59","0","1","1500","1","1209","-1","100","0","94","109","2023/04/25 05:00:00"
"0","0","2023/05/01 04:59:59","0","1","1500","1","1210","-1","100","0","95","112","2023/04/25 05:00:00"
"0","0","2023/05/01 04:59:59","0","1","1500","1","1211","-1","100","0","100","8004","2023/04/25 05:00:00"
"0","0","2023/05/01 04:59:59","0","1","1500","1","1212","-1","100","0","101","8005","2023/04/25 05:00:00"
"0","0","2023/05/01 04:59:59","0","1","1500","1","1213","-1","100","0","96","6004","2023/04/25 05:00:00"
"0","0","2023/05/01 04:59:59","0","1","1500","1","1214","-1","100","0","97","6005","2023/04/25 05:00:00"
"0","0","2023/05/01 04:59:59","0","1","1500","1","1215","-1","100","0","98","7004","2023/04/25 05:00:00"
"0","0","2023/05/01 04:59:59","0","1","1500","1","1216","-1","100","0","99","7005","2023/04/25 05:00:00"
"0","0","2023/05/19 04:59:59","0","1","2000","1","1217","-1","40","0","45","104","2023/05/01 05:00:00"
"0","0","2023/05/06 04:59:59","0","1","2000","1","1218","-1","30","0","37","109","2023/05/01 05:00:00"
"0","0","2023/05/06 04:59:59","0","1","2000","1","1219","-1","30","0","38","112","2023/05/01 05:00:00"
"0","0","2023/05/17 15:59:59","0","1","1500","1","1220","-1","80","0","151","6004","2023/05/01 16:00:00"
"0","0","2023/05/17 15:59:59","0","1","1500","1","1221","-1","80","0","152","6005","2023/05/01 16:00:00"
"0","0","2023/05/17 04:59:59","0","1","3000","201","1222","-1","30","0","32","102","2023/05/03 05:00:00"
"0","0","2023/05/17 04:59:59","0","1","3000","201","1223","-1","40","0","42","102","2023/05/03 05:00:00"
"0","0","2023/05/13 04:59:59","0","1","2000","201","1224","-1","30","0","31","101","2023/05/06 05:00:00"
"0","0","2023/05/13 04:59:59","0","1","2000","201","1225","-1","40","0","41","101","2023/05/06 05:00:00"
"0","0","2023/05/16 04:59:59","0","1","4000","201","1226","-1","30","0","39","111","2023/05/11 05:00:00"
"0","0","2023/05/16 04:59:59","0","1","4000","201","1227","-1","40","0","49","111","2023/05/11 05:00:00"
"0","0","2023/05/20 04:59:59","0","1","4000","201","1228","-1","30","0","31","101","2023/05/15 05:00:00"
"0","0","2023/05/20 04:59:59","0","1","2000","201","1229","-1","40","0","41","101","2023/05/15 05:00:00"
"0","0","2023/05/25 04:59:59","0","1","3000","1","1230","-1","30","0","34","103","2023/05/17 05:00:00"
"0","0","2023/05/25 04:59:59","0","1","3000","1","1231","-1","40","0","44","103","2023/05/17 05:00:00"
"0","0","2023/05/26 15:59:59","0","1","1500","1","1232","-1","80","0","251","7004","2023/05/19 16:00:00"
"0","0","2023/05/26 15:59:59","0","1","1500","1","1233","-1","80","0","252","7005","2023/05/19 16:00:00"
"0","0","2023/05/26 04:59:59","0","1","3000","201","1234","-1","30","0","31","101","2023/05/20 05:00:00"
"0","0","2023/05/26 04:59:59","0","1","2000","201","1235","-1","40","0","41","101","2023/05/20 05:00:00"
"0","0","2023/06/01 04:59:59","0","1","2500","1","1236","-1","100","0","91","101","2023/05/24 05:00:00"
"0","0","2023/06/01 04:59:59","0","1","2500","1","1237","-1","100","0","92","102","2023/05/24 05:00:00"
"0","0","2023/06/01 04:59:59","0","1","2500","1","1238","-1","100","0","93","111","2023/05/24 05:00:00"
"0","0","2023/06/01 04:59:59","0","1","2500","1","1239","-1","100","0","94","109","2023/05/24 05:00:00"
"0","0","2023/06/01 04:59:59","0","1","2500","1","1240","-1","100","0","95","112","2023/05/24 05:00:00"
"0","0","2023/06/01 04:59:59","0","1","2500","1","1241","-1","100","0","100","8004","2023/05/24 05:00:00"
"0","0","2023/06/01 04:59:59","0","1","2500","1","1242","-1","100","0","101","8005","2023/05/24 05:00:00"
"0","0","2023/06/01 04:59:59","0","1","2500","1","1243","-1","100","0","96","6004","2023/05/24 05:00:00"
"0","0","2023/06/01 04:59:59","0","1","2500","1","1244","-1","100","0","97","6005","2023/05/24 05:00:00"
"0","0","2023/06/01 04:59:59","0","1","2500","1","1245","-1","100","0","98","7004","2023/05/24 05:00:00"
"0","0","2023/06/01 04:59:59","0","1","2500","1","1246","-1","100","0","99","7005","2023/05/24 05:00:00"
"0","0","2023/05/30 04:59:59","0","1","2000","1","1247","-1","30","0","34","103","2023/05/25 05:00:00"
"0","0","2023/05/30 04:59:59","0","1","2000","1","1248","-1","40","0","44","103","2023/05/25 05:00:00"
"0","0","2023/06/01 04:59:59","0","1","4000","201","1249","-1","30","0","32","102","2023/05/27 05:00:00"
"0","0","2023/06/01 04:59:59","0","1","4000","201","1250","-1","40","0","42","102","2023/05/27 05:00:00"
"0","0","2023/06/01 04:59:59","0","1","3000","1","1251","-1","30","0","37","109","2023/05/28 05:00:00"
"0","0","2023/06/01 04:59:59","0","1","3000","1","1252","-1","30","0","38","112","2023/05/28 05:00:00"
"0","0","2023/06/24 04:59:59","0","1","2000","1","1253","-1","40","0","45","104","2023/06/01 05:00:00"
"0","0","2023/06/11 04:59:59","0","1","2000","1","1254","-1","30","0","37","109","2023/06/01 05:00:00"
"0","0","2023/06/11 04:59:59","0","1","2000","1","1255","-1","30","0","38","112","2023/06/01 05:00:00"
"0","0","2023/06/04 04:59:59","0","1","2500","1","1256","-1","100","0","91","101","2023/06/01 05:00:00"
"0","0","2023/06/04 04:59:59","0","1","2500","1","1257","-1","100","0","92","102","2023/06/01 05:00:00"
"0","0","2023/06/04 04:59:59","0","1","2500","1","1258","-1","100","0","93","111","2023/06/01 05:00:00"
"0","0","2023/06/04 04:59:59","0","1","2500","1","1259","-1","100","0","94","109","2023/06/01 05:00:00"
"0","0","2023/06/04 04:59:59","0","1","2500","1","1260","-1","100","0","95","112","2023/06/01 05:00:00"
"0","0","2023/06/04 04:59:59","0","1","2500","1","1261","-1","100","0","100","8004","2023/06/01 05:00:00"
"0","0","2023/06/04 04:59:59","0","1","2500","1","1262","-1","100","0","101","8005","2023/06/01 05:00:00"
"0","0","2023/06/04 04:59:59","0","1","2500","1","1263","-1","100","0","96","6004","2023/06/01 05:00:00"
"0","0","2023/06/04 04:59:59","0","1","2500","1","1264","-1","100","0","97","6005","2023/06/01 05:00:00"
"0","0","2023/06/04 04:59:59","0","1","2500","1","1265","-1","100","0","98","7004","2023/06/01 05:00:00"
"0","0","2023/06/04 04:59:59","0","1","2500","1","1266","-1","100","0","99","7005","2023/06/01 05:00:00"
"0","0","2023/06/27 15:59:59","0","1","1500","1","1267","-1","80","0","151","6004","2023/06/01 16:00:00"
"0","0","2023/06/27 15:59:59","0","1","1500","1","1268","-1","80","0","152","6005","2023/06/01 16:00:00"
"0","0","2023/06/18 04:59:59","0","1","2000","201","1269","-1","30","0","32","102","2023/06/05 05:00:00"
"0","0","2023/06/18 04:59:59","0","1","2000","201","1270","-1","40","0","42","102","2023/06/05 05:00:00"
"0","0","2023/06/18 04:59:59","0","1","2000","201","1271","-1","30","0","39","111","2023/06/08 05:00:00"
"0","0","2023/06/18 04:59:59","0","1","2000","201","1272","-1","40","0","49","111","2023/06/08 05:00:00"
"0","0","2023/06/24 04:59:59","0","1","2000","1","1273","-1","120","0","541","122","2023/06/19 05:00:00"
"0","0","2023/06/29 15:59:59","0","1","1500","1","1274","-1","80","0","251","7004","2023/06/16 16:00:00"
"0","0","2023/06/29 15:59:59","0","1","1500","1","1275","-1","80","0","252","7005","2023/06/16 16:00:00"
"0","0","2023/06/23 04:59:59","0","1","3000","201","1276","-1","30","0","31","101","2023/06/15 05:00:00"
"0","0","2023/06/23 04:59:59","0","1","2000","201","1277","-1","40","0","41","101","2023/06/15 05:00:00"
"0","0","2023/06/27 04:59:59","0","1","2000","1","1278","-1","30","0","34","103","2023/06/21 05:00:00"
"0","0","2023/06/27 04:59:59","0","1","2000","1","1279","-1","40","0","44","103","2023/06/21 05:00:00"
"0","0","2023/06/29 04:59:59","0","1","2000","201","1280","-1","30","0","31","101","2023/06/23 05:00:00"
"0","0","2023/06/29 04:59:59","0","1","2000","201","1281","-1","40","0","41","101","2023/06/23 05:00:00"
"0","0","2023/07/01 04:59:59","0","1","1500","1","1282","49","80","0","81","101","2023/06/23 05:00:00"
"0","0","2023/07/01 04:59:59","0","1","1500","201","1283","-1","80","0","81","101","2023/06/23 05:00:00"
"0","0","2023/07/01 04:59:59","0","1","1500","1","1284","49","80","0","82","102","2023/06/23 05:00:00"
"0","0","2023/07/01 04:59:59","0","1","1500","201","1285","-1","80","0","82","102","2023/06/23 05:00:00"
"0","0","2023/07/01 04:59:59","0","1","1500","1","1286","49","80","0","83","111","2023/06/23 05:00:00"
"0","0","2023/07/01 04:59:59","0","1","1500","201","1287","-1","80","0","83","111","2023/06/23 05:00:00"
"0","0","2023/07/01 04:59:59","0","1","1500","1","1288","-1","80","0","84","109","2023/06/23 05:00:00"
"0","0","2023/07/01 04:59:59","0","1","1500","1","1289","-1","80","0","85","112","2023/06/23 05:00:00"
"0","0","2023/07/01 04:59:59","0","1","1500","1","1290","-1","80","0","351","8004","2023/06/23 05:00:00"
"0","0","2023/07/01 04:59:59","0","1","1500","1","1291","-1","80","0","352","8005","2023/06/23 05:00:00"
"0","0","2023/07/01 04:59:59","0","1","1500","1","1292","-1","100","0","91","101","2023/06/25 05:00:00"
"0","0","2023/07/01 04:59:59","0","1","1500","1","1293","-1","100","0","92","102","2023/06/25 05:00:00"
"0","0","2023/07/01 04:59:59","0","1","1500","1","1294","-1","100","0","93","111","2023/06/25 05:00:00"
"0","0","2023/07/01 04:59:59","0","1","1500","1","1295","-1","100","0","94","109","2023/06/25 05:00:00"
"0","0","2023/07/01 04:59:59","0","1","1500","1","1296","-1","100","0","95","112","2023/06/25 05:00:00"
"0","0","2023/07/01 04:59:59","0","1","1500","1","1297","-1","100","0","100","8004","2023/06/25 05:00:00"
"0","0","2023/07/01 04:59:59","0","1","1500","1","1298","-1","100","0","101","8005","2023/06/25 05:00:00"
"0","0","2023/07/01 04:59:59","0","1","1500","1","1299","-1","100","0","96","6004","2023/06/25 05:00:00"
"0","0","2023/07/01 04:59:59","0","1","1500","1","1300","-1","100","0","97","6005","2023/06/25 05:00:00"
"0","0","2023/07/01 04:59:59","0","1","1500","1","1301","-1","100","0","98","7004","2023/06/25 05:00:00"
"0","0","2023/07/01 04:59:59","0","1","1500","1","1302","-1","100","0","99","7005","2023/06/25 05:00:00"
"0","0","2023/06/30 04:59:59","0","1","3000","1","1303","-1","30","0","34","103","2023/06/27 05:00:00"
"0","0","2023/06/30 04:59:59","0","1","3000","1","1304","-1","40","0","44","103","2023/06/27 05:00:00"
"0","0","2023/07/01 04:59:59","0","1","3000","201","1305","-1","30","0","32","102","2023/06/28 05:00:00"
"0","0","2023/07/01 04:59:59","0","1","3000","201","1306","-1","40","0","42","102","2023/06/28 05:00:00"
"0","0","2023/07/18 04:59:59","0","1","2000","1","1307","-1","40","0","45","104","2023/07/01 05:00:00"
"0","0","2023/07/06 04:59:59","0","1","2000","201","1308","-1","30","0","31","101","2023/07/01 05:00:00"
"0","0","2023/07/06 04:59:59","0","1","2000","201","1309","-1","40","0","41","101","2023/07/01 05:00:00"
"0","0","2023/07/05 04:59:59","0","1","2000","1","1310","-1","30","0","37","109","2023/07/01 05:00:00"
"0","0","2023/07/05 04:59:59","0","1","2000","1","1311","-1","30","0","38","112","2023/07/01 05:00:00"
"0","0","2023/07/16 15:59:59","0","1","1500","1","1312","-1","80","0","151","6004","2023/07/02 16:00:00"
"0","0","2023/07/16 15:59:59","0","1","1500","1","1313","-1","80","0","152","6005","2023/07/02 16:00:00"
"0","0","2023/07/11 04:59:59","0","1","2000","1","1314","-1","30","0","34","103","2023/07/05 05:00:00"
"0","0","2023/07/11 04:59:59","0","1","2000","1","1315","-1","40","0","44","103","2023/07/05 05:00:00"
"0","0","2023/07/11 04:59:59","0","1","2000","201","1316","-1","30","0","32","102","2023/07/06 05:00:00"
"0","0","2023/07/11 04:59:59","0","1","2000","201","1317","-1","40","0","42","102","2023/07/06 05:00:00"
"0","0","2023/07/14 04:59:59","0","1","2000","201","1318","-1","30","0","39","111","2023/07/10 05:00:00"
"0","0","2023/07/14 04:59:59","0","1","2000","201","1319","-1","40","0","49","111","2023/07/10 05:00:00"
"0","0","2023/07/19 04:59:59","0","1","3000","201","1320","-1","30","0","31","101","2023/07/14 05:00:00"
"0","0","2023/07/19 04:59:59","0","1","2000","201","1321","-1","40","0","41","101","2023/07/14 05:00:00"
"0","0","2023/07/25 04:59:59","0","1","2000","201","1322","-1","30","0","32","102","2023/07/19 05:00:00"
"0","0","2023/07/25 04:59:59","0","1","2000","201","1323","-1","40","0","42","102","2023/07/19 05:00:00"
"0","0","2023/07/26 15:59:59","0","1","1500","1","1324","-1","80","0","251","7004","2023/07/19 16:00:00"
"0","0","2023/07/26 15:59:59","0","1","1500","1","1325","-1","80","0","252","7005","2023/07/19 16:00:00"
"0","0","2023/08/01 04:59:59","0","1","1500","1","1326","49","80","0","81","101","2023/07/24 05:00:00"
"0","0","2023/08/01 04:59:59","0","1","1500","201","1327","-1","80","0","81","101","2023/07/24 05:00:00"
"0","0","2023/08/01 04:59:59","0","1","1500","1","1328","49","80","0","82","102","2023/07/24 05:00:00"
"0","0","2023/08/01 04:59:59","0","1","1500","201","1329","-1","80","0","82","102","2023/07/24 05:00:00"
"0","0","2023/08/01 04:59:59","0","1","1500","1","1330","49","80","0","83","111","2023/07/24 05:00:00"
"0","0","2023/08/01 04:59:59","0","1","1500","201","1331","-1","80","0","83","111","2023/07/24 05:00:00"
"0","0","2023/08/01 04:59:59","0","1","1500","1","1332","-1","80","0","84","109","2023/07/24 05:00:00"
"0","0","2023/08/01 04:59:59","0","1","1500","1","1333","-1","80","0","85","112","2023/07/24 05:00:00"
"0","0","2023/08/01 04:59:59","0","1","1500","1","1334","-1","80","0","351","8004","2023/07/24 05:00:00"
"0","0","2023/08/01 04:59:59","0","1","1500","1","1335","-1","80","0","352","8005","2023/07/24 05:00:00"
"0","0","2023/07/31 04:59:59","0","1","2000","201","1336","-1","30","0","31","101","2023/07/25 05:00:00"
"0","0","2023/07/31 04:59:59","0","1","2000","201","1337","-1","40","0","41","101","2023/07/25 05:00:00"
"0","0","2023/08/01 04:59:59","0","1","1500","1","1338","-1","100","0","91","101","2023/07/26 05:00:00"
"0","0","2023/08/01 04:59:59","0","1","1500","1","1339","-1","100","0","92","102","2023/07/26 05:00:00"
"0","0","2023/08/01 04:59:59","0","1","1500","1","1340","-1","100","0","93","111","2023/07/26 05:00:00"
"0","0","2023/08/01 04:59:59","0","1","1500","1","1341","-1","100","0","94","109","2023/07/26 05:00:00"
"0","0","2023/08/01 04:59:59","0","1","1500","1","1342","-1","100","0","95","112","2023/07/26 05:00:00"
"0","0","2023/08/01 04:59:59","0","1","1500","1","1343","-1","100","0","100","8004","2023/07/26 05:00:00"
"0","0","2023/08/01 04:59:59","0","1","1500","1","1344","-1","100","0","101","8005","2023/07/26 05:00:00"
"0","0","2023/08/01 04:59:59","0","1","1500","1","1345","-1","100","0","96","6004","2023/07/26 05:00:00"
"0","0","2023/08/01 04:59:59","0","1","1500","1","1346","-1","100","0","97","6005","2023/07/26 05:00:00"
"0","0","2023/08/01 04:59:59","0","1","1500","1","1347","-1","100","0","98","7004","2023/07/26 05:00:00"
"0","0","2023/08/01 04:59:59","0","1","1500","1","1348","-1","100","0","99","7005","2023/07/26 05:00:00"
"0","0","2023/08/01 04:59:59","0","1","2000","1","1349","-1","30","0","37","109","2023/07/26 05:00:00"
"0","0","2023/08/01 04:59:59","0","1","2000","1","1350","-1","30","0","38","112","2023/07/26 05:00:00"
"0","0","2023/08/15 04:59:59","0","1","2000","1","1351","-1","40","0","45","104","2023/08/01 05:00:00"
"0","0","2023/08/15 04:59:59","0","1","2500","1","1352","-1","100","0","91","101","2023/08/01 05:00:00"
"0","0","2023/08/15 04:59:59","0","1","2500","1","1353","-1","100","0","92","102","2023/08/01 05:00:00"
"0","0","2023/08/15 04:59:59","0","1","2500","1","1354","-1","100","0","93","111","2023/08/01 05:00:00"
"0","0","2023/08/15 04:59:59","0","1","2500","1","1355","-1","100","0","94","109","2023/08/01 05:00:00"
"0","0","2023/08/15 04:59:59","0","1","2500","1","1356","-1","100","0","95","112","2023/08/01 05:00:00"
"0","0","2023/08/15 04:59:59","0","1","2500","1","1357","-1","100","0","100","8004","2023/08/01 05:00:00"
"0","0","2023/08/15 04:59:59","0","1","2500","1","1358","-1","100","0","101","8005","2023/08/01 05:00:00"
"0","0","2023/08/15 04:59:59","0","1","2500","1","1359","-1","100","0","96","6004","2023/08/01 05:00:00"
"0","0","2023/08/15 04:59:59","0","1","2500","1","1360","-1","100","0","97","6005","2023/08/01 05:00:00"
"0","0","2023/08/15 04:59:59","0","1","2500","1","1361","-1","100","0","98","7004","2023/08/01 05:00:00"
"0","0","2023/08/15 04:59:59","0","1","2500","1","1362","-1","100","0","99","7005","2023/08/01 05:00:00"
"0","0","2023/08/08 04:59:59","0","1","5000","1","1363","-1","30","0","34","103","2023/08/01 05:00:00"
"0","0","2023/08/08 04:59:59","0","1","5000","1","1364","-1","40","0","44","103","2023/08/01 05:00:00"
"0","0","2023/08/05 04:59:59","0","1","5000","1","1365","-1","30","0","37","109","2023/08/01 05:00:00"
"0","0","2023/08/05 04:59:59","0","1","5000","1","1366","-1","30","0","38","112","2023/08/01 05:00:00"
"0","0","2023/08/15 04:59:59","0","1","1500","1","1367","-1","80","0","151","6004","2023/08/01 16:00:00"
"0","0","2023/08/15 04:59:59","0","1","1500","1","1368","-1","80","0","152","6005","2023/08/01 16:00:00"
"0","0","2023/08/15 15:59:59","0","1","2000","1","1369","-1","80","0","151","6004","2023/08/15 05:00:00"
"0","0","2023/08/15 15:59:59","0","1","2000","1","1370","-1","80","0","152","6005","2023/08/15 05:00:00"
"0","0","2023/08/12 04:59:59","0","1","5000","201","1371","-1","30","0","32","102","2023/08/05 05:00:00"
"0","0","2023/08/12 04:59:59","0","1","5000","201","1372","-1","40","0","42","102","2023/08/05 05:00:00"
"0","0","2023/08/15 04:59:59","0","1","5000","201","1373","-1","30","0","39","111","2023/08/08 05:00:00"
"0","0","2023/08/15 04:59:59","0","1","5000","201","1374","-1","40","0","49","111","2023/08/08 05:00:00"
"0","0","2023/08/22 04:59:59","0","1","5000","201","1375","-1","30","0","31","101","2023/08/15 05:00:00"
"0","0","2023/08/22 04:59:59","0","1","3000","201","1376","-1","40","0","41","101","2023/08/15 05:00:00"
"0","0","2023/08/29 04:59:59","0","1","2000","1","1377","49","80","0","81","101","2023/08/15 05:00:00"
"0","0","2023/08/29 04:59:59","0","1","2000","201","1378","-1","80","0","81","101","2023/08/15 05:00:00"
"0","0","2023/08/29 04:59:59","0","1","2000","1","1379","49","80","0","82","102","2023/08/15 05:00:00"
"0","0","2023/08/29 04:59:59","0","1","2000","201","1380","-1","80","0","82","102","2023/08/15 05:00:00"
"0","0","2023/08/29 04:59:59","0","1","2000","1","1381","49","80","0","83","111","2023/08/15 05:00:00"
"0","0","2023/08/29 04:59:59","0","1","2000","201","1382","-1","80","0","83","111","2023/08/15 05:00:00"
"0","0","2023/08/29 04:59:59","0","1","2000","1","1383","-1","80","0","84","109","2023/08/15 05:00:00"
"0","0","2023/08/29 04:59:59","0","1","2000","1","1384","-1","80","0","85","112","2023/08/15 05:00:00"
"0","0","2023/08/29 04:59:59","0","1","2000","1","1385","-1","80","0","351","8004","2023/08/15 05:00:00"
"0","0","2023/08/29 04:59:59","0","1","2000","1","1386","-1","80","0","352","8005","2023/08/15 05:00:00"
"0","0","2023/08/25 15:59:59","0","1","2000","1","1387","-1","80","0","251","7004","2023/08/18 16:00:00"
"0","0","2023/08/25 15:59:59","0","1","2000","1","1388","-1","80","0","252","7005","2023/08/18 16:00:00"
"0","0","2023/08/27 04:59:59","0","1","2000","201","1389","-1","30","0","31","101","2023/08/22 05:00:00"
"0","0","2023/08/27 04:59:59","0","1","2000","201","1390","-1","40","0","41","101","2023/08/22 05:00:00"
"0","0","2023/09/01 04:59:59","0","1","2000","1","1391","-1","30","0","34","103","2023/08/27 05:00:00"
"0","0","2023/09/01 04:59:59","0","1","2000","1","1392","-1","40","0","44","103","2023/08/27 05:00:00"
"0","0","2023/08/31 04:59:59","0","1","2000","201","1393","-1","30","0","39","111","2023/08/27 05:00:00"
"0","0","2023/08/31 04:59:59","0","1","2000","201","1394","-1","40","0","49","111","2023/08/27 05:00:00"
"0","0","2023/09/01 04:59:59","0","1","2000","201","1395","-1","30","0","32","102","2023/08/27 05:00:00"
"0","0","2023/09/01 04:59:59","0","1","2000","201","1396","-1","40","0","42","102","2023/08/27 05:00:00"
"0","0","2023/09/07 04:59:59","0","1","4000","1","1397","-1","30","0","37","109","2023/09/01 05:00:00"
"0","0","2023/09/07 04:59:59","0","1","4000","1","1398","-1","30","0","38","112","2023/09/01 05:00:00"
"0","0","2023/09/11 04:59:59","0","1","2000","1","1399","-1","30","0","34","103","2023/09/01 05:00:00"
"0","0","2023/09/11 04:59:59","0","1","2000","1","1400","-1","40","0","44","103","2023/09/01 05:00:00"
"0","0","2023/09/18 04:59:59","0","1","2000","1","1401","-1","40","0","45","104","2023/09/01 05:00:00"
"0","0","2023/09/15 15:59:59","0","1","1500","1","1402","-1","80","0","151","6004","2023/09/01 16:00:00"
"0","0","2023/09/15 15:59:59","0","1","1500","1","1403","-1","80","0","152","6005","2023/09/01 16:00:00"
"0","0","2023/09/11 04:59:59","0","1","2000","201","1404","-1","30","0","31","101","2023/09/05 05:00:00"
"0","0","2023/09/11 04:59:59","0","1","2000","201","1405","-1","40","0","41","101","2023/09/05 05:00:00"
"0","0","2023/09/13 04:59:59","0","1","2000","1","1406","-1","120","0","541","122","2023/09/08 05:00:00"
"0","0","2023/09/14 04:59:59","0","1","4000","201","1407","-1","30","0","39","111","2023/09/08 05:00:00"
"0","0","2023/09/14 04:59:59","0","1","4000","201","1408","-1","40","0","49","111","2023/09/08 05:00:00"
"0","0","2023/09/17 04:59:59","0","1","2000","201","1409","-1","30","0","32","102","2023/09/11 05:00:00"
"0","0","2023/09/17 04:59:59","0","1","2000","201","1410","-1","40","0","42","102","2023/09/11 05:00:00"
"0","0","2023/09/24 04:59:59","0","1","4000","201","1411","-1","30","0","31","101","2023/09/15 05:00:00"
"0","0","2023/09/24 04:59:59","0","1","2000","201","1412","-1","40","0","41","101","2023/09/15 05:00:00"
"0","0","2023/09/25 15:59:59","0","1","1500","1","1413","-1","80","0","251","7004","2023/09/18 16:00:00"
"0","0","2023/09/25 15:59:59","0","1","1500","1","1414","-1","80","0","252","7005","2023/09/18 16:00:00"
"0","0","2023/10/01 04:59:59","0","1","1500","1","1415","49","80","0","81","101","2023/09/23 05:00:00"
"0","0","2023/10/01 04:59:59","0","1","1500","201","1416","-1","80","0","81","101","2023/09/23 05:00:00"
"0","0","2023/10/01 04:59:59","0","1","1500","1","1417","49","80","0","82","102","2023/09/23 05:00:00"
"0","0","2023/10/01 04:59:59","0","1","1500","201","1418","-1","80","0","82","102","2023/09/23 05:00:00"
"0","0","2023/10/01 04:59:59","0","1","1500","1","1419","49","80","0","83","111","2023/09/23 05:00:00"
"0","0","2023/10/01 04:59:59","0","1","1500","201","1420","-1","80","0","83","111","2023/09/23 05:00:00"
"0","0","2023/10/01 04:59:59","0","1","1500","1","1421","-1","80","0","84","109","2023/09/23 05:00:00"
"0","0","2023/10/01 04:59:59","0","1","1500","1","1422","-1","80","0","85","112","2023/09/23 05:00:00"
"0","0","2023/10/01 04:59:59","0","1","1500","1","1423","-1","80","0","351","8004","2023/09/23 05:00:00"
"0","0","2023/10/01 04:59:59","0","1","1500","1","1424","-1","80","0","352","8005","2023/09/23 05:00:00"
"0","0","2023/09/29 04:59:59","0","1","3000","201","1425","-1","30","0","31","101","2023/09/24 05:00:00"
"0","0","2023/09/29 04:59:59","0","1","2000","201","1426","-1","40","0","41","101","2023/09/24 05:00:00"
"0","0","2023/10/01 04:59:59","0","1","1500","1","1427","-1","100","0","91","101","2023/09/25 05:00:00"
"0","0","2023/10/01 04:59:59","0","1","1500","1","1428","-1","100","0","92","102","2023/09/25 05:00:00"
"0","0","2023/10/01 04:59:59","0","1","1500","1","1429","-1","100","0","93","111","2023/09/25 05:00:00"
"0","0","2023/10/01 04:59:59","0","1","1500","1","1430","-1","100","0","94","109","2023/09/25 05:00:00"
"0","0","2023/10/01 04:59:59","0","1","1500","1","1431","-1","100","0","95","112","2023/09/25 05:00:00"
"0","0","2023/10/01 04:59:59","0","1","1500","1","1432","-1","100","0","100","8004","2023/09/25 05:00:00"
"0","0","2023/10/01 04:59:59","0","1","1500","1","1433","-1","100","0","101","8005","2023/09/25 05:00:00"
"0","0","2023/10/01 04:59:59","0","1","1500","1","1434","-1","100","0","96","6004","2023/09/25 05:00:00"
"0","0","2023/10/01 04:59:59","0","1","1500","1","1435","-1","100","0","97","6005","2023/09/25 05:00:00"
"0","0","2023/10/01 04:59:59","0","1","1500","1","1436","-1","100","0","98","7004","2023/09/25 05:00:00"
"0","0","2023/10/01 04:59:59","0","1","1500","1","1437","-1","100","0","99","7005","2023/09/25 05:00:00"
"0","0","2023/10/01 04:59:59","0","1","2000","1","1438","-1","30","0","37","109","2023/09/25 05:00:00"
"0","0","2023/10/01 04:59:59","0","1","2000","1","1439","-1","30","0","38","112","2023/09/25 05:00:00"
"0","0","2023/10/01 04:59:59","0","1","4000","201","1440","-1","30","0","32","102","2023/09/25 05:00:00"
"0","0","2023/10/01 04:59:59","0","1","4000","201","1441","-1","40","0","42","102","2023/09/25 05:00:00"
"0","0","2023/10/16 04:59:59","0","1","2000","1","1442","-1","40","0","45","104","2023/10/01 05:00:00"
"0","0","2023/10/12 04:59:59","0","1","2000","1","1443","-1","30","0","34","103","2023/10/01 05:00:00"
"0","0","2023/10/12 04:59:59","0","1","2000","1","1444","-1","40","0","44","103","2023/10/01 05:00:00"
"0","0","2023/10/10 04:59:59","0","1","2000","1","1445","-1","30","0","37","109","2023/10/01 05:00:00"
"0","0","2023/10/10 04:59:59","0","1","2000","1","1446","-1","30","0","38","112","2023/10/01 05:00:00"
"0","0","2023/10/15 15:59:59","0","1","1500","1","1447","-1","80","0","151","6004","2023/10/01 16:00:00"
"0","0","2023/10/15 15:59:59","0","1","1500","1","1448","-1","80","0","152","6005","2023/10/01 16:00:00"
"0","0","2023/10/11 04:59:59","0","1","2000","201","1449","-1","30","0","39","111","2023/10/07 05:00:00"
"0","0","2023/10/11 04:59:59","0","1","2000","201","1450","-1","40","0","49","111","2023/10/07 05:00:00"
"0","0","2023/10/16 04:59:59","0","1","2000","201","1451","-1","30","0","32","102","2023/10/11 05:00:00"
"0","0","2023/10/16 04:59:59","0","1","2000","201","1452","-1","40","0","42","102","2023/10/11 05:00:00"
"0","0","2023/10/21 04:59:59","0","1","3000","201","1453","-1","30","0","31","101","2023/10/16 05:00:00"
"0","0","2023/10/21 04:59:59","0","1","2000","201","1454","-1","40","0","41","101","2023/10/16 05:00:00"
"0","0","2023/10/25 15:59:59","0","1","1500","1","1455","-1","80","0","251","7004","2023/10/18 16:00:00"
"0","0","2023/10/25 15:59:59","0","1","1500","1","1456","-1","80","0","252","7005","2023/10/18 16:00:00"
"0","0","2023/10/31 04:59:59","0","1","2000","201","1457","-1","30","0","31","101","2023/10/21 05:00:00"
"0","0","2023/10/31 04:59:59","0","1","2000","201","1458","-1","40","0","41","101","2023/10/21 05:00:00"
"0","0","2023/11/01 04:59:59","0","1","1500","1","1459","49","80","0","81","101","2023/10/26 05:00:00"
"0","0","2023/11/01 04:59:59","0","1","1500","201","1460","-1","80","0","81","101","2023/10/26 05:00:00"
"0","0","2023/11/01 04:59:59","0","1","1500","1","1461","49","80","0","82","102","2023/10/26 05:00:00"
"0","0","2023/11/01 04:59:59","0","1","1500","201","1462","-1","80","0","82","102","2023/10/26 05:00:00"
"0","0","2023/11/01 04:59:59","0","1","1500","1","1463","49","80","0","83","111","2023/10/26 05:00:00"
"0","0","2023/11/01 04:59:59","0","1","1500","201","1464","-1","80","0","83","111","2023/10/26 05:00:00"
"0","0","2023/11/01 04:59:59","0","1","1500","1","1465","-1","80","0","84","109","2023/10/26 05:00:00"
"0","0","2023/11/01 04:59:59","0","1","1500","1","1466","-1","80","0","85","112","2023/10/26 05:00:00"
"0","0","2023/11/01 04:59:59","0","1","1500","1","1467","-1","80","0","351","8004","2023/10/26 05:00:00"
"0","0","2023/11/01 04:59:59","0","1","1500","1","1468","-1","80","0","352","8005","2023/10/26 05:00:00"
"0","0","2023/11/01 04:59:59","0","1","1500","1","1469","-1","100","0","91","101","2023/10/27 05:00:00"
"0","0","2023/11/01 04:59:59","0","1","1500","1","1470","-1","100","0","92","102","2023/10/27 05:00:00"
"0","0","2023/11/01 04:59:59","0","1","1500","1","1471","-1","100","0","93","111","2023/10/27 05:00:00"
"0","0","2023/11/01 04:59:59","0","1","1500","1","1472","-1","100","0","94","109","2023/10/27 05:00:00"
"0","0","2023/11/01 04:59:59","0","1","1500","1","1473","-1","100","0","95","112","2023/10/27 05:00:00"
"0","0","2023/11/01 04:59:59","0","1","1500","1","1474","-1","100","0","100","8004","2023/10/27 05:00:00"
"0","0","2023/11/01 04:59:59","0","1","1500","1","1475","-1","100","0","101","8005","2023/10/27 05:00:00"
"0","0","2023/11/01 04:59:59","0","1","1500","1","1476","-1","100","0","96","6004","2023/10/27 05:00:00"
"0","0","2023/11/01 04:59:59","0","1","1500","1","1477","-1","100","0","97","6005","2023/10/27 05:00:00"
"0","0","2023/11/01 04:59:59","0","1","1500","1","1478","-1","100","0","98","7004","2023/10/27 05:00:00"
"0","0","2023/11/01 04:59:59","0","1","1500","1","1479","-1","100","0","99","7005","2023/10/27 05:00:00"
"0","0","2023/11/01 04:59:59","0","1","2000","201","1480","-1","30","0","32","102","2023/10/27 05:00:00"
"0","0","2023/11/01 04:59:59","0","1","2000","201","1481","-1","40","0","42","102","2023/10/27 05:00:00"
"0","0","2023/11/17 04:59:59","0","1","2000","1","1482","-1","40","0","45","104","2023/11/01 05:00:00"
"0","0","2023/11/12 04:59:59","0","1","2000","1","1483","-1","30","0","34","103","2023/11/01 05:00:00"
"0","0","2023/11/12 04:59:59","0","1","2000","1","1484","-1","40","0","44","103","2023/11/01 05:00:00"
"0","0","2023/11/11 04:59:59","0","1","2000","1","1485","-1","30","0","37","109","2023/11/01 05:00:00"
"0","0","2023/11/11 04:59:59","0","1","2000","1","1486","-1","30","0","38","112","2023/11/01 05:00:00"
"0","0","2023/11/15 15:59:59","0","1","1500","1","1487","-1","80","0","151","6004","2023/11/01 16:00:00"
"0","0","2023/11/15 15:59:59","0","1","1500","1","1488","-1","80","0","152","6005","2023/11/01 16:00:00"
"0","0","2023/11/09 04:59:59","0","1","2000","201","1489","-1","30","0","31","101","2023/11/03 05:00:00"
"0","0","2023/11/09 04:59:59","0","1","2000","201","1490","-1","40","0","41","101","2023/11/03 05:00:00"
"0","0","2023/11/13 04:59:59","0","1","2000","201","1491","-1","30","0","39","111","2023/11/09 05:00:00"
"0","0","2023/11/13 04:59:59","0","1","2000","201","1492","-1","40","0","49","111","2023/11/09 05:00:00"
"0","0","2023/11/15 04:59:59","0","1","2000","201","1493","-1","30","0","32","102","2023/11/10 05:00:00"
"0","0","2023/11/15 04:59:59","0","1","2000","201","1494","-1","40","0","42","102","2023/11/10 05:00:00"
"0","0","2023/11/20 04:59:59","0","1","3000","201","1495","-1","30","0","31","101","2023/11/15 05:00:00"
"0","0","2023/11/20 04:59:59","0","1","2000","201","1496","-1","40","0","41","101","2023/11/15 05:00:00"
"0","0","2023/11/24 15:59:59","0","1","1500","1","1497","-1","80","0","251","7004","2023/11/17 16:00:00"
"0","0","2023/11/24 15:59:59","0","1","1500","1","1498","-1","80","0","252","7005","2023/11/17 16:00:00"
"0","0","2023/11/25 04:59:59","0","1","2000","201","1499","-1","30","0","31","101","2023/11/20 05:00:00"
"0","0","2023/11/25 04:59:59","0","1","2000","201","1500","-1","40","0","41","101","2023/11/20 05:00:00"
"0","0","2023/12/01 04:59:59","0","1","1500","1","1501","49","80","0","81","101","2023/11/23 05:00:00"
"0","0","2023/12/01 04:59:59","0","1","1500","201","1502","-1","80","0","81","101","2023/11/23 05:00:00"
"0","0","2023/12/01 04:59:59","0","1","1500","1","1503","49","80","0","82","102","2023/11/23 05:00:00"
"0","0","2023/12/01 04:59:59","0","1","1500","201","1504","-1","80","0","82","102","2023/11/23 05:00:00"
"0","0","2023/12/01 04:59:59","0","1","1500","1","1505","49","80","0","83","111","2023/11/23 05:00:00"
"0","0","2023/12/01 04:59:59","0","1","1500","201","1506","-1","80","0","83","111","2023/11/23 05:00:00"
"0","0","2023/12/01 04:59:59","0","1","1500","1","1507","-1","80","0","84","109","2023/11/23 05:00:00"
"0","0","2023/12/01 04:59:59","0","1","1500","1","1508","-1","80","0","85","112","2023/11/23 05:00:00"
"0","0","2023/12/01 04:59:59","0","1","1500","1","1509","-1","80","0","351","8004","2023/11/23 05:00:00"
"0","0","2023/12/01 04:59:59","0","1","1500","1","1510","-1","80","0","352","8005","2023/11/23 05:00:00"
"0","0","2023/12/01 04:59:59","0","1","1500","1","1511","-1","100","0","91","101","2023/11/25 05:00:00"
"0","0","2023/12/01 04:59:59","0","1","1500","1","1512","-1","100","0","92","102","2023/11/25 05:00:00"
"0","0","2023/12/01 04:59:59","0","1","1500","1","1513","-1","100","0","93","111","2023/11/25 05:00:00"
"0","0","2023/12/01 04:59:59","0","1","1500","1","1514","-1","100","0","94","109","2023/11/25 05:00:00"
"0","0","2023/12/01 04:59:59","0","1","1500","1","1515","-1","100","0","95","112","2023/11/25 05:00:00"
"0","0","2023/12/01 04:59:59","0","1","1500","1","1516","-1","100","0","100","8004","2023/11/25 05:00:00"
"0","0","2023/12/01 04:59:59","0","1","1500","1","1517","-1","100","0","101","8005","2023/11/25 05:00:00"
"0","0","2023/12/01 04:59:59","0","1","1500","1","1518","-1","100","0","96","6004","2023/11/25 05:00:00"
"0","0","2023/12/01 04:59:59","0","1","1500","1","1519","-1","100","0","97","6005","2023/11/25 05:00:00"
"0","0","2023/12/01 04:59:59","0","1","1500","1","1520","-1","100","0","98","7004","2023/11/25 05:00:00"
"0","0","2023/12/01 04:59:59","0","1","1500","1","1521","-1","100","0","99","7005","2023/11/25 05:00:00"
"0","0","2023/11/30 04:59:59","0","1","2000","201","1522","-1","30","0","32","102","2023/11/25 05:00:00"
"0","0","2023/11/30 04:59:59","0","1","2000","201","1523","-1","40","0","42","102","2023/11/25 05:00:00"
"0","0","2023/12/18 04:59:59","0","1","2000","1","1524","-1","40","0","45","104","2023/12/01 05:00:00"
"0","0","2023/12/12 04:59:59","0","1","2000","1","1525","-1","30","0","34","103","2023/12/01 05:00:00"
"0","0","2023/12/12 04:59:59","0","1","2000","1","1526","-1","40","0","44","103","2023/12/01 05:00:00"
"0","0","2023/12/15 15:59:59","0","1","1500","1","1527","-1","80","0","151","6004","2023/12/01 16:00:00"
"0","0","2023/12/15 15:59:59","0","1","1500","1","1528","-1","80","0","152","6005","2023/12/01 16:00:00"
"0","0","2023/12/07 04:59:59","0","1","2000","201","1529","-1","30","0","31","101","2023/12/02 05:00:00"
"0","0","2023/12/07 04:59:59","0","1","2000","201","1530","-1","40","0","41","101","2023/12/02 05:00:00"
"0","0","2023/12/11 04:59:59","0","1","2000","201","1531","-1","30","0","39","111","2023/12/07 05:00:00"
"0","0","2023/12/11 04:59:59","0","1","2000","201","1532","-1","40","0","49","111","2023/12/07 05:00:00"
"0","0","2023/12/11 04:59:59","0","1","2000","1","1533","-1","30","0","37","109","2023/12/07 05:00:00"
"0","0","2023/12/11 04:59:59","0","1","2000","1","1534","-1","30","0","38","112","2023/12/07 05:00:00"
"0","0","2023/12/15 04:59:59","0","1","2000","201","1535","-1","30","0","32","102","2023/12/10 05:00:00"
"0","0","2023/12/15 04:59:59","0","1","2000","201","1536","-1","40","0","42","102","2023/12/10 05:00:00"
"0","0","2023/12/16 04:59:59","0","1","2000","1","1537","-1","120","0","541","122","2023/12/11 05:00:00"
"0","0","2023/12/20 04:59:59","0","1","3000","201","1538","-1","30","0","31","101","2023/12/15 05:00:00"
"0","0","2023/12/20 04:59:59","0","1","2000","201","1539","-1","40","0","41","101","2023/12/15 05:00:00"
"0","0","2023/12/25 15:59:59","0","1","1500","1","1540","-1","80","0","251","7004","2023/12/18 16:00:00"
"0","0","2023/12/25 15:59:59","0","1","1500","1","1541","-1","80","0","252","7005","2023/12/18 16:00:00"
"0","0","2023/12/26 04:59:59","0","1","2000","201","1542","-1","30","0","31","101","2023/12/20 05:00:00"
"0","0","2023/12/26 04:59:59","0","1","2000","201","1543","-1","40","0","41","101","2023/12/20 05:00:00"
"0","0","2024/01/01 04:59:59","0","1","1500","1","1544","49","80","0","81","101","2023/12/24 05:00:00"
"0","0","2024/01/01 04:59:59","0","1","1500","201","1545","-1","80","0","81","101","2023/12/24 05:00:00"
"0","0","2024/01/01 04:59:59","0","1","1500","1","1546","49","80","0","82","102","2023/12/24 05:00:00"
"0","0","2024/01/01 04:59:59","0","1","1500","201","1547","-1","80","0","82","102","2023/12/24 05:00:00"
"0","0","2024/01/01 04:59:59","0","1","1500","1","1548","49","80","0","83","111","2023/12/24 05:00:00"
"0","0","2024/01/01 04:59:59","0","1","1500","201","1549","-1","80","0","83","111","2023/12/24 05:00:00"
"0","0","2024/01/01 04:59:59","0","1","1500","1","1550","-1","80","0","84","109","2023/12/24 05:00:00"
"0","0","2024/01/01 04:59:59","0","1","1500","1","1551","-1","80","0","85","112","2023/12/24 05:00:00"
"0","0","2024/01/01 04:59:59","0","1","1500","1","1552","-1","80","0","351","8004","2023/12/24 05:00:00"
"0","0","2024/01/01 04:59:59","0","1","1500","1","1553","-1","80","0","352","8005","2023/12/24 05:00:00"
"0","0","2023/12/31 04:59:59","0","1","2000","201","1554","-1","30","0","32","102","2023/12/25 05:00:00"
"0","0","2023/12/31 04:59:59","0","1","2000","201","1555","-1","40","0","42","102","2023/12/25 05:00:00"
"0","0","2024/01/01 04:59:59","0","1","2000","1","1556","-1","30","0","37","109","2023/12/26 05:00:00"
"0","0","2024/01/01 04:59:59","0","1","2000","1","1557","-1","30","0","38","112","2023/12/26 05:00:00"
"0","0","2024/01/01 04:59:59","0","1","1500","1","1558","-1","100","0","91","101","2023/12/26 05:00:00"
"0","0","2024/01/01 04:59:59","0","1","1500","1","1559","-1","100","0","92","102","2023/12/26 05:00:00"
"0","0","2024/01/01 04:59:59","0","1","1500","1","1560","-1","100","0","93","111","2023/12/26 05:00:00"
"0","0","2024/01/01 04:59:59","0","1","1500","1","1561","-1","100","0","94","109","2023/12/26 05:00:00"
"0","0","2024/01/01 04:59:59","0","1","1500","1","1562","-1","100","0","95","112","2023/12/26 05:00:00"
"0","0","2024/01/01 04:59:59","0","1","1500","1","1563","-1","100","0","100","8004","2023/12/26 05:00:00"
"0","0","2024/01/01 04:59:59","0","1","1500","1","1564","-1","100","0","101","8005","2023/12/26 05:00:00"
"0","0","2024/01/01 04:59:59","0","1","1500","1","1565","-1","100","0","96","6004","2023/12/26 05:00:00"
"0","0","2024/01/01 04:59:59","0","1","1500","1","1566","-1","100","0","97","6005","2023/12/26 05:00:00"
"0","0","2024/01/01 04:59:59","0","1","1500","1","1567","-1","100","0","98","7004","2023/12/26 05:00:00"
"0","0","2024/01/01 04:59:59","0","1","1500","1","1568","-1","100","0","99","7005","2023/12/26 05:00:00"
"0","0","2024/01/17 04:59:59","0","1","2000","1","1569","-1","40","0","45","104","2024/01/01 05:00:00"
"0","0","2024/01/07 04:59:59","0","1","2000","1","1570","-1","30","0","34","103","2024/01/01 05:00:00"
"0","0","2024/01/07 04:59:59","0","1","2000","1","1571","-1","40","0","44","103","2024/01/01 05:00:00"
"0","0","2024/01/11 04:59:59","0","1","2000","1","1572","-1","30","0","37","109","2024/01/01 05:00:00"
"0","0","2024/01/11 04:59:59","0","1","2000","1","1573","-1","30","0","38","112","2024/01/01 05:00:00"
"0","0","2024/01/15 15:59:59","0","1","1500","1","1574","-1","80","0","151","6004","2024/01/01 16:00:00"
"0","0","2024/01/15 15:59:59","0","1","1500","1","1575","-1","80","0","152","6005","2024/01/01 16:00:00"
"0","0","2024/01/10 04:59:59","0","1","2000","201","1576","-1","30","0","31","101","2024/01/05 05:00:00"
"0","0","2024/01/10 04:59:59","0","1","2000","201","1577","-1","40","0","41","101","2024/01/05 05:00:00"
"0","0","2024/01/22 04:59:59","0","1","2000","201","1578","-1","30","0","39","111","2024/01/08 05:00:00"
"0","0","2024/01/22 04:59:59","0","1","2000","201","1579","-1","40","0","49","111","2024/01/08 05:00:00"
"0","0","2024/01/15 04:59:59","0","1","2000","201","1580","-1","30","0","32","102","2024/01/10 05:00:00"
"0","0","2024/01/15 04:59:59","0","1","2000","201","1581","-1","40","0","42","102","2024/01/10 05:00:00"
"0","0","2024/01/20 04:59:59","0","1","3000","201","1582","-1","30","0","31","101","2024/01/15 05:00:00"
"0","0","2024/01/20 04:59:59","0","1","2000","201","1583","-1","40","0","41","101","2024/01/15 05:00:00"
"0","0","2024/01/24 15:59:59","0","1","1500","1","1584","-1","80","0","251","7004","2024/01/17 16:00:00"
"0","0","2024/01/24 15:59:59","0","1","1500","1","1585","-1","80","0","252","7005","2024/01/17 16:00:00"
"0","0","2024/01/26 04:59:59","0","1","2000","201","1586","-1","30","0","31","101","2024/01/20 05:00:00"
"0","0","2024/01/26 04:59:59","0","1","2000","201","1587","-1","40","0","41","101","2024/01/20 05:00:00"
"0","0","2024/02/01 04:59:59","0","1","1500","1","1588","49","80","0","81","101","2024/01/24 05:00:00"
"0","0","2024/02/01 04:59:59","0","1","1500","201","1589","-1","80","0","81","101","2024/01/24 05:00:00"
"0","0","2024/02/01 04:59:59","0","1","1500","1","1590","49","80","0","82","102","2024/01/24 05:00:00"
"0","0","2024/02/01 04:59:59","0","1","1500","201","1591","-1","80","0","82","102","2024/01/24 05:00:00"
"0","0","2024/02/01 04:59:59","0","1","1500","1","1592","49","80","0","83","111","2024/01/24 05:00:00"
"0","0","2024/02/01 04:59:59","0","1","1500","201","1593","-1","80","0","83","111","2024/01/24 05:00:00"
"0","0","2024/02/01 04:59:59","0","1","1500","1","1594","-1","80","0","84","109","2024/01/24 05:00:00"
"0","0","2024/02/01 04:59:59","0","1","1500","1","1595","-1","80","0","85","112","2024/01/24 05:00:00"
"0","0","2024/02/01 04:59:59","0","1","1500","1","1596","-1","80","0","351","8004","2024/01/24 05:00:00"
"0","0","2024/02/01 04:59:59","0","1","1500","1","1597","-1","80","0","352","8005","2024/01/24 05:00:00"
"0","0","2024/01/31 04:59:59","0","1","2000","201","1598","-1","30","0","32","102","2024/01/26 05:00:00"
"0","0","2024/01/31 04:59:59","0","1","2000","201","1599","-1","40","0","42","102","2024/01/26 05:00:00"
"0","0","2024/02/01 04:59:59","0","1","1500","1","1600","-1","100","0","91","101","2024/01/26 05:00:00"
"0","0","2024/02/01 04:59:59","0","1","1500","1","1601","-1","100","0","92","102","2024/01/26 05:00:00"
"0","0","2024/02/01 04:59:59","0","1","1500","1","1602","-1","100","0","93","111","2024/01/26 05:00:00"
"0","0","2024/02/01 04:59:59","0","1","1500","1","1603","-1","100","0","94","109","2024/01/26 05:00:00"
"0","0","2024/02/01 04:59:59","0","1","1500","1","1604","-1","100","0","95","112","2024/01/26 05:00:00"
"0","0","2024/02/01 04:59:59","0","1","1500","1","1605","-1","100","0","100","8004","2024/01/26 05:00:00"
"0","0","2024/02/01 04:59:59","0","1","1500","1","1606","-1","100","0","101","8005","2024/01/26 05:00:00"
"0","0","2024/02/01 04:59:59","0","1","1500","1","1607","-1","100","0","96","6004","2024/01/26 05:00:00"
"0","0","2024/02/01 04:59:59","0","1","1500","1","1608","-1","100","0","97","6005","2024/01/26 05:00:00"
"0","0","2024/02/01 04:59:59","0","1","1500","1","1609","-1","100","0","98","7004","2024/01/26 05:00:00"
"0","0","2024/02/01 04:59:59","0","1","1500","1","1610","-1","100","0","99","7005","2024/01/26 05:00:00"
"0","0","2024/02/18 04:59:59","0","1","2000","1","1611","-1","40","0","45","104","2024/02/01 05:00:00"
"0","0","2024/02/11 04:59:59","0","1","4000","1","1612","-1","30","0","37","109","2024/02/01 05:00:00"
"0","0","2024/02/11 04:59:59","0","1","4000","1","1613","-1","30","0","38","112","2024/02/01 05:00:00"
"0","0","2024/02/08 04:59:59","0","1","4000","1","1614","-1","30","0","34","103","2024/02/01 05:00:00"
"0","0","2024/02/08 04:59:59","0","1","4000","1","1615","-1","40","0","44","103","2024/02/01 05:00:00"
"0","0","2024/02/07 04:59:59","0","1","1500","1","1616","-1","80","0","151","6004","2024/02/01 16:00:00"
"0","0","2024/02/07 04:59:59","0","1","1500","1","1617","-1","80","0","152","6005","2024/02/01 16:00:00"
"0","0","2024/02/15 15:59:59","0","1","2000","1","1618","-1","80","0","151","6004","2024/02/07 05:00:00"
"0","0","2024/02/15 15:59:59","0","1","2000","1","1619","-1","80","0","152","6005","2024/02/07 05:00:00"
"0","0","2024/02/08 04:59:59","0","1","4000","201","1620","-1","30","0","39","111","2024/02/02 05:00:00"
"0","0","2024/02/08 04:59:59","0","1","4000","201","1621","-1","40","0","49","111","2024/02/02 05:00:00"
"0","0","2024/02/14 04:59:59","0","1","4000","201","1622","-1","30","0","31","101","2024/02/07 05:00:00"
"0","0","2024/02/14 04:59:59","0","1","2000","201","1623","-1","40","0","41","101","2024/02/07 05:00:00"
"0","0","2024/02/24 04:59:59","0","1","2000","1","1624","49","80","0","81","101","2024/02/07 05:00:00"
"0","0","2024/02/24 04:59:59","0","1","2000","201","1625","-1","80","0","81","101","2024/02/07 05:00:00"
"0","0","2024/02/24 04:59:59","0","1","2000","1","1626","49","80","0","82","102","2024/02/07 05:00:00"
"0","0","2024/02/24 04:59:59","0","1","2000","201","1627","-1","80","0","82","102","2024/02/07 05:00:00"
"0","0","2024/02/24 04:59:59","0","1","2000","1","1628","49","80","0","83","111","2024/02/07 05:00:00"
"0","0","2024/02/24 04:59:59","0","1","2000","201","1629","-1","80","0","83","111","2024/02/07 05:00:00"
"0","0","2024/02/24 04:59:59","0","1","2000","1","1630","-1","80","0","84","109","2024/02/07 05:00:00"
"0","0","2024/02/24 04:59:59","0","1","2000","1","1631","-1","80","0","85","112","2024/02/07 05:00:00"
"0","0","2024/02/24 04:59:59","0","1","2000","1","1632","-1","80","0","351","8004","2024/02/07 05:00:00"
"0","0","2024/02/24 04:59:59","0","1","2000","1","1633","-1","80","0","352","8005","2024/02/07 05:00:00"
"0","0","2024/03/01 04:59:59","0","1","2500","1","1634","-1","100","0","91","101","2024/02/13 05:00:00"
"0","0","2024/03/01 04:59:59","0","1","2500","1","1635","-1","100","0","92","102","2024/02/13 05:00:00"
"0","0","2024/03/01 04:59:59","0","1","2500","1","1636","-1","100","0","93","111","2024/02/13 05:00:00"
"0","0","2024/03/01 04:59:59","0","1","2500","1","1637","-1","100","0","94","109","2024/02/13 05:00:00"
"0","0","2024/03/01 04:59:59","0","1","2500","1","1638","-1","100","0","95","112","2024/02/13 05:00:00"
"0","0","2024/03/01 04:59:59","0","1","2500","1","1639","-1","100","0","100","8004","2024/02/13 05:00:00"
"0","0","2024/03/01 04:59:59","0","1","2500","1","1640","-1","100","0","101","8005","2024/02/13 05:00:00"
"0","0","2024/03/01 04:59:59","0","1","2500","1","1641","-1","100","0","96","6004","2024/02/13 05:00:00"
"0","0","2024/03/01 04:59:59","0","1","2500","1","1642","-1","100","0","97","6005","2024/02/13 05:00:00"
"0","0","2024/03/01 04:59:59","0","1","2500","1","1643","-1","100","0","98","7004","2024/02/13 05:00:00"
"0","0","2024/03/01 04:59:59","0","1","2500","1","1644","-1","100","0","99","7005","2024/02/13 05:00:00"
"0","0","2024/02/18 04:59:59","0","1","4000","201","1645","-1","30","0","32","102","2024/02/14 05:00:00"
"0","0","2024/02/18 04:59:59","0","1","4000","201","1646","-1","40","0","42","102","2024/02/14 05:00:00"
"0","0","2024/02/23 15:59:59","0","1","2000","1","1647","-1","80","0","251","7004","2024/02/16 16:00:00"
"0","0","2024/02/23 15:59:59","0","1","2000","1","1648","-1","80","0","252","7005","2024/02/16 16:00:00"
"0","0","2024/02/23 04:59:59","0","1","2000","201","1649","-1","30","0","32","102","2024/02/18 05:00:00"
"0","0","2024/02/23 04:59:59","0","1","2000","201","1650","-1","40","0","42","102","2024/02/18 05:00:00"
"0","0","2024/02/27 04:59:59","0","1","2000","201","1651","-1","30","0","39","111","2024/02/23 05:00:00"
"0","0","2024/02/27 04:59:59","0","1","2000","201","1652","-1","40","0","49","111","2024/02/23 05:00:00"
"0","0","2024/02/29 04:59:59","0","1","2000","1","1653","-1","30","0","37","109","2024/02/25 05:00:00"
"0","0","2024/02/29 04:59:59","0","1","2000","1","1654","-1","30","0","38","112","2024/02/25 05:00:00"
"0","0","2024/03/01 04:59:59","0","1","2000","201","1655","-1","30","0","31","101","2024/02/25 05:00:00"
"0","0","2024/03/01 04:59:59","0","1","2000","201","1656","-1","40","0","41","101","2024/02/25 05:00:00"
"0","0","2024/03/01 04:59:59","0","1","2000","1","1657","-1","30","0","34","103","2024/02/25 05:00:00"
"0","0","2024/03/01 04:59:59","0","1","2000","1","1658","-1","40","0","44","103","2024/02/25 05:00:00"
"0","0","2024/03/18 04:59:59","0","1","2000","1","1659","-1","40","0","45","104","2024/03/01 05:00:00"
"0","0","2024/03/06 04:59:59","0","1","2000","1","1660","-1","30","0","34","103","2024/03/01 05:00:00"
"0","0","2024/03/06 04:59:59","0","1","2000","1","1661","-1","40","0","44","103","2024/03/01 05:00:00"
"0","0","2024/03/12 04:59:59","0","1","2000","1","1662","-1","30","0","37","109","2024/03/01 05:00:00"
"0","0","2024/03/12 04:59:59","0","1","2000","1","1663","-1","30","0","38","112","2024/03/01 05:00:00"
"0","0","2024/03/05 04:59:59","0","1","2000","201","1664","-1","30","0","31","101","2024/03/01 05:00:00"
"0","0","2024/03/05 04:59:59","0","1","2000","201","1665","-1","40","0","41","101","2024/03/01 05:00:00"
"0","0","2024/03/15 15:59:59","0","1","1500","1","1666","-1","80","0","151","6004","2024/03/01 16:00:00"
"0","0","2024/03/15 15:59:59","0","1","1500","1","1667","-1","80","0","152","6005","2024/03/01 16:00:00"
"0","0","2024/03/24 04:59:59","0","1","2000","201","1668","-1","30","0","39","111","2024/03/08 05:00:00"
"0","0","2024/03/24 04:59:59","0","1","2000","201","1669","-1","40","0","49","111","2024/03/08 05:00:00"
"0","0","2024/03/13 04:59:59","0","1","2000","1","1670","-1","120","0","541","122","2024/03/08 05:00:00"
"0","0","2024/03/15 04:59:59","0","1","2000","201","1671","-1","30","0","32","102","2024/03/10 05:00:00"
"0","0","2024/03/15 04:59:59","0","1","2000","201","1672","-1","40","0","42","102","2024/03/10 05:00:00"
"0","0","2024/03/20 04:59:59","0","1","3000","201","1673","-1","30","0","31","101","2024/03/15 05:00:00"
"0","0","2024/03/20 04:59:59","0","1","2000","201","1674","-1","40","0","41","101","2024/03/15 05:00:00"
"0","0","2024/03/25 15:59:59","0","1","1500","1","1675","-1","80","0","251","7004","2024/03/18 16:00:00"
"0","0","2024/03/25 15:59:59","0","1","1500","1","1676","-1","80","0","252","7005","2024/03/18 16:00:00"
"0","0","2024/03/26 04:59:59","0","1","2000","201","1677","-1","30","0","31","101","2024/03/20 05:00:00"
"0","0","2024/03/26 04:59:59","0","1","2000","201","1678","-1","40","0","41","101","2024/03/20 05:00:00"
"0","0","2024/04/01 04:59:59","0","1","1500","1","1679","49","80","0","81","101","2024/03/24 05:00:00"
"0","0","2024/04/01 04:59:59","0","1","1500","201","1680","-1","80","0","81","101","2024/03/24 05:00:00"
"0","0","2024/04/01 04:59:59","0","1","1500","1","1681","49","80","0","82","102","2024/03/24 05:00:00"
"0","0","2024/04/01 04:59:59","0","1","1500","201","1682","-1","80","0","82","102","2024/03/24 05:00:00"
"0","0","2024/04/01 04:59:59","0","1","1500","1","1683","49","80","0","83","111","2024/03/24 05:00:00"
"0","0","2024/04/01 04:59:59","0","1","1500","201","1684","-1","80","0","83","111","2024/03/24 05:00:00"
"0","0","2024/04/01 04:59:59","0","1","1500","1","1685","-1","80","0","84","109","2024/03/24 05:00:00"
"0","0","2024/04/01 04:59:59","0","1","1500","1","1686","-1","80","0","85","112","2024/03/24 05:00:00"
"0","0","2024/04/01 04:59:59","0","1","1500","1","1687","-1","80","0","351","8004","2024/03/24 05:00:00"
"0","0","2024/04/01 04:59:59","0","1","1500","1","1688","-1","80","0","352","8005","2024/03/24 05:00:00"
"0","0","2024/04/01 04:59:59","0","1","1500","1","1689","-1","100","0","91","101","2024/03/26 05:00:00"
"0","0","2024/04/01 04:59:59","0","1","1500","1","1690","-1","100","0","92","102","2024/03/26 05:00:00"
"0","0","2024/04/01 04:59:59","0","1","1500","1","1691","-1","100","0","93","111","2024/03/26 05:00:00"
"0","0","2024/04/01 04:59:59","0","1","1500","1","1692","-1","100","0","94","109","2024/03/26 05:00:00"
"0","0","2024/04/01 04:59:59","0","1","1500","1","1693","-1","100","0","95","112","2024/03/26 05:00:00"
"0","0","2024/04/01 04:59:59","0","1","1500","1","1694","-1","100","0","100","8004","2024/03/26 05:00:00"
"0","0","2024/04/01 04:59:59","0","1","1500","1","1695","-1","100","0","101","8005","2024/03/26 05:00:00"
"0","0","2024/04/01 04:59:59","0","1","1500","1","1696","-1","100","0","96","6004","2024/03/26 05:00:00"
"0","0","2024/04/01 04:59:59","0","1","1500","1","1697","-1","100","0","97","6005","2024/03/26 05:00:00"
"0","0","2024/04/01 04:59:59","0","1","1500","1","1698","-1","100","0","98","7004","2024/03/26 05:00:00"
"0","0","2024/04/01 04:59:59","0","1","1500","1","1699","-1","100","0","99","7005","2024/03/26 05:00:00"
"0","0","2024/04/01 04:59:59","0","1","2000","201","1700","-1","30","0","32","102","2024/03/26 05:00:00"
"0","0","2024/04/01 04:59:59","0","1","2000","201","1701","-1","40","0","42","102","2024/03/26 05:00:00"
"0","0","2024/04/01 04:59:59","0","1","2000","1","1702","-1","30","0","34","103","2024/03/26 05:00:00"
"0","0","2024/04/01 04:59:59","0","1","2000","1","1703","-1","40","0","44","103","2024/03/26 05:00:00"
"0","0","2024/04/17 04:59:59","0","1","2000","1","1704","-1","40","0","45","104","2024/04/01 05:00:00"
"0","0","2024/04/06 04:59:59","0","1","2000","1","1705","-1","30","0","34","103","2024/04/01 05:00:00"
"0","0","2024/04/06 04:59:59","0","1","2000","1","1706","-1","40","0","44","103","2024/04/01 05:00:00"
"0","0","2024/04/12 04:59:59","0","1","2000","1","1707","-1","30","0","37","109","2024/04/01 05:00:00"
"0","0","2024/04/12 04:59:59","0","1","2000","1","1708","-1","30","0","38","112","2024/04/01 05:00:00"
"0","0","2024/04/05 04:59:59","0","1","2000","201","1709","-1","30","0","31","101","2024/04/01 05:00:00"
"0","0","2024/04/05 04:59:59","0","1","2000","201","1710","-1","40","0","41","101","2024/04/01 05:00:00"
"0","0","2024/04/15 15:59:59","0","1","1500","1","1711","-1","80","0","151","6004","2024/04/01 16:00:00"
"0","0","2024/04/15 15:59:59","0","1","1500","1","1712","-1","80","0","152","6005","2024/04/01 16:00:00"
"0","0","2024/04/10 04:59:59","0","1","2000","201","1713","-1","30","0","32","102","2024/04/05 05:00:00"
"0","0","2024/04/10 04:59:59","0","1","2000","201","1714","-1","40","0","42","102","2024/04/05 05:00:00"
"0","0","2024/04/16 04:59:59","0","1","2000","201","1715","-1","30","0","39","111","2024/04/09 05:00:00"
"0","0","2024/04/16 04:59:59","0","1","2000","201","1716","-1","40","0","49","111","2024/04/09 05:00:00"
"0","0","2024/04/24 04:59:59","0","1","2000","251","1717","-1","30","0","39","111","2024/04/16 05:00:00"
"0","0","2024/04/24 04:59:59","0","1","2000","251","1718","-1","40","0","49","111","2024/04/16 05:00:00"
"0","0","2024/04/16 04:59:59","0","1","3000","201","1719","-1","30","0","31","101","2024/04/15 05:00:00"
"0","0","2024/04/16 04:59:59","0","1","2000","201","1720","-1","40","0","41","101","2024/04/15 05:00:00"
"0","0","2024/04/20 04:59:59","0","1","3000","251","1721","-1","30","0","31","101","2024/04/16 05:00:00"
"0","0","2024/04/20 04:59:59","0","1","2000","251","1722","-1","40","0","41","101","2024/04/16 05:00:00"
"0","0","2024/04/23 15:59:59","0","1","1500","1","1723","-1","80","0","251","7004","2024/04/16 16:00:00"
"0","0","2024/04/23 15:59:59","0","1","1500","1","1724","-1","80","0","252","7005","2024/04/16 16:00:00"
"0","0","2024/04/26 04:59:59","0","1","2000","251","1725","-1","30","0","31","101","2024/04/20 05:00:00"
"0","0","2024/04/26 04:59:59","0","1","2000","251","1726","-1","40","0","41","101","2024/04/20 05:00:00"
"0","0","2024/05/01 04:59:59","0","1","1500","1","1727","49","80","0","81","101","2024/04/23 05:00:00"
"0","0","2024/05/01 04:59:59","0","1","1500","290","1728","-1","80","0","81","101","2024/04/23 05:00:00"
"0","0","2024/05/01 04:59:59","0","1","1500","1","1729","49","80","0","82","102","2024/04/23 05:00:00"
"0","0","2024/05/01 04:59:59","0","1","1500","290","1730","-1","80","0","82","102","2024/04/23 05:00:00"
"0","0","2024/05/01 04:59:59","0","1","1500","1","1731","49","80","0","83","111","2024/04/23 05:00:00"
"0","0","2024/05/01 04:59:59","0","1","1500","290","1732","-1","80","0","83","111","2024/04/23 05:00:00"
"0","0","2024/05/01 04:59:59","0","1","1500","1","1733","-1","80","0","84","109","2024/04/23 05:00:00"
"0","0","2024/05/01 04:59:59","0","1","1500","1","1734","-1","80","0","85","112","2024/04/23 05:00:00"
"0","0","2024/05/01 04:59:59","0","1","1500","1","1735","-1","80","0","351","8004","2024/04/23 05:00:00"
"0","0","2024/05/01 04:59:59","0","1","1500","1","1736","-1","80","0","352","8005","2024/04/23 05:00:00"
"0","0","2024/05/01 04:59:59","0","1","1500","1","1737","-1","100","0","91","101","2024/04/25 05:00:00"
"0","0","2024/05/01 04:59:59","0","1","1500","1","1738","-1","100","0","92","102","2024/04/25 05:00:00"
"0","0","2024/05/01 04:59:59","0","1","1500","1","1739","-1","100","0","93","111","2024/04/25 05:00:00"
"0","0","2024/05/01 04:59:59","0","1","1500","1","1740","-1","100","0","94","109","2024/04/25 05:00:00"
"0","0","2024/05/01 04:59:59","0","1","1500","1","1741","-1","100","0","95","112","2024/04/25 05:00:00"
"0","0","2024/05/01 04:59:59","0","1","1500","1","1742","-1","100","0","100","8004","2024/04/25 05:00:00"
"0","0","2024/05/01 04:59:59","0","1","1500","1","1743","-1","100","0","101","8005","2024/04/25 05:00:00"
"0","0","2024/05/01 04:59:59","0","1","1500","1","1744","-1","100","0","96","6004","2024/04/25 05:00:00"
"0","0","2024/05/01 04:59:59","0","1","1500","1","1745","-1","100","0","97","6005","2024/04/25 05:00:00"
"0","0","2024/05/01 04:59:59","0","1","1500","1","1746","-1","100","0","98","7004","2024/04/25 05:00:00"
"0","0","2024/05/01 04:59:59","0","1","1500","1","1747","-1","100","0","99","7005","2024/04/25 05:00:00"
"0","0","2024/05/01 04:59:59","0","1","2000","1","1748","-1","30","0","34","103","2024/04/25 05:00:00"
"0","0","2024/05/01 04:59:59","0","1","2000","1","1749","-1","40","0","44","103","2024/04/25 05:00:00"
"0","0","2024/05/01 04:59:59","0","1","2000","251","1750","-1","30","0","32","102","2024/04/26 05:00:00"
"0","0","2024/05/01 04:59:59","0","1","2000","251","1751","-1","40","0","42","102","2024/04/26 05:00:00"
"0","0","2024/05/18 04:59:59","0","1","2000","1","1752","-1","40","0","45","104","2024/05/01 05:00:00"
"0","0","2024/05/06 04:59:59","0","1","2000","1","1753","-1","30","0","34","103","2024/05/01 05:00:00"
"0","0","2024/05/06 04:59:59","0","1","2000","1","1754","-1","40","0","44","103","2024/05/01 05:00:00"
"0","0","2024/05/07 04:59:59","0","1","3000","1","1755","-1","30","0","37","109","2024/05/01 05:00:00"
"0","0","2024/05/07 04:59:59","0","1","3000","1","1756","-1","30","0","38","112","2024/05/01 05:00:00"
"0","0","2024/05/15 15:59:59","0","1","1500","1","1757","-1","80","0","151","6004","2024/05/01 16:00:00"
"0","0","2024/05/15 15:59:59","0","1","1500","1","1758","-1","80","0","152","6005","2024/05/01 16:00:00"
"0","0","2024/05/09 04:59:59","0","1","2000","251","1759","-1","30","0","31","101","2024/05/04 05:00:00"
"0","0","2024/05/09 04:59:59","0","1","2000","251","1760","-1","40","0","41","101","2024/05/04 05:00:00"
"0","0","2024/05/14 04:59:59","0","1","2000","251","1761","-1","30","0","32","102","2024/05/10 05:00:00"
"0","0","2024/05/14 04:59:59","0","1","2000","251","1762","-1","40","0","42","102","2024/05/10 05:00:00"
"0","0","2024/05/25 04:59:59","0","1","2000","251","1763","-1","30","0","39","111","2024/05/10 05:00:00"
"0","0","2024/05/25 04:59:59","0","1","2000","251","1764","-1","40","0","49","111","2024/05/10 05:00:00"
"0","0","2024/05/28 04:59:59","0","1","3000","251","1765","-1","30","0","31","101","2024/05/15 05:00:00"
"0","0","2024/05/28 04:59:59","0","1","2000","251","1766","-1","40","0","41","101","2024/05/15 05:00:00"
"0","0","2024/05/24 15:59:59","0","1","1500","1","1767","-1","80","0","251","7004","2024/05/17 16:00:00"
"0","0","2024/05/24 15:59:59","0","1","1500","1","1768","-1","80","0","252","7005","2024/05/17 16:00:00"
"0","0","2024/05/26 04:59:59","0","1","2000","251","1769","-1","30","0","32","102","2024/05/21 05:00:00"
"0","0","2024/05/26 04:59:59","0","1","2000","251","1770","-1","40","0","42","102","2024/05/21 05:00:00"
"0","0","2024/06/01 04:59:59","0","1","2500","1","1771","-1","100","0","91","101","2024/05/26 05:00:00"
"0","0","2024/06/01 04:59:59","0","1","2500","1","1772","-1","100","0","92","102","2024/05/26 05:00:00"
"0","0","2024/06/01 04:59:59","0","1","2500","1","1773","-1","100","0","93","111","2024/05/26 05:00:00"
"0","0","2024/06/01 04:59:59","0","1","2500","1","1774","-1","100","0","94","109","2024/05/26 05:00:00"
"0","0","2024/06/01 04:59:59","0","1","2500","1","1775","-1","100","0","95","112","2024/05/26 05:00:00"
"0","0","2024/06/01 04:59:59","0","1","2500","1","1776","-1","100","0","100","8004","2024/05/26 05:00:00"
"0","0","2024/06/01 04:59:59","0","1","2500","1","1777","-1","100","0","101","8005","2024/05/26 05:00:00"
"0","0","2024/06/01 04:59:59","0","1","2500","1","1778","-1","100","0","96","6004","2024/05/26 05:00:00"
"0","0","2024/06/01 04:59:59","0","1","2500","1","1779","-1","100","0","97","6005","2024/05/26 05:00:00"
"0","0","2024/06/01 04:59:59","0","1","2500","1","1780","-1","100","0","98","7004","2024/05/26 05:00:00"
"0","0","2024/06/01 04:59:59","0","1","2500","1","1781","-1","100","0","99","7005","2024/05/26 05:00:00"
"0","0","2024/06/01 04:59:59","0","1","3000","1","1782","-1","30","0","34","103","2024/05/26 05:00:00"
"0","0","2024/06/01 04:59:59","0","1","3000","1","1783","-1","40","0","44","103","2024/05/26 05:00:00"
"0","0","2024/06/01 04:59:59","0","1","2000","1","1784","-1","30","0","37","109","2024/05/28 05:00:00"
"0","0","2024/06/01 04:59:59","0","1","2000","1","1785","-1","30","0","38","112","2024/05/28 05:00:00"
"0","0","2024/06/18 04:59:59","0","1","2000","1","1786","-1","40","0","45","104","2024/06/01 05:00:00"
"0","0","2024/06/06 04:59:59","0","1","3000","1","1787","-1","30","0","34","103","2024/06/01 05:00:00"
"0","0","2024/06/06 04:59:59","0","1","3000","1","1788","-1","40","0","44","103","2024/06/01 05:00:00"
"0","0","2024/06/11 04:59:59","0","1","2000","1","1789","-1","30","0","37","109","2024/06/01 05:00:00"
"0","0","2024/06/11 04:59:59","0","1","2000","1","1790","-1","30","0","38","112","2024/06/01 05:00:00"
"0","0","2024/06/06 04:59:59","0","1","3000","251","1791","-1","30","0","39","111","2024/06/01 05:00:00"
"0","0","2024/06/06 04:59:59","0","1","3000","251","1792","-1","40","0","49","111","2024/06/01 05:00:00"
"0","0","2024/06/06 04:59:59","0","1","2000","251","1793","-1","30","0","31","101","2024/06/01 05:00:00"
"0","0","2024/06/06 04:59:59","0","1","2000","251","1794","-1","40","0","41","101","2024/06/01 05:00:00"
"0","0","2024/06/27 15:59:59","0","1","1500","1","1795","-1","80","0","151","6004","2024/06/01 16:00:00"
"0","0","2024/06/27 15:59:59","0","1","1500","1","1796","-1","80","0","152","6005","2024/06/01 16:00:00"
"0","0","2024/06/11 04:59:59","0","1","2000","251","1797","-1","30","0","32","102","2024/06/05 05:00:00"
"0","0","2024/06/11 04:59:59","0","1","2000","251","1798","-1","40","0","42","102","2024/06/05 05:00:00"
"0","0","2024/06/12 04:59:59","0","1","2000","1","1799","-1","30","0","34","103","2024/06/06 05:00:00"
"0","0","2024/06/12 04:59:59","0","1","2000","1","1800","-1","40","0","44","103","2024/06/06 05:00:00"
"0","0","2024/06/12 04:59:59","0","1","2000","1","1801","-1","120","0","541","122","2024/06/07 05:00:00"
"0","0","2024/06/22 04:59:59","0","1","2000","251","1802","-1","30","0","39","111","2024/06/07 05:00:00"
"0","0","2024/06/22 04:59:59","0","1","2000","251","1803","-1","40","0","49","111","2024/06/07 05:00:00"
"0","0","2024/06/23 15:59:59","0","1","1500","1","1804","-1","80","0","251","7004","2024/06/10 16:00:00"
"0","0","2024/06/23 15:59:59","0","1","1500","1","1805","-1","80","0","252","7005","2024/06/10 16:00:00"
"0","0","2024/06/19 04:59:59","0","1","3000","251","1806","-1","30","0","31","101","2024/06/14 05:00:00"
"0","0","2024/06/19 04:59:59","0","1","2000","251","1807","-1","40","0","41","101","2024/06/14 05:00:00"
"0","0","2024/06/25 04:59:59","0","1","2000","251","1808","-1","30","0","31","101","2024/06/19 05:00:00"
"0","0","2024/06/25 04:59:59","0","1","2000","251","1809","-1","40","0","41","101","2024/06/19 05:00:00"
"0","0","2024/07/01 04:59:59","0","1","1500","1","1810","49","80","0","81","101","2024/06/23 05:00:00"
"0","0","2024/07/01 04:59:59","0","1","1500","295","1811","-1","80","0","81","101","2024/06/23 05:00:00"
"0","0","2024/07/01 04:59:59","0","1","1500","1","1812","49","80","0","82","102","2024/06/23 05:00:00"
"0","0","2024/07/01 04:59:59","0","1","1500","295","1813","-1","80","0","82","102","2024/06/23 05:00:00"
"0","0","2024/07/01 04:59:59","0","1","1500","1","1814","49","80","0","83","111","2024/06/23 05:00:00"
"0","0","2024/07/01 04:59:59","0","1","1500","295","1815","-1","80","0","83","111","2024/06/23 05:00:00"
"0","0","2024/07/01 04:59:59","0","1","1500","1","1816","-1","80","0","84","109","2024/06/23 05:00:00"
"0","0","2024/07/01 04:59:59","0","1","1500","1","1817","-1","80","0","85","112","2024/06/23 05:00:00"
"0","0","2024/07/01 04:59:59","0","1","1500","1","1818","-1","80","0","351","8004","2024/06/23 05:00:00"
"0","0","2024/07/01 04:59:59","0","1","1500","1","1819","-1","80","0","352","8005","2024/06/23 05:00:00"
"0","0","2024/07/01 04:59:59","0","1","1500","1","1820","-1","100","0","91","101","2024/06/25 05:00:00"
"0","0","2024/07/01 04:59:59","0","1","1500","1","1821","-1","100","0","92","102","2024/06/25 05:00:00"
"0","0","2024/07/01 04:59:59","0","1","1500","1","1822","-1","100","0","93","111","2024/06/25 05:00:00"
"0","0","2024/07/01 04:59:59","0","1","1500","1","1823","-1","100","0","94","109","2024/06/25 05:00:00"
"0","0","2024/07/01 04:59:59","0","1","1500","1","1824","-1","100","0","95","112","2024/06/25 05:00:00"
"0","0","2024/07/01 04:59:59","0","1","1500","1","1825","-1","100","0","100","8004","2024/06/25 05:00:00"
"0","0","2024/07/01 04:59:59","0","1","1500","1","1826","-1","100","0","101","8005","2024/06/25 05:00:00"
"0","0","2024/07/01 04:59:59","0","1","1500","1","1827","-1","100","0","96","6004","2024/06/25 05:00:00"
"0","0","2024/07/01 04:59:59","0","1","1500","1","1828","-1","100","0","97","6005","2024/06/25 05:00:00"
"0","0","2024/07/01 04:59:59","0","1","1500","1","1829","-1","100","0","98","7004","2024/06/25 05:00:00"
"0","0","2024/07/01 04:59:59","0","1","1500","1","1830","-1","100","0","99","7005","2024/06/25 05:00:00"
"0","0","2024/07/01 04:59:59","0","1","1500","1","1831","-1","100","0","651","130","2024/06/25 05:00:00"
"0","0","2024/06/30 04:59:59","0","1","3000","251","1832","-1","30","0","32","102","2024/06/25 05:00:00"
"0","0","2024/06/30 04:59:59","0","1","3000","251","1833","-1","40","0","42","102","2024/06/25 05:00:00"
"0","0","2024/07/18 04:59:59","0","1","2000","1","1834","-1","40","0","45","104","2024/07/01 05:00:00"
"0","0","2024/07/06 04:59:59","0","1","2000","1","1835","-1","30","0","34","103","2024/07/01 05:00:00"
"0","0","2024/07/06 04:59:59","0","1","2000","1","1836","-1","40","0","44","103","2024/07/01 05:00:00"
"0","0","2024/07/11 04:59:59","0","1","2000","1","1837","-1","30","0","37","109","2024/07/01 05:00:00"
"0","0","2024/07/11 04:59:59","0","1","2000","1","1838","-1","30","0","38","112","2024/07/01 05:00:00"
"0","0","2024/07/12 04:59:59","0","1","2000","251","1839","-1","30","0","32","102","2024/07/01 05:00:00"
"0","0","2024/07/12 04:59:59","0","1","2000","251","1840","-1","40","0","42","102","2024/07/01 05:00:00"
"0","0","2024/07/15 15:59:59","0","1","1500","1","1841","-1","80","0","151","6004","2024/07/01 16:00:00"
"0","0","2024/07/15 15:59:59","0","1","1500","1","1842","-1","80","0","152","6005","2024/07/01 16:00:00"
"0","0","2024/07/26 04:59:59","0","1","2000","251","1843","-1","30","0","39","111","2024/07/11 05:00:00"
"0","0","2024/07/26 04:59:59","0","1","2000","251","1844","-1","40","0","49","111","2024/07/11 05:00:00"
"0","0","2024/07/15 15:59:59","0","1","3000","251","1845","-1","30","0","31","101","2024/07/15 05:00:00"
"0","0","2024/07/15 15:59:59","0","1","2000","251","1846","-1","40","0","41","101","2024/07/15 05:00:00"
"0","0","2024/07/20 04:59:59","0","1","3000","261","1847","-1","30","0","31","101","2024/07/15 16:00:00"
"0","0","2024/07/20 04:59:59","0","1","2000","261","1848","-1","40","0","41","101","2024/07/15 16:00:00"
"0","0","2024/07/25 15:59:59","0","1","1500","1","1849","-1","80","0","251","7004","2024/07/18 16:00:00"
"0","0","2024/07/25 15:59:59","0","1","1500","1","1850","-1","80","0","252","7005","2024/07/18 16:00:00"
"0","0","2024/07/31 04:59:59","0","1","2000","261","1851","-1","30","0","31","101","2024/07/20 05:00:00"
"0","0","2024/07/31 04:59:59","0","1","2000","261","1852","-1","40","0","41","101","2024/07/20 05:00:00"
"0","0","2024/08/01 04:59:59","0","1","1500","1","1853","49","80","0","81","101","2024/07/24 05:00:00"
"0","0","2024/08/01 04:59:59","0","1","1500","298","1854","-1","80","0","81","101","2024/07/24 05:00:00"
"0","0","2024/08/01 04:59:59","0","1","1500","1","1855","49","80","0","82","102","2024/07/24 05:00:00"
"0","0","2024/08/01 04:59:59","0","1","1500","298","1856","-1","80","0","82","102","2024/07/24 05:00:00"
"0","0","2024/08/01 04:59:59","0","1","1500","1","1857","49","80","0","83","111","2024/07/24 05:00:00"
"0","0","2024/08/01 04:59:59","0","1","1500","298","1858","-1","80","0","83","111","2024/07/24 05:00:00"
"0","0","2024/08/01 04:59:59","0","1","1500","1","1859","-1","80","0","84","109","2024/07/24 05:00:00"
"0","0","2024/08/01 04:59:59","0","1","1500","1","1860","-1","80","0","85","112","2024/07/24 05:00:00"
"0","0","2024/08/01 04:59:59","0","1","1500","1","1861","-1","80","0","351","8004","2024/07/24 05:00:00"
"0","0","2024/08/01 04:59:59","0","1","1500","1","1862","-1","80","0","352","8005","2024/07/24 05:00:00"
"0","0","2024/08/01 04:59:59","0","1","1500","1","1863","-1","80","0","641","130","2024/07/24 05:00:00"
"0","0","2024/08/01 04:59:59","0","1","1500","1","1864","-1","100","0","91","101","2024/07/26 05:00:00"
"0","0","2024/08/01 04:59:59","0","1","1500","1","1865","-1","100","0","92","102","2024/07/26 05:00:00"
"0","0","2024/08/01 04:59:59","0","1","1500","1","1866","-1","100","0","93","111","2024/07/26 05:00:00"
"0","0","2024/08/01 04:59:59","0","1","1500","1","1867","-1","100","0","94","109","2024/07/26 05:00:00"
"0","0","2024/08/01 04:59:59","0","1","1500","1","1868","-1","100","0","95","112","2024/07/26 05:00:00"
"0","0","2024/08/01 04:59:59","0","1","1500","1","1869","-1","100","0","100","8004","2024/07/26 05:00:00"
"0","0","2024/08/01 04:59:59","0","1","1500","1","1870","-1","100","0","101","8005","2024/07/26 05:00:00"
"0","0","2024/08/01 04:59:59","0","1","1500","1","1871","-1","100","0","96","6004","2024/07/26 05:00:00"
"0","0","2024/08/01 04:59:59","0","1","1500","1","1872","-1","100","0","97","6005","2024/07/26 05:00:00"
"0","0","2024/08/01 04:59:59","0","1","1500","1","1873","-1","100","0","98","7004","2024/07/26 05:00:00"
"0","0","2024/08/01 04:59:59","0","1","1500","1","1874","-1","100","0","99","7005","2024/07/26 05:00:00"
"0","0","2024/08/01 04:59:59","0","1","1500","1","1875","-1","100","0","651","130","2024/07/26 05:00:00"
"0","0","2024/08/16 04:59:59","0","1","2000","1","1876","-1","40","0","45","104","2024/08/01 05:00:00"
"0","0","2024/08/06 04:59:59","0","1","2000","1","1877","-1","30","0","34","103","2024/08/01 05:00:00"
"0","0","2024/08/06 04:59:59","0","1","2000","1","1878","-1","40","0","44","103","2024/08/01 05:00:00"
"0","0","2024/08/04 04:59:59","0","1","2000","1","1879","-1","30","0","37","109","2024/08/01 05:00:00"
"0","0","2024/08/04 04:59:59","0","1","2000","1","1880","-1","30","0","38","112","2024/08/01 05:00:00"
"0","0","2024/08/06 04:59:59","0","1","2000","261","1881","-1","30","0","32","102","2024/08/01 05:00:00"
"0","0","2024/08/06 04:59:59","0","1","2000","261","1882","-1","40","0","42","102","2024/08/01 05:00:00"
"0","0","2024/08/04 04:59:59","0","1","2000","261","1883","-1","30","0","39","111","2024/08/01 05:00:00"
"0","0","2024/08/04 04:59:59","0","1","2000","261","1884","-1","40","0","49","111","2024/08/01 05:00:00"
"0","0","2024/08/15 15:59:59","0","1","1500","1","1885","-1","80","0","151","6004","2024/08/01 16:00:00"
"0","0","2024/08/15 15:59:59","0","1","1500","1","1886","-1","80","0","152","6005","2024/08/01 16:00:00"
"0","0","2024/08/22 04:59:59","0","1","5000","1","1887","-1","30","0","34","103","2024/08/15 05:00:00"
"0","0","2024/08/22 04:59:59","0","1","5000","1","1888","-1","40","0","44","103","2024/08/15 05:00:00"
"0","0","2024/08/22 04:59:59","0","1","5000","261","1889","-1","30","0","31","101","2024/08/15 05:00:00"
"0","0","2024/08/22 04:59:59","0","1","3000","261","1890","-1","40","0","41","101","2024/08/15 05:00:00"
"0","0","2024/08/30 04:59:59","0","1","2500","1","1891","-1","100","0","91","101","2024/08/15 05:00:00"
"0","0","2024/08/30 04:59:59","0","1","2500","1","1892","-1","100","0","92","102","2024/08/15 05:00:00"
"0","0","2024/08/30 04:59:59","0","1","2500","1","1893","-1","100","0","93","111","2024/08/15 05:00:00"
"0","0","2024/08/30 04:59:59","0","1","2500","1","1894","-1","100","0","94","109","2024/08/15 05:00:00"
"0","0","2024/08/30 04:59:59","0","1","2500","1","1895","-1","100","0","95","112","2024/08/15 05:00:00"
"0","0","2024/08/30 04:59:59","0","1","2500","1","1896","-1","100","0","100","8004","2024/08/15 05:00:00"
"0","0","2024/08/30 04:59:59","0","1","2500","1","1897","-1","100","0","101","8005","2024/08/15 05:00:00"
"0","0","2024/08/30 04:59:59","0","1","2500","1","1898","-1","100","0","96","6004","2024/08/15 05:00:00"
"0","0","2024/08/30 04:59:59","0","1","2500","1","1899","-1","100","0","97","6005","2024/08/15 05:00:00"
"0","0","2024/08/30 04:59:59","0","1","2500","1","1900","-1","100","0","98","7004","2024/08/15 05:00:00"
"0","0","2024/08/30 04:59:59","0","1","2500","1","1901","-1","100","0","99","7005","2024/08/15 05:00:00"
"0","0","2024/08/30 04:59:59","0","1","2500","1","1902","-1","100","0","651","130","2024/08/15 05:00:00"
"0","0","2024/08/25 15:59:59","0","1","1500","1","1903","-1","80","0","251","7004","2024/08/18 16:00:00"
"0","0","2024/08/25 15:59:59","0","1","1500","1","1904","-1","80","0","252","7005","2024/08/18 16:00:00"
"0","0","2024/08/26 04:59:59","0","1","5000","261","1905","-1","30","0","32","102","2024/08/22 05:00:00"
"0","0","2024/08/26 04:59:59","0","1","5000","261","1906","-1","40","0","42","102","2024/08/22 05:00:00"
"0","0","2024/09/01 04:59:59","0","1","2000","261","1907","-1","30","0","31","101","2024/08/27 05:00:00"
"0","0","2024/09/01 04:59:59","0","1","2000","261","1908","-1","40","0","41","101","2024/08/27 05:00:00"
"0","0","2024/09/01 04:59:59","0","1","5000","1","1909","-1","30","0","37","109","2024/08/28 05:00:00"
"0","0","2024/09/01 04:59:59","0","1","5000","1","1910","-1","30","0","38","112","2024/08/28 05:00:00"
"0","0","2024/09/01 04:59:59","0","1","5000","261","1911","-1","30","0","39","111","2024/08/28 05:00:00"
"0","0","2024/09/01 04:59:59","0","1","5000","261","1912","-1","40","0","49","111","2024/08/28 05:00:00"
"0","0","2024/09/16 04:59:59","0","1","2000","1","1913","-1","40","0","45","104","2024/09/01 05:00:00"
"0","0","2024/09/16 04:59:59","0","1","2000","261","1914","-1","30","0","39","111","2024/09/01 05:00:00"
"0","0","2024/09/16 04:59:59","0","1","2000","261","1915","-1","40","0","49","111","2024/09/01 05:00:00"
"0","0","2024/09/11 04:59:59","0","1","2000","261","1916","-1","30","0","32","102","2024/09/01 05:00:00"
"0","0","2024/09/11 04:59:59","0","1","2000","261","1917","-1","40","0","42","102","2024/09/01 05:00:00"
"0","0","2024/09/11 04:59:59","0","1","2000","1","1918","-1","30","0","37","109","2024/09/01 05:00:00"
"0","0","2024/09/11 04:59:59","0","1","2000","1","1919","-1","30","0","38","112","2024/09/01 05:00:00"
"0","0","2024/09/12 04:59:59","0","1","2000","1","1920","-1","30","0","34","103","2024/09/01 05:00:00"
"0","0","2024/09/12 04:59:59","0","1","2000","1","1921","-1","40","0","44","103","2024/09/01 05:00:00"
"0","0","2024/09/15 15:59:59","0","1","1500","1","1922","-1","80","0","151","6004","2024/09/01 16:00:00"
"0","0","2024/09/15 15:59:59","0","1","1500","1","1923","-1","80","0","152","6005","2024/09/01 16:00:00"
"0","0","2024/09/20 04:59:59","0","1","3000","261","1924","-1","30","0","31","101","2024/09/15 05:00:00"
"0","0","2024/09/20 04:59:59","0","1","2000","261","1925","-1","40","0","41","101","2024/09/15 05:00:00"
"0","0","2024/09/25 15:59:59","0","1","1500","1","1926","-1","80","0","251","7004","2024/09/18 16:00:00"
"0","0","2024/09/25 15:59:59","0","1","1500","1","1927","-1","80","0","252","7005","2024/09/18 16:00:00"
"0","0","2024/09/29 04:59:59","0","1","2000","261","1928","-1","30","0","31","101","2024/09/20 05:00:00"
"0","0","2024/09/29 04:59:59","0","1","2000","261","1929","-1","40","0","41","101","2024/09/20 05:00:00"
"0","0","2024/10/01 04:59:59","0","1","1500","1","1930","49","80","0","81","101","2024/09/24 05:00:00"
"0","0","2024/10/01 04:59:59","0","1","1500","304","1931","-1","80","0","81","101","2024/09/24 05:00:00"
"0","0","2024/10/01 04:59:59","0","1","1500","1","1932","49","80","0","82","102","2024/09/24 05:00:00"
"0","0","2024/10/01 04:59:59","0","1","1500","304","1933","-1","80","0","82","102","2024/09/24 05:00:00"
"0","0","2024/10/01 04:59:59","0","1","1500","1","1934","49","80","0","83","111","2024/09/24 05:00:00"
"0","0","2024/10/01 04:59:59","0","1","1500","304","1935","-1","80","0","83","111","2024/09/24 05:00:00"
"0","0","2024/10/01 04:59:59","0","1","1500","1","1936","-1","80","0","84","109","2024/09/24 05:00:00"
"0","0","2024/10/01 04:59:59","0","1","1500","1","1937","-1","80","0","85","112","2024/09/24 05:00:00"
"0","0","2024/10/01 04:59:59","0","1","1500","1","1938","-1","80","0","351","8004","2024/09/24 05:00:00"
"0","0","2024/10/01 04:59:59","0","1","1500","1","1939","-1","80","0","352","8005","2024/09/24 05:00:00"
"0","0","2024/10/01 04:59:59","0","1","1500","1","1940","-1","80","0","641","130","2024/09/24 05:00:00"
"0","0","2024/10/01 04:59:59","0","1","1500","1","1941","-1","100","0","91","101","2024/09/26 05:00:00"
"0","0","2024/10/01 04:59:59","0","1","1500","1","1942","-1","100","0","92","102","2024/09/26 05:00:00"
"0","0","2024/10/01 04:59:59","0","1","1500","1","1943","-1","100","0","93","111","2024/09/26 05:00:00"
"0","0","2024/10/01 04:59:59","0","1","1500","1","1944","-1","100","0","94","109","2024/09/26 05:00:00"
"0","0","2024/10/01 04:59:59","0","1","1500","1","1945","-1","100","0","95","112","2024/09/26 05:00:00"
"0","0","2024/10/01 04:59:59","0","1","1500","1","1946","-1","100","0","100","8004","2024/09/26 05:00:00"
"0","0","2024/10/01 04:59:59","0","1","1500","1","1947","-1","100","0","101","8005","2024/09/26 05:00:00"
"0","0","2024/10/01 04:59:59","0","1","1500","1","1948","-1","100","0","96","6004","2024/09/26 05:00:00"
"0","0","2024/10/01 04:59:59","0","1","1500","1","1949","-1","100","0","97","6005","2024/09/26 05:00:00"
"0","0","2024/10/01 04:59:59","0","1","1500","1","1950","-1","100","0","98","7004","2024/09/26 05:00:00"
"0","0","2024/10/01 04:59:59","0","1","1500","1","1951","-1","100","0","99","7005","2024/09/26 05:00:00"
"0","0","2024/10/01 04:59:59","0","1","1500","1","1952","-1","100","0","651","130","2024/09/26 05:00:00"
"0","0","2024/10/18 04:59:59","0","1","2000","1","1953","-1","40","0","45","104","2024/10/01 05:00:00"
"0","0","2024/10/11 04:59:59","0","1","3000","261","1954","-1","30","0","39","111","2024/10/01 05:00:00"
"0","0","2024/10/11 04:59:59","0","1","3000","261","1955","-1","40","0","49","111","2024/10/01 05:00:00"
"0","0","2024/10/11 04:59:59","0","1","3000","261","1956","-1","30","0","32","102","2024/10/01 05:00:00"
"0","0","2024/10/11 04:59:59","0","1","3000","261","1957","-1","40","0","42","102","2024/10/01 05:00:00"
"0","0","2024/10/11 04:59:59","0","1","3000","1","1958","-1","30","0","37","109","2024/10/01 05:00:00"
"0","0","2024/10/11 04:59:59","0","1","3000","1","1959","-1","30","0","38","112","2024/10/01 05:00:00"
"0","0","2024/10/12 04:59:59","0","1","2000","1","1960","-1","30","0","34","103","2024/10/01 05:00:00"
"0","0","2024/10/12 04:59:59","0","1","2000","1","1961","-1","40","0","44","103","2024/10/01 05:00:00"
"0","0","2024/10/15 15:59:59","0","1","1500","1","1962","-1","80","0","151","6004","2024/10/01 16:00:00"
"0","0","2024/10/15 15:59:59","0","1","1500","1","1963","-1","80","0","152","6005","2024/10/01 16:00:00"
"0","0","2024/10/14 04:59:59","0","1","2000","261","1964","-1","30","0","31","101","2024/10/08 05:00:00"
"0","0","2024/10/14 04:59:59","0","1","2000","261","1965","-1","40","0","41","101","2024/10/08 05:00:00"
"0","0","2024/10/16 04:59:59","0","1","2000","261","1966","-1","30","0","39","111","2024/10/11 05:00:00"
"0","0","2024/10/16 04:59:59","0","1","2000","261","1967","-1","40","0","49","111","2024/10/11 05:00:00"
"0","0","2024/10/16 04:59:59","0","1","2000","261","1968","-1","30","0","32","102","2024/10/11 05:00:00"
"0","0","2024/10/16 04:59:59","0","1","2000","261","1969","-1","40","0","42","102","2024/10/11 05:00:00"
"0","0","2024/10/17 04:59:59","0","1","2000","1","1970","-1","30","0","37","109","2024/10/11 05:00:00"
"0","0","2024/10/17 04:59:59","0","1","2000","1","1971","-1","30","0","38","112","2024/10/11 05:00:00"
"0","0","2024/10/15 15:59:59","0","1","3000","261","1972","-1","30","0","31","101","2024/10/15 05:00:00"
"0","0","2024/10/15 15:59:59","0","1","3000","261","1973","-1","40","0","41","101","2024/10/15 05:00:00"
"0","0","2024/10/20 04:59:59","0","1","3000","271","1974","-1","30","0","31","101","2024/10/15 16:00:00"
"0","0","2024/10/20 04:59:59","0","1","3000","271","1975","-1","40","0","41","101","2024/10/15 16:00:00"
"0","0","2024/10/25 15:59:59","0","1","1500","1","1976","-1","80","0","251","7004","2024/10/18 16:00:00"
"0","0","2024/10/25 15:59:59","0","1","1500","1","1977","-1","80","0","252","7005","2024/10/18 16:00:00"
"0","0","2024/10/26 04:59:59","0","1","3000","271","1978","-1","30","0","31","101","2024/10/20 05:00:00"
"0","0","2024/10/26 04:59:59","0","1","2000","271","1979","-1","40","0","41","101","2024/10/20 05:00:00"
"0","0","2024/11/01 04:59:59","0","1","1500","1","1980","49","80","0","81","101","2024/10/24 05:00:00"
"0","0","2024/11/01 04:59:59","0","1","1500","307","1981","-1","80","0","81","101","2024/10/24 05:00:00"
"0","0","2024/11/01 04:59:59","0","1","1500","1","1982","49","80","0","82","102","2024/10/24 05:00:00"
"0","0","2024/11/01 04:59:59","0","1","1500","307","1983","-1","80","0","82","102","2024/10/24 05:00:00"
"0","0","2024/11/01 04:59:59","0","1","1500","1","1984","49","80","0","83","111","2024/10/24 05:00:00"
"0","0","2024/11/01 04:59:59","0","1","1500","307","1985","-1","80","0","83","111","2024/10/24 05:00:00"
"0","0","2024/11/01 04:59:59","0","1","1500","1","1986","-1","80","0","84","109","2024/10/24 05:00:00"
"0","0","2024/11/01 04:59:59","0","1","1500","1","1987","-1","80","0","85","112","2024/10/24 05:00:00"
"0","0","2024/11/01 04:59:59","0","1","1500","1","1988","-1","80","0","351","8004","2024/10/24 05:00:00"
"0","0","2024/11/01 04:59:59","0","1","1500","1","1989","-1","80","0","352","8005","2024/10/24 05:00:00"
"0","0","2024/11/01 04:59:59","0","1","1500","1","1990","-1","80","0","641","130","2024/10/24 05:00:00"
"0","0","2024/11/01 04:59:59","0","1","1500","1","1991","-1","100","0","91","101","2024/10/26 05:00:00"
"0","0","2024/11/01 04:59:59","0","1","1500","1","1992","-1","100","0","92","102","2024/10/26 05:00:00"
"0","0","2024/11/01 04:59:59","0","1","1500","1","1993","-1","100","0","93","111","2024/10/26 05:00:00"
"0","0","2024/11/01 04:59:59","0","1","1500","1","1994","-1","100","0","94","109","2024/10/26 05:00:00"
"0","0","2024/11/01 04:59:59","0","1","1500","1","1995","-1","100","0","95","112","2024/10/26 05:00:00"
"0","0","2024/11/01 04:59:59","0","1","1500","1","1996","-1","100","0","100","8004","2024/10/26 05:00:00"
"0","0","2024/11/01 04:59:59","0","1","1500","1","1997","-1","100","0","101","8005","2024/10/26 05:00:00"
"0","0","2024/11/01 04:59:59","0","1","1500","1","1998","-1","100","0","96","6004","2024/10/26 05:00:00"
"0","0","2024/11/01 04:59:59","0","1","1500","1","1999","-1","100","0","97","6005","2024/10/26 05:00:00"
"0","0","2024/11/01 04:59:59","0","1","1500","1","2000","-1","100","0","98","7004","2024/10/26 05:00:00"
"0","0","2024/11/01 04:59:59","0","1","1500","1","2001","-1","100","0","99","7005","2024/10/26 05:00:00"
"0","0","2024/11/01 04:59:59","0","1","1500","1","2002","-1","100","0","651","130","2024/10/26 05:00:00"
"0","0","2024/11/17 04:59:59","0","1","2000","1","2003","-1","40","0","45","104","2024/11/01 05:00:00"
"0","0","2024/11/13 04:59:59","0","1","2000","1","2004","-1","30","0","34","103","2024/11/01 05:00:00"
"0","0","2024/11/13 04:59:59","0","1","2000","1","2005","-1","40","0","44","103","2024/11/01 05:00:00"
"0","0","2024/11/16 04:59:59","0","1","2000","271","2006","-1","30","0","39","111","2024/11/01 05:00:00"
"0","0","2024/11/16 04:59:59","0","1","2000","271","2007","-1","40","0","49","111","2024/11/01 05:00:00"
"0","0","2024/11/11 04:59:59","0","1","2000","271","2008","-1","30","0","32","102","2024/11/01 05:00:00"
"0","0","2024/11/11 04:59:59","0","1","2000","271","2009","-1","40","0","42","102","2024/11/01 05:00:00"
"0","0","2024/11/15 15:59:59","0","1","1500","1","2010","-1","80","0","151","6004","2024/11/01 16:00:00"
"0","0","2024/11/15 15:59:59","0","1","1500","1","2011","-1","80","0","152","6005","2024/11/01 16:00:00"
"0","0","2024/11/15 04:59:59","0","1","2000","1","2012","-1","120","0","541","122","2024/11/10 05:00:00"
"0","0","2024/11/20 04:59:59","0","1","3000","271","2013","-1","30","0","31","101","2024/11/15 05:00:00"
"0","0","2024/11/20 04:59:59","0","1","2000","271","2014","-1","40","0","41","101","2024/11/15 05:00:00"
"0","0","2024/11/25 15:59:59","0","1","1500","1","2015","-1","80","0","251","7004","2024/11/18 16:00:00"
"0","0","2024/11/25 15:59:59","0","1","1500","1","2016","-1","80","0","252","7005","2024/11/18 16:00:00"
"0","0","2024/11/30 04:59:59","0","1","2000","271","2017","-1","30","0","31","101","2024/11/20 05:00:00"
"0","0","2024/11/30 04:59:59","0","1","2000","271","2018","-1","40","0","41","101","2024/11/20 05:00:00"
"0","0","2024/12/01 04:59:59","0","1","2000","1","2019","-1","30","0","37","109","2024/11/20 05:00:00"
"0","0","2024/12/01 04:59:59","0","1","2000","1","2020","-1","30","0","38","112","2024/11/20 05:00:00"
"0","0","2024/12/01 04:59:59","0","1","1500","1","2021","49","80","0","81","101","2024/11/23 05:00:00"
"0","0","2024/12/01 04:59:59","0","1","1500","310","2022","-1","80","0","81","101","2024/11/23 05:00:00"
"0","0","2024/12/01 04:59:59","0","1","1500","1","2023","49","80","0","82","102","2024/11/23 05:00:00"
"0","0","2024/12/01 04:59:59","0","1","1500","310","2024","-1","80","0","82","102","2024/11/23 05:00:00"
"0","0","2024/12/01 04:59:59","0","1","1500","1","2025","49","80","0","83","111","2024/11/23 05:00:00"
"0","0","2024/12/01 04:59:59","0","1","1500","310","2026","-1","80","0","83","111","2024/11/23 05:00:00"
"0","0","2024/12/01 04:59:59","0","1","1500","1","2027","-1","80","0","84","109","2024/11/23 05:00:00"
"0","0","2024/12/01 04:59:59","0","1","1500","1","2028","-1","80","0","85","112","2024/11/23 05:00:00"
"0","0","2024/12/01 04:59:59","0","1","1500","1","2029","-1","80","0","351","8004","2024/11/23 05:00:00"
"0","0","2024/12/01 04:59:59","0","1","1500","1","2030","-1","80","0","352","8005","2024/11/23 05:00:00"
"0","0","2024/12/01 04:59:59","0","1","1500","1","2031","-1","80","0","641","130","2024/11/23 05:00:00"
"0","0","2024/12/01 04:59:59","0","1","1500","1","2032","-1","100","0","91","101","2024/11/25 05:00:00"
"0","0","2024/12/01 04:59:59","0","1","1500","1","2033","-1","100","0","92","102","2024/11/25 05:00:00"
"0","0","2024/12/01 04:59:59","0","1","1500","1","2034","-1","100","0","93","111","2024/11/25 05:00:00"
"0","0","2024/12/01 04:59:59","0","1","1500","1","2035","-1","100","0","94","109","2024/11/25 05:00:00"
"0","0","2024/12/01 04:59:59","0","1","1500","1","2036","-1","100","0","95","112","2024/11/25 05:00:00"
"0","0","2024/12/01 04:59:59","0","1","1500","1","2037","-1","100","0","100","8004","2024/11/25 05:00:00"
"0","0","2024/12/01 04:59:59","0","1","1500","1","2038","-1","100","0","101","8005","2024/11/25 05:00:00"
"0","0","2024/12/01 04:59:59","0","1","1500","1","2039","-1","100","0","96","6004","2024/11/25 05:00:00"
"0","0","2024/12/01 04:59:59","0","1","1500","1","2040","-1","100","0","97","6005","2024/11/25 05:00:00"
"0","0","2024/12/01 04:59:59","0","1","1500","1","2041","-1","100","0","98","7004","2024/11/25 05:00:00"
"0","0","2024/12/01 04:59:59","0","1","1500","1","2042","-1","100","0","99","7005","2024/11/25 05:00:00"
"0","0","2024/12/01 04:59:59","0","1","1500","1","2043","-1","100","0","651","130","2024/11/25 05:00:00"
"0","0","2024/12/17 04:59:59","0","1","2000","1","2044","-1","40","0","45","104","2024/12/01 05:00:00"
"0","0","2024/12/12 04:59:59","0","1","2000","1","2045","-1","30","0","34","103","2024/12/01 05:00:00"
"0","0","2024/12/12 04:59:59","0","1","2000","1","2046","-1","40","0","44","103","2024/12/01 05:00:00"
"0","0","2024/12/17 04:59:59","0","1","2000","271","2047","-1","30","0","39","111","2024/12/01 05:00:00"
"0","0","2024/12/17 04:59:59","0","1","2000","271","2048","-1","40","0","49","111","2024/12/01 05:00:00"
"0","0","2024/12/11 04:59:59","0","1","2000","1","2049","-1","30","0","37","109","2024/12/01 05:00:00"
"0","0","2024/12/11 04:59:59","0","1","2000","1","2050","-1","30","0","38","112","2024/12/01 05:00:00"
"0","0","2024/12/15 15:59:59","0","1","1500","1","2051","-1","80","0","151","6004","2024/12/01 16:00:00"
"0","0","2024/12/15 15:59:59","0","1","1500","1","2052","-1","80","0","152","6005","2024/12/01 16:00:00"
"0","0","2024/12/20 04:59:59","0","1","3000","271","2053","-1","30","0","31","101","2024/12/15 05:00:00"
"0","0","2024/12/20 04:59:59","0","1","2000","271","2054","-1","40","0","41","101","2024/12/15 05:00:00"
"0","0","2024/12/25 15:59:59","0","1","1500","1","2055","-1","80","0","251","7004","2024/12/18 16:00:00"
"0","0","2024/12/25 15:59:59","0","1","1500","1","2056","-1","80","0","252","7005","2024/12/18 16:00:00"
"0","0","2025/01/01 04:59:59","0","1","2000","271","2057","-1","30","0","32","102","2024/12/20 05:00:00"
"0","0","2025/01/01 04:59:59","0","1","2000","271","2058","-1","40","0","42","102","2024/12/20 05:00:00"
"0","0","2024/12/29 04:59:59","0","1","2000","271","2059","-1","30","0","31","101","2024/12/20 05:00:00"
"0","0","2024/12/29 04:59:59","0","1","2000","271","2060","-1","40","0","41","101","2024/12/20 05:00:00"
"0","0","2025/01/01 04:59:59","0","1","1500","1","2061","49","80","0","81","101","2024/12/25 05:00:00"
"0","0","2025/01/01 04:59:59","0","1","1500","313","2062","-1","80","0","81","101","2024/12/25 05:00:00"
"0","0","2025/01/01 04:59:59","0","1","1500","1","2063","49","80","0","82","102","2024/12/25 05:00:00"
"0","0","2025/01/01 04:59:59","0","1","1500","313","2064","-1","80","0","82","102","2024/12/25 05:00:00"
"0","0","2025/01/01 04:59:59","0","1","1500","1","2065","49","80","0","83","111","2024/12/25 05:00:00"
"0","0","2025/01/01 04:59:59","0","1","1500","313","2066","-1","80","0","83","111","2024/12/25 05:00:00"
"0","0","2025/01/01 04:59:59","0","1","1500","1","2067","-1","80","0","84","109","2024/12/25 05:00:00"
"0","0","2025/01/01 04:59:59","0","1","1500","1","2068","-1","80","0","85","112","2024/12/25 05:00:00"
"0","0","2025/01/01 04:59:59","0","1","1500","1","2069","-1","80","0","351","8004","2024/12/25 05:00:00"
"0","0","2025/01/01 04:59:59","0","1","1500","1","2070","-1","80","0","352","8005","2024/12/25 05:00:00"
"0","0","2025/01/01 04:59:59","0","1","1500","1","2071","-1","80","0","641","130","2024/12/25 05:00:00"
"0","0","2025/01/01 04:59:59","0","1","1500","1","2072","-1","100","0","91","101","2024/12/27 05:00:00"
"0","0","2025/01/01 04:59:59","0","1","1500","1","2073","-1","100","0","92","102","2024/12/27 05:00:00"
"0","0","2025/01/01 04:59:59","0","1","1500","1","2074","-1","100","0","93","111","2024/12/27 05:00:00"
"0","0","2025/01/01 04:59:59","0","1","1500","1","2075","-1","100","0","94","109","2024/12/27 05:00:00"
"0","0","2025/01/01 04:59:59","0","1","1500","1","2076","-1","100","0","95","112","2024/12/27 05:00:00"
"0","0","2025/01/01 04:59:59","0","1","1500","1","2077","-1","100","0","100","8004","2024/12/27 05:00:00"
"0","0","2025/01/01 04:59:59","0","1","1500","1","2078","-1","100","0","101","8005","2024/12/27 05:00:00"
"0","0","2025/01/01 04:59:59","0","1","1500","1","2079","-1","100","0","96","6004","2024/12/27 05:00:00"
"0","0","2025/01/01 04:59:59","0","1","1500","1","2080","-1","100","0","97","6005","2024/12/27 05:00:00"
"0","0","2025/01/01 04:59:59","0","1","1500","1","2081","-1","100","0","98","7004","2024/12/27 05:00:00"
"0","0","2025/01/01 04:59:59","0","1","1500","1","2082","-1","100","0","99","7005","2024/12/27 05:00:00"
"0","0","2025/01/01 04:59:59","0","1","1500","1","2083","-1","100","0","651","130","2024/12/27 05:00:00"
"0","0","2025/01/16 04:59:59","0","1","2000","1","2084","-1","40","0","45","104","2025/01/01 05:00:00"
"0","0","2025/01/16 04:59:59","0","1","2000","271","2085","-1","30","0","39","111","2025/01/01 05:00:00"
"0","0","2025/01/16 04:59:59","0","1","2000","271","2086","-1","40","0","49","111","2025/01/01 05:00:00"
"0","0","2025/01/07 04:59:59","0","1","2000","1","2087","-1","30","0","34","103","2025/01/01 05:00:00"
"0","0","2025/01/07 04:59:59","0","1","2000","1","2088","-1","40","0","44","103","2025/01/01 05:00:00"
"0","0","2025/01/25 15:59:59","0","1","1500","1","2089","-1","80","0","151","6004","2025/01/01 16:00:00"
"0","0","2025/01/25 15:59:59","0","1","1500","1","2090","-1","80","0","152","6005","2025/01/01 16:00:00"
"0","0","2025/01/20 04:59:59","0","1","3000","271","2091","-1","30","0","31","101","2025/01/15 05:00:00"
"0","0","2025/01/20 04:59:59","0","1","2000","271","2092","-1","40","0","41","101","2025/01/15 05:00:00"
"0","0","2025/01/25 15:59:59","0","1","1500","1","2093","-1","80","0","251","7004","2025/01/16 16:00:00"
"0","0","2025/01/25 15:59:59","0","1","1500","1","2094","-1","80","0","252","7005","2025/01/16 16:00:00"
"0","0","2025/01/31 04:59:59","0","1","2000","271","2095","-1","30","0","31","101","2025/01/20 05:00:00"
"0","0","2025/01/31 04:59:59","0","1","2000","271","2096","-1","40","0","41","101","2025/01/20 05:00:00"
"0","0","2025/02/01 04:59:59","0","1","2000","1","2097","-1","30","0","37","109","2025/01/22 05:00:00"
"0","0","2025/02/01 04:59:59","0","1","2000","1","2098","-1","30","0","38","112","2025/01/22 05:00:00"
"0","0","2025/02/01 04:59:59","0","1","2000","271","2099","-1","30","0","32","102","2025/01/23 05:00:00"
"0","0","2025/02/01 04:59:59","0","1","2000","271","2100","-1","40","0","42","102","2025/01/23 05:00:00"
"0","0","2025/02/01 04:59:59","0","1","1500","1","2101","49","80","0","81","101","2025/01/25 05:00:00"
"0","0","2025/02/01 04:59:59","0","1","1500","316","2102","-1","80","0","81","101","2025/01/25 05:00:00"
"0","0","2025/02/01 04:59:59","0","1","1500","1","2103","49","80","0","82","102","2025/01/25 05:00:00"
"0","0","2025/02/01 04:59:59","0","1","1500","316","2104","-1","80","0","82","102","2025/01/25 05:00:00"
"0","0","2025/02/01 04:59:59","0","1","1500","1","2105","49","80","0","83","111","2025/01/25 05:00:00"
"0","0","2025/02/01 04:59:59","0","1","1500","316","2106","-1","80","0","83","111","2025/01/25 05:00:00"
"0","0","2025/02/01 04:59:59","0","1","1500","1","2107","-1","80","0","84","109","2025/01/25 05:00:00"
"0","0","2025/02/01 04:59:59","0","1","1500","1","2108","-1","80","0","85","112","2025/01/25 05:00:00"
"0","0","2025/02/01 04:59:59","0","1","1500","1","2109","-1","80","0","351","8004","2025/01/25 05:00:00"
"0","0","2025/02/01 04:59:59","0","1","1500","1","2110","-1","80","0","352","8005","2025/01/25 05:00:00"
"0","0","2025/02/01 04:59:59","0","1","1500","1","2111","-1","80","0","641","130","2025/01/25 05:00:00"
"0","0","2025/02/01 04:59:59","0","1","1500","1","2112","-1","100","0","91","101","2025/01/27 05:00:00"
"0","0","2025/02/01 04:59:59","0","1","1500","1","2113","-1","100","0","92","102","2025/01/27 05:00:00"
"0","0","2025/02/01 04:59:59","0","1","1500","1","2114","-1","100","0","93","111","2025/01/27 05:00:00"
"0","0","2025/02/01 04:59:59","0","1","1500","1","2115","-1","100","0","94","109","2025/01/27 05:00:00"
"0","0","2025/02/01 04:59:59","0","1","1500","1","2116","-1","100","0","95","112","2025/01/27 05:00:00"
"0","0","2025/02/01 04:59:59","0","1","1500","1","2117","-1","100","0","100","8004","2025/01/27 05:00:00"
"0","0","2025/02/01 04:59:59","0","1","1500","1","2118","-1","100","0","101","8005","2025/01/27 05:00:00"
"0","0","2025/02/01 04:59:59","0","1","1500","1","2119","-1","100","0","96","6004","2025/01/27 05:00:00"
"0","0","2025/02/01 04:59:59","0","1","1500","1","2120","-1","100","0","97","6005","2025/01/27 05:00:00"
"0","0","2025/02/01 04:59:59","0","1","1500","1","2121","-1","100","0","98","7004","2025/01/27 05:00:00"
"0","0","2025/02/01 04:59:59","0","1","1500","1","2122","-1","100","0","99","7005","2025/01/27 05:00:00"
"0","0","2025/02/01 04:59:59","0","1","1500","1","2123","-1","100","0","651","130","2025/01/27 05:00:00"
"0","0","2025/02/18 04:59:59","0","1","2000","1","2124","-1","40","0","45","104","2025/02/01 05:00:00"
"0","0","2025/02/06 04:59:59","0","1","2000","1","2125","-1","30","0","34","103","2025/02/01 05:00:00"
"0","0","2025/02/06 04:59:59","0","1","2000","1","2126","-1","40","0","44","103","2025/02/01 05:00:00"
"0","0","2025/02/04 04:59:59","0","1","2000","271","2127","-1","30","0","32","102","2025/02/01 05:00:00"
"0","0","2025/02/04 04:59:59","0","1","2000","271","2128","-1","40","0","42","102","2025/02/01 05:00:00"
"0","0","2025/02/12 04:59:59","0","1","1500","1","2129","-1","80","0","151","6004","2025/02/01 16:00:00"
"0","0","2025/02/12 04:59:59","0","1","1500","1","2130","-1","80","0","152","6005","2025/02/01 16:00:00"
"0","0","2025/02/09 04:59:59","0","1","2000","271","2131","-1","30","0","39","111","2025/02/04 05:00:00"
"0","0","2025/02/09 04:59:59","0","1","2000","271","2132","-1","40","0","49","111","2025/02/04 05:00:00"
"0","0","2025/02/10 04:59:59","0","1","2000","271","2133","-1","30","0","31","101","2025/02/04 05:00:00"
"0","0","2025/02/10 04:59:59","0","1","2000","271","2134","-1","40","0","41","101","2025/02/04 05:00:00"
"0","0","2025/02/13 04:59:59","0","1","4000","1","2135","-1","30","0","34","103","2025/02/06 05:00:00"
"0","0","2025/02/13 04:59:59","0","1","4000","1","2136","-1","40","0","44","103","2025/02/06 05:00:00"
"0","0","2025/02/14 04:59:59","0","1","2000","1","2137","-1","30","0","37","109","2025/02/09 05:00:00"
"0","0","2025/02/14 04:59:59","0","1","2000","1","2138","-1","30","0","38","112","2025/02/09 05:00:00"
"0","0","2025/02/15 04:59:59","0","1","2000","1","2139","-1","120","0","541","122","2025/02/10 05:00:00"
"0","0","2025/03/01 04:59:59","0","1","2500","1","2140","-1","100","0","91","101","2025/02/12 05:00:00"
"0","0","2025/03/01 04:59:59","0","1","2500","1","2141","-1","100","0","92","102","2025/02/12 05:00:00"
"0","0","2025/03/01 04:59:59","0","1","2500","1","2142","-1","100","0","93","111","2025/02/12 05:00:00"
"0","0","2025/03/01 04:59:59","0","1","2500","1","2143","-1","100","0","94","109","2025/02/12 05:00:00"
"0","0","2025/03/01 04:59:59","0","1","2500","1","2144","-1","100","0","95","112","2025/02/12 05:00:00"
"0","0","2025/03/01 04:59:59","0","1","2500","1","2145","-1","100","0","100","8004","2025/02/12 05:00:00"
"0","0","2025/03/01 04:59:59","0","1","2500","1","2146","-1","100","0","101","8005","2025/02/12 05:00:00"
"0","0","2025/03/01 04:59:59","0","1","2500","1","2147","-1","100","0","96","6004","2025/02/12 05:00:00"
"0","0","2025/03/01 04:59:59","0","1","2500","1","2148","-1","100","0","97","6005","2025/02/12 05:00:00"
"0","0","2025/03/01 04:59:59","0","1","2500","1","2149","-1","100","0","98","7004","2025/02/12 05:00:00"
"0","0","2025/03/01 04:59:59","0","1","2500","1","2150","-1","100","0","99","7005","2025/02/12 05:00:00"
"0","0","2025/03/01 04:59:59","0","1","2500","1","2151","-1","100","0","651","130","2025/02/12 05:00:00"
"0","0","2025/03/01 04:59:59","0","1","2000","1","2152","49","80","0","81","101","2025/02/12 05:00:00"
"0","0","2025/02/15 15:59:59","0","1","2000","316","2153","-1","80","0","81","101","2025/02/12 05:00:00"
"0","0","2025/03/01 04:59:59","0","1","2000","319","2154","-1","80","0","81","101","2025/02/15 16:00:00"
"0","0","2025/03/01 04:59:59","0","1","2000","1","2155","49","80","0","82","102","2025/02/12 05:00:00"
"0","0","2025/02/15 15:59:59","0","1","2000","316","2156","-1","80","0","82","102","2025/02/12 05:00:00"
"0","0","2025/03/01 04:59:59","0","1","2000","319","2157","-1","80","0","82","102","2025/02/15 16:00:00"
"0","0","2025/03/01 04:59:59","0","1","2000","1","2158","49","80","0","83","111","2025/02/12 05:00:00"
"0","0","2025/02/15 15:59:59","0","1","2000","316","2159","-1","80","0","83","111","2025/02/12 05:00:00"
"0","0","2025/03/01 04:59:59","0","1","2000","319","2160","-1","80","0","83","111","2025/02/15 16:00:00"
"0","0","2025/03/01 04:59:59","0","1","2000","1","2161","-1","80","0","84","109","2025/02/12 05:00:00"
"0","0","2025/03/01 04:59:59","0","1","2000","1","2162","-1","80","0","85","112","2025/02/12 05:00:00"
"0","0","2025/03/01 04:59:59","0","1","2000","1","2163","-1","80","0","351","8004","2025/02/12 05:00:00"
"0","0","2025/03/01 04:59:59","0","1","2000","1","2164","-1","80","0","352","8005","2025/02/12 05:00:00"
"0","0","2025/03/01 04:59:59","0","1","2000","1","2165","-1","80","0","641","130","2025/02/12 05:00:00"
"0","0","2025/02/15 15:59:59","0","1","4000","271","2166","-1","30","0","39","111","2025/02/14 05:00:00"
"0","0","2025/02/15 15:59:59","0","1","4000","271","2167","-1","40","0","49","111","2025/02/14 05:00:00"
"0","0","2025/02/20 04:59:59","0","1","4000","281","2168","-1","30","0","39","111","2025/02/15 16:00:00"
"0","0","2025/02/20 04:59:59","0","1","4000","281","2169","-1","40","0","49","111","2025/02/15 16:00:00"
"0","0","2025/02/15 15:59:59","0","1","4000","271","2170","-1","30","0","31","101","2025/02/15 05:00:00"
"0","0","2025/02/15 15:59:59","0","1","2000","271","2171","-1","40","0","41","101","2025/02/15 05:00:00"
"0","0","2025/02/22 04:59:59","0","1","4000","281","2172","-1","30","0","31","101","2025/02/15 16:00:00"
"0","0","2025/02/22 04:59:59","0","1","2000","281","2173","-1","40","0","41","101","2025/02/15 16:00:00"
"0","0","2025/02/25 15:59:59","0","1","2000","1","2174","-1","80","0","251","7004","2025/02/18 16:00:00"
"0","0","2025/02/25 15:59:59","0","1","2000","1","2175","-1","80","0","252","7005","2025/02/18 16:00:00"
"0","0","2025/03/01 04:59:59","0","1","4000","1","2176","-1","30","0","37","109","2025/02/19 05:00:00"
"0","0","2025/03/01 04:59:59","0","1","4000","1","2177","-1","30","0","38","112","2025/02/19 05:00:00"
"0","0","2025/03/01 04:59:59","0","1","4000","281","2178","-1","30","0","32","102","2025/02/25 05:00:00"
"0","0","2025/03/01 04:59:59","0","1","4000","281","2179","-1","40","0","42","102","2025/02/25 05:00:00"
"0","0","2025/02/15 15:59:59","0","1","2000","1","2182","-1","80","0","151","6004","2025/02/12 05:00:00"
"0","0","2025/02/15 15:59:59","0","1","2000","1","2183","-1","80","0","152","6005","2025/02/12 05:00:00"
"0","0","2025/03/17 04:59:59","0","1","2000","1","2184","-1","40","0","45","104","2025/03/01 05:00:00"
"0","0","2025/03/12 04:59:59","0","1","2000","1","2185","-1","30","0","37","109","2025/03/01 05:00:00"
"0","0","2025/03/12 04:59:59","0","1","2000","1","2186","-1","30","0","38","112","2025/03/01 05:00:00"
"0","0","2025/03/10 04:59:59","0","1","2000","1","2187","-1","30","0","34","103","2025/03/01 05:00:00"
"0","0","2025/03/10 04:59:59","0","1","2000","1","2188","-1","40","0","44","103","2025/03/01 05:00:00"
"0","0","2025/03/15 15:59:59","0","1","1500","1","2189","-1","80","0","151","6004","2025/03/01 16:00:00"
"0","0","2025/03/15 15:59:59","0","1","1500","1","2190","-1","80","0","152","6005","2025/03/01 16:00:00"
"0","0","2025/03/29 04:59:59","0","1","2000","281","2191","-1","30","0","39","111","2025/03/12 05:00:00"
"0","0","2025/03/29 04:59:59","0","1","2000","281","2192","-1","40","0","49","111","2025/03/12 05:00:00"
"0","0","2025/03/20 04:59:59","0","1","3000","281","2193","-1","30","0","31","101","2025/03/15 05:00:00"
"0","0","2025/03/20 04:59:59","0","1","2000","281","2194","-1","40","0","41","101","2025/03/15 05:00:00"
"0","0","2025/03/25 15:59:59","0","1","1500","1","2195","-1","80","0","251","7004","2025/03/18 16:00:00"
"0","0","2025/03/25 15:59:59","0","1","1500","1","2196","-1","80","0","252","7005","2025/03/18 16:00:00"
"0","0","2025/04/01 04:59:59","0","1","2000","281","2197","-1","30","0","31","101","2025/03/22 05:00:00"
"0","0","2025/04/01 04:59:59","0","1","2000","281","2198","-1","40","0","41","101","2025/03/22 05:00:00"
"0","0","2025/04/01 04:59:59","0","1","2000","281","2199","-1","30","0","32","102","2025/03/23 05:00:00"
"0","0","2025/04/01 04:59:59","0","1","2000","281","2200","-1","40","0","42","102","2025/03/23 05:00:00"
"0","0","2025/04/01 04:59:59","0","1","1500","1","2201","49","80","0","81","101","2025/03/24 05:00:00"
"0","0","2025/04/01 04:59:59","0","1","1500","322","2202","-1","80","0","81","101","2025/03/24 05:00:00"
"0","0","2025/04/01 04:59:59","0","1","1500","1","2203","49","80","0","82","102","2025/03/24 05:00:00"
"0","0","2025/04/01 04:59:59","0","1","1500","322","2204","-1","80","0","82","102","2025/03/24 05:00:00"
"0","0","2025/04/01 04:59:59","0","1","1500","1","2205","49","80","0","83","111","2025/03/24 05:00:00"
"0","0","2025/04/01 04:59:59","0","1","1500","322","2206","-1","80","0","83","111","2025/03/24 05:00:00"
"0","0","2025/04/01 04:59:59","0","1","1500","1","2207","-1","80","0","84","109","2025/03/24 05:00:00"
"0","0","2025/04/01 04:59:59","0","1","1500","1","2208","-1","80","0","85","112","2025/03/24 05:00:00"
"0","0","2025/04/01 04:59:59","0","1","1500","1","2209","-1","80","0","351","8004","2025/03/24 05:00:00"
"0","0","2025/04/01 04:59:59","0","1","1500","1","2210","-1","80","0","352","8005","2025/03/24 05:00:00"
"0","0","2025/04/01 04:59:59","0","1","1500","1","2211","-1","80","0","641","130","2025/03/24 05:00:00"
"0","0","2025/04/01 04:59:59","0","1","1500","1","2212","-1","100","0","91","101","2025/03/27 05:00:00"
"0","0","2025/04/01 04:59:59","0","1","1500","1","2213","-1","100","0","92","102","2025/03/27 05:00:00"
"0","0","2025/04/01 04:59:59","0","1","1500","1","2214","-1","100","0","93","111","2025/03/27 05:00:00"
"0","0","2025/04/01 04:59:59","0","1","1500","1","2215","-1","100","0","94","109","2025/03/27 05:00:00"
"0","0","2025/04/01 04:59:59","0","1","1500","1","2216","-1","100","0","95","112","2025/03/27 05:00:00"
"0","0","2025/04/01 04:59:59","0","1","1500","1","2217","-1","100","0","100","8004","2025/03/27 05:00:00"
"0","0","2025/04/01 04:59:59","0","1","1500","1","2218","-1","100","0","101","8005","2025/03/27 05:00:00"
"0","0","2025/04/01 04:59:59","0","1","1500","1","2219","-1","100","0","96","6004","2025/03/27 05:00:00"
"0","0","2025/04/01 04:59:59","0","1","1500","1","2220","-1","100","0","97","6005","2025/03/27 05:00:00"
"0","0","2025/04/01 04:59:59","0","1","1500","1","2221","-1","100","0","98","7004","2025/03/27 05:00:00"
"0","0","2025/04/01 04:59:59","0","1","1500","1","2222","-1","100","0","99","7005","2025/03/27 05:00:00"
"0","0","2025/04/01 04:59:59","0","1","1500","1","2223","-1","100","0","651","130","2025/03/27 05:00:00"
"0","0","2025/04/16 04:59:59","0","1","2000","1","2224","-1","40","0","45","104","2025/04/01 05:00:00"
"0","0","2025/04/11 04:59:59","0","1","2000","1","2225","-1","30","0","34","103","2025/04/01 05:00:00"
"0","0","2025/04/11 04:59:59","0","1","2000","1","2226","-1","40","0","44","103","2025/04/01 05:00:00"
"0","0","2025/04/11 04:59:59","0","1","2000","1","2227","-1","30","0","37","109","2025/04/01 05:00:00"
"0","0","2025/04/11 04:59:59","0","1","2000","1","2228","-1","30","0","38","112","2025/04/01 05:00:00"
"0","0","2025/04/15 15:59:59","0","1","1500","1","2229","-1","80","0","151","6004","2025/04/01 16:00:00"
"0","0","2025/04/15 15:59:59","0","1","1500","1","2230","-1","80","0","152","6005","2025/04/01 16:00:00"
"0","0","2025/04/26 04:59:59","0","1","2000","281","2231","-1","30","0","39","111","2025/04/11 05:00:00"
"0","0","2025/04/26 04:59:59","0","1","2000","281","2232","-1","40","0","49","111","2025/04/11 05:00:00"
"0","0","2025/04/20 04:59:59","0","1","3000","281","2233","-1","30","0","31","101","2025/04/15 05:00:00"
"0","0","2025/04/20 04:59:59","0","1","2000","281","2234","-1","40","0","41","101","2025/04/15 05:00:00"
"0","0","2025/04/25 15:59:59","0","1","1500","1","2235","-1","80","0","251","7004","2025/04/18 16:00:00"
"0","0","2025/04/25 15:59:59","0","1","1500","1","2236","-1","80","0","252","7005","2025/04/18 16:00:00"
"0","0","2025/05/01 04:59:59","0","1","2000","281","2237","-1","30","0","31","101","2025/04/21 05:00:00"
"0","0","2025/05/01 04:59:59","0","1","2000","281","2238","-1","40","0","41","101","2025/04/21 05:00:00"
"0","0","2025/05/01 04:59:59","0","1","2000","281","2239","-1","30","0","32","102","2025/04/21 05:00:00"
"0","0","2025/05/01 04:59:59","0","1","2000","281","2240","-1","40","0","42","102","2025/04/21 05:00:00"
"0","0","2025/04/28 04:59:59","0","1","1500","1","2241","-1","100","0","91","101","2025/04/23 05:00:00"
"0","0","2025/04/28 04:59:59","0","1","1500","1","2242","-1","100","0","92","102","2025/04/23 05:00:00"
"0","0","2025/04/28 04:59:59","0","1","1500","1","2243","-1","100","0","93","111","2025/04/23 05:00:00"
"0","0","2025/04/28 04:59:59","0","1","1500","1","2244","-1","100","0","94","109","2025/04/23 05:00:00"
"0","0","2025/04/28 04:59:59","0","1","1500","1","2245","-1","100","0","95","112","2025/04/23 05:00:00"
"0","0","2025/04/28 04:59:59","0","1","1500","1","2246","-1","100","0","100","8004","2025/04/23 05:00:00"
"0","0","2025/04/28 04:59:59","0","1","1500","1","2247","-1","100","0","101","8005","2025/04/23 05:00:00"
"0","0","2025/04/28 04:59:59","0","1","1500","1","2248","-1","100","0","96","6004","2025/04/23 05:00:00"
"0","0","2025/04/28 04:59:59","0","1","1500","1","2249","-1","100","0","97","6005","2025/04/23 05:00:00"
"0","0","2025/04/28 04:59:59","0","1","1500","1","2250","-1","100","0","98","7004","2025/04/23 05:00:00"
"0","0","2025/04/28 04:59:59","0","1","1500","1","2251","-1","100","0","99","7005","2025/04/23 05:00:00"
"0","0","2025/04/28 04:59:59","0","1","1500","1","2252","-1","100","0","651","130","2025/04/23 05:00:00"
"0","0","2025/05/01 04:59:59","0","1","1500","1","2253","49","80","0","81","101","2025/04/24 05:00:00"
"0","0","2025/05/01 04:59:59","0","1","1500","325","2254","-1","80","0","81","101","2025/04/24 05:00:00"
"0","0","2025/05/01 04:59:59","0","1","1500","1","2255","49","80","0","82","102","2025/04/24 05:00:00"
"0","0","2025/05/01 04:59:59","0","1","1500","325","2256","-1","80","0","82","102","2025/04/24 05:00:00"
"0","0","2025/05/01 04:59:59","0","1","1500","1","2257","49","80","0","83","111","2025/04/24 05:00:00"
"0","0","2025/05/01 04:59:59","0","1","1500","325","2258","-1","80","0","83","111","2025/04/24 05:00:00"
"0","0","2025/05/01 04:59:59","0","1","1500","1","2259","-1","80","0","84","109","2025/04/24 05:00:00"
"0","0","2025/05/01 04:59:59","0","1","1500","1","2260","-1","80","0","85","112","2025/04/24 05:00:00"
"0","0","2025/05/01 04:59:59","0","1","1500","1","2261","-1","80","0","351","8004","2025/04/24 05:00:00"
"0","0","2025/05/01 04:59:59","0","1","1500","1","2262","-1","80","0","352","8005","2025/04/24 05:00:00"
"0","0","2025/05/01 04:59:59","0","1","1500","1","2263","-1","80","0","641","130","2025/04/24 05:00:00"
"0","0","2025/05/18 04:59:59","0","1","2000","1","2264","-1","40","0","45","104","2025/05/01 05:00:00"
"0","0","2025/05/07 04:59:59","0","1","2000","1","2265","-1","30","0","37","109","2025/05/01 05:00:00"
"0","0","2025/05/07 04:59:59","0","1","2000","1","2266","-1","30","0","38","112","2025/05/01 05:00:00"
"0","0","2025/05/04 04:59:59","0","1","2000","1","2267","-1","30","0","34","103","2025/05/01 05:00:00"
"0","0","2025/05/04 04:59:59","0","1","2000","1","2268","-1","40","0","44","103","2025/05/01 05:00:00"
"0","0","2025/05/15 15:59:59","0","1","1500","1","2269","-1","80","0","151","6004","2025/05/01 16:00:00"
"0","0","2025/05/15 15:59:59","0","1","1500","1","2270","-1","80","0","152","6005","2025/05/01 16:00:00"
"0","0","2025/05/10 04:59:59","0","1","3000","1","2271","-1","30","0","34","103","2025/05/04 05:00:00"
"0","0","2025/05/10 04:59:59","0","1","3000","1","2272","-1","40","0","44","103","2025/05/04 05:00:00"
"0","0","2025/05/13 04:59:59","0","1","3000","1","2273","-1","30","0","37","109","2025/05/07 05:00:00"
"0","0","2025/05/13 04:59:59","0","1","3000","1","2274","-1","30","0","38","112","2025/05/07 05:00:00"
"0","0","2025/05/15 15:59:59","0","1","2000","281","2275","-1","30","0","39","111","2025/05/13 05:00:00"
"0","0","2025/05/15 15:59:59","0","1","2000","281","2276","-1","40","0","49","111","2025/05/13 05:00:00"
"0","0","2025/05/30 04:59:59","0","1","2000","291","2277","-1","30","0","39","111","2025/05/15 16:00:00"
"0","0","2025/05/30 04:59:59","0","1","2000","291","2278","-1","40","0","49","111","2025/05/15 16:00:00"
"0","0","2025/05/15 15:59:59","0","1","3000","281","2279","-1","30","0","31","101","2025/05/15 05:00:00"
"0","0","2025/05/15 15:59:59","0","1","2000","281","2280","-1","40","0","41","101","2025/05/15 05:00:00"
"0","0","2025/05/26 04:59:59","0","1","3000","291","2281","-1","30","0","31","101","2025/05/15 16:00:00"
"0","0","2025/05/26 04:59:59","0","1","2000","291","2282","-1","40","0","41","101","2025/05/15 16:00:00"
"0","0","2025/05/25 15:59:59","0","1","1500","1","2283","-1","80","0","251","7004","2025/05/18 16:00:00"
"0","0","2025/05/25 15:59:59","0","1","1500","1","2284","-1","80","0","252","7005","2025/05/18 16:00:00"
"0","0","2025/06/01 04:59:59","0","1","2000","291","2285","-1","30","0","32","102","2025/05/22 05:00:00"
"0","0","2025/06/01 04:59:59","0","1","2000","291","2286","-1","40","0","42","102","2025/05/22 05:00:00"
"0","0","2025/06/01 04:59:59","0","1","1500","1","2287","49","80","0","81","101","2025/05/24 05:00:00"
"0","0","2025/06/01 04:59:59","0","1","1500","328","2288","-1","80","0","81","101","2025/05/24 05:00:00"
"0","0","2025/06/01 04:59:59","0","1","1500","1","2289","49","80","0","82","102","2025/05/24 05:00:00"
"0","0","2025/06/01 04:59:59","0","1","1500","328","2290","-1","80","0","82","102","2025/05/24 05:00:00"
"0","0","2025/06/01 04:59:59","0","1","1500","1","2291","49","80","0","83","111","2025/05/24 05:00:00"
"0","0","2025/06/01 04:59:59","0","1","1500","328","2292","-1","80","0","83","111","2025/05/24 05:00:00"
"0","0","2025/06/01 04:59:59","0","1","1500","1","2293","-1","80","0","84","109","2025/05/24 05:00:00"
"0","0","2025/06/01 04:59:59","0","1","1500","1","2294","-1","80","0","85","112","2025/05/24 05:00:00"
"0","0","2025/06/01 04:59:59","0","1","1500","1","2295","-1","80","0","351","8004","2025/05/24 05:00:00"
"0","0","2025/06/01 04:59:59","0","1","1500","1","2296","-1","80","0","352","8005","2025/05/24 05:00:00"
"0","0","2025/06/01 04:59:59","0","1","1500","1","2297","-1","80","0","641","130","2025/05/24 05:00:00"
"0","0","2025/06/01 04:59:59","0","1","2500","1","2298","-1","100","0","91","101","2025/05/26 05:00:00"
"0","0","2025/06/01 04:59:59","0","1","2500","1","2299","-1","100","0","92","102","2025/05/26 05:00:00"
"0","0","2025/06/01 04:59:59","0","1","2500","1","2300","-1","100","0","93","111","2025/05/26 05:00:00"
"0","0","2025/06/01 04:59:59","0","1","2500","1","2301","-1","100","0","94","109","2025/05/26 05:00:00"
"0","0","2025/06/01 04:59:59","0","1","2500","1","2302","-1","100","0","95","112","2025/05/26 05:00:00"
"0","0","2025/06/01 04:59:59","0","1","2500","1","2303","-1","100","0","100","8004","2025/05/26 05:00:00"
"0","0","2025/06/01 04:59:59","0","1","2500","1","2304","-1","100","0","101","8005","2025/05/26 05:00:00"
"0","0","2025/06/01 04:59:59","0","1","2500","1","2305","-1","100","0","96","6004","2025/05/26 05:00:00"
"0","0","2025/06/01 04:59:59","0","1","2500","1","2306","-1","100","0","97","6005","2025/05/26 05:00:00"
"0","0","2025/06/01 04:59:59","0","1","2500","1","2307","-1","100","0","98","7004","2025/05/26 05:00:00"
"0","0","2025/06/01 04:59:59","0","1","2500","1","2308","-1","100","0","99","7005","2025/05/26 05:00:00"
"0","0","2025/06/01 04:59:59","0","1","2500","1","2309","-1","100","0","651","130","2025/05/26 05:00:00"
"0","0","2025/06/01 04:59:59","0","1","2000","291","2310","-1","30","0","31","101","2025/05/27 05:00:00"
"0","0","2025/06/01 04:59:59","0","1","2000","291","2311","-1","40","0","41","101","2025/05/27 05:00:00"
"0","0","2025/06/22 04:59:59","0","1","2000","1","2312","-1","40","0","45","104","2025/06/01 05:00:00"
"0","0","2025/06/17 04:59:59","0","1","2000","291","2313","-1","30","0","39","111","2025/06/01 05:00:00"
"0","0","2025/06/17 04:59:59","0","1","2000","291","2314","-1","40","0","49","111","2025/06/01 05:00:00"
"0","0","2025/06/07 04:59:59","0","1","2000","1","2315","-1","30","0","34","103","2025/06/01 05:00:00"
"0","0","2025/06/07 04:59:59","0","1","2000","1","2316","-1","40","0","44","103","2025/06/01 05:00:00"
"0","0","2025/06/12 04:59:59","0","1","2000","1","2317","-1","30","0","37","109","2025/06/01 05:00:00"
"0","0","2025/06/12 04:59:59","0","1","2000","1","2318","-1","30","0","38","112","2025/06/01 05:00:00"
"0","0","2025/06/12 04:59:59","0","1","3000","1","2319","-1","30","0","34","103","2025/06/07 05:00:00"
"0","0","2025/06/12 04:59:59","0","1","3000","1","2320","-1","40","0","44","103","2025/06/07 05:00:00"
"0","0","2025/06/15 04:59:59","0","1","2000","1","2321","-1","120","0","541","122","2025/06/10 05:00:00"
"0","0","2025/06/20 04:59:59","0","1","3000","291","2322","-1","30","0","31","101","2025/06/15 05:00:00"
"0","0","2025/06/20 04:59:59","0","1","2000","291","2323","-1","40","0","41","101","2025/06/15 05:00:00"
"0","0","2025/06/22 04:59:59","0","1","3000","291","2324","-1","30","0","39","111","2025/06/17 05:00:00"
"0","0","2025/06/22 04:59:59","0","1","3000","291","2325","-1","40","0","49","111","2025/06/17 05:00:00"
"0","0","2025/07/01 04:59:59","0","1","1500","1","2326","49","80","0","81","101","2025/06/19 05:00:00"
"0","0","2025/07/01 04:59:59","0","1","1500","331","2327","-1","80","0","81","101","2025/06/19 05:00:00"
"0","0","2025/07/01 04:59:59","0","1","1500","1","2328","49","80","0","82","102","2025/06/19 05:00:00"
"0","0","2025/07/01 04:59:59","0","1","1500","331","2329","-1","80","0","82","102","2025/06/19 05:00:00"
"0","0","2025/07/01 04:59:59","0","1","1500","1","2330","49","80","0","83","111","2025/06/19 05:00:00"
"0","0","2025/07/01 04:59:59","0","1","1500","331","2331","-1","80","0","83","111","2025/06/19 05:00:00"
"0","0","2025/07/01 04:59:59","0","1","1500","1","2332","-1","80","0","84","109","2025/06/19 05:00:00"
"0","0","2025/07/01 04:59:59","0","1","1500","1","2333","-1","80","0","85","112","2025/06/19 05:00:00"
"0","0","2025/07/01 04:59:59","0","1","1500","1","2334","-1","80","0","351","8004","2025/06/19 05:00:00"
"0","0","2025/07/01 04:59:59","0","1","1500","1","2335","-1","80","0","352","8005","2025/06/19 05:00:00"
"0","0","2025/07/01 04:59:59","0","1","1500","1","2336","-1","80","0","641","130","2025/06/19 05:00:00"
"0","0","2025/06/26 04:59:59","0","1","2000","291","2337","-1","30","0","32","102","2025/06/20 05:00:00"
"0","0","2025/06/26 04:59:59","0","1","2000","291","2338","-1","40","0","42","102","2025/06/20 05:00:00"
"0","0","2025/07/01 04:59:59","0","1","2000","291","2339","-1","30","0","31","101","2025/06/23 05:00:00"
"0","0","2025/07/01 04:59:59","0","1","2000","291","2340","-1","40","0","41","101","2025/06/23 05:00:00"
"0","0","2025/07/01 04:59:59","0","1","3000","291","2341","-1","30","0","32","102","2025/06/26 05:00:00"
"0","0","2025/07/01 04:59:59","0","1","3000","291","2342","-1","40","0","42","102","2025/06/26 05:00:00"
"0","0","2025/07/01 04:59:59","0","1","1500","1","2343","-1","100","0","91","101","2025/06/26 05:00:00"
"0","0","2025/07/01 04:59:59","0","1","1500","1","2344","-1","100","0","92","102","2025/06/26 05:00:00"
"0","0","2025/07/01 04:59:59","0","1","1500","1","2345","-1","100","0","93","111","2025/06/26 05:00:00"
"0","0","2025/07/01 04:59:59","0","1","1500","1","2346","-1","100","0","94","109","2025/06/26 05:00:00"
"0","0","2025/07/01 04:59:59","0","1","1500","1","2347","-1","100","0","95","112","2025/06/26 05:00:00"
"0","0","2025/07/01 04:59:59","0","1","1500","1","2348","-1","100","0","100","8004","2025/06/26 05:00:00"
"0","0","2025/07/01 04:59:59","0","1","1500","1","2349","-1","100","0","101","8005","2025/06/26 05:00:00"
"0","0","2025/07/01 04:59:59","0","1","1500","1","2350","-1","100","0","96","6004","2025/06/26 05:00:00"
"0","0","2025/07/01 04:59:59","0","1","1500","1","2351","-1","100","0","97","6005","2025/06/26 05:00:00"
"0","0","2025/07/01 04:59:59","0","1","1500","1","2352","-1","100","0","98","7004","2025/06/26 05:00:00"
"0","0","2025/07/01 04:59:59","0","1","1500","1","2353","-1","100","0","99","7005","2025/06/26 05:00:00"
"0","0","2025/07/01 04:59:59","0","1","1500","1","2354","-1","100","0","651","130","2025/06/26 05:00:00"
"0","0","2025/06/24 15:59:59","0","1","1500","1","2355","-1","80","0","1051","6114","2025/06/01 16:00:00"
"0","0","2025/06/25 15:59:59","0","1","1500","1","2356","-1","80","0","251","7004","2025/06/18 16:00:00"
"0","0","2025/06/25 15:59:59","0","1","1500","1","2357","-1","80","0","252","7005","2025/06/18 16:00:00"
"0","0","2025/07/17 04:59:59","0","1","2000","1","2358","-1","40","0","45","104","2025/07/01 05:00:00"
"0","0","2025/07/18 04:59:59","0","1","2000","291","2359","-1","30","0","39","111","2025/07/01 05:00:00"
"0","0","2025/07/18 04:59:59","0","1","2000","291","2360","-1","40","0","49","111","2025/07/01 05:00:00"
"0","0","2025/07/12 04:59:59","0","1","2000","1","2361","-1","30","0","37","109","2025/07/01 05:00:00"
"0","0","2025/07/12 04:59:59","0","1","2000","1","2362","-1","30","0","38","112","2025/07/01 05:00:00"
"0","0","2025/07/07 04:59:59","0","1","2000","1","2363","-1","30","0","34","103","2025/07/01 05:00:00"
"0","0","2025/07/07 04:59:59","0","1","2000","1","2364","-1","40","0","44","103","2025/07/01 05:00:00"
"0","0","2025/07/24 04:59:59","0","1","1500","1","2365","-1","80","0","1051","6114","2025/07/01 16:00:00"
"0","0","2025/07/25 15:59:59","0","1","1500","1","2366","-1","80","0","251","7004","2025/07/12 16:00:00"
"0","0","2025/07/25 15:59:59","0","1","1500","1","2367","-1","80","0","252","7005","2025/07/12 16:00:00"
"0","0","2025/07/20 04:59:59","0","1","3000","291","2368","-1","30","0","31","101","2025/07/15 05:00:00"
"0","0","2025/07/20 04:59:59","0","1","2000","291","2369","-1","40","0","41","101","2025/07/15 05:00:00"
"0","0","2025/08/01 04:59:59","0","1","2000","291","2370","-1","30","0","31","101","2025/07/22 05:00:00"
"0","0","2025/08/01 04:59:59","0","1","2000","291","2371","-1","40","0","41","101","2025/07/22 05:00:00"
"0","0","2025/08/01 04:59:59","0","1","2000","291","2372","-1","30","0","32","102","2025/07/23 05:00:00"
"0","0","2025/08/01 04:59:59","0","1","2000","291","2373","-1","40","0","42","102","2025/07/23 05:00:00"
"0","0","2025/08/01 04:59:59","0","1","1500","1","2374","49","80","0","81","101","2025/07/25 05:00:00"
"0","0","2025/08/01 04:59:59","0","1","1500","334","2375","-1","80","0","81","101","2025/07/25 05:00:00"
"0","0","2025/08/01 04:59:59","0","1","1500","1","2376","49","80","0","82","102","2025/07/25 05:00:00"
"0","0","2025/08/01 04:59:59","0","1","1500","334","2377","-1","80","0","82","102","2025/07/25 05:00:00"
"0","0","2025/08/01 04:59:59","0","1","1500","1","2378","49","80","0","83","111","2025/07/25 05:00:00"
"0","0","2025/08/01 04:59:59","0","1","1500","334","2379","-1","80","0","83","111","2025/07/25 05:00:00"
"0","0","2025/08/01 04:59:59","0","1","1500","1","2380","-1","80","0","84","109","2025/07/25 05:00:00"
"0","0","2025/08/01 04:59:59","0","1","1500","1","2381","-1","80","0","85","112","2025/07/25 05:00:00"
"0","0","2025/08/01 04:59:59","0","1","1500","1","2382","-1","80","0","351","8004","2025/07/25 05:00:00"
"0","0","2025/08/01 04:59:59","0","1","1500","1","2383","-1","80","0","352","8005","2025/07/25 05:00:00"
"0","0","2025/08/01 04:59:59","0","1","1500","1","2384","-1","80","0","641","130","2025/07/25 05:00:00"
"0","0","2025/08/01 04:59:59","0","1","1500","1","2385","-1","100","0","91","101","2025/07/27 05:00:00"
"0","0","2025/08/01 04:59:59","0","1","1500","1","2386","-1","100","0","92","102","2025/07/27 05:00:00"
"0","0","2025/08/01 04:59:59","0","1","1500","1","2387","-1","100","0","93","111","2025/07/27 05:00:00"
"0","0","2025/08/01 04:59:59","0","1","1500","1","2388","-1","100","0","94","109","2025/07/27 05:00:00"
"0","0","2025/08/01 04:59:59","0","1","1500","1","2389","-1","100","0","95","112","2025/07/27 05:00:00"
"0","0","2025/08/01 04:59:59","0","1","1500","1","2390","-1","100","0","100","8004","2025/07/27 05:00:00"
"0","0","2025/08/01 04:59:59","0","1","1500","1","2391","-1","100","0","101","8005","2025/07/27 05:00:00"
"0","0","2025/08/01 04:59:59","0","1","1500","1","2392","-1","100","0","96","6004","2025/07/27 05:00:00"
"0","0","2025/08/01 04:59:59","0","1","1500","1","2393","-1","100","0","97","6005","2025/07/27 05:00:00"
"0","0","2025/08/01 04:59:59","0","1","1500","1","2394","-1","100","0","98","7004","2025/07/27 05:00:00"
"0","0","2025/08/01 04:59:59","0","1","1500","1","2395","-1","100","0","99","7005","2025/07/27 05:00:00"
"0","0","2025/08/01 04:59:59","0","1","1500","1","2396","-1","100","0","651","130","2025/07/27 05:00:00"
"0","0","2025/08/15 04:59:59","0","1","2000","1","2397","-1","40","0","45","104","2025/08/01 05:00:00"
"0","0","2025/08/04 04:59:59","0","1","2000","1","2398","-1","30","0","34","103","2025/08/01 05:00:00"
"0","0","2025/08/04 04:59:59","0","1","2000","1","2399","-1","40","0","44","103","2025/08/01 05:00:00"
"0","0","2025/08/04 04:59:59","0","1","2000","291","2400","-1","30","0","32","102","2025/08/01 05:00:00"
"0","0","2025/08/04 04:59:59","0","1","2000","291","2401","-1","40","0","42","102","2025/08/01 05:00:00"
"0","0","2025/08/15 04:59:59","0","1","1500","1","2402","-1","80","0","1051","6114","2025/08/01 16:00:00"
"0","0","2025/08/10 04:59:59","0","1","5000","1","2403","-1","30","0","34","103","2025/08/04 05:00:00"
"0","0","2025/08/10 04:59:59","0","1","5000","1","2404","-1","40","0","44","103","2025/08/04 05:00:00"
"0","0","2025/08/10 04:59:59","0","1","2000","291","2405","-1","30","0","39","111","2025/08/04 05:00:00"
"0","0","2025/08/10 04:59:59","0","1","2000","291","2406","-1","40","0","49","111","2025/08/04 05:00:00"
"0","0","2025/08/15 04:59:59","0","1","5000","291","2407","-1","30","0","39","111","2025/08/10 05:00:00"
"0","0","2025/08/15 04:59:59","0","1","5000","291","2408","-1","40","0","49","111","2025/08/10 05:00:00"
"0","0","2025/08/21 04:59:59","0","1","2000","1","2409","-1","30","0","37","109","2025/08/15 05:00:00"
"0","0","2025/08/21 04:59:59","0","1","2000","1","2410","-1","30","0","38","112","2025/08/15 05:00:00"
"0","0","2025/08/15 15:59:59","0","1","5000","291","2411","-1","30","0","31","101","2025/08/15 05:00:00"
"0","0","2025/08/15 15:59:59","0","1","3000","291","2412","-1","40","0","41","101","2025/08/15 05:00:00"
"0","0","2025/08/24 04:59:59","0","1","2000","1","2413","-1","80","0","1051","6114","2025/08/15 05:00:00"
"0","0","2025/08/29 04:59:59","0","1","2000","1","2414","49","80","0","81","101","2025/08/15 05:00:00"
"0","0","2025/08/15 15:59:59","0","1","2000","334","2415","-1","80","0","81","101","2025/08/15 05:00:00"
"0","0","2025/08/29 04:59:59","0","1","2000","1","2416","49","80","0","82","102","2025/08/15 05:00:00"
"0","0","2025/08/15 15:59:59","0","1","2000","334","2417","-1","80","0","82","102","2025/08/15 05:00:00"
"0","0","2025/08/29 04:59:59","0","1","2000","1","2418","49","80","0","83","111","2025/08/15 05:00:00"
"0","0","2025/08/15 15:59:59","0","1","2000","334","2419","-1","80","0","83","111","2025/08/15 05:00:00"
"0","0","2025/08/29 04:59:59","0","1","2000","1","2420","-1","80","0","84","109","2025/08/15 05:00:00"
"0","0","2025/08/29 04:59:59","0","1","2000","1","2421","-1","80","0","85","112","2025/08/15 05:00:00"
"0","0","2025/08/29 04:59:59","0","1","2000","1","2422","-1","80","0","351","8004","2025/08/15 05:00:00"
"0","0","2025/08/29 04:59:59","0","1","2000","1","2423","-1","80","0","352","8005","2025/08/15 05:00:00"
"0","0","2025/08/29 04:59:59","0","1","2000","1","2424","-1","80","0","641","130","2025/08/15 05:00:00"
"0","0","2025/09/01 04:59:59","0","1","2500","1","2425","-1","100","0","91","101","2025/08/18 05:00:00"
"0","0","2025/09/01 04:59:59","0","1","2500","1","2426","-1","100","0","92","102","2025/08/18 05:00:00"
"0","0","2025/09/01 04:59:59","0","1","2500","1","2427","-1","100","0","93","111","2025/08/18 05:00:00"
"0","0","2025/09/01 04:59:59","0","1","2500","1","2428","-1","100","0","94","109","2025/08/18 05:00:00"
"0","0","2025/09/01 04:59:59","0","1","2500","1","2429","-1","100","0","95","112","2025/08/18 05:00:00"
"0","0","2025/09/01 04:59:59","0","1","2500","1","2430","-1","100","0","100","8004","2025/08/18 05:00:00"
"0","0","2025/09/01 04:59:59","0","1","2500","1","2431","-1","100","0","101","8005","2025/08/18 05:00:00"
"0","0","2025/08/24 04:59:59","0","1","2500","1","2432","-1","100","0","1041","6114","2025/08/18 05:00:00"
"0","0","2025/08/25 15:59:59","0","1","2500","1","2434","-1","100","0","98","7004","2025/08/18 16:00:00"
"0","0","2025/08/25 15:59:59","0","1","2500","1","2435","-1","100","0","99","7005","2025/08/18 16:00:00"
"0","0","2025/09/01 04:59:59","0","1","2500","1","2436","-1","100","0","651","130","2025/08/18 05:00:00"
"0","0","2025/08/25 15:59:59","0","1","2000","1","2437","-1","80","0","251","7004","2025/08/18 16:00:00"
"0","0","2025/08/25 15:59:59","0","1","2000","1","2438","-1","80","0","252","7005","2025/08/18 16:00:00"
"0","0","2025/08/26 04:59:59","0","1","5000","301","2439","-1","30","0","32","102","2025/08/21 05:00:00"
"0","0","2025/08/26 04:59:59","0","1","5000","301","2440","-1","40","0","42","102","2025/08/21 05:00:00"
"0","0","2025/08/29 04:59:59","0","1","5000","1","2441","-1","30","0","37","109","2025/08/26 05:00:00"
"0","0","2025/08/29 04:59:59","0","1","5000","1","2442","-1","30","0","38","112","2025/08/26 05:00:00"
"0","0","2025/09/01 04:59:59","0","1","2000","301","2443","-1","30","0","31","101","2025/08/27 05:00:00"
"0","0","2025/09/01 04:59:59","0","1","2000","301","2444","-1","40","0","41","101","2025/08/27 05:00:00"
"0","0","2025/08/29 04:59:59","0","1","2000","337","2445","-1","80","0","81","101","2025/08/15 16:00:00"
"0","0","2025/08/29 04:59:59","0","1","2000","337","2446","-1","80","0","82","102","2025/08/15 16:00:00"
"0","0","2025/08/29 04:59:59","0","1","2000","337","2447","-1","80","0","83","111","2025/08/15 16:00:00"
"0","0","2025/08/21 04:59:59","0","1","5000","301","2448","-1","30","0","31","101","2025/08/15 16:00:00"
"0","0","2025/08/21 04:59:59","0","1","3000","301","2449","-1","40","0","41","101","2025/08/15 16:00:00"
"0","0","2025/09/16 04:59:59","0","1","2000","1","2450","-1","40","0","45","104","2025/09/01 05:00:00"
"0","0","2025/09/18 04:59:59","0","1","2000","301","2451","-1","30","0","39","111","2025/09/01 05:00:00"
"0","0","2025/09/18 04:59:59","0","1","2000","301","2452","-1","40","0","49","111","2025/09/01 05:00:00"
"0","0","2025/09/13 04:59:59","0","1","2000","1","2453","-1","30","0","37","109","2025/09/01 05:00:00"
"0","0","2025/09/13 04:59:59","0","1","2000","1","2454","-1","30","0","38","112","2025/09/01 05:00:00"
"0","0","2025/09/07 04:59:59","0","1","2000","1","2455","-1","30","0","34","103","2025/09/01 05:00:00"
"0","0","2025/09/07 04:59:59","0","1","2000","1","2456","-1","40","0","44","103","2025/09/01 05:00:00"
"0","0","2025/09/24 04:59:59","0","1","1500","1","2457","-1","80","0","1051","6114","2025/09/01 05:00:00"
"0","0","2025/09/20 04:59:59","0","1","3000","301","2458","-1","30","0","31","101","2025/09/15 05:00:00"
"0","0","2025/09/20 04:59:59","0","1","2000","301","2459","-1","40","0","41","101","2025/09/15 05:00:00"
"0","0","2025/09/25 15:59:59","0","1","1500","1","2460","-1","80","0","251","7004","2025/09/18 16:00:00"
"0","0","2025/09/25 15:59:59","0","1","1500","1","2461","-1","80","0","252","7005","2025/09/18 16:00:00"
"0","0","2025/09/30 04:59:59","0","1","2000","301","2462","-1","30","0","31","101","2025/09/20 05:00:00"
"0","0","2025/09/30 04:59:59","0","1","2000","301","2463","-1","40","0","41","101","2025/09/20 05:00:00"
"0","0","2025/10/01 04:59:59","0","1","2000","301","2464","-1","30","0","32","102","2025/09/24 05:00:00"
"0","0","2025/10/01 04:59:59","0","1","2000","301","2465","-1","40","0","42","102","2025/09/24 05:00:00"
"0","0","2025/10/01 04:59:59","0","1","1500","1","2466","49","80","0","81","101","2025/09/24 05:00:00"
"0","0","2025/10/01 04:59:59","0","1","1500","340","2467","-1","80","0","81","101","2025/09/24 05:00:00"
"0","0","2025/10/01 04:59:59","0","1","1500","1","2468","49","80","0","82","102","2025/09/24 05:00:00"
"0","0","2025/10/01 04:59:59","0","1","1500","340","2469","-1","80","0","82","102","2025/09/24 05:00:00"
"0","0","2025/10/01 04:59:59","0","1","1500","1","2470","49","80","0","83","111","2025/09/24 05:00:00"
"0","0","2025/10/01 04:59:59","0","1","1500","340","2471","-1","80","0","83","111","2025/09/24 05:00:00"
"0","0","2025/10/01 04:59:59","0","1","1500","1","2472","-1","80","0","84","109","2025/09/24 05:00:00"
"0","0","2025/10/01 04:59:59","0","1","1500","1","2473","-1","80","0","85","112","2025/09/24 05:00:00"
"0","0","2025/10/01 04:59:59","0","1","1500","1","2474","-1","80","0","351","8004","2025/09/24 05:00:00"
"0","0","2025/10/01 04:59:59","0","1","1500","1","2475","-1","80","0","352","8005","2025/09/24 05:00:00"
"0","0","2025/10/01 04:59:59","0","1","1500","1","2476","-1","80","0","641","130","2025/09/24 05:00:00"
"0","0","2025/10/01 04:59:59","0","1","1500","1","2477","-1","100","0","91","101","2025/09/26 05:00:00"
"0","0","2025/10/01 04:59:59","0","1","1500","1","2478","-1","100","0","92","102","2025/09/26 05:00:00"
"0","0","2025/10/01 04:59:59","0","1","1500","1","2479","-1","100","0","93","111","2025/09/26 05:00:00"
"0","0","2025/10/01 04:59:59","0","1","1500","1","2480","-1","100","0","94","109","2025/09/26 05:00:00"
"0","0","2025/10/01 04:59:59","0","1","1500","1","2481","-1","100","0","95","112","2025/09/26 05:00:00"
"0","0","2025/10/01 04:59:59","0","1","1500","1","2482","-1","100","0","100","8004","2025/09/26 05:00:00"
"0","0","2025/10/01 04:59:59","0","1","1500","1","2483","-1","100","0","101","8005","2025/09/26 05:00:00"
"0","0","2025/10/01 04:59:59","0","1","1500","1","2484","-1","100","0","651","130","2025/09/26 05:00:00"
"0","0","2025/09/20 04:59:59","0","1","2000","1","2485","-1","120","0","541","122","2025/09/15 05:00:00"
"0","0","2025/10/17 04:59:59","0","1","2000","1","2486","-1","40","0","45","104","2025/10/01 05:00:00"
"0","0","2025/10/11 04:59:59","0","1","2000","1","2487","-1","30","0","34","103","2025/10/01 05:00:00"
"0","0","2025/10/11 04:59:59","0","1","2000","1","2488","-1","40","0","44","103","2025/10/01 05:00:00"
"0","0","2025/10/16 04:59:59","0","1","3000","1","2489","-1","30","0","37","109","2025/10/01 05:00:00"
"0","0","2025/10/16 04:59:59","0","1","3000","1","2490","-1","30","0","38","112","2025/10/01 05:00:00"
"0","0","2025/10/24 04:59:59","0","1","4000","301","2491","-1","30","0","31","101","2025/10/01 05:00:00"
"0","0","2025/10/24 04:59:59","0","1","3000","301","2492","-1","40","0","41","101","2025/10/01 05:00:00"
"0","0","2025/10/16 04:59:59","0","1","3000","301","2493","-1","30","0","32","102","2025/10/01 05:00:00"
"0","0","2025/10/16 04:59:59","0","1","3000","301","2494","-1","40","0","42","102","2025/10/01 05:00:00"
"0","0","2025/10/24 04:59:59","0","1","1500","1","2495","-1","80","0","1051","6114","2025/10/01 16:00:00"
"0","0","2025/10/21 04:59:59","0","1","2000","1","2496","-1","30","0","37","109","2025/10/16 05:00:00"
"0","0","2025/10/21 04:59:59","0","1","2000","1","2497","-1","30","0","38","112","2025/10/16 05:00:00"
"0","0","2025/10/24 04:59:59","0","1","3000","301","2498","-1","30","0","39","111","2025/10/16 05:00:00"
"0","0","2025/10/24 04:59:59","0","1","3000","301","2499","-1","40","0","49","111","2025/10/16 05:00:00"
"0","0","2025/10/25 15:59:59","0","1","1500","1","2500","-1","80","0","251","7004","2025/10/18 16:00:00"
"0","0","2025/10/25 15:59:59","0","1","1500","1","2501","-1","80","0","252","7005","2025/10/18 16:00:00"
"0","0","2025/10/29 04:59:59","0","1","2000","301","2502","-1","30","0","31","101","2025/10/24 05:00:00"
"0","0","2025/10/29 04:59:59","0","1","2000","301","2503","-1","40","0","41","101","2025/10/24 05:00:00"
"0","0","2025/11/01 04:59:59","0","1","1500","1","2504","49","80","0","81","101","2025/10/25 05:00:00"
"0","0","2025/11/01 04:59:59","0","1","1500","343","2505","-1","80","0","81","101","2025/10/25 05:00:00"
"0","0","2025/11/01 04:59:59","0","1","1500","1","2506","49","80","0","82","102","2025/10/25 05:00:00"
"0","0","2025/11/01 04:59:59","0","1","1500","343","2507","-1","80","0","82","102","2025/10/25 05:00:00"
"0","0","2025/11/01 04:59:59","0","1","1500","1","2508","49","80","0","83","111","2025/10/25 05:00:00"
"0","0","2025/11/01 04:59:59","0","1","1500","343","2509","-1","80","0","83","111","2025/10/25 05:00:00"
"0","0","2025/11/01 04:59:59","0","1","1500","1","2510","-1","80","0","84","109","2025/10/25 05:00:00"
"0","0","2025/11/01 04:59:59","0","1","1500","1","2511","-1","80","0","85","112","2025/10/25 05:00:00"
"0","0","2025/11/01 04:59:59","0","1","1500","1","2512","-1","80","0","351","8004","2025/10/25 05:00:00"
"0","0","2025/11/01 04:59:59","0","1","1500","1","2513","-1","80","0","352","8005","2025/10/25 05:00:00"
"0","0","2025/11/01 04:59:59","0","1","1500","1","2514","-1","80","0","641","130","2025/10/25 05:00:00"
"0","0","2025/11/01 04:59:59","0","1","1500","1","2515","-1","100","0","91","101","2025/10/27 05:00:00"
"0","0","2025/11/01 04:59:59","0","1","1500","1","2516","-1","100","0","92","102","2025/10/27 05:00:00"
"0","0","2025/11/01 04:59:59","0","1","1500","1","2517","-1","100","0","93","111","2025/10/27 05:00:00"
"0","0","2025/11/01 04:59:59","0","1","1500","1","2518","-1","100","0","94","109","2025/10/27 05:00:00"
"0","0","2025/11/01 04:59:59","0","1","1500","1","2519","-1","100","0","95","112","2025/10/27 05:00:00"
"0","0","2025/11/01 04:59:59","0","1","1500","1","2520","-1","100","0","100","8004","2025/10/27 05:00:00"
"0","0","2025/11/01 04:59:59","0","1","1500","1","2521","-1","100","0","101","8005","2025/10/27 05:00:00"
"0","0","2025/11/01 04:59:59","0","1","1500","1","2522","-1","100","0","651","130","2025/10/27 05:00:00"
"0","0","2025/11/01 04:59:59","0","1","2000","301","2523","-1","30","0","32","102","2025/10/27 05:00:00"
"0","0","2025/11/01 04:59:59","0","1","2000","301","2524","-1","40","0","42","102","2025/10/27 05:00:00"
"0","0","2025/10/10 04:59:59","0","1","2000","1","2525","-1","120","0","541","122","2025/10/05 05:00:00"
"0","0","2025/11/15 04:59:59","0","1","2000","1","2526","-1","40","0","45","104","2025/11/01 05:00:00"
"0","0","2025/11/17 04:59:59","0","1","2000","301","2527","-1","30","0","39","111","2025/11/01 05:00:00"
"0","0","2025/11/17 04:59:59","0","1","2000","301","2528","-1","40","0","49","111","2025/11/01 05:00:00"
"0","0","2025/11/13 04:59:59","0","1","2000","1","2529","-1","30","0","37","109","2025/11/01 05:00:00"
"0","0","2025/11/13 04:59:59","0","1","2000","1","2530","-1","30","0","38","112","2025/11/01 05:00:00"
"0","0","2025/11/10 04:59:59","0","1","2000","1","2531","-1","30","0","34","103","2025/11/01 05:00:00"
"0","0","2025/11/10 04:59:59","0","1","2000","1","2532","-1","40","0","44","103","2025/11/01 05:00:00"
"0","0","2025/11/24 04:59:59","0","1","1500","1","2533","-1","80","0","1051","6114","2025/11/01 16:00:00"
"0","0","2025/11/20 04:59:59","0","1","3000","301","2534","-1","30","0","31","101","2025/11/15 05:00:00"
"0","0","2025/11/20 04:59:59","0","1","2000","301","2535","-1","40","0","41","101","2025/11/15 05:00:00"
"0","0","2025/11/25 15:59:59","0","1","1500","1","2536","-1","80","0","251","7004","2025/11/18 16:00:00"
"0","0","2025/11/25 15:59:59","0","1","1500","1","2537","-1","80","0","252","7005","2025/11/18 16:00:00"
"0","0","2025/11/30 04:59:59","0","1","2000","301","2538","-1","30","0","31","101","2025/11/20 05:00:00"
"0","0","2025/11/30 04:59:59","0","1","2000","301","2539","-1","40","0","41","101","2025/11/20 05:00:00"
"0","0","2025/12/01 04:59:59","0","1","2000","301","2540","-1","30","0","32","102","2025/11/23 05:00:00"
"0","0","2025/12/01 04:59:59","0","1","2000","301","2541","-1","40","0","42","102","2025/11/23 05:00:00"
"0","0","2025/12/01 04:59:59","0","1","1500","1","2542","49","80","0","81","101","2025/11/24 05:00:00"
"0","0","2025/12/01 04:59:59","0","1","1500","346","2543","-1","80","0","81","101","2025/11/24 05:00:00"
"0","0","2025/12/01 04:59:59","0","1","1500","1","2544","49","80","0","82","102","2025/11/24 05:00:00"
"0","0","2025/12/01 04:59:59","0","1","1500","346","2545","-1","80","0","82","102","2025/11/24 05:00:00"
"0","0","2025/12/01 04:59:59","0","1","1500","1","2546","49","80","0","83","111","2025/11/24 05:00:00"
"0","0","2025/12/01 04:59:59","0","1","1500","346","2547","-1","80","0","83","111","2025/11/24 05:00:00"
"0","0","2025/12/01 04:59:59","0","1","1500","1","2548","-1","80","0","84","109","2025/11/24 05:00:00"
"0","0","2025/12/01 04:59:59","0","1","1500","1","2549","-1","80","0","85","112","2025/11/24 05:00:00"
"0","0","2025/12/01 04:59:59","0","1","1500","1","2550","-1","80","0","351","8004","2025/11/24 05:00:00"
"0","0","2025/12/01 04:59:59","0","1","1500","1","2551","-1","80","0","352","8005","2025/11/24 05:00:00"
"0","0","2025/12/01 04:59:59","0","1","1500","1","2552","-1","80","0","641","130","2025/11/24 05:00:00"
"0","0","2025/12/01 04:59:59","0","1","1500","1","2553","-1","100","0","91","101","2025/11/26 05:00:00"
"0","0","2025/12/01 04:59:59","0","1","1500","1","2554","-1","100","0","92","102","2025/11/26 05:00:00"
"0","0","2025/12/01 04:59:59","0","1","1500","1","2555","-1","100","0","93","111","2025/11/26 05:00:00"
"0","0","2025/12/01 04:59:59","0","1","1500","1","2556","-1","100","0","94","109","2025/11/26 05:00:00"
"0","0","2025/12/01 04:59:59","0","1","1500","1","2557","-1","100","0","95","112","2025/11/26 05:00:00"
"0","0","2025/12/01 04:59:59","0","1","1500","1","2558","-1","100","0","100","8004","2025/11/26 05:00:00"
"0","0","2025/12/01 04:59:59","0","1","1500","1","2559","-1","100","0","101","8005","2025/11/26 05:00:00"
"0","0","2025/12/01 04:59:59","0","1","1500","1","2560","-1","100","0","651","130","2025/11/26 05:00:00"
"0","0","2025/12/17 04:59:59","0","1","2000","1","2561","-1","40","0","45","104","2025/12/01 05:00:00"
"0","0","2025/12/15 15:59:59","0","1","2000","301","2562","-1","30","0","39","111","2025/12/01 05:00:00"
"0","0","2025/12/15 15:59:59","0","1","2000","301","2563","-1","40","0","49","111","2025/12/01 05:00:00"
"0","0","2025/12/13 04:59:59","0","1","2000","1","2564","-1","30","0","37","109","2025/12/01 05:00:00"
"0","0","2025/12/13 04:59:59","0","1","2000","1","2565","-1","30","0","38","112","2025/12/01 05:00:00"
"0","0","2025/12/09 04:59:59","0","1","2000","1","2566","-1","30","0","34","103","2025/12/01 05:00:00"
"0","0","2025/12/09 04:59:59","0","1","2000","1","2567","-1","40","0","44","103","2025/12/01 05:00:00"
"0","0","2025/12/24 04:59:59","0","1","1500","1","2568","-1","80","0","1051","6114","2025/12/01 16:00:00"
"0","0","2025/12/15 15:59:59","0","1","3000","301","2569","-1","30","0","31","101","2025/12/15 05:00:00"
"0","0","2025/12/15 15:59:59","0","1","2000","301","2570","-1","40","0","41","101","2025/12/15 05:00:00"
"0","0","2025/12/25 15:59:59","0","1","1500","1","2571","-1","80","0","251","7004","2025/12/18 16:00:00"
"0","0","2025/12/25 15:59:59","0","1","1500","1","2572","-1","80","0","252","7005","2025/12/18 16:00:00"
"0","0","2025/12/30 04:59:59","0","1","2000","311","2573","-1","30","0","31","101","2025/12/20 05:00:00"
"0","0","2025/12/30 04:59:59","0","1","2000","311","2574","-1","40","0","41","101","2025/12/20 05:00:00"
"0","0","2026/01/01 04:59:59","0","1","2000","311","2575","-1","30","0","32","102","2025/12/23 05:00:00"
"0","0","2026/01/01 04:59:59","0","1","2000","311","2576","-1","40","0","42","102","2025/12/23 05:00:00"
"0","0","2026/01/01 04:59:59","0","1","1500","1","2577","49","80","0","81","101","2025/12/25 05:00:00"
"0","0","2026/01/01 04:59:59","0","1","1500","349","2578","-1","80","0","81","101","2025/12/25 05:00:00"
"0","0","2026/01/01 04:59:59","0","1","1500","1","2579","49","80","0","82","102","2025/12/25 05:00:00"
"0","0","2026/01/01 04:59:59","0","1","1500","349","2580","-1","80","0","82","102","2025/12/25 05:00:00"
"0","0","2026/01/01 04:59:59","0","1","1500","1","2581","49","80","0","83","111","2025/12/25 05:00:00"
"0","0","2026/01/01 04:59:59","0","1","1500","349","2582","-1","80","0","83","111","2025/12/25 05:00:00"
"0","0","2026/01/01 04:59:59","0","1","1500","1","2583","-1","80","0","84","109","2025/12/25 05:00:00"
"0","0","2026/01/01 04:59:59","0","1","1500","1","2584","-1","80","0","85","112","2025/12/25 05:00:00"
"0","0","2026/01/01 04:59:59","0","1","1500","1","2585","-1","80","0","351","8004","2025/12/25 05:00:00"
"0","0","2026/01/01 04:59:59","0","1","1500","1","2586","-1","80","0","352","8005","2025/12/25 05:00:00"
"0","0","2026/01/01 04:59:59","0","1","1500","1","2587","-1","80","0","641","130","2025/12/25 05:00:00"
"0","0","2026/01/01 04:59:59","0","1","1500","1","2588","-1","100","0","91","101","2025/12/27 05:00:00"
"0","0","2026/01/01 04:59:59","0","1","1500","1","2589","-1","100","0","92","102","2025/12/27 05:00:00"
"0","0","2026/01/01 04:59:59","0","1","1500","1","2590","-1","100","0","93","111","2025/12/27 05:00:00"
"0","0","2026/01/01 04:59:59","0","1","1500","1","2591","-1","100","0","94","109","2025/12/27 05:00:00"
"0","0","2026/01/01 04:59:59","0","1","1500","1","2592","-1","100","0","95","112","2025/12/27 05:00:00"
"0","0","2026/01/01 04:59:59","0","1","1500","1","2593","-1","100","0","100","8004","2025/12/27 05:00:00"
"0","0","2026/01/01 04:59:59","0","1","1500","1","2594","-1","100","0","101","8005","2025/12/27 05:00:00"
"0","0","2026/01/01 04:59:59","0","1","1500","1","2595","-1","100","0","651","130","2025/12/27 05:00:00"
"0","0","2025/12/20 04:59:59","0","1","3000","311","2596","-1","30","0","31","101","2025/12/15 16:00:00"
"0","0","2025/12/20 04:59:59","0","1","2000","311","2597","-1","40","0","41","101","2025/12/15 16:00:00"
"0","0","2025/12/19 04:59:59","0","1","2000","311","2598","-1","30","0","39","111","2025/12/15 16:00:00"
"0","0","2025/12/19 04:59:59","0","1","2000","311","2599","-1","40","0","49","111","2025/12/15 16:00:00"
"0","0","2026/01/15 04:59:59","0","1","2000","1","2600","-1","40","0","45","104","2026/01/01 05:00:00"
"0","0","2026/01/14 04:59:59","0","1","2000","1","2601","-1","30","0","37","109","2026/01/01 05:00:00"
"0","0","2026/01/14 04:59:59","0","1","2000","1","2602","-1","30","0","38","112","2026/01/01 05:00:00"
"0","0","2026/01/07 04:59:59","0","1","2000","1","2603","-1","30","0","34","103","2026/01/01 05:00:00"
"0","0","2026/01/07 04:59:59","0","1","2000","1","2604","-1","40","0","44","103","2026/01/01 05:00:00"
"0","0","2026/01/24 04:59:59","0","1","1500","1","2605","-1","80","0","1051","6114","2026/01/01 16:00:00"
"0","0","2026/02/01 04:59:59","0","1","2000","311","2606","-1","30","0","39","111","2026/01/15 05:00:00"
"0","0","2026/02/01 04:59:59","0","1","2000","311","2607","-1","40","0","49","111","2026/01/15 05:00:00"
"0","0","2026/01/20 04:59:59","0","1","3000","311","2608","-1","30","0","31","101","2026/01/15 05:00:00"
"0","0","2026/01/20 04:59:59","0","1","2000","311","2609","-1","40","0","41","101","2026/01/15 05:00:00"
"0","0","2026/01/25 15:59:59","0","1","1500","1","2610","-1","80","0","251","7004","2026/01/18 16:00:00"
"0","0","2026/01/25 15:59:59","0","1","1500","1","2611","-1","80","0","252","7005","2026/01/18 16:00:00"
"0","0","2026/02/01 04:59:59","0","1","2000","311","2612","-1","30","0","31","101","2026/01/20 05:00:00"
"0","0","2026/02/01 04:59:59","0","1","2000","311","2613","-1","40","0","41","101","2026/01/20 05:00:00"
"0","0","2026/01/24 04:59:59","0","1","2000","311","2614","-1","30","0","32","102","2026/01/20 05:00:00"
"0","0","2026/01/24 04:59:59","0","1","2000","311","2615","-1","40","0","42","102","2026/01/20 05:00:00"
"0","0","2026/02/01 04:59:59","0","1","1500","1","2616","49","80","0","81","101","2026/01/25 05:00:00"
"0","0","2026/02/01 04:59:59","0","1","1500","352","2617","-1","80","0","81","101","2026/01/25 05:00:00"
"0","0","2026/02/01 04:59:59","0","1","1500","1","2618","49","80","0","82","102","2026/01/25 05:00:00"
"0","0","2026/02/01 04:59:59","0","1","1500","352","2619","-1","80","0","82","102","2026/01/25 05:00:00"
"0","0","2026/02/01 04:59:59","0","1","1500","1","2620","49","80","0","83","111","2026/01/25 05:00:00"
"0","0","2026/02/01 04:59:59","0","1","1500","352","2621","-1","80","0","83","111","2026/01/25 05:00:00"
"0","0","2026/02/01 04:59:59","0","1","1500","1","2622","-1","80","0","84","109","2026/01/25 05:00:00"
"0","0","2026/02/01 04:59:59","0","1","1500","1","2623","-1","80","0","85","112","2026/01/25 05:00:00"
"0","0","2026/02/01 04:59:59","0","1","1500","1","2624","-1","80","0","351","8004","2026/01/25 05:00:00"
"0","0","2026/02/01 04:59:59","0","1","1500","1","2625","-1","80","0","352","8005","2026/01/25 05:00:00"
"0","0","2026/02/01 04:59:59","0","1","1500","1","2626","-1","80","0","641","130","2026/01/25 05:00:00"
"0","0","2026/02/01 04:59:59","0","1","1500","1","2627","-1","100","0","91","101","2026/01/27 05:00:00"
"0","0","2026/02/01 04:59:59","0","1","1500","1","2628","-1","100","0","92","102","2026/01/27 05:00:00"
"0","0","2026/02/01 04:59:59","0","1","1500","1","2629","-1","100","0","93","111","2026/01/27 05:00:00"
"0","0","2026/02/01 04:59:59","0","1","1500","1","2630","-1","100","0","94","109","2026/01/27 05:00:00"
"0","0","2026/02/01 04:59:59","0","1","1500","1","2631","-1","100","0","95","112","2026/01/27 05:00:00"
"0","0","2026/02/01 04:59:59","0","1","1500","1","2632","-1","100","0","100","8004","2026/01/27 05:00:00"
"0","0","2026/02/01 04:59:59","0","1","1500","1","2633","-1","100","0","101","8005","2026/01/27 05:00:00"
"0","0","2026/02/01 04:59:59","0","1","1500","1","2634","-1","100","0","651","130","2026/01/27 05:00:00"
"0","0","2026/02/18 04:59:59","0","1","2000","1","2635","-1","40","0","45","104","2026/02/01 05:00:00"
"0","0","2026/02/07 04:59:59","0","1","2000","1","2636","-1","30","0","37","109","2026/02/01 05:00:00"
"0","0","2026/02/07 04:59:59","0","1","2000","1","2637","-1","30","0","38","112","2026/02/01 05:00:00"
"0","0","2026/02/07 04:59:59","0","1","4000","1","2638","-1","30","0","34","103","2026/02/01 05:00:00"
"0","0","2026/02/07 04:59:59","0","1","4000","1","2639","-1","40","0","44","103","2026/02/01 05:00:00"
"0","0","2026/02/12 04:59:59","0","1","1500","1","2640","-1","80","0","1051","6114","2026/02/01 16:00:00"
"0","0","2026/02/24 04:59:59","0","1","2000","1","2641","-1","80","0","1051","6114","2026/02/12 05:00:00"
"0","0","2026/02/12 04:59:59","0","1","4000","311","2642","-1","30","0","39","111","2026/02/07 05:00:00"
"0","0","2026/02/12 04:59:59","0","1","4000","311","2643","-1","40","0","49","111","2026/02/07 05:00:00"
"0","0","2026/02/12 04:59:59","0","1","1500","1","2644","-1","80","0","251","7004","2026/02/10 16:00:00"
"0","0","2026/02/12 04:59:59","0","1","1500","1","2645","-1","80","0","252","7005","2026/02/10 16:00:00"
"0","0","2026/02/22 15:59:59","0","1","2000","1","2646","-1","80","0","251","7004","2026/02/12 05:00:00"
"0","0","2026/02/22 15:59:59","0","1","2000","1","2647","-1","80","0","252","7005","2026/02/12 05:00:00"
"0","0","2026/02/18 04:59:59","0","1","4000","311","2648","-1","30","0","32","102","2026/02/12 05:00:00"
"0","0","2026/02/18 04:59:59","0","1","4000","311","2649","-1","40","0","42","102","2026/02/12 05:00:00"
"0","0","2026/03/01 04:59:59","0","1","2500","1","2650","-1","100","0","91","101","2026/02/12 05:00:00"
"0","0","2026/03/01 04:59:59","0","1","2500","1","2651","-1","100","0","92","102","2026/02/12 05:00:00"
"0","0","2026/03/01 04:59:59","0","1","2500","1","2652","-1","100","0","93","111","2026/02/12 05:00:00"
"0","0","2026/03/01 04:59:59","0","1","2500","1","2653","-1","100","0","94","109","2026/02/12 05:00:00"
"0","0","2026/03/01 04:59:59","0","1","2500","1","2654","-1","100","0","95","112","2026/02/12 05:00:00"
"0","0","2026/03/01 04:59:59","0","1","2500","1","2655","-1","100","0","100","8004","2026/02/12 05:00:00"
"0","0","2026/03/01 04:59:59","0","1","2500","1","2656","-1","100","0","101","8005","2026/02/12 05:00:00"
"0","0","2026/03/01 04:59:59","0","1","2500","1","2657","-1","100","0","651","130","2026/02/12 05:00:00"
"0","0","2026/02/22 15:59:59","0","1","2500","1","2658","-1","100","0","98","7004","2026/02/12 05:00:00"
"0","0","2026/02/22 15:59:59","0","1","2500","1","2659","-1","100","0","99","7005","2026/02/12 05:00:00"
"0","0","2026/02/24 04:59:59","0","1","2500","1","2660","-1","100","0","1041","6114","2026/02/12 05:00:00"
"0","0","2026/03/01 04:59:59","0","1","2000","1","2661","49","80","0","81","101","2026/02/12 05:00:00"
"0","0","2026/02/15 15:59:59","0","1","2000","352","2662","-1","80","0","81","101","2026/02/12 05:00:00"
"0","0","2026/03/01 04:59:59","0","1","2000","1","2663","49","80","0","82","102","2026/02/12 05:00:00"
"0","0","2026/02/15 15:59:59","0","1","2000","352","2664","-1","80","0","82","102","2026/02/12 05:00:00"
"0","0","2026/03/01 04:59:59","0","1","2000","1","2665","49","80","0","83","111","2026/02/12 05:00:00"
"0","0","2026/02/15 15:59:59","0","1","2000","352","2666","-1","80","0","83","111","2026/02/12 05:00:00"
"0","0","2026/03/01 04:59:59","0","1","2000","1","2667","-1","80","0","84","109","2026/02/12 05:00:00"
"0","0","2026/03/01 04:59:59","0","1","2000","1","2668","-1","80","0","85","112","2026/02/12 05:00:00"
"0","0","2026/03/01 04:59:59","0","1","2000","1","2669","-1","80","0","351","8004","2026/02/12 05:00:00"
"0","0","2026/03/01 04:59:59","0","1","2000","1","2670","-1","80","0","352","8005","2026/02/12 05:00:00"
"0","0","2026/03/01 04:59:59","0","1","2000","1","2671","-1","80","0","641","130","2026/02/12 05:00:00"
"0","0","2026/02/21 04:59:59","0","1","4000","311","2672","-1","30","0","31","101","2026/02/15 05:00:00"
"0","0","2026/02/21 04:59:59","0","1","2000","311","2673","-1","40","0","41","101","2026/02/15 05:00:00"
"0","0","2026/03/01 04:59:59","0","1","4000","1","2674","-1","30","0","37","109","2026/02/18 05:00:00"
"0","0","2026/03/01 04:59:59","0","1","4000","1","2675","-1","30","0","38","112","2026/02/18 05:00:00"
"0","0","2026/02/27 04:59:59","0","1","2000","311","2676","-1","30","0","39","111","2026/02/21 05:00:00"
"0","0","2026/02/27 04:59:59","0","1","2000","311","2677","-1","40","0","49","111","2026/02/21 05:00:00"
"0","0","2026/02/26 04:59:59","0","1","2000","311","2678","-1","30","0","31","101","2026/02/21 05:00:00"
"0","0","2026/02/26 04:59:59","0","1","2000","311","2679","-1","40","0","41","101","2026/02/21 05:00:00"
"0","0","2026/03/01 04:59:59","0","1","2000","311","2680","-1","30","0","32","102","2026/02/25 05:00:00"
"0","0","2026/03/01 04:59:59","0","1","2000","311","2681","-1","40","0","42","102","2026/02/25 05:00:00"
"0","0","2026/03/01 04:59:59","0","1","2000","355","2682","-1","80","0","81","101","2026/02/15 16:00:00"
"0","0","2026/03/01 04:59:59","0","1","2000","355","2683","-1","80","0","82","102","2026/02/15 16:00:00"
"0","0","2026/03/01 04:59:59","0","1","2000","355","2684","-1","80","0","83","111","2026/02/15 16:00:00"
"0","0","2026/03/17 04:59:59","0","1","2000","1","2685","-1","40","0","45","104","2026/03/01 05:00:00"
"0","0","2026/03/13 04:59:59","0","1","2000","1","2686","-1","30","0","37","109","2026/03/01 05:00:00"
"0","0","2026/03/13 04:59:59","0","1","2000","1","2687","-1","30","0","38","112","2026/03/01 05:00:00"
"0","0","2026/03/09 04:59:59","0","1","2000","1","2688","-1","30","0","34","103","2026/03/01 05:00:00"
"0","0","2026/03/09 04:59:59","0","1","2000","1","2689","-1","40","0","44","103","2026/03/01 05:00:00"
"0","0","2026/03/11 04:59:59","0","1","3000","311","2690","-1","30","0","39","111","2026/03/01 05:00:00"
"0","0","2026/03/11 04:59:59","0","1","3000","311","2691","-1","40","0","49","111","2026/03/01 05:00:00"
"0","0","2026/03/06 04:59:59","0","1","2000","311","2692","-1","30","0","31","101","2026/03/01 05:00:00"
"0","0","2026/03/06 04:59:59","0","1","2000","311","2693","-1","40","0","41","101","2026/03/01 05:00:00"
"0","0","2026/03/24 04:59:59","0","1","1500","1","2694","-1","80","0","1051","6114","2026/03/01 16:00:00"
"0","0","2026/03/15 15:59:59","0","1","2000","311","2695","-1","30","0","39","111","2026/03/11 05:00:00"
"0","0","2026/03/15 15:59:59","0","1","2000","311","2696","-1","40","0","49","111","2026/03/11 05:00:00"
"0","0","2026/03/15 15:59:59","0","1","2000","311","2697","-1","30","0","32","102","2026/03/15 05:00:00"
"0","0","2026/03/15 15:59:59","0","1","2000","311","2698","-1","40","0","42","102","2026/03/15 05:00:00"
"0","0","2026/03/15 15:59:59","0","1","3000","311","2699","-1","30","0","31","101","2026/03/15 05:00:00"
"0","0","2026/03/15 15:59:59","0","1","3000","311","2700","-1","40","0","41","101","2026/03/15 05:00:00"
"0","0","2026/03/20 04:59:59","0","1","2000","1","2701","-1","120","0","541","122","2026/03/15 05:00:00"
"0","0","2026/03/25 15:59:59","0","1","1500","1","2702","-1","80","0","251","7004","2026/03/18 16:00:00"
"0","0","2026/03/25 15:59:59","0","1","1500","1","2703","-1","80","0","252","7005","2026/03/18 16:00:00"
"0","0","2026/04/01 04:59:59","0","1","3000","321","2704","-1","30","0","32","102","2026/03/22 05:00:00"
"0","0","2026/04/01 04:59:59","0","1","3000","321","2705","-1","40","0","42","102","2026/03/22 05:00:00"
"0","0","2026/03/30 04:59:59","0","1","3000","321","2706","-1","30","0","31","101","2026/03/25 05:00:00"
"0","0","2026/03/30 04:59:59","0","1","2000","321","2707","-1","40","0","41","101","2026/03/25 05:00:00"
"0","0","2026/04/01 04:59:59","0","1","1500","1","2708","49","80","0","81","101","2026/03/25 05:00:00"
"0","0","2026/04/01 04:59:59","0","1","1500","358","2709","-1","80","0","81","101","2026/03/25 05:00:00"
"0","0","2026/04/01 04:59:59","0","1","1500","1","2710","49","80","0","82","102","2026/03/25 05:00:00"
"0","0","2026/04/01 04:59:59","0","1","1500","358","2711","-1","80","0","82","102","2026/03/25 05:00:00"
"0","0","2026/04/01 04:59:59","0","1","1500","1","2712","49","80","0","83","111","2026/03/25 05:00:00"
"0","0","2026/04/01 04:59:59","0","1","1500","358","2713","-1","80","0","83","111","2026/03/25 05:00:00"
"0","0","2026/04/01 04:59:59","0","1","1500","1","2714","-1","80","0","84","109","2026/03/25 05:00:00"
"0","0","2026/04/01 04:59:59","0","1","1500","1","2715","-1","80","0","85","112","2026/03/25 05:00:00"
"0","0","2026/04/01 04:59:59","0","1","1500","1","2716","-1","80","0","351","8004","2026/03/25 05:00:00"
"0","0","2026/04/01 04:59:59","0","1","1500","1","2717","-1","80","0","352","8005","2026/03/25 05:00:00"
"0","0","2026/04/01 04:59:59","0","1","1500","1","2718","-1","80","0","641","130","2026/03/25 05:00:00"
"0","0","2026/04/01 04:59:59","0","1","1500","1","2719","-1","100","0","91","101","2026/03/27 05:00:00"
"0","0","2026/04/01 04:59:59","0","1","1500","1","2720","-1","100","0","92","102","2026/03/27 05:00:00"
"0","0","2026/04/01 04:59:59","0","1","1500","1","2721","-1","100","0","93","111","2026/03/27 05:00:00"
"0","0","2026/04/01 04:59:59","0","1","1500","1","2722","-1","100","0","94","109","2026/03/27 05:00:00"
"0","0","2026/04/01 04:59:59","0","1","1500","1","2723","-1","100","0","95","112","2026/03/27 05:00:00"
"0","0","2026/04/01 04:59:59","0","1","1500","1","2724","-1","100","0","100","8004","2026/03/27 05:00:00"
"0","0","2026/04/01 04:59:59","0","1","1500","1","2725","-1","100","0","101","8005","2026/03/27 05:00:00"
"0","0","2026/04/01 04:59:59","0","1","1500","1","2726","-1","100","0","651","130","2026/03/27 05:00:00"
"0","0","2026/03/27 04:59:59","0","1","2000","321","2727","-1","30","0","39","111","2026/03/15 16:00:00"
"0","0","2026/03/27 04:59:59","0","1","2000","321","2728","-1","40","0","49","111","2026/03/15 16:00:00"
"0","0","2026/03/22 04:59:59","0","1","2000","321","2729","-1","30","0","32","102","2026/03/15 16:00:00"
"0","0","2026/03/22 04:59:59","0","1","2000","321","2730","-1","40","0","42","102","2026/03/15 16:00:00"
"0","0","2026/03/25 04:59:59","0","1","3000","321","2731","-1","30","0","31","101","2026/03/15 16:00:00"
"0","0","2026/03/25 04:59:59","0","1","3000","321","2732","-1","40","0","41","101","2026/03/15 16:00:00"
"0","0","2026/04/17 04:59:59","0","1","2000","1","2733","-1","40","0","45","104","2026/04/01 05:00:00"
"0","0","2026/04/12 04:59:59","0","1","2000","1","2734","-1","30","0","37","109","2026/04/01 05:00:00"
"0","0","2026/04/12 04:59:59","0","1","2000","1","2735","-1","30","0","38","112","2026/04/01 05:00:00"
"0","0","2026/04/18 04:59:59","0","1","2000","321","2736","-1","30","0","39","111","2026/04/01 05:00:00"
"0","0","2026/04/18 04:59:59","0","1","2000","321","2737","-1","40","0","49","111","2026/04/01 05:00:00"
"0","0","2026/04/09 04:59:59","0","1","2000","1","2738","-1","30","0","34","103","2026/04/01 05:00:00"
"0","0","2026/04/09 04:59:59","0","1","2000","1","2739","-1","40","0","44","103","2026/04/01 05:00:00"
"0","0","2026/04/24 04:59:59","0","1","1500","1","2740","-1","80","0","1051","6114","2026/04/01 16:00:00"
"0","0","2026/04/22 15:59:59","0","1","1500","1","2741","-1","80","0","251","7004","2026/04/11 16:00:00"
"0","0","2026/04/22 15:59:59","0","1","1500","1","2742","-1","80","0","252","7005","2026/04/11 16:00:00"
"0","0","2026/04/20 04:59:59","0","1","3000","321","2743","-1","30","0","31","101","2026/04/15 05:00:00"
"0","0","2026/04/20 04:59:59","0","1","2000","321","2744","-1","40","0","41","101","2026/04/15 05:00:00"
"0","0","2026/05/01 04:59:59","0","1","2000","321","2745","-1","30","0","31","101","2026/04/21 05:00:00"
"0","0","2026/05/01 04:59:59","0","1","2000","321","2746","-1","40","0","41","101","2026/04/21 05:00:00"
"0","0","2026/05/01 04:59:59","0","1","1500","1","2747","49","80","0","81","101","2026/04/24 05:00:00"
"0","0","2026/05/01 04:59:59","0","1","1500","361","2748","-1","80","0","81","101","2026/04/24 05:00:00"
"0","0","2026/05/01 04:59:59","0","1","1500","1","2749","49","80","0","82","102","2026/04/24 05:00:00"
"0","0","2026/05/01 04:59:59","0","1","1500","361","2750","-1","80","0","82","102","2026/04/24 05:00:00"
"0","0","2026/05/01 04:59:59","0","1","1500","1","2751","49","80","0","83","111","2026/04/24 05:00:00"
"0","0","2026/05/01 04:59:59","0","1","1500","361","2752","-1","80","0","83","111","2026/04/24 05:00:00"
"0","0","2026/05/01 04:59:59","0","1","1500","1","2753","-1","80","0","84","109","2026/04/24 05:00:00"
"0","0","2026/05/01 04:59:59","0","1","1500","1","2754","-1","80","0","85","112","2026/04/24 05:00:00"
"0","0","2026/05/01 04:59:59","0","1","1500","1","2755","-1","80","0","351","8004","2026/04/24 05:00:00"
"0","0","2026/05/01 04:59:59","0","1","1500","1","2756","-1","80","0","352","8005","2026/04/24 05:00:00"
"0","0","2026/05/01 04:59:59","0","1","1500","1","2757","-1","80","0","641","130","2026/04/24 05:00:00"
"0","0","2026/05/01 04:59:59","0","1","2000","321","2758","-1","30","0","32","102","2026/04/25 05:00:00"
"0","0","2026/05/01 04:59:59","0","1","2000","321","2759","-1","40","0","42","102","2026/04/25 05:00:00"
"0","0","2026/05/01 04:59:59","0","1","1500","1","2760","-1","100","0","91","101","2026/04/26 05:00:00"
"0","0","2026/05/01 04:59:59","0","1","1500","1","2761","-1","100","0","92","102","2026/04/26 05:00:00"
"0","0","2026/05/01 04:59:59","0","1","1500","1","2762","-1","100","0","93","111","2026/04/26 05:00:00"
"0","0","2026/05/01 04:59:59","0","1","1500","1","2763","-1","100","0","94","109","2026/04/26 05:00:00"
"0","0","2026/05/01 04:59:59","0","1","1500","1","2764","-1","100","0","95","112","2026/04/26 05:00:00"
"0","0","2026/05/01 04:59:59","0","1","1500","1","2765","-1","100","0","100","8004","2026/04/26 05:00:00"
"0","0","2026/05/01 04:59:59","0","1","1500","1","2766","-1","100","0","101","8005","2026/04/26 05:00:00"
"0","0","2026/05/01 04:59:59","0","1","1500","1","2767","-1","100","0","651","130","2026/04/26 05:00:00"
"0","0","2026/05/18 04:59:59","0","1","2000","1","2768","-1","40","0","45","104","2026/05/01 05:00:00"
"0","0","2026/05/07 04:59:59","0","1","3000","321","2769","-1","30","0","32","102","2026/05/01 05:00:00"
"0","0","2026/05/07 04:59:59","0","1","3000","321","2770","-1","40","0","42","102","2026/05/01 05:00:00"
"0","0","2026/05/06 04:59:59","0","1","3","1","2771","-1","90","0","75","102","2026/05/01 05:00:00"
"0","0","2026/05/12 04:59:59","0","1","3000","1","2772","-1","30","0","34","103","2026/05/01 05:00:00"
"0","0","2026/05/12 04:59:59","0","1","3000","1","2773","-1","40","0","44","103","2026/05/01 05:00:00"
"0","0","2026/05/08 04:59:59","0","1","2000","1","2774","-1","30","0","37","109","2026/05/01 05:00:00"
"0","0","2026/05/08 04:59:59","0","1","2000","1","2775","-1","30","0","38","112","2026/05/01 05:00:00"
"0","0","2026/05/24 04:59:59","0","1","1500","1","2776","-1","80","0","1051","6114","2026/05/01 16:00:00"
"0","0","2026/05/13 04:59:59","0","1","3000","321","2777","-1","30","0","39","111","2026/05/07 05:00:00"
"0","0","2026/05/13 04:59:59","0","1","3000","321","2778","-1","40","0","49","111","2026/05/07 05:00:00"
"0","0","2026/05/12 04:59:59","0","1","3","1","2779","-1","90","0","76","111","2026/05/07 05:00:00"
"0","0","2026/05/13 04:59:59","0","1","3000","1","2780","-1","30","0","37","109","2026/05/08 05:00:00"
"0","0","2026/05/13 04:59:59","0","1","3000","1","2781","-1","30","0","38","112","2026/05/08 05:00:00"
"0","0","2026/05/16 11:59:59","0","1","1","1","2782","-1","170","0","901","136","2026/05/10 12:00:00"
"0","0","2026/05/26 04:59:59","0","1","3000","321","2783","-1","30","0","31","101","2026/05/15 05:00:00"
"0","0","2026/05/26 04:59:59","0","1","2000","321","2784","-1","40","0","41","101","2026/05/15 05:00:00"
"0","0","2026/05/27 04:59:59","0","1","2000","321","2785","-1","30","0","39","111","2026/05/16 05:00:00"
"0","0","2026/05/27 04:59:59","0","1","2000","321","2786","-1","40","0","49","111","2026/05/16 05:00:00"
"0","0","2026/05/25 15:59:59","0","1","1500","1","2787","-1","80","0","251","7004","2026/05/18 16:00:00"
"0","0","2026/05/25 15:59:59","0","1","1500","1","2788","-1","80","0","252","7005","2026/05/18 16:00:00"
"0","0","2026/06/01 04:59:59","0","1","2500","1","2789","-1","100","0","91","101","2026/05/21 05:00:00"
"0","0","2026/06/01 04:59:59","0","1","2500","1","2790","-1","100","0","92","102","2026/05/21 05:00:00"
"0","0","2026/06/01 04:59:59","0","1","2500","1","2791","-1","100","0","93","111","2026/05/21 05:00:00"
"0","0","2026/06/01 04:59:59","0","1","2500","1","2792","-1","100","0","94","109","2026/05/21 05:00:00"
"0","0","2026/06/01 04:59:59","0","1","2500","1","2793","-1","100","0","95","112","2026/05/21 05:00:00"
"0","0","2026/06/01 04:59:59","0","1","2500","1","2794","-1","100","0","100","8004","2026/05/21 05:00:00"
"0","0","2026/06/01 04:59:59","0","1","2500","1","2795","-1","100","0","101","8005","2026/05/21 05:00:00"
"0","0","2026/06/01 04:59:59","0","1","2500","1","2796","-1","100","0","651","130","2026/05/21 05:00:00"
"0","0","2026/05/24 04:59:59","0","1","2500","1","2797","-1","100","0","1041","6114","2026/05/21 05:00:00"
"0","0","2026/05/25 15:59:59","0","1","2500","1","2798","-1","100","0","98","7004","2026/05/21 05:00:00"
"0","0","2026/05/25 15:59:59","0","1","2500","1","2799","-1","100","0","99","7005","2026/05/21 05:00:00"
"0","0","2026/06/01 04:59:59","0","1","1500","1","2800","49","80","0","81","101","2026/05/24 05:00:00"
"0","0","2026/06/01 04:59:59","0","1","1500","364","2801","-1","80","0","81","101","2026/05/24 05:00:00"
"0","0","2026/06/01 04:59:59","0","1","1500","1","2802","49","80","0","82","102","2026/05/24 05:00:00"
"0","0","2026/06/01 04:59:59","0","1","1500","364","2803","-1","80","0","82","102","2026/05/24 05:00:00"
"0","0","2026/06/01 04:59:59","0","1","1500","1","2804","49","80","0","83","111","2026/05/24 05:00:00"
"0","0","2026/06/01 04:59:59","0","1","1500","364","2805","-1","80","0","83","111","2026/05/24 05:00:00"
"0","0","2026/06/01 04:59:59","0","1","1500","1","2806","-1","80","0","84","109","2026/05/24 05:00:00"
"0","0","2026/06/01 04:59:59","0","1","1500","1","2807","-1","80","0","85","112","2026/05/24 05:00:00"
"0","0","2026/06/01 04:59:59","0","1","1500","1","2808","-1","80","0","351","8004","2026/05/24 05:00:00"
"0","0","2026/06/01 04:59:59","0","1","1500","1","2809","-1","80","0","352","8005","2026/05/24 05:00:00"
"0","0","2026/06/01 04:59:59","0","1","1500","1","2810","-1","80","0","641","130","2026/05/24 05:00:00"
"0","0","2026/06/01 04:59:59","0","1","2000","321","2811","-1","30","0","31","101","2026/05/27 05:00:00"
"0","0","2026/06/01 04:59:59","0","1","2000","321","2812","-1","40","0","41","101","2026/05/27 05:00:00"
"0","0","2026/06/01 04:59:59","0","1","2000","321","2813","-1","30","0","32","102","2026/05/27 05:00:00"
"0","0","2026/06/01 04:59:59","0","1","2000","321","2814","-1","40","0","42","102","2026/05/27 05:00:00"
"0","0","2026/06/22 04:59:59","0","1","2000","1","2815","-1","40","0","45","104","2026/06/01 05:00:00"
"0","0","2026/06/06 04:59:59","0","1","3000","1","2816","-1","30","0","34","103","2026/06/01 05:00:00"
"0","0","2026/06/06 04:59:59","0","1","3000","1","2817","-1","40","0","44","103","2026/06/01 05:00:00"
"0","0","2026/06/06 04:59:59","0","1","5","1","2818","-1","90","0","662","130","2026/06/01 05:00:00"
"0","0","2026/06/06 04:59:59","0","1","2000","1","2819","-1","30","0","621","130","2026/06/01 05:00:00"
"0","0","2026/06/06 04:59:59","0","1","2500","1","2820","-1","100","0","91","101","2026/06/01 05:00:00"
"0","0","2026/06/06 04:59:59","0","1","2500","1","2821","-1","100","0","92","102","2026/06/01 05:00:00"
"0","0","2026/06/06 04:59:59","0","1","2500","1","2822","-1","100","0","93","111","2026/06/01 05:00:00"
"0","0","2026/06/06 04:59:59","0","1","2500","1","2823","-1","100","0","94","109","2026/06/01 05:00:00"
"0","0","2026/06/06 04:59:59","0","1","2500","1","2824","-1","100","0","95","112","2026/06/01 05:00:00"
"0","0","2026/06/06 04:59:59","0","1","2500","1","2825","-1","100","0","100","8004","2026/06/01 05:00:00"
"0","0","2026/06/06 04:59:59","0","1","2500","1","2826","-1","100","0","101","8005","2026/06/01 05:00:00"
"0","0","2026/06/06 04:59:59","0","1","2500","1","2827","-1","100","0","651","130","2026/06/01 05:00:00"
"0","0","2026/06/06 04:59:59","0","1","2500","1","2828","-1","100","0","1041","6114","2026/06/01 16:00:00"
"0","0","2026/06/24 04:59:59","0","1","1500","1","2829","-1","80","0","1051","6114","2026/06/01 16:00:00"
"0","0","2026/06/12 04:59:59","0","1","2000","1","2830","-1","30","0","34","103","2026/06/06 05:00:00"
"0","0","2026/06/12 04:59:59","0","1","2000","1","2831","-1","40","0","44","103","2026/06/06 05:00:00"
"0","0","2026/06/11 04:59:59","0","1","3000","321","2832","-1","30","0","39","111","2026/06/06 05:00:00"
"0","0","2026/06/11 04:59:59","0","1","3000","321","2833","-1","40","0","49","111","2026/06/06 05:00:00"
"0","0","2026/06/13 04:59:59","0","1","1500","1","2834","-1","30","0","621","130","2026/06/06 05:00:00"
"0","0","2026/06/12 04:59:59","0","1","2000","321","2835","-1","30","0","32","102","2026/06/06 05:00:00"
"0","0","2026/06/12 04:59:59","0","1","2000","321","2836","-1","40","0","42","102","2026/06/06 05:00:00"
"0","0","2026/06/15 04:59:59","0","1","2000","1","2837","-1","120","0","541","122","2026/06/10 05:00:00"
"0","0","2026/06/15 15:59:59","0","1","3000","321","2838","-1","30","0","32","102","2026/06/12 05:00:00"
"0","0","2026/06/15 15:59:59","0","1","3000","321","2839","-1","40","0","42","102","2026/06/12 05:00:00"
"0","0","2026/06/15 15:59:59","0","1","2000","321","2840","-1","30","0","39","111","2026/06/11 05:00:00"
"0","0","2026/06/15 15:59:59","0","1","2000","321","2841","-1","40","0","49","111","2026/06/11 05:00:00"
"0","0","2026/06/15 15:59:59","0","1","3000","321","2842","-1","30","0","31","101","2026/06/15 05:00:00"
"0","0","2026/06/15 15:59:59","0","1","2000","321","2843","-1","40","0","41","101","2026/06/15 05:00:00"
"0","0","2026/06/25 15:59:59","0","1","1500","1","2844","-1","80","0","251","7004","2026/06/18 16:00:00"
"0","0","2026/06/25 15:59:59","0","1","1500","1","2845","-1","80","0","252","7005","2026/06/18 16:00:00"
"0","0","2026/07/01 04:59:59","0","1","1500","1","2846","49","80","0","81","101","2026/06/19 05:00:00"
"0","0","2026/07/01 04:59:59","0","1","1500","367","2847","-1","80","0","81","101","2026/06/19 05:00:00"
"0","0","2026/07/01 04:59:59","0","1","1500","1","2848","49","80","0","82","102","2026/06/19 05:00:00"
"0","0","2026/07/01 04:59:59","0","1","1500","367","2849","-1","80","0","82","102","2026/06/19 05:00:00"
"0","0","2026/07/01 04:59:59","0","1","1500","1","2850","49","80","0","83","111","2026/06/19 05:00:00"
"0","0","2026/07/01 04:59:59","0","1","1500","367","2851","-1","80","0","83","111","2026/06/19 05:00:00"
"0","0","2026/07/01 04:59:59","0","1","1500","1","2852","-1","80","0","84","109","2026/06/19 05:00:00"
"0","0","2026/07/01 04:59:59","0","1","1500","1","2853","-1","80","0","85","112","2026/06/19 05:00:00"
"0","0","2026/07/01 04:59:59","0","1","1500","1","2854","-1","80","0","351","8004","2026/06/19 05:00:00"
"0","0","2026/07/01 04:59:59","0","1","1500","1","2855","-1","80","0","352","8005","2026/06/19 05:00:00"
"0","0","2026/07/01 04:59:59","0","1","1500","1","2856","-1","80","0","641","130","2026/06/19 05:00:00"
"0","0","2026/07/01 04:59:59","0","1","2000","1","2857","-1","30","0","37","109","2026/06/20 05:00:00"
"0","0","2026/07/01 04:59:59","0","1","2000","1","2858","-1","30","0","38","112","2026/06/20 05:00:00"
"0","0","2026/07/01 04:59:59","0","1","2000","331","2859","-1","30","0","31","101","2026/06/23 05:00:00"
"0","0","2026/07/01 04:59:59","0","1","2000","331","2860","-1","40","0","41","101","2026/06/23 05:00:00"
"0","0","2026/07/01 04:59:59","0","1","1500","1","2861","-1","100","0","91","101","2026/06/26 05:00:00"
"0","0","2026/07/01 04:59:59","0","1","1500","1","2862","-1","100","0","92","102","2026/06/26 05:00:00"
"0","0","2026/07/01 04:59:59","0","1","1500","1","2863","-1","100","0","93","111","2026/06/26 05:00:00"
"0","0","2026/07/01 04:59:59","0","1","1500","1","2864","-1","100","0","94","109","2026/06/26 05:00:00"
"0","0","2026/07/01 04:59:59","0","1","1500","1","2865","-1","100","0","95","112","2026/06/26 05:00:00"
"0","0","2026/07/01 04:59:59","0","1","1500","1","2866","-1","100","0","100","8004","2026/06/26 05:00:00"
"0","0","2026/07/01 04:59:59","0","1","1500","1","2867","-1","100","0","101","8005","2026/06/26 05:00:00"
"0","0","2026/07/01 04:59:59","0","1","1500","1","2868","-1","100","0","651","130","2026/06/26 05:00:00"
"0","0","2026/06/20 04:59:59","0","1","3000","331","2869","-1","30","0","31","101","2026/06/15 16:00:00"
"0","0","2026/06/20 04:59:59","0","1","2000","331","2870","-1","40","0","41","101","2026/06/15 16:00:00"
"0","0","2026/06/17 04:59:59","0","1","3000","331","2871","-1","30","0","32","102","2026/06/15 16:00:00"
"0","0","2026/06/17 04:59:59","0","1","3000","331","2872","-1","40","0","42","102","2026/06/15 16:00:00"
"0","0","2026/06/28 04:59:59","0","1","2000","331","2873","-1","30","0","39","111","2026/06/15 16:00:00"
"0","0","2026/06/28 04:59:59","0","1","2000","331","2874","-1","40","0","49","111","2026/06/15 16:00:00"
"0","0","2026/07/16 04:59:59","0","1","2000","1","2875","-1","40","0","45","104","2026/07/01 05:00:00"
"0","0","2026/07/08 04:59:59","0","1","3","1","2876","-1","90","0","76","111","2026/07/01 05:00:00"
"0","0","2026/07/07 04:59:59","0","1","2000","1","2877","-1","30","0","34","103","2026/07/01 05:00:00"
"0","0","2026/07/07 04:59:59","0","1","2000","1","2878","-1","40","0","44","103","2026/07/01 05:00:00"
"0","0","2026/07/06 04:59:59","0","1","2000","1","2879","-1","30","0","621","130","2026/07/01 05:00:00"
"0","0","2026/07/18 04:59:59","0","1","2000","331","2880","-1","30","0","39","111","2026/07/01 05:00:00"
"0","0","2026/07/18 04:59:59","0","1","2000","331","2881","-1","40","0","49","111","2026/07/01 05:00:00"
"0","0","2026/07/24 04:59:59","0","1","1500","1","2882","-1","80","0","1051","6114","2026/07/01 16:00:00"
"0","0","2026/07/15 04:59:59","0","1","3","1","2883","-1","90","0","75","102","2026/07/08 05:00:00"
"0","0","2026/07/20 04:59:59","0","1","2000","331","2884","-1","30","0","32","102","2026/07/08 05:00:00"
"0","0","2026/07/20 04:59:59","0","1","2000","331","2885","-1","40","0","42","102","2026/07/08 05:00:00"
"0","0","2026/07/20 04:59:59","0","1","3000","331","2886","-1","30","0","31","101","2026/07/15 05:00:00"
"0","0","2026/07/20 04:59:59","0","1","2000","331","2887","-1","40","0","41","101","2026/07/15 05:00:00"
"0","0","2026/07/25 15:59:59","0","1","1500","1","2888","-1","80","0","251","7004","2026/07/18 16:00:00"
"0","0","2026/07/25 15:59:59","0","1","1500","1","2889","-1","80","0","252","7005","2026/07/18 16:00:00"
"0","0","2026/08/01 04:59:59","0","1","2000","331","2890","-1","30","0","31","101","2026/07/20 05:00:00"
"0","0","2026/08/01 04:59:59","0","1","2000","331","2891","-1","40","0","41","101","2026/07/20 05:00:00"
"0","0","2026/08/01 04:59:59","0","1","1500","1","2892","49","80","0","81","101","2026/07/25 05:00:00"
"0","0","2026/08/01 04:59:59","0","1","1500","370","2893","-1","80","0","81","101","2026/07/25 05:00:00"
"0","0","2026/08/01 04:59:59","0","1","1500","1","2894","49","80","0","82","102","2026/07/25 05:00:00"
"0","0","2026/08/01 04:59:59","0","1","1500","370","2895","-1","80","0","82","102","2026/07/25 05:00:00"
"0","0","2026/08/01 04:59:59","0","1","1500","1","2896","49","80","0","83","111","2026/07/25 05:00:00"
"0","0","2026/08/01 04:59:59","0","1","1500","370","2897","-1","80","0","83","111","2026/07/25 05:00:00"
"0","0","2026/08/01 04:59:59","0","1","1500","1","2898","-1","80","0","84","109","2026/07/25 05:00:00"
"0","0","2026/08/01 04:59:59","0","1","1500","1","2899","-1","80","0","85","112","2026/07/25 05:00:00"
"0","0","2026/08/01 04:59:59","0","1","1500","1","2900","-1","80","0","351","8004","2026/07/25 05:00:00"
"0","0","2026/08/01 04:59:59","0","1","1500","1","2901","-1","80","0","352","8005","2026/07/25 05:00:00"
"0","0","2026/08/01 04:59:59","0","1","1500","1","2902","-1","80","0","641","130","2026/07/25 05:00:00"
"0","0","2026/08/01 04:59:59","0","1","1500","1","2903","-1","100","0","91","101","2026/07/27 05:00:00"
"0","0","2026/08/01 04:59:59","0","1","1500","1","2904","-1","100","0","92","102","2026/07/27 05:00:00"
"0","0","2026/08/01 04:59:59","0","1","1500","1","2905","-1","100","0","93","111","2026/07/27 05:00:00"
"0","0","2026/08/01 04:59:59","0","1","1500","1","2906","-1","100","0","94","109","2026/07/27 05:00:00"
"0","0","2026/08/01 04:59:59","0","1","1500","1","2907","-1","100","0","95","112","2026/07/27 05:00:00"
"0","0","2026/08/01 04:59:59","0","1","1500","1","2908","-1","100","0","100","8004","2026/07/27 05:00:00"
"0","0","2026/08/01 04:59:59","0","1","1500","1","2909","-1","100","0","101","8005","2026/07/27 05:00:00"
"0","0","2026/08/01 04:59:59","0","1","1500","1","2910","-1","100","0","651","130","2026/07/27 05:00:00"
"0","0","2026/08/01 04:59:59","0","1","2000","1","2911","-1","40","0","341","8004","2026/07/27 05:00:00"
"0","0","2026/08/01 04:59:59","0","1","2000","1","2912","-1","40","0","342","8005","2026/07/27 05:00:00"
"0","0","2026/08/01 04:59:59","0","1","2000","1","2913","-1","30","0","331","8004","2026/07/27 05:00:00"
"0","0","2026/08/01 04:59:59","0","1","2000","1","2914","-1","30","0","332","8005","2026/07/27 05:00:00"
"0","0","2026/08/01 04:59:59","0","1","2000","1","2915","-1","30","0","37","109","2026/07/27 05:00:00"
"0","0","2026/08/01 04:59:59","0","1","2000","1","2916","-1","30","0","38","112","2026/07/27 05:00:00"
"0","0","2026/08/16 04:59:59","0","1","2000","1","2917","-1","40","0","45","104","2026/08/01 05:00:00"
"0","0","2026/08/11 04:59:59","0","1","5000","1","2918","-1","30","0","37","109","2026/08/01 05:00:00"
"0","0","2026/08/11 04:59:59","0","1","5000","1","2919","-1","30","0","38","112","2026/08/01 05:00:00"
"0","0","2026/08/05 04:59:59","0","1","2000","331","2920","-1","30","0","31","101","2026/08/01 05:00:00"
"0","0","2026/08/05 04:59:59","0","1","2000","331","2921","-1","40","0","41","101","2026/08/01 05:00:00"
"0","0","2026/08/05 04:59:59","0","1","2000","1","2922","-1","30","0","34","103","2026/08/01 05:00:00"
"0","0","2026/08/05 04:59:59","0","1","2000","1","2923","-1","40","0","44","103","2026/08/01 05:00:00"
"0","0","2026/08/15 04:59:59","0","1","1500","1","2924","-1","80","0","1051","6114","2026/08/01 16:00:00"
"0","0","2026/08/10 04:59:59","0","1","5000","1","2925","-1","30","0","34","103","2026/08/05 05:00:00"
"0","0","2026/08/10 04:59:59","0","1","5000","1","2926","-1","40","0","44","103","2026/08/05 05:00:00"
"0","0","2026/08/16 04:59:59","0","1","5000","331","2927","-1","30","0","39","111","2026/08/11 05:00:00"
"0","0","2026/08/16 04:59:59","0","1","5000","331","2928","-1","40","0","49","111","2026/08/11 05:00:00"
"0","0","2026/08/15 04:59:59","0","1","1500","1","2929","-1","80","0","1151","7114","2026/08/11 16:00:00"
"0","0","2026/08/24 04:59:59","0","1","50","1","2930","-1","10","0","1111","7114","2026/08/11 16:00:00"
"0","0","2026/08/20 04:59:59","0","1","5000","331","2931","-1","30","0","31","101","2026/08/15 05:00:00"
"0","0","2026/08/20 04:59:59","0","1","3000","331","2932","-1","40","0","41","101","2026/08/15 05:00:00"
"0","0","2026/08/15 15:59:59","0","1","2000","1","2933","49","80","0","81","101","2026/08/15 05:00:00"
"0","0","2026/08/15 15:59:59","0","1","2000","370","2934","-1","80","0","81","101","2026/08/15 05:00:00"
"0","0","2026/08/15 15:59:59","0","1","2000","1","2935","49","80","0","82","102","2026/08/15 05:00:00"
"0","0","2026/08/15 15:59:59","0","1","2000","370","2936","-1","80","0","82","102","2026/08/15 05:00:00"
"0","0","2026/08/15 15:59:59","0","1","2000","1","2937","49","80","0","83","111","2026/08/15 05:00:00"
"0","0","2026/08/15 15:59:59","0","1","2000","370","2938","-1","80","0","83","111","2026/08/15 05:00:00"
"0","0","2026/08/30 04:59:59","0","1","2000","1","2939","-1","80","0","84","109","2026/08/15 05:00:00"
"0","0","2026/08/30 04:59:59","0","1","2000","1","2940","-1","80","0","85","112","2026/08/15 05:00:00"
"0","0","2026/08/30 04:59:59","0","1","2000","1","2941","-1","80","0","351","8004","2026/08/15 05:00:00"
"0","0","2026/08/30 04:59:59","0","1","2000","1","2942","-1","80","0","352","8005","2026/08/15 05:00:00"
"0","0","2026/08/30 04:59:59","0","1","2000","1","2943","-1","80","0","641","130","2026/08/15 05:00:00"
"0","0","2026/08/24 04:59:59","0","1","2000","1","2944","-1","80","0","1051","6114","2026/08/15 05:00:00"
"0","0","2026/08/24 04:59:59","0","1","2000","1","2945","-1","80","0","1151","7114","2026/08/15 05:00:00"
"0","0","2026/08/21 04:59:59","0","1","5000","331","2947","-1","30","0","32","102","2026/08/16 05:00:00"
"0","0","2026/08/21 04:59:59","0","1","5000","331","2948","-1","40","0","42","102","2026/08/16 05:00:00"
"0","0","2026/09/01 04:59:59","0","1","2500","1","2949","-1","100","0","91","101","2026/08/17 05:00:00"
"0","0","2026/09/01 04:59:59","0","1","2500","1","2950","-1","100","0","92","102","2026/08/17 05:00:00"
"0","0","2026/09/01 04:59:59","0","1","2500","1","2951","-1","100","0","93","111","2026/08/17 05:00:00"
"0","0","2026/09/01 04:59:59","0","1","2500","1","2952","-1","100","0","94","109","2026/08/17 05:00:00"
"0","0","2026/09/01 04:59:59","0","1","2500","1","2953","-1","100","0","95","112","2026/08/17 05:00:00"
"0","0","2026/09/01 04:59:59","0","1","2500","1","2954","-1","100","0","100","8004","2026/08/17 05:00:00"
"0","0","2026/09/01 04:59:59","0","1","2500","1","2955","-1","100","0","101","8005","2026/08/17 05:00:00"
"0","0","2026/09/01 04:59:59","0","1","2500","1","2956","-1","100","0","651","130","2026/08/17 05:00:00"
"0","0","2026/08/24 04:59:59","0","1","2500","1","2957","-1","100","0","1041","6114","2026/08/17 05:00:00"
"0","0","2026/08/24 04:59:59","0","1","2500","1","2958","-1","100","0","1141","7114","2026/08/17 05:00:00"
"0","0","2026/08/24 04:59:59","0","1","2000","331","2959","-1","30","0","32","102","2026/08/21 05:00:00"
"0","0","2026/08/24 04:59:59","0","1","2000","331","2960","-1","40","0","42","102","2026/08/21 05:00:00"
"0","0","2026/09/01 04:59:59","0","1","2000","1","2961","-1","30","0","37","109","2026/08/25 05:00:00"
"0","0","2026/09/01 04:59:59","0","1","2000","1","2962","-1","30","0","38","112","2026/08/25 05:00:00"
"0","0","2026/08/30 04:59:59","0","1","2000","1","2963","49","80","0","81","101","2026/08/15 16:00:00"
"0","0","2026/08/30 04:59:59","0","1","2000","373","2964","-1","80","0","81","101","2026/08/15 16:00:00"
"0","0","2026/08/30 04:59:59","0","1","2000","1","2965","49","80","0","82","102","2026/08/15 16:00:00"
"0","0","2026/08/30 04:59:59","0","1","2000","373","2966","-1","80","0","82","102","2026/08/15 16:00:00"
"0","0","2026/08/30 04:59:59","0","1","2000","1","2967","49","80","0","83","111","2026/08/15 16:00:00"
"0","0","2026/08/30 04:59:59","0","1","2000","373","2968","-1","80","0","83","111","2026/08/15 16:00:00"
"0","0","2026/09/16 04:59:59","0","1","2000","1","2969","-1","40","0","45","104","2026/09/01 05:00:00"
"0","0","2026/09/24 04:59:59","0","1","2000","331","2970","-1","30","0","39","111","2026/09/01 05:00:00"
"0","0","2026/09/24 04:59:59","0","1","2000","331","2971","-1","40","0","49","111","2026/09/01 05:00:00"
"0","0","2026/09/08 04:59:59","0","1","3000","1","2972","-1","30","0","34","103","2026/09/01 05:00:00"
"0","0","2026/09/08 04:59:59","0","1","3000","1","2973","-1","40","0","44","103","2026/09/01 05:00:00"
"0","0","2026/09/11 04:59:59","0","1","2000","331","2974","-1","30","0","31","101","2026/09/01 05:00:00"
"0","0","2026/09/11 04:59:59","0","1","2000","331","2975","-1","40","0","41","101","2026/09/01 05:00:00"
"0","0","2026/09/08 04:59:59","0","1","3000","1","2976","-1","30","0","37","109","2026/09/01 05:00:00"
"0","0","2026/09/08 04:59:59","0","1","3000","1","2977","-1","30","0","38","112","2026/09/01 05:00:00"
"0","0","2026/09/24 04:59:59","0","1","1500","1","2978","-1","80","0","1051","6114","2026/09/01 16:00:00"
"0","0","2026/09/16 04:59:59","0","1","2000","1","2979","-1","30","0","34","103","2026/09/08 05:00:00"
"0","0","2026/09/16 04:59:59","0","1","2000","1","2980","-1","40","0","44","103","2026/09/08 05:00:00"
"0","0","2026/09/19 04:59:59","0","1","2000","1","2981","-1","30","0","37","109","2026/09/08 05:00:00"
"0","0","2026/09/19 04:59:59","0","1","2000","1","2982","-1","30","0","38","112","2026/09/08 05:00:00"
"0","0","2026/09/15 04:59:59","0","1","3","1","2983","-1","90","0","76","111","2026/09/08 05:00:00"
"0","0","2026/09/20 04:59:59","0","1","3000","331","2984","-1","30","0","31","101","2026/09/15 05:00:00"
"0","0","2026/09/20 04:59:59","0","1","2000","331","2985","-1","40","0","41","101","2026/09/15 05:00:00"
"0","0","2026/09/30 04:59:59","0","1","2000","331","2986","-1","30","0","32","102","2026/09/15 05:00:00"
"0","0","2026/09/30 04:59:59","0","1","2000","331","2987","-1","40","0","42","102","2026/09/15 05:00:00"
"0","0","2026/09/22 04:59:59","0","1","3","1","2988","-1","90","0","75","102","2026/09/15 05:00:00"
"0","0","2026/09/25 04:59:59","0","1","1500","1","2989","-1","80","0","1151","7114","2026/09/18 16:00:00"
"0","0","2026/09/25 04:59:59","0","1","50","1","2990","-1","10","0","1111","7114","2026/09/18 16:00:00"
"0","0","2026/10/01 04:59:59","0","1","1500","1","2991","-1","100","0","91","101","2026/09/19 05:00:00"
"0","0","2026/10/01 04:59:59","0","1","1500","1","2992","-1","100","0","92","102","2026/09/19 05:00:00"
"0","0","2026/10/01 04:59:59","0","1","1500","1","2993","-1","100","0","93","111","2026/09/19 05:00:00"
"0","0","2026/10/01 04:59:59","0","1","1500","1","2994","-1","100","0","94","109","2026/09/19 05:00:00"
"0","0","2026/10/01 04:59:59","0","1","1500","1","2995","-1","100","0","95","112","2026/09/19 05:00:00"
"0","0","2026/10/01 04:59:59","0","1","1500","1","2996","-1","100","0","100","8004","2026/09/19 05:00:00"
"0","0","2026/10/01 04:59:59","0","1","1500","1","2997","-1","100","0","101","8005","2026/09/19 05:00:00"
"0","0","2026/10/01 04:59:59","0","1","1500","1","2998","-1","100","0","651","130","2026/09/19 05:00:00"
"0","0","2026/09/24 04:59:59","0","1","1500","1","2999","-1","100","0","1041","6114","2026/09/19 05:00:00"
"0","0","2026/09/24 04:59:59","0","1","1500","1","3000","-1","100","0","1141","7114","2026/09/19 05:00:00"
"0","0","2026/10/01 11:59:59","0","1","1","1","3001","-1","170","0","901","136","2026/09/24 12:00:00"
"0","0","2026/10/01 04:59:59","0","1","5","1","3002","-1","90","0","662","130","2026/09/24 05:00:00"
"0","0","2026/10/01 04:59:59","0","1","2000","1","3003","-1","30","0","621","130","2026/09/24 05:00:00"
"0","0","2026/10/01 04:59:59","0","1","3000","331","3004","-1","30","0","31","101","2026/09/24 05:00:00"
"0","0","2026/10/01 04:59:59","0","1","3000","331","3005","-1","40","0","41","101","2026/09/24 05:00:00"
"0","0","2026/10/01 04:59:59","0","1","1500","1","3006","49","80","0","81","101","2026/09/24 05:00:00"
"0","0","2026/10/01 04:59:59","0","1","1500","376","3007","-1","80","0","81","101","2026/09/24 05:00:00"
"0","0","2026/10/01 04:59:59","0","1","1500","1","3008","49","80","0","82","102","2026/09/24 05:00:00"
"0","0","2026/10/01 04:59:59","0","1","1500","376","3009","-1","80","0","82","102","2026/09/24 05:00:00"
"0","0","2026/10/01 04:59:59","0","1","1500","1","3010","49","80","0","83","111","2026/09/24 05:00:00"
"0","0","2026/10/01 04:59:59","0","1","1500","376","3011","-1","80","0","83","111","2026/09/24 05:00:00"
"0","0","2026/10/01 04:59:59","0","1","1500","1","3012","-1","80","0","84","109","2026/09/24 05:00:00"
"0","0","2026/10/01 04:59:59","0","1","1500","1","3013","-1","80","0","85","112","2026/09/24 05:00:00"
"0","0","2026/10/01 04:59:59","0","1","1500","1","3014","-1","80","0","351","8004","2026/09/24 05:00:00"
"0","0","2026/10/01 04:59:59","0","1","1500","1","3015","-1","80","0","352","8005","2026/09/24 05:00:00"
"0","0","2026/10/01 04:59:59","0","1","1500","1","3016","-1","80","0","641","130","2026/09/24 05:00:00"
"0","0","2026/10/17 04:59:59","0","1","2000","1","3017","-1","40","0","45","104","2026/10/01 05:00:00"
"0","0","2026/10/07 04:59:59","0","1","2000","1","3018","-1","30","0","34","103","2026/10/01 05:00:00"
"0","0","2026/10/07 04:59:59","0","1","2000","1","3019","-1","40","0","44","103","2026/10/01 05:00:00"
"0","0","2026/10/09 04:59:59","0","1","3000","1","3020","-1","30","0","37","109","2026/10/01 05:00:00"
"0","0","2026/10/09 04:59:59","0","1","3000","1","3021","-1","30","0","38","112","2026/10/01 05:00:00"
"0","0","2026/10/11 04:59:59","0","1","2000","331","3022","-1","30","0","32","102","2026/10/01 05:00:00"
"0","0","2026/10/11 04:59:59","0","1","2000","331","3023","-1","40","0","42","102","2026/10/01 05:00:00"
"0","0","2026/10/06 04:59:59","0","1","2000","331","3024","-1","30","0","31","101","2026/10/01 05:00:00"
"0","0","2026/10/06 04:59:59","0","1","2000","331","3025","-1","40","0","41","101","2026/10/01 05:00:00"
"0","0","2026/10/24 04:59:59","0","1","1500","1","3026","-1","80","0","1051","6114","2026/10/01 16:00:00"
"0","0","2026/10/11 04:59:59","0","1","3","1","3027","-1","90","0","75","102","2026/10/04 05:00:00"
"0","0","2026/10/15 04:59:59","0","1","3000","1","3028","-1","30","0","34","103","2026/10/07 05:00:00"
"0","0","2026/10/15 04:59:59","0","1","3000","1","3029","-1","40","0","44","103","2026/10/07 05:00:00"
"0","0","2026/10/14 04:59:59","0","1","2000","1","3030","-1","30","0","37","109","2026/10/09 05:00:00"
"0","0","2026/10/14 04:59:59","0","1","2000","1","3031","-1","30","0","38","112","2026/10/09 05:00:00"
"0","0","2026/10/26 04:59:59","0","1","4000","331","3032","-1","30","0","31","101","2026/10/10 05:00:00"
"0","0","2026/10/26 04:59:59","0","1","3000","331","3033","-1","40","0","41","101","2026/10/10 05:00:00"
"0","0","2026/10/21 04:59:59","0","1","2000","331","3034","-1","30","0","39","111","2026/10/11 05:00:00"
"0","0","2026/10/21 04:59:59","0","1","2000","331","3035","-1","40","0","49","111","2026/10/11 05:00:00"
"0","0","2024/04/16 04:59:59","0","3","3000","50","5001","100","82","0","81","101","2023/04/17 05:00:00"
"0","0","2024/04/16 04:59:59","0","3","5000","101","5002","200","82","0","81","101","2023/04/17 05:00:00"
"0","0","2024/04/16 04:59:59","0","3","3000","50","5003","100","82","0","82","102","2023/04/17 05:00:00"
"0","0","2024/04/16 04:59:59","0","3","5000","101","5004","200","82","0","82","102","2023/04/17 05:00:00"
"0","0","2024/04/16 04:59:59","0","3","3000","50","5005","100","82","0","83","111","2023/04/17 05:00:00"
"0","0","2024/04/16 04:59:59","0","3","5000","101","5006","200","82","0","83","111","2023/04/17 05:00:00"
"0","0","2023/05/15 04:59:59","0","3","3000","1","5007","200","32","0","31","101","2023/04/17 05:00:00"
"0","0","2023/05/27 04:59:59","0","3","3000","1","5008","200","32","0","32","102","2023/04/17 05:00:00"
"0","0","2023/05/11 04:59:59","0","3","3000","1","5009","200","32","0","39","111","2023/04/17 05:00:00"
"0","0","2024/04/16 04:59:59","0","3","3000","1","5010","200","42","0","41","101","2023/04/17 05:00:00"
"0","0","2023/05/27 04:59:59","0","3","3000","1","5011","200","42","0","42","102","2023/04/17 05:00:00"
"0","0","2023/05/11 04:59:59","0","3","3000","1","5012","200","42","0","49","111","2023/04/17 05:00:00"
"0","0","2023/05/20 04:59:59","0","3","4000","1","5013","200","32","0","31","101","2023/05/15 05:00:00"
"0","0","2023/08/15 04:59:59","0","3","3000","1","5014","200","32","0","31","101","2023/05/20 05:00:00"
"0","0","2023/06/01 04:59:59","0","3","4000","1","5015","200","32","0","32","102","2023/05/27 05:00:00"
"0","0","2023/08/05 04:59:59","0","3","3000","1","5016","200","32","0","32","102","2023/06/01 05:00:00"
"0","0","2023/06/01 04:59:59","0","3","4000","1","5017","200","42","0","42","102","2023/05/27 05:00:00"
"0","0","2023/08/05 04:59:59","0","3","3000","1","5018","200","42","0","42","102","2023/06/01 05:00:00"
"0","0","2023/05/16 04:59:59","0","3","4000","1","5019","200","32","0","39","111","2023/05/11 05:00:00"
"0","0","2023/08/08 04:59:59","0","3","3000","1","5020","200","32","0","39","111","2023/05/16 05:00:00"
"0","0","2023/05/16 04:59:59","0","3","4000","1","5021","200","42","0","49","111","2023/05/11 05:00:00"
"0","0","2023/08/08 04:59:59","0","3","3000","1","5022","200","42","0","49","111","2023/05/16 05:00:00"
"0","0","2023/08/12 04:59:59","0","3","5000","1","5023","200","32","0","32","102","2023/08/05 05:00:00"
"0","0","2023/09/25 04:59:59","0","3","3000","1","5024","200","32","0","32","102","2023/08/12 05:00:00"
"0","0","2023/08/12 04:59:59","0","3","5000","1","5025","200","42","0","42","102","2023/08/05 05:00:00"
"0","0","2023/09/25 04:59:59","0","3","3000","1","5026","200","42","0","42","102","2023/08/12 05:00:00"
"0","0","2023/08/15 04:59:59","0","3","5000","1","5027","200","32","0","39","111","2023/08/08 05:00:00"
"0","0","2023/09/08 04:59:59","0","3","3000","1","5028","200","32","0","39","111","2023/08/15 05:00:00"
"0","0","2023/08/15 04:59:59","0","3","5000","1","5029","200","42","0","49","111","2023/08/08 05:00:00"
"0","0","2023/09/08 04:59:59","0","3","3000","1","5030","200","42","0","49","111","2023/08/15 05:00:00"
"0","0","2023/08/22 04:59:59","0","3","5000","1","5031","200","32","0","31","101","2023/08/15 05:00:00"
"0","0","2023/09/15 04:59:59","0","3","3000","1","5032","200","32","0","31","101","2023/08/22 05:00:00"
"0","0","2023/09/14 04:59:59","0","3","4000","1","5033","200","32","0","39","111","2023/09/08 05:00:00"
"0","0","2024/02/02 04:59:59","0","3","3000","1","5034","200","32","0","39","111","2023/09/14 05:00:00"
"0","0","2023/09/14 04:59:59","0","3","4000","1","5035","200","42","0","49","111","2023/09/08 05:00:00"
"0","0","2024/02/02 04:59:59","0","3","3000","1","5036","200","42","0","49","111","2023/09/14 05:00:00"
"0","0","2023/09/24 04:59:59","0","3","4000","1","5037","200","32","0","31","101","2023/09/15 05:00:00"
"0","0","2024/02/07 04:59:59","0","3","3000","1","5038","200","32","0","31","101","2023/09/24 05:00:00"
"0","0","2023/10/01 04:59:59","0","3","4000","1","5039","200","32","0","32","102","2023/09/25 05:00:00"
"0","0","2024/02/14 04:59:59","0","3","3000","1","5040","200","32","0","32","102","2023/10/01 05:00:00"
"0","0","2023/10/01 04:59:59","0","3","4000","1","5041","200","42","0","42","102","2023/09/25 05:00:00"
"0","0","2024/02/14 04:59:59","0","3","3000","1","5042","200","42","0","42","102","2023/10/01 05:00:00"
"0","0","2024/02/08 04:59:59","0","3","4000","1","5043","200","32","0","39","111","2024/02/02 05:00:00"
"0","0","2024/04/16 04:59:59","0","3","3000","1","5044","200","32","0","39","111","2024/02/08 05:00:00"
"0","0","2024/02/08 04:59:59","0","3","4000","1","5045","200","42","0","49","111","2024/02/02 05:00:00"
"0","0","2024/04/16 04:59:59","0","3","3000","1","5046","200","42","0","49","111","2024/02/08 05:00:00"
"0","0","2024/02/14 04:59:59","0","3","4000","1","5047","200","32","0","31","101","2024/02/07 05:00:00"
"0","0","2024/04/16 04:59:59","0","3","3000","1","5048","200","32","0","31","101","2024/02/14 05:00:00"
"0","0","2024/02/18 04:59:59","0","3","4000","1","5049","200","32","0","32","102","2024/02/14 05:00:00"
"0","0","2024/04/16 04:59:59","0","3","3000","1","5050","200","32","0","32","102","2024/02/18 05:00:00"
"0","0","2024/02/18 04:59:59","0","3","4000","1","5051","200","42","0","42","102","2024/02/14 05:00:00"
"0","0","2024/04/16 04:59:59","0","3","3000","1","5052","200","42","0","42","102","2024/02/18 05:00:00"
"0","0","2032/12/31 04:59:59","0","3","4000","50","5053","100","83","0","81","101","2024/04/16 05:00:00"
"0","0","2025/04/15 15:59:59","0","3","6000","101","5054","321","83","0","81","101","2024/04/16 05:00:00"
"0","0","2032/12/31 04:59:59","0","3","4000","50","5055","100","83","0","82","102","2024/04/16 05:00:00"
"0","0","2025/04/15 15:59:59","0","3","6000","101","5056","321","83","0","82","102","2024/04/16 05:00:00"
"0","0","2032/12/31 04:59:59","0","3","4000","50","5057","100","83","0","83","111","2024/04/16 05:00:00"
"0","0","2025/04/15 15:59:59","0","3","6000","101","5058","321","83","0","83","111","2024/04/16 05:00:00"
"0","0","2024/07/15 15:59:59","0","3","3000","1","5059","250","33","0","31","101","2024/04/16 05:00:00"
"0","0","2024/07/15 15:59:59","0","3","3000","1","5060","250","33","0","32","102","2024/04/16 05:00:00"
"0","0","2024/07/15 15:59:59","0","3","3000","1","5061","250","33","0","39","111","2024/04/16 05:00:00"
"0","0","2024/07/15 15:59:59","0","3","3000","1","5062","250","43","0","41","101","2024/04/16 05:00:00"
"0","0","2024/07/15 15:59:59","0","3","3000","1","5063","250","43","0","42","102","2024/04/16 05:00:00"
"0","0","2024/07/15 15:59:59","0","3","3000","1","5064","250","43","0","49","111","2024/04/16 05:00:00"
"0","0","2024/08/15 04:59:59","0","3","3000","1","5065","260","33","0","31","101","2024/07/15 16:00:00"
"0","0","2024/08/22 04:59:59","0","3","3000","1","5066","260","33","0","32","102","2024/07/15 16:00:00"
"0","0","2024/08/28 04:59:59","0","3","3000","1","5067","260","33","0","39","111","2024/07/15 16:00:00"
"0","0","2025/05/15 15:59:59","0","3","3000","1","5068","280","43","0","41","101","2024/07/15 16:00:00"
"0","0","2024/08/22 04:59:59","0","3","3000","1","5069","260","43","0","42","102","2024/07/15 16:00:00"
"0","0","2024/08/28 04:59:59","0","3","3000","1","5070","260","43","0","49","111","2024/07/15 16:00:00"
"0","0","2024/08/22 04:59:59","0","3","5000","1","5071","260","33","0","31","101","2024/08/15 05:00:00"
"0","0","2025/02/15 04:59:59","0","3","3000","1","5072","270","33","0","31","101","2024/08/22 05:00:00"
"0","0","2024/08/26 04:59:59","0","3","5000","1","5073","260","33","0","32","102","2024/08/22 05:00:00"
"0","0","2024/08/26 04:59:59","0","3","5000","1","5074","260","43","0","42","102","2024/08/22 05:00:00"
"0","0","2025/02/25 04:59:59","0","3","3000","1","5075","280","33","0","32","102","2024/08/26 05:00:00"
"0","0","2025/02/25 04:59:59","0","3","3000","1","5076","280","43","0","42","102","2024/08/26 05:00:00"
"0","0","2024/09/01 04:59:59","0","3","5000","1","5077","260","33","0","39","111","2024/08/28 05:00:00"
"0","0","2024/09/01 04:59:59","0","3","5000","1","5078","260","43","0","49","111","2024/08/28 05:00:00"
"0","0","2025/02/14 04:59:59","0","3","3000","1","5079","270","33","0","39","111","2024/09/01 05:00:00"
"0","0","2025/02/14 04:59:59","0","3","3000","1","5080","270","43","0","49","111","2024/09/01 05:00:00"
"0","0","2025/02/20 04:59:59","0","3","4000","1","5081","280","33","0","39","111","2025/02/14 05:00:00"
"0","0","2025/02/20 04:59:59","0","3","4000","1","5082","280","43","0","49","111","2025/02/14 05:00:00"
"0","0","2025/05/15 15:59:59","0","3","3000","1","5083","280","33","0","39","111","2025/02/20 05:00:00"
"0","0","2025/05/15 15:59:59","0","3","3000","1","5084","280","43","0","49","111","2025/02/20 05:00:00"
"0","0","2025/02/22 04:59:59","0","3","4000","1","5085","280","33","0","31","101","2025/02/15 05:00:00"
"0","0","2025/05/15 15:59:59","0","3","3000","1","5086","280","33","0","31","101","2025/02/22 05:00:00"
"0","0","2025/03/01 04:59:59","0","3","4000","1","5087","280","33","0","32","102","2025/02/25 05:00:00"
"0","0","2025/03/01 04:59:59","0","3","4000","1","5088","280","43","0","42","102","2025/02/25 05:00:00"
"0","0","2025/05/15 15:59:59","0","3","3000","1","5089","280","33","0","32","102","2025/03/01 05:00:00"
"0","0","2025/05/15 15:59:59","0","3","3000","1","5090","280","43","0","42","102","2025/03/01 05:00:00"
"0","0","2025/05/15 15:59:59","0","3","6000","101","5091","324","83","0","81","101","2025/04/15 16:00:00"
"0","0","2025/05/15 15:59:59","0","3","6000","101","5092","324","83","0","82","102","2025/04/15 16:00:00"
"0","0","2025/05/15 15:59:59","0","3","6000","101","5093","324","83","0","83","111","2025/04/15 16:00:00"
"0","0","2025/08/10 04:59:59","0","3","3000","1","5094","290","33","0","39","111","2025/05/15 16:00:00"
"0","0","2025/08/10 04:59:59","0","3","3000","1","5095","290","43","0","49","111","2025/05/15 16:00:00"
"0","0","2025/08/15 04:59:59","0","3","3000","1","5096","290","33","0","31","101","2025/05/15 16:00:00"
"0","0","2025/08/15 04:59:59","0","3","3000","1","5097","290","43","0","41","101","2025/05/15 16:00:00"
"0","0","2025/08/15 15:59:59","0","3","3000","1","5098","290","33","0","32","102","2025/05/15 16:00:00"
"0","0","2025/08/15 15:59:59","0","3","3000","1","5099","290","43","0","42","102","2025/05/15 16:00:00"
"0","0","2025/06/15 15:59:59","0","3","6000","101","5100","327","83","0","81","101","2025/05/15 16:00:00"
"0","0","2025/06/15 15:59:59","0","3","6000","101","5101","327","83","0","82","102","2025/05/15 16:00:00"
"0","0","2025/06/15 15:59:59","0","3","6000","101","5102","327","83","0","83","111","2025/05/15 16:00:00"
"0","0","2025/07/15 15:59:59","0","3","6000","101","5103","330","83","0","81","101","2025/06/15 16:00:00"
"0","0","2025/07/15 15:59:59","0","3","6000","101","5104","330","83","0","82","102","2025/06/15 16:00:00"
"0","0","2025/07/15 15:59:59","0","3","6000","101","5105","330","83","0","83","111","2025/06/15 16:00:00"
"0","0","2025/08/15 15:59:59","0","3","6000","101","5106","333","83","0","81","101","2025/07/15 16:00:00"
"0","0","2025/08/15 15:59:59","0","3","6000","101","5107","333","83","0","82","102","2025/07/15 16:00:00"
"0","0","2025/08/15 15:59:59","0","3","6000","101","5108","333","83","0","83","111","2025/07/15 16:00:00"
"0","0","2025/08/15 04:59:59","0","3","5000","1","5109","290","33","0","39","111","2025/08/10 05:00:00"
"0","0","2025/08/15 04:59:59","0","3","5000","1","5110","290","43","0","49","111","2025/08/10 05:00:00"
"0","0","2025/08/15 15:59:59","0","3","3000","1","5111","290","33","0","39","111","2025/08/15 05:00:00"
"0","0","2025/08/15 15:59:59","0","3","3000","1","5112","290","43","0","49","111","2025/08/15 05:00:00"
"0","0","2025/08/15 15:59:59","0","3","5000","1","5113","290","33","0","31","101","2025/08/15 05:00:00"
"0","0","2025/08/15 15:59:59","0","3","3000","1","5114","290","43","0","41","101","2025/08/15 05:00:00"
"0","0","2025/10/01 04:59:59","0","3","3000","1","5115","300","33","0","31","101","2025/08/21 05:00:00"
"0","0","2025/08/26 04:59:59","0","3","5000","1","5116","300","33","0","32","102","2025/08/21 05:00:00"
"0","0","2025/08/26 04:59:59","0","3","5000","1","5117","300","43","0","42","102","2025/08/21 05:00:00"
"0","0","2025/12/15 15:59:59","0","3","3000","1","5118","300","33","0","32","102","2025/08/26 05:00:00"
"0","0","2025/12/15 15:59:59","0","3","3000","1","5119","300","43","0","42","102","2025/08/26 05:00:00"
"0","0","2025/09/15 15:59:59","0","3","6000","101","5120","336","83","0","81","101","2025/08/15 16:00:00"
"0","0","2025/09/15 15:59:59","0","3","6000","101","5121","336","83","0","82","102","2025/08/15 16:00:00"
"0","0","2025/09/15 15:59:59","0","3","6000","101","5122","336","83","0","83","111","2025/08/15 16:00:00"
"0","0","2025/12/15 15:59:59","0","3","3000","1","5123","300","33","0","39","111","2025/08/15 16:00:00"
"0","0","2025/12/15 15:59:59","0","3","3000","1","5124","300","43","0","49","111","2025/08/15 16:00:00"
"0","0","2025/08/21 04:59:59","0","3","5000","1","5125","300","33","0","31","101","2025/08/15 16:00:00"
"0","0","2025/12/15 15:59:59","0","3","3000","1","5126","300","43","0","41","101","2025/08/15 16:00:00"
"0","0","2025/08/21 04:59:59","0","3","3000","1","5127","300","33","0","32","102","2025/08/15 16:00:00"
"0","0","2025/08/21 04:59:59","0","3","3000","1","5128","300","43","0","42","102","2025/08/15 16:00:00"
"0","0","2025/10/15 15:59:59","0","3","6000","101","5129","339","83","0","81","101","2025/09/15 16:00:00"
"0","0","2025/10/15 15:59:59","0","3","6000","101","5130","339","83","0","82","102","2025/09/15 16:00:00"
"0","0","2025/10/15 15:59:59","0","3","6000","101","5131","339","83","0","83","111","2025/09/15 16:00:00"
"0","0","2025/10/24 04:59:59","0","3","4000","1","5132","300","33","0","31","101","2025/10/01 05:00:00"
"0","0","2025/12/15 15:59:59","0","3","3000","1","5133","300","33","0","31","101","2025/10/24 05:00:00"
"0","0","2025/11/15 15:59:59","0","3","6000","101","5134","342","83","0","81","101","2025/10/15 16:00:00"
"0","0","2025/11/15 15:59:59","0","3","6000","101","5135","342","83","0","82","102","2025/10/15 16:00:00"
"0","0","2025/11/15 15:59:59","0","3","6000","101","5136","342","83","0","83","111","2025/10/15 16:00:00"
"0","0","2025/12/15 15:59:59","0","3","6000","101","5137","345","83","0","81","101","2025/11/15 16:00:00"
"0","0","2025/12/15 15:59:59","0","3","6000","101","5138","345","83","0","82","102","2025/11/15 16:00:00"
"0","0","2025/12/15 15:59:59","0","3","6000","101","5139","345","83","0","83","111","2025/11/15 16:00:00"
"0","0","2026/01/15 15:59:59","0","3","6000","101","5140","348","83","0","81","101","2025/12/15 16:00:00"
"0","0","2026/01/15 15:59:59","0","3","6000","101","5141","348","83","0","82","102","2025/12/15 16:00:00"
"0","0","2026/01/15 15:59:59","0","3","6000","101","5142","348","83","0","83","111","2025/12/15 16:00:00"
"0","0","2026/02/15 04:59:59","0","3","3000","1","5143","310","33","0","31","101","2025/12/15 16:00:00"
"0","0","2026/03/15 15:59:59","0","3","3000","1","5144","310","43","0","41","101","2025/12/15 16:00:00"
"0","0","2026/02/12 04:59:59","0","3","3000","1","5145","310","33","0","32","102","2025/12/15 16:00:00"
"0","0","2026/02/12 04:59:59","0","3","3000","1","5146","310","43","0","42","102","2025/12/15 16:00:00"
"0","0","2026/02/07 04:59:59","0","3","3000","1","5147","310","33","0","39","111","2025/12/15 16:00:00"
"0","0","2026/02/07 04:59:59","0","3","3000","1","5148","310","43","0","49","111","2025/12/15 16:00:00"
"0","0","2026/02/15 15:59:59","0","3","6000","101","5149","351","83","0","81","101","2026/01/15 16:00:00"
"0","0","2026/02/15 15:59:59","0","3","6000","101","5150","351","83","0","82","102","2026/01/15 16:00:00"
"0","0","2026/02/15 15:59:59","0","3","6000","101","5151","351","83","0","83","111","2026/01/15 16:00:00"
"0","0","2026/02/12 04:59:59","0","3","4000","1","5152","310","33","0","39","111","2026/02/07 05:00:00"
"0","0","2026/02/12 04:59:59","0","3","4000","1","5153","310","43","0","49","111","2026/02/07 05:00:00"
"0","0","2026/03/15 15:59:59","0","3","3000","1","5154","310","33","0","39","111","2026/02/12 05:00:00"
"0","0","2026/03/15 15:59:59","0","3","3000","1","5155","310","43","0","49","111","2026/02/12 05:00:00"
"0","0","2026/02/18 04:59:59","0","3","4000","1","5156","310","33","0","32","102","2026/02/12 05:00:00"
"0","0","2026/02/18 04:59:59","0","3","4000","1","5157","310","43","0","42","102","2026/02/12 05:00:00"
"0","0","2026/03/15 15:59:59","0","3","3000","1","5158","310","33","0","32","102","2026/02/18 05:00:00"
"0","0","2026/03/15 15:59:59","0","3","3000","1","5159","310","43","0","42","102","2026/02/18 05:00:00"
"0","0","2026/02/21 04:59:59","0","3","4000","1","5160","310","33","0","31","101","2026/02/15 05:00:00"
"0","0","2026/03/15 15:59:59","0","3","3000","1","5161","310","33","0","31","101","2026/02/21 05:00:00"
"0","0","2026/03/15 15:59:59","0","3","6000","101","5162","354","83","0","81","101","2026/02/15 16:00:00"
"0","0","2026/03/15 15:59:59","0","3","6000","101","5163","354","83","0","82","102","2026/02/15 16:00:00"
"0","0","2026/03/15 15:59:59","0","3","6000","101","5164","354","83","0","83","111","2026/02/15 16:00:00"
"0","0","2026/06/15 15:59:59","0","3","3000","1","5165","320","33","0","39","111","2026/03/15 16:00:00"
"0","0","2026/06/15 15:59:59","0","3","3000","1","5166","320","43","0","49","111","2026/03/15 16:00:00"
"0","0","2026/06/15 15:59:59","0","3","3000","1","5167","320","33","0","32","102","2026/03/15 16:00:00"
"0","0","2026/06/15 15:59:59","0","3","3000","1","5168","320","43","0","42","102","2026/03/15 16:00:00"
"0","0","2026/06/15 15:59:59","0","3","3000","1","5169","320","33","0","31","101","2026/03/15 16:00:00"
"0","0","2026/06/15 15:59:59","0","3","3000","1","5170","320","43","0","41","101","2026/03/15 16:00:00"
"0","0","2026/04/15 15:59:59","0","3","6000","101","5171","357","83","0","81","101","2026/03/15 16:00:00"
"0","0","2026/04/15 15:59:59","0","3","6000","101","5172","357","83","0","82","102","2026/03/15 16:00:00"
"0","0","2026/04/15 15:59:59","0","3","6000","101","5173","357","83","0","83","111","2026/03/15 16:00:00"
"0","0","2026/05/15 15:59:59","0","3","6000","101","5174","360","83","0","81","101","2026/04/15 16:00:00"
"0","0","2026/05/15 15:59:59","0","3","6000","101","5175","360","83","0","82","102","2026/04/15 16:00:00"
"0","0","2026/05/15 15:59:59","0","3","6000","101","5176","360","83","0","83","111","2026/04/15 16:00:00"
"0","0","2026/06/15 15:59:59","0","3","6000","101","5177","363","83","0","81","101","2026/05/15 16:00:00"
"0","0","2026/06/15 15:59:59","0","3","6000","101","5178","363","83","0","82","102","2026/05/15 16:00:00"
"0","0","2026/06/15 15:59:59","0","3","6000","101","5179","363","83","0","83","111","2026/05/15 16:00:00"
"0","0","2026/08/15 04:59:59","0","3","3000","1","5180","330","33","0","31","101","2026/06/15 16:00:00"
"0","0","2032/12/31 04:59:59","0","3","3000","1","5181","330","43","0","41","101","2026/06/15 16:00:00"
"0","0","2026/08/16 04:59:59","0","3","3000","1","5182","330","33","0","32","102","2026/06/15 16:00:00"
"0","0","2026/08/16 04:59:59","0","3","3000","1","5183","330","43","0","42","102","2026/06/15 16:00:00"
"0","0","2026/08/11 04:59:59","0","3","3000","1","5184","330","33","0","39","111","2026/06/15 16:00:00"
"0","0","2026/08/11 04:59:59","0","3","3000","1","5185","330","43","0","49","111","2026/06/15 16:00:00"
"0","0","2026/07/15 15:59:59","0","3","6000","101","5186","366","83","0","81","101","2026/06/15 16:00:00"
"0","0","2026/07/15 15:59:59","0","3","6000","101","5187","366","83","0","82","102","2026/06/15 16:00:00"
"0","0","2026/07/15 15:59:59","0","3","6000","101","5188","366","83","0","83","111","2026/06/15 16:00:00"
"0","0","2026/08/15 15:59:59","0","3","6000","101","5189","369","83","0","81","101","2026/07/15 16:00:00"
"0","0","2026/08/15 15:59:59","0","3","6000","101","5190","369","83","0","82","102","2026/07/15 16:00:00"
"0","0","2026/08/15 15:59:59","0","3","6000","101","5191","369","83","0","83","111","2026/07/15 16:00:00"
"0","0","2026/08/16 04:59:59","0","3","5000","1","5192","330","33","0","39","111","2026/08/11 05:00:00"
"0","0","2026/08/16 04:59:59","0","3","5000","1","5193","330","43","0","49","111","2026/08/11 05:00:00"
"0","0","2032/12/31 04:59:59","0","3","3000","1","5194","330","33","0","39","111","2026/08/16 05:00:00"
"0","0","2032/12/31 04:59:59","0","3","3000","1","5195","330","43","0","49","111","2026/08/16 05:00:00"
"0","0","2026/08/20 04:59:59","0","3","5000","1","5196","330","33","0","31","101","2026/08/15 05:00:00"
"0","0","2026/10/10 04:59:59","0","3","3000","1","5197","330","33","0","31","101","2026/08/20 05:00:00"
"0","0","2026/08/21 04:59:59","0","3","5000","1","5198","330","33","0","32","102","2026/08/16 05:00:00"
"0","0","2026/08/21 04:59:59","0","3","5000","1","5199","330","43","0","42","102","2026/08/16 05:00:00"
"0","0","2032/12/31 04:59:59","0","3","3000","1","5200","330","33","0","32","102","2026/08/21 05:00:00"
"0","0","2032/12/31 04:59:59","0","3","3000","1","5201","330","43","0","42","102","2026/08/21 05:00:00"
"0","0","2026/09/15 15:59:59","0","3","6000","101","5202","372","83","0","81","101","2026/08/15 16:00:00"
"0","0","2026/09/15 15:59:59","0","3","6000","101","5203","372","83","0","82","102","2026/08/15 16:00:00"
"0","0","2026/09/15 15:59:59","0","3","6000","101","5204","372","83","0","83","111","2026/08/15 16:00:00"
"0","0","2032/12/31 04:59:59","0","3","6000","101","5205","375","83","0","81","101","2026/09/15 16:00:00"
"0","0","2032/12/31 04:59:59","0","3","6000","101","5206","375","83","0","82","102","2026/09/15 16:00:00"
"0","0","2032/12/31 04:59:59","0","3","6000","101","5207","375","83","0","83","111","2026/09/15 16:00:00"
"0","0","2026/10/26 04:59:59","0","3","4000","1","5208","330","33","0","31","101","2026/10/10 05:00:00"
"0","0","2032/12/31 04:59:59","0","3","3000","1","5209","330","33","0","31","101","2026/10/26 05:00:00"