7fbfbf56815665ed02185fa03364f7f30bca3ad31eb754935170eb8488c1ed32,1e412aab77a14db8266f569144ec663ebf05826ff21688dea5521bc57302e5f4,c2c6014044ac1dfba0b596068c817ca5057ce68a27046011166196f59ec382b1,646125b36a04dc55942b12b23c127f4d5cbc913ccb13fbfc4eb48192e23d2a68,7ed8195981d99bbc7211b0edb24d3b54dffe9467a5b1b6ab633cecd88a5d5eb7,c6fe37a6261c42b7af07ce932921fc6e137717d7b6ffe02002f86f6c45d6e1c0,5dd33b2d902b7b5c046f46446d957391655cecc366608d0f036f6b784e34fb68,77d8da13334b3609cdffc018d2f8764ba28fc5e5b4176f9fc4b17a11150ed96f,675add5d976d04808d2e498fe78eb4f2ebd3cd3238985ecc5e772a8b1606ea59,3b893f9ebaca748aa4bfe1b45b3241dcc8cf5661c98ea99a9bf5dfdde2ad612d,6d5167576134be490732bb0f793cfa25aa536a265c3250437fef0ebd4c48a989,b32dcfd572fd20171f1e360e5cba700130893aaa745686b5d004ee2c09e8f577,f107e2070646316f3c6bc409e9a6233d536de693f062ba4c9c51f48fdc08ac31,810e56de2ce5a7234dfdc2b3103523277937ab3ea760fa3769b18ff393c0fb14,7d44ea1c9fe02e0520a88f0a558a9e5761c023130bd6130bafefe08b26c5fa75,d23fde350f667c2d440b1fdb8beeb7b5251e890fbcc0969a4f21f93a38343f11,281df4a0a0edae40625710f361dcda0a2fec10e8640d63d59fa1cff46c3437e6,7232b8e64562ff1d8fa90740663e0618af9240aec774b64622aa23d5f544f8fe,6727040c902a7ea4dc06855d485b0d81ba077b43acdf81d42da2599d02c23360,a6d7e7f5522a50da755a7865058b55021290407be94dfd5b46afd9442037d4df,f41ecc80c591545e98282acdf1f77d5c243d2a1a9c1de8cda2d38b66cf293235,fa27597d41d7ce099dde8454a4c12f317912a5d07d7c5f45fb711703d5e76a09,4ce8969ded12938440f7f655625700ae056b4a56c1f9eaeddb542897178819ad,ecd1190b927010e9c5d664b3e4efe38d126fcc70a340c821ca230da039fa4545,43201bb83af61577d3ebc7bec93d670123e332779e410cf30e9033b5f22f64b2,5d2b16d7ec22e75e1dcae7ba0d637b9fb4e57964ab82e4576bd176d0f0694fdc,82ec962c4657b2ec227901c9b483b0b870177bfeeb6e78ba391e217d534cf571,69f5e6eca345b77a9068c454dd4f0d2ed1dc557cc6f1d28210b2a581c15c5373,4f237162867e6ecea7e9614b57b2d721f76e844b0c42bea07c75d89e95371b90,ef56e093360ac069e12f86ee06c4a86b14f8992c07623909869beae7e30cd17a,6726860a0bb97918f3cd024577dc0b20abc7b8a386880f0cced79c6b9b57d792,3b1827a85d523afd752a9f9dacdacb76625c9e01df1f8535e783754593342860,2aa9fb0cfd64be498b9f3b1382878b32e69ff9b601ff479ec251ed7ca2ba98fe,222bc256cfb25f267f5a0a549bb9b53ebc1786ff313b28cc051b6de8a2caaaf6,33082c7e7024f52ce819e88308882d33f82c820008b5e496c01f3d7e637a3392,968ee5b1b08459cf774a9fd43a7732dcbbf4a76eb9567d8508fcdb2becbdc211,9d0444efc358efcbb562059c0a32adb62b78fb220623c8273c86e24852e40704,90ed2e81570ab063c267fe7a6a2a9b9e67dcc98db81589e4b69b258cf32c29a5,2827465c3c52b3fc26fa8a5b28a962bd08a7e5fb238a425831e1e76924f05224,e7c1c862d2e38561d5d4466c902b42b772e9b23574b0544a3eef5cd7343f8081,f15c5eba75f95b1a61064d6c980d1a320fdf67f4b7820b10d7fba8c478ae2a8c,8a2a5d8bc63a3c64190fb749e921ac274cd5a574a1591de8c89e65d87938e931,54f3dedfa42c85a7fbab8256a6204acfa9396f9e0699c297b39a177bbb89f94a,8a4289aa7e56a1c8f4aaff678d04de05d092e14d66773735f398dfe05c1f02c6,e4df2137d97fffb6d0b081fe904cc538ba12135c71dc63edb9c2b6afc57a5d3e,8b17df37899379626021051b40840a249b499f9ba5320303a17ed1c6a0096d64,641a18fba06f390f20413cebe561b5a42c3de80ecbfcb1657a956a922503695b,7089200ed20e17febbaabebe85325156fb25eb9e6bf0ff258e21d442a693f52f,4b6558495b49194166cd10048d12d616a6e0bebea9fbfa03c93b75273bbe0880,e31e7148a5d2d84825c18a787384aa670aa6244e63d857cb973c209cc75409d9,8fb3533d8814083161084d0dfa6bd9f5b766c98adce78fff5499db1a167975fb,bbde1462bda1050c73ff34eefe8a28cece222c1c16394c7689ae54f3def64d84,340ad63f62c36fc49711bfd031a508d9003b1e3cd81469fcb92da2133b7b9e1b
"-20","1","0","2015/12/17 15:00:00","0","0","bgm_M06","6","101010103","8","0","6","bgm_M06","bgm_M06","101581","96","100021","0","2030/12/31 14:59:59","90","100050","0","100022","0","100022","110010012","110010011","0","朱諾平原 1-1","0","bgm_M06","0","11001001","101281","101011","101010104","bgm_M06","211001000","-500","0","0","0","0","110010011","100023","0","11001","0","bgm_M06","0","110010013","101010102","0"
"30","1","0","2015/12/17 15:00:00","101010202","0","bgm_M06","8","101010203","8","0","8","bgm_M06","bgm_M06","101551","120","100061","0","2030/12/31 14:59:59","90","100010","0","100062","0","100062","110010022","110010021","0","朱諾平原 1-2","0","bgm_M06","0","11001002","101521","101251","101010202","bgm_M06","211001000","-330","0","0","0","0","110010021","100063","0","11001","0","bgm_M06","0","110010023","101010203","0"
"-100","1","0","2015/12/17 15:00:00","0","0","bgm_M06","8","101010303","8","0","8","bgm_M06","bgm_M06","101611","120","100067","0","2030/12/31 14:59:59","90","100010","0","100068","0","100068","110010032","110010031","0","朱諾平原 1-3","0","bgm_M06","0","11001003","101431","101161","101010304","bgm_M06","211001000","-220","0","0","0","0","110010031","100069","0","11001","0","bgm_M06","0","110010033","101010303","0"
"30","1","0","2015/12/17 15:00:00","0","0","bgm_M06","8","101010403","8","0","8","bgm_M06","bgm_M06","101551","120","100111","0","2030/12/31 14:59:59","90","100050","0","100112","0","100112","110010042","110010041","0","朱諾平原 1-4","0","bgm_M06","0","11001004","101371","101101","101010404","bgm_M06","211001000","-135","0","0","0","0","110010041","100113","0","11001","0","bgm_M06","0","110010043","101010402","0"
"-75","1","0","2015/12/17 15:00:00","101010505","0","bgm_M06","8","101010504","8","0","8","bgm_M06","bgm_M06","101011","120","100072","0","2030/12/31 14:59:59","90","100010","0","100073","0","100073","110010052","110010051","0","朱諾平原 1-5","0","bgm_M06","0","11001005","101521","101161","101010503","bgm_M06","211001000","-43","0","0","0","0","110010051","100074","0","11001","0","bgm_M06","0","110010053","101010504","0"
"-101","1","0","2015/12/17 15:00:00","0","0","bgm_M06","8","101010605","8","0","8","bgm_M06","bgm_M06","101401","120","100111","0","2030/12/31 14:59:59","90","100050","0","100112","0","100112","110010062","110010061","0","朱諾平原 1-6","0","bgm_M06","0","11001006","101431","101071","101010606","bgm_M06","211001000","100","0","0","0","0","110010061","100113","0","11001","0","bgm_M06","0","110010063","101010601","0"
"-48","1","0","2015/12/17 15:00:00","101010704","0","bgm_M06","8","101010705","8","0","8","bgm_M06","bgm_M06","101611","120","100111","0","2030/12/31 14:59:59","90","100050","0","100112","0","100112","110010072","110010071","0","朱諾平原 1-7","0","bgm_M06","0","11001007","101251","101191","101010706","bgm_M06","211001000","227","0","0","0","0","110010071","100113","0","11001","0","bgm_M06","0","110010073","101010705","0"
"70","1","0","2015/12/17 15:00:00","0","0","bgm_M06","8","101010804","8","0","8","bgm_M06","bgm_M06","122311","120","100077","0","2030/12/31 14:59:59","90","100010","0","100078","0","100078","110010082","110010081","0","朱諾平原 1-8","0","bgm_M06","0","11001008","101281","101101","101010805","bgm_M06","211001000","188","0","0","0","0","110010081","100079","0","11001","0","bgm_M06","0","110010083","101010804","0"
"25","1","0","2015/12/17 15:00:00","101010904","0","bgm_M06","8","101010905","8","0","8","bgm_M06","bgm_M06","122371","120","100014","0","2030/12/31 14:59:59","90","100020","0","100015","0","100015","110010092","110010091","0","朱諾平原 1-9","0","bgm_M06","0","11001009","101551","101131","101010906","bgm_M06","211001000","360","0","0","0","0","110010091","100016","0","11001","0","bgm_M06","0","110010093","101010902","0"
"-120","1","9001105","2015/12/17 15:00:00","0","0","bgm_M17_02","8","0","8","0","8","bgm_M17","bgm_M17_02","102611","120","100357","0","2030/12/31 14:59:59","90","100020","0","100358","9001106","100358","110010102","110010101","0","朱諾平原 1-10","0","bgm_M63","0","11001010","101401","101011","101011001","bgm_M63","211001000","455","0","0","0","0","110010101","100359","0","11001","0","bgm_M17","0","110010103","0","0"
"-200","1","0","2015/12/17 15:00:00","0","0","bgm_M06","8","101020101","8","0","8","bgm_M06","bgm_M06","101011","130","100031","0","2030/12/31 14:59:59","90","100010","0","100032","0","100032","110020012","110020011","0","帕拉斯高原 2-1","0","bgm_M06","0","11002001","101191","102011","101020105","bgm_M06","211001000","-470","0","0","0","0","110020011","100033","0","11002","0","bgm_M06","0","110020013","101020106","0"
"-200","1","0","2015/12/17 15:00:00","0","0","bgm_M06","8","101020205","8","0","8","bgm_M06","bgm_M06","101371","130","100031","0","2030/12/31 14:59:59","90","100010","0","100032","0","100032","110020022","110020021","0","帕拉斯高原 2-2","0","bgm_M06","0","11002002","101251","102251","101020202","bgm_M06","211001000","-300","0","0","0","0","110020021","100033","0","11002","0","bgm_M06","0","110020023","101020206","0"
"-160","1","0","2015/12/17 15:00:00","101020303","0","bgm_M06","8","101020304","8","0","8","bgm_M06","bgm_M06","101551","130","100034","0","2030/12/31 14:59:59","90","100010","0","100035","0","100035","110020032","110020031","0","帕拉斯高原 2-3","0","bgm_M06","0","11002003","101401","102162","101020305","bgm_M06","211001000","-130","0","0","0","0","110020031","100036","0","11002","0","bgm_M06","0","110020033","101020304","0"
"-10","1","0","2015/12/17 15:00:00","0","0","bgm_M06","8","101020404","8","0","8","bgm_M06","bgm_M06","101581","130","100091","0","2030/12/31 14:59:59","90","100030","0","100092","0","100092","110020042","110020041","0","帕拉斯高原 2-4","0","bgm_M06","0","11002004","101521","102221","101020404","bgm_M06","211001000","-200","0","0","0","0","110020041","100093","0","11002","0","bgm_M06","0","110020043","101020405","0"
"75","1","0","2015/12/17 15:00:00","0","0","bgm_M06","8","101020502","8","0","8","bgm_M06","bgm_M06","101611","130","100091","0","2030/12/31 14:59:59","90","100030","0","100092","0","100092","110020052","110020051","0","帕拉斯高原 2-5","0","bgm_M06","0","11002005","101281","102191","101020506","bgm_M06","211001000","-325","0","0","0","0","110020051","100093","0","11002","0","bgm_M06","0","110020053","101020501","0"
"130","1","0","2015/12/17 15:00:00","101020606","0","bgm_M06","8","101020604","8","0","8","bgm_M06","bgm_M06","101581","130","100091","0","2030/12/31 14:59:59","90","100030","0","100092","0","100092","110020062","110020061","0","帕拉斯高原 2-6","0","bgm_M06","0","11002006","101251","102071","101020603","bgm_M06","211001000","-170","0","0","0","0","110020061","100093","0","11002","0","bgm_M06","0","110020063","101020604","0"
"40","1","0","2015/12/17 15:00:00","0","0","bgm_M06","8","101020704","8","0","8","bgm_M06","bgm_M06","101431","130","100091","0","2030/12/31 14:59:59","90","100030","0","100092","0","100092","110020072","110020071","0","帕拉斯高原 2-7","0","bgm_M06","0","11002007","101071","122311","101020705","bgm_M06","211001000","-35","0","0","0","0","110020071","100093","0","11002","0","bgm_M06","0","110020073","101020706","0"
"-75","1","0","2015/12/17 15:00:00","101020807","25011","bgm_M06","8","101020806","8","0","8","bgm_M06","bgm_M06","101611","130","100036","0","2030/12/31 14:59:59","90","100050","0","100037","0","100037","110020082","110020081","0","帕拉斯高原 2-8","0","bgm_M06","0","11002008","101131","102281","101020805","bgm_M06","211001000","30","0","0","0","0","110020081","100038","0","11002","0","bgm_M06","0","110020083","101020807","0"
"-150","1","0","2015/12/17 15:00:00","101020905","25012","bgm_M06","8","101020902","8","0","8","bgm_M06","bgm_M06","102611","130","100101","0","2030/12/31 14:59:59","90","100030","0","100102","0","100102","110020092","110020091","0","帕拉斯高原 2-9","0","bgm_M06","-70","11002009","122371","122431","101020901","bgm_M06","211001000","160","0","0","0","0","110020091","100103","0","11002","0","bgm_M06","0","110020093","101020904","0"
"-125","1","0","2015/12/17 15:00:00","101021005","25013","bgm_M06","8","101021003","8","0","8","bgm_M06","bgm_M06","102011","130","100041","0","2030/12/31 14:59:59","90","100040","0","100042","0","100042","110020102","110020101","0","帕拉斯高原 2-10","0","bgm_M06","0","11002010","102581","122341","101021007","bgm_M06","211001000","320","0","0","0","0","110020101","100043","0","11002","0","bgm_M06","0","110020103","101021002","0"
"-105","1","0","2015/12/17 15:00:00","101021104","25014","bgm_M06","8","101021102","8","0","8","bgm_M06","bgm_M06","102461","130","100041","0","2030/12/31 14:59:59","90","100040","0","100042","0","100042","110020112","110020111","0","帕拉斯高原 2-11","0","bgm_M06","0","11002011","102551","122493","101021101","bgm_M06","211001000","485","0","0","0","0","110020111","100043","0","11002","0","bgm_M06","0","110020113","101021103","0"
"40","1","9002125","2015/12/17 15:00:00","0","25015","bgm_M17_02","8","0","8","0","8","bgm_M17","bgm_M17_02","102221","130","100371","0","2030/12/31 14:59:59","90","100030","0","100372","9002126","100372","110020122","110020121","0","帕拉斯高原 2-12","0","bgm_M63","0","11002012","102612","122491","101021206","bgm_M63","211001000","450","0","0","0","0","110020121","100373","0","11002","0","bgm_M17","0","110020123","0","0"
"100","1","0","2015/12/17 15:00:00","101030105","0","bgm_M06","8","101030104","8","0","8","bgm_M06","bgm_M06","102071","140","100151","0","2030/12/31 14:59:59","90","100120","0","100152","0","100152","110030012","110030011","0","赫柏丘陵 3-1","0","bgm_M06","70","11003001","102551","122493","101030102","bgm_M06","211001000","-455","0","0","0","0","110030011","100153","0","11003","0","bgm_M06","0","110030013","101030103","0"
"-65","1","0","2015/12/17 15:00:00","101030204","0","bgm_M06","8","101030203","8","0","8","bgm_M06","bgm_M06","102251","140","100061","0","2030/12/31 14:59:59","90","100010","0","100062","0","100062","110030022","110030021","0","赫柏丘陵 3-2","0","bgm_M06","0","11003002","102612","122491","101030201","bgm_M06","211001000","-380","0","0","0","0","110030021","100063","0","11003","0","bgm_M06","0","110030023","101030205","0"
"40","1","0","2015/12/17 15:00:00","101030305","0","bgm_M06","8","101030307","8","0","8","bgm_M06","bgm_M06","102011","140","100064","0","2030/12/31 14:59:59","90","100010","0","100065","0","100065","110030032","110030031","0","赫柏丘陵 3-3","0","bgm_M06","0","11003003","102252","102163","101030306","bgm_M06","211001000","-255","0","0","0","0","110030031","100066","0","11003","0","bgm_M06","0","110030033","101030308","0"
"38","1","0","2015/12/17 15:00:00","101030405","0","bgm_M06","8","101030404","8","0","8","bgm_M06","bgm_M06","102191","140","100111","0","2030/12/31 14:59:59","90","100050","0","100112","0","100112","110030042","110030041","0","赫柏丘陵 3-4","0","bgm_M06","0","11003004","102192","102222","101030402","bgm_M06","211001000","-90","0","0","0","0","110030041","100113","0","11003","0","bgm_M06","0","110030043","101030401","0"
"-105","1","0","2015/12/17 15:00:00","101030507","0","bgm_M06","8","101030501","8","0","8","bgm_M06","bgm_M06","102221","140","100111","0","2030/12/31 14:59:59","90","100050","0","100112","0","100112","110030052","110030051","0","赫柏丘陵 3-5","0","bgm_M06","0","11003005","102131","102013","101030508","bgm_M06","211001000","-130","0","0","0","0","110030051","100113","0","11003","0","bgm_M06","0","110030053","101030502","0"
"-205","1","0","2015/12/17 15:00:00","101030606","0","bgm_M06","8","101030601","8","0","8","bgm_M06","bgm_M06","122311","140","100241","0","2030/12/31 14:59:59","90","100020","0","100242","0","100242","110030062","110030061","0","赫柏丘陵 3-6","0","bgm_M06","0","11003006","102101","102014","101030605","bgm_M06","211001000","15","0","0","0","0","110030061","100243","0","11003","0","bgm_M06","0","110030063","101030601","0"
"-40","1","0","2015/12/17 15:00:00","101030705","0","bgm_M06","8","101030706","8","0","8","bgm_M06","bgm_M06","102162","140","100241","0","2030/12/31 14:59:59","90","100020","0","100242","0","100242","110030072","110030071","0","赫柏丘陵 3-7","0","bgm_M06","0","11003007","122282","102041","101030701","bgm_M06","211001000","75","0","0","0","0","110030071","100243","0","11003","0","bgm_M06","0","110030073","101030706","0"
"90","1","0","2015/12/17 15:00:00","101030810","25011","bgm_M06","8","101030808","8","0","8","bgm_M06","bgm_M06","122341","140","100034","0","2030/12/31 14:59:59","90","100050","0","100035","0","100035","110030082","110030081","0","赫柏丘陵 3-8","0","bgm_M06","0","11003008","122342","122312","101030807","bgm_M06","211001000","185","0","0","0","0","110030081","100036","0","11003","0","bgm_M06","0","110030083","101030809","0"
"15","1","0","2015/12/17 15:00:00","0","25012","bgm_M06","8","101030906","8","0","8","bgm_M06","bgm_M06","122371","140","100037","0","2030/12/31 14:59:59","90","100050","0","100038","0","100038","110030092","110030091","0","赫柏丘陵 3-9","0","bgm_M06","0","11003009","122401","122372","101030905","bgm_M06","211001000","340","0","0","0","0","110030091","100039","0","11003","0","bgm_M06","0","110030093","101030906","0"
"-120","1","0","2015/12/17 15:00:00","101031005","25013","bgm_M06","8","101031004","8","0","8","bgm_M06","bgm_M06","102281","140","100021","0","2030/12/31 14:59:59","90","100020","101031002","100022","0","100022","110030102","110030101","0","赫柏丘陵 3-10","0","bgm_M06","0","11003010","122521","122432","101031007","bgm_M06","211001000","260","0","0","0","0","110030101","100023","0","11003","0","bgm_M06","0","110030103","101031006","0"
"-110","1","0","2015/12/17 15:00:00","101031108","25014","bgm_M06","8","101031107","8","0","8","bgm_M06","bgm_M06","122431","140","100391","0","2030/12/31 14:59:59","90","100080","101031104","100392","0","100392","110030112","110030111","0","赫柏丘陵 3-11","0","bgm_M06","0","11003011","102582","102552","101031106","bgm_M06","211001000","460","0","0","0","0","110030111","100393","0","11003","0","bgm_M06","0","110030113","101031101","0"
"60","1","9003125","2015/12/17 15:00:00","0","25015","bgm_M17_02","8","0","8","0","8","bgm_M17","bgm_M17_02","102581","140","100391","0","2030/12/31 14:59:59","90","100080","0","100392","9003126","100392","110030122","110030121","0","赫柏丘陵 3-12","0","bgm_M63","0","11003012","122613","122614","101031206","bgm_M63","211001000","495","0","0","0","0","110030121","100393","0","11003","0","bgm_M17","0","110030123","0","0"
"25","1","0","2015/12/17 15:00:00","0","0","bgm_M06","9","101040106","9","0","9","bgm_M06","bgm_M06","102131","150","100581","0","2030/12/31 14:59:59","90","100100","0","100582","0","100582","110040012","110040011","0","維斯塔溪谷 4-1","0","bgm_M06","0","11004001","102252","102101","101040106","bgm_M06","211001000","-660","0","0","0","0","110040011","100583","0","11004","0","bgm_M06","0","110040013","101040104","0"
"-70","1","0","2015/12/17 15:00:00","101040204","0","bgm_M06","9","101040206","9","0","9","bgm_M06","bgm_M06","102222","150","100581","0","2030/12/31 14:59:59","90","100100","0","100582","0","100582","110040022","110040021","0","維斯塔溪谷 4-2","0","bgm_M06","0","11004002","102192","102014","101040201","bgm_M06","211001000","-540","0","0","0","0","110040021","100583","0","11004","0","bgm_M06","0","110040023","101040205","0"
"-10","1","0","2015/12/17 15:00:00","101040304","0","bgm_M06","9","101040306","9","0","9","bgm_M06","bgm_M06","102041","150","100581","0","2030/12/31 14:59:59","90","100100","0","100582","0","100582","110040032","110040031","0","維斯塔溪谷 4-3","0","bgm_M06","0","11004003","102013","113071","101040305","bgm_M06","211001000","-395","0","0","0","0","110040031","100583","0","11004","0","bgm_M06","0","110040033","101040306","0"
"30","1","0","2015/12/17 15:00:00","101040405","0","bgm_M06","9","101040402","9","0","9","bgm_M06","bgm_M06","122282","150","100581","0","2030/12/31 14:59:59","90","100100","0","100582","0","100582","110040042","110040041","0","維斯塔溪谷 4-4","0","bgm_M06","0","11004004","102163","113011","101040407","bgm_M06","211001000","-240","0","0","0","0","110040041","100583","0","11004","0","bgm_M06","0","110040043","101040406","0"
"-145","1","0","2015/12/17 15:00:00","101040502","0","bgm_M06","9","101040503","9","0","9","bgm_M06","bgm_M06","122521","150","100201","0","2030/12/31 14:59:59","90","100110","101040507","100202","0","100202","110040052","110040051","0","維斯塔溪谷 4-5","0","bgm_M06","0","11004005","123251","123161","101040505","bgm_M06","211001000","-245","0","0","0","0","110040051","100203","0","11004","0","bgm_M06","0","110040053","101040503","0"
"-115","1","0","2015/12/17 15:00:00","101040607","0","bgm_M06","9","101040603","9","0","9","bgm_M06","bgm_M06","122342","150","100201","0","2030/12/31 14:59:59","90","100110","0","100202","0","100202","110040062","110040061","0","維斯塔溪谷 4-6","0","bgm_M06","0","11004006","113191","113221","101040603","bgm_M06","211001000","-75","0","0","0","0","110040061","100203","0","11004","0","bgm_M06","0","110040063","101040607","0"
"40","1","0","2015/12/17 15:00:00","101040705","0","bgm_M06","9","101040701","9","0","9","bgm_M06","bgm_M06","122312","150","100101","0","2030/12/31 14:59:59","90","100070","0","100102","0","100102","110040072","110040071","0","維斯塔溪谷 4-7","0","bgm_M06","-70","11004007","102552","123281","101040707","bgm_M06","211001000","-40","0","0","0","0","110040071","100103","0","11004","0","bgm_M06","0","110040073","101040706","0"
"-20","1","0","2015/12/17 15:00:00","101040808","0","bgm_M06","9","101040806","9","0","9","bgm_M06","bgm_M06","122372","150","100101","0","2030/12/31 14:59:59","90","100070","0","100102","0","100102","110040082","110040081","0","維斯塔溪谷 4-8","0","bgm_M06","-70","11004008","102582","123311","101040805","bgm_M06","211001000","115","0","0","0","0","110040081","100103","0","11004","0","bgm_M06","0","110040083","101040807","0"
"40","1","0","2015/12/17 15:00:00","101040905","25011","bgm_M06","9","101040906","9","0","9","bgm_M06","bgm_M06","122401","150","100581","0","2030/12/31 14:59:59","90","100100","0","100582","0","100582","110040092","110040091","0","維斯塔溪谷 4-9","0","bgm_M06","0","11004009","122614","123341","101040907","bgm_M06","211001000","275","0","0","0","0","110040091","100583","0","11004","0","bgm_M06","0","110040093","101040901","0"
"20","1","0","2015/12/17 15:00:00","101041004","25012","bgm_M06","9","101041005","9","0","9","bgm_M06","bgm_M06","122432","150","100074","0","2030/12/31 14:59:59","90","100010","0","100075","0","100075","110040102","110040101","0","維斯塔溪谷 4-10","0","bgm_M06","0","11004010","113521","113431","101041005","bgm_M06","211001000","440","0","0","0","0","110040101","100076","0","11004","0","bgm_M06","0","110040103","101041002","0"
"55","1","0","2015/12/17 15:00:00","101041105","25013","bgm_M06","9","101041102","9","0","9","bgm_M06","bgm_M06","122613","150","100077","0","2030/12/31 14:59:59","90","100010","0","100078","0","100078","110040112","110040111","0","維斯塔溪谷 4-11","0","bgm_M06","0","11004011","113581","113551","101041106","bgm_M06","211001000","615","0","0","0","0","110040111","100079","0","11004","0","bgm_M06","0","110040113","101041102","0"
"-95","1","0","2015/12/17 15:00:00","101041201","25014","bgm_M06","9","101041203","9","0","9","bgm_M06","bgm_M06","113011","150","100201","0","2030/12/31 14:59:59","90","100110","101041201","100202","0","100202","110040122","110040121","0","維斯塔溪谷 4-12","0","bgm_M06","0","11004012","123612","113611","101041205","bgm_M06","211001000","690","0","0","0","0","110040121","100203","0","11004","0","bgm_M06","0","110040123","101041204","0"
"-125","1","9004135","2015/12/17 15:00:00","0","25015","bgm_M17_02","9","0","9","0","9","bgm_M17","bgm_M17_02","113221","150","100461","0","2030/12/31 14:59:59","90","100110","0","100462","9004136","100462","110040132","110040131","0","維斯塔溪谷 4-13","0","bgm_M63","0","11004013","113252","123192","101041306","bgm_M63","211001000","520","0","0","0","0","110040131","100463","0","11004","0","bgm_M17","0","110040133","0","0"
"85","1","0","2015/12/17 15:00:00","0","0","bgm_M06","9","101050101","9","0","9","bgm_M06","bgm_M06","113071","165","100111","0","2030/12/31 14:59:59","90","100050","0","100112","0","100112","110050012","110050011","0","刻瑞斯森林 5-1","0","bgm_M06","0","11005001","113191","123161","101050105","bgm_M06","211001000","-775","0","0","0","0","110050011","100113","0","11005","0","bgm_M06","0","110050013","101050107","0"
"95","1","0","2015/12/17 15:00:00","101050209","0","bgm_M06","9","101050207","9","0","9","bgm_M06","bgm_M06","123341","165","100111","0","2030/12/31 14:59:59","90","100050","0","100112","0","100112","110050022","110050021","0","刻瑞斯森林 5-2","0","bgm_M06","0","11005002","113071","113221","101050206","bgm_M06","211001000","-625","0","0","0","0","110050021","100113","0","11005","0","bgm_M06","0","110050023","101050208","0"
"40","1","0","2015/12/17 15:00:00","0","0","bgm_M06","9","101050305","9","0","9","bgm_M06","bgm_M06","113521","165","100111","0","2030/12/31 14:59:59","90","100050","0","100112","0","100112","110050032","110050031","0","刻瑞斯森林 5-3","0","bgm_M06","0","11005003","123251","123192","101050302","bgm_M06","211001000","-475","0","0","0","0","110050031","100113","0","11005","0","bgm_M06","0","110050033","101050306","0"
"40","1","0","2015/12/17 15:00:00","101050402","0","bgm_M06","9","101050406","9","0","9","bgm_M06","bgm_M06","123311","165","100011","0","2030/12/31 14:59:59","90","100020","0","100012","0","100012","110050042","110050041","0","刻瑞斯森林 5-4","0","bgm_M06","0","11005004","113101","113012","101050405","bgm_M06","211001000","-290","0","0","0","0","110050041","100013","0","11005","0","bgm_M06","0","110050043","101050404","0"
"-95","1","0","2015/12/17 15:00:00","101050506","0","bgm_M06","9","101050505","9","0","9","bgm_M06","bgm_M06","123281","165","100014","0","2030/12/31 14:59:59","90","100020","0","100015","0","100015","110050052","110050051","0","刻瑞斯森林 5-5","0","bgm_M06","0","11005005","113252","113162","101050507","bgm_M06","211001000","-370","0","0","0","0","110050051","100016","0","11005","0","bgm_M06","0","110050053","101050506","0"
"-195","1","0","2015/12/17 15:00:00","101050606","0","bgm_M06","9","101050604","9","0","9","bgm_M06","bgm_M06","113431","165","100036","0","2030/12/31 14:59:59","90","100040","101050607","100037","0","100037","110050062","110050061","0","刻瑞斯森林 5-6","0","bgm_M06","0","11005006","113131","123041","101050604","bgm_M06","211001000","-500","0","0","0","0","110050061","100038","0","11005","0","bgm_M06","0","110050063","101050601","0"
"-215","1","0","2015/12/17 15:00:00","101050709","0","bgm_M06","9","101050702","9","0","9","bgm_M06","bgm_M06","113581","165","100011","0","2030/12/31 14:59:59","90","100020","0","100012","0","100012","110050072","110050071","0","刻瑞斯森林 5-7","0","bgm_M06","0","11005007","113522","113342","101050708","bgm_M06","211001000","-250","0","0","0","0","110050071","100013","0","11005","0","bgm_M06","0","110050073","101050703","0"
"-175","1","0","2015/12/17 15:00:00","101050805","0","bgm_M06","9","101050807","9","0","9","bgm_M06","bgm_M06","113551","165","100014","0","2030/12/31 14:59:59","90","100020","0","100015","0","100015","110050082","110050081","0","刻瑞斯森林 5-8","0","bgm_M06","0","11005008","123432","123371","101050806","bgm_M06","211001000","-55","0","0","0","0","110050081","100016","0","11005","0","bgm_M06","0","110050083","101050808","0"
"-55","1","0","2015/12/17 15:00:00","101050904","25011","bgm_M06","9","101050901","9","0","9","bgm_M06","bgm_M06","113611","165","100017","0","2030/12/31 14:59:59","90","100020","0","100018","0","100018","110050092","110050091","0","刻瑞斯森林 5-9","0","bgm_M06","-50","11005009","123461","123282","101050902","bgm_M06","211001000","70","0","0","0","0","110050091","100019","0","11005","0","bgm_M06","0","110050093","101050903","0"
"-145","1","0","2015/12/17 15:00:00","101051007","25012","bgm_M06","9","101051001","9","0","9","bgm_M06","bgm_M06","123612","165","100121","0","2030/12/31 14:59:59","90","100040","101051007","100122","0","100122","110050102","110050101","0","刻瑞斯森林 5-10","0","bgm_M06","-50","11005010","123491","113401","101051006","bgm_M06","211001000","240","0","0","0","0","110050101","100123","0","11005","0","bgm_M06","0","110050103","101051001","0"
"-10","1","0","2015/12/17 15:00:00","101051105","25013","bgm_M06","9","101051101","9","0","9","bgm_M06","bgm_M06","113101","165","100124","0","2030/12/31 14:59:59","90","100040","101051105","100125","0","100125","110050112","110050111","0","刻瑞斯森林 5-11","0","bgm_M06","-50","11005011","113162","113552","101051101","bgm_M06","211001000","310","0","0","0","0","110050111","100126","0","11005","0","bgm_M06","0","110050113","101051106","0"
"25","1","0","2015/12/17 15:00:00","101051201","25014","bgm_M06","9","101051202","9","0","9","bgm_M06","bgm_M06","113131","165","100127","0","2030/12/31 14:59:59","90","100040","101051205","100128","0","100128","110050122","110050121","0","刻瑞斯森林 5-12","0","bgm_M06","0","11005012","113012","123582","101051202","bgm_M06","211001000","475","0","0","0","0","110050121","100129","0","11005","0","bgm_M06","0","110050123","101051207","0"
"25","1","9005135","2015/12/17 15:00:00","0","25015","bgm_M17_02","9","0","9","0","9","bgm_M17","bgm_M17_02","123041","165","100921","0","2030/12/31 14:59:59","90","100080","0","100922","9005136","100922","110050132","110050131","0","刻瑞斯森林 5-13","0","bgm_M63","0","11005013","113222","123072","101051309","bgm_M63","211001000","670","0","0","0","0","110050131","100923","0","11005","0","bgm_M17","0","110050133","0","0"
"-160","1","0","2015/12/17 15:00:00","101060108","0","bgm_M06","9","101060106","9","0","9","bgm_M06","bgm_M06","123282","180","100161","0","2030/12/31 14:59:59","90","100040","0","100162","0","100162","110060012","110060011","0","佛洛拉湖畔 6-1","0","bgm_M06","0","11006001","113131","113101","101060104","bgm_M06","211001000","-645","0","0","0","0","110060011","100163","0","11006","0","bgm_M06","0","110060013","101060107","0"
"-60","1","0","2015/12/17 15:00:00","101060205","0","bgm_M06","9","101060207","9","0","9","bgm_M06","bgm_M06","113342","180","100161","0","2030/12/31 14:59:59","90","100040","0","100162","0","100162","110060022","110060021","0","佛洛拉湖畔 6-2","0","bgm_M06","0","11006002","123192","113162","101060204","bgm_M06","211001000","-510","0","0","0","0","110060021","100163","0","11006","0","bgm_M06","0","110060023","101060208","0"
"0","1","0","2015/12/17 15:00:00","101060302","0","bgm_M06","9","101060304","9","0","9","bgm_M06","bgm_M06","123612","180","100123","0","2030/12/31 14:59:59","90","100040","0","100124","0","100124","110060032","110060031","0","佛洛拉湖畔 6-3","0","bgm_M06","0","11006003","113252","123193","101060305","bgm_M06","211001000","-360","0","0","0","0","110060031","100125","0","11006","0","bgm_M06","0","110060033","101060306","0"
"-185","1","0","2015/12/17 15:00:00","101060409","0","bgm_M06","9","101060408","9","0","9","bgm_M06","bgm_M06","123371","180","100081","0","2030/12/31 14:59:59","90","100120","0","100082","0","100082","110060042","110060041","0","佛洛拉湖畔 6-4","0","bgm_M06","0","11006004","113012","123132","101060407","bgm_M06","211001000","-390","0","0","0","0","110060041","100083","0","11006","0","bgm_M06","0","110060043","101060405","0"
"-95","1","0","2015/12/17 15:00:00","101060507","0","bgm_M06","9","101060508","9","0","9","bgm_M06","bgm_M06","113611","180","100081","0","2030/12/31 14:59:59","90","100120","0","100082","0","100082","110060052","110060051","0","佛洛拉湖畔 6-5","0","bgm_M06","0","11006005","123072","113013","101060501","bgm_M06","211001000","-200","0","0","0","0","110060051","100083","0","11006","0","bgm_M06","0","110060053","101060504","0"
"-165","1","0","2015/12/17 15:00:00","101060605","0","bgm_M06","9","101060606","9","0","9","bgm_M06","bgm_M06","113401","180","100161","0","2030/12/31 14:59:59","90","100040","101060607","100162","0","100162","110060062","110060061","0","佛洛拉湖畔 6-6","0","bgm_M06","0","11006006","113222","123042","101060606","bgm_M06","211001000","-55","0","0","0","0","110060061","100163","0","11006","0","bgm_M06","0","110060063","101060601","0"
"10","1","0","2015/12/17 15:00:00","101060703","0","bgm_M06","9","101060704","9","0","9","bgm_M06","bgm_M06","113551","180","100111","0","2030/12/31 14:59:59","90","100050","0","100112","0","100112","110060072","110060071","0","佛洛拉湖畔 6-7","0","bgm_M06","0","11006007","123041","113283","101060705","bgm_M06","211001000","-20","0","0","0","0","110060071","100113","0","11006","0","bgm_M06","0","110060073","101060704","0"
"40","1","0","2015/12/17 15:00:00","101060809","0","bgm_M06","9","101060804","9","0","9","bgm_M06","bgm_M06","123432","180","100111","0","2030/12/31 14:59:59","90","100050","0","100112","0","100112","110060082","110060081","0","佛洛拉湖畔 6-8","0","bgm_M06","0","11006008","113522","123343","101060804","bgm_M06","211001000","130","0","0","0","0","110060081","100113","0","11006","0","bgm_M06","0","110060083","101060802","0"
"-125","1","0","2015/12/17 15:00:00","101060907","0","bgm_M06","9","101060906","9","0","9","bgm_M06","bgm_M06","113581","180","100037","0","2030/12/31 14:59:59","90","100040","0","100038","0","100038","110060092","110060091","0","佛洛拉湖畔 6-9","0","bgm_M06","0","11006009","113552","113372","101060905","bgm_M06","211001000","180","0","0","0","0","110060091","100039","0","11006","0","bgm_M06","0","110060093","101060902","0"
"-50","1","0","2015/12/17 15:00:00","101061007","25011","bgm_M06","9","101061006","9","0","9","bgm_M06","bgm_M06","123461","180","100031","0","2030/12/31 14:59:59","90","100050","0","100032","0","100032","110060102","110060101","0","佛洛拉湖畔 6-10","0","bgm_M06","0","11006010","123582","113553","101061003","bgm_M06","211001000","325","0","0","0","0","110060101","100033","0","11006","0","bgm_M06","0","110060103","101061006","0"
"40","1","0","2015/12/17 15:00:00","101061104","25012","bgm_M06","9","101061103","9","0","9","bgm_M06","bgm_M06","123132","180","100034","0","2030/12/31 14:59:59","90","100040","0","100035","0","100035","110060112","110060111","0","佛洛拉湖畔 6-11","0","bgm_M06","0","11006011","113013","113614","101061105","bgm_M06","211001000","460","0","0","0","0","110060111","100036","0","11006","0","bgm_M06","0","110060113","101061106","0"
"15","1","0","2015/12/17 15:00:00","101061207","25013","bgm_M06","9","101061202","9","0","9","bgm_M06","bgm_M06","123491","180","100041","0","2030/12/31 14:59:59","90","100070","0","100042","0","100042","110060122","110060121","0","佛洛拉湖畔 6-12","0","bgm_M06","0","11006012","123193","123583","101061206","bgm_M06","211001000","650","0","0","0","0","110060121","100043","0","11006","0","bgm_M06","0","110060123","101061204","0"
"-115","1","0","2015/12/17 15:00:00","101061305","25014","bgm_M06","9","101061301","9","0","9","bgm_M06","bgm_M06","123072","180","100041","0","2030/12/31 14:59:59","90","100070","101061303","100042","0","100042","110060132","110060131","0","佛洛拉湖畔 6-13","0","bgm_M06","0","11006013","123042","124131","101061304","bgm_M06","211001000","545","0","0","0","0","110060131","100043","0","11006","0","bgm_M06","0","110060133","101061302","0"
"-125","1","9006145","2015/12/17 15:00:00","0","25015","bgm_M17_02","9","0","9","0","9","bgm_M17","bgm_M17_02","113611","180","100701","0","2030/12/31 14:59:59","90","100120","0","100702","9006146","100702","110060142","110060141","0","佛洛拉湖畔 6-14","0","bgm_M63","-30","11006014","124251","124101","101061407","bgm_M63","211001000","740","0","0","0","0","110060141","100703","0","11006","0","bgm_M17","0","110060143","0","0"
"90","1","0","2015/12/17 15:00:00","0","0","bgm_M06","10","101070107","10","0","10","bgm_M06","bgm_M06","113401","190","100034","0","2030/12/31 14:59:59","90","100010","0","100035","0","100035","110070012","110070011","0","墨提斯大瀑布 7-1","0","bgm_M06","0","11007001","123432","113222","101070106","bgm_M06","211001000","-455","0","0","0","0","110070011","100036","0","11007","0","bgm_M06","0","110070013","101070107","0"
"-30","1","0","2015/12/17 15:00:00","101070204","0","bgm_M06","10","101070203","10","0","10","bgm_M06","bgm_M06","123461","190","100037","0","2030/12/31 14:59:59","90","100010","0","100038","0","100038","110070022","110070021","0","墨提斯大瀑布 7-2","0","bgm_M06","0","11007002","123072","113013","101070206","bgm_M06","211001000","-350","0","0","0","0","110070021","100039","0","11007","0","bgm_M06","0","110070023","101070203","0"
"40","1","0","2015/12/17 15:00:00","101070305","0","bgm_M06","10","101070303","10","0","10","bgm_M06","bgm_M06","123491","190","100091","0","2030/12/31 14:59:59","90","100030","101070309","100092","0","100092","110070032","110070031","0","墨提斯大瀑布 7-3","0","bgm_M06","0","11007003","123132","124251","101070307","bgm_M06","211001000","-230","0","0","0","0","110070031","100093","0","11007","0","bgm_M06","0","110070033","101070308","0"
"-85","1","0","2015/12/17 15:00:00","101070406","0","bgm_M06","10","101070401","10","0","10","bgm_M06","bgm_M06","123193","190","100091","0","2030/12/31 14:59:59","90","100030","0","100092","0","100092","110070042","110070041","0","墨提斯大瀑布 7-4","0","bgm_M06","0","11007004","124131","114011","101070401","bgm_M06","211001000","-160","0","0","0","0","110070041","100093","0","11007","0","bgm_M06","0","110070043","101070402","0"
"-210","1","0","2015/12/17 15:00:00","101070502","0","bgm_M06","10","101070505","10","0","10","bgm_M06","bgm_M06","113522","190","100171","0","2030/12/31 14:59:59","90","100040","0","100172","0","100172","110070052","110070051","0","墨提斯大瀑布 7-5","0","bgm_M06","0","11007005","114191","124101","101070504","bgm_M06","211001000","-45","0","0","0","0","110070051","100173","0","11007","0","bgm_M06","0","110070053","101070505","0"
"-130","1","0","2015/12/17 15:00:00","101070605","0","bgm_M06","10","101070601","10","0","10","bgm_M06","bgm_M06","123042","190","100171","0","2030/12/31 14:59:59","90","100070","0","100172","0","100172","110070062","110070061","0","墨提斯大瀑布 7-6","0","bgm_M06","0","11007006","124071","124161","101070602","bgm_M06","211001000","90","0","0","0","0","110070061","100173","0","11007","0","bgm_M06","0","110070063","101070608","0"
"40","1","0","2015/12/17 15:00:00","101070708","0","bgm_M06","10","101070704","10","0","10","bgm_M06","bgm_M06","113552","190","100041","0","2030/12/31 14:59:59","90","100070","101070709","100042","0","100042","110070072","110070071","0","墨提斯大瀑布 7-7","0","bgm_M06","-30","11007007","114221","114041","101070707","bgm_M06","211001000","5","0","0","0","0","110070071","100043","0","11007","0","bgm_M06","0","110070073","101070704","0"
"35","1","0","2015/12/17 15:00:00","0","0","bgm_M06","10","101070802","10","0","10","bgm_M06","bgm_M06","113283","190","100061","0","2030/12/31 14:59:59","90","100010","0","100062","0","100062","110070082","110070081","0","墨提斯大瀑布 7-8","0","bgm_M06","0","11007008","124251","114011","101070801","bgm_M06","211001000","200","0","0","0","0","110070081","100063","0","11007","0","bgm_M06","0","110070083","101070804","0"
"-45","1","0","2015/12/17 15:00:00","101070905","0","bgm_M06","10","101070901","10","0","10","bgm_M06","bgm_M06","123583","190","100111","0","2030/12/31 14:59:59","90","100050","0","100112","0","100112","110070092","110070091","0","墨提斯大瀑布 7-9","0","bgm_M06","0","11007009","124101","114281","101070906","bgm_M06","211001000","320","0","0","0","0","110070091","100113","0","11007","0","bgm_M06","0","110070093","101070904","0"
"-185","1","0","2015/12/17 15:00:00","101071002","25011","bgm_M06","10","101071001","10","0","10","bgm_M06","bgm_M06","123343","190","100037","0","2030/12/31 14:59:59","90","100050","0","100038","0","100038","110070102","110070101","0","墨提斯大瀑布 7-10","0","bgm_M06","0","11007010","124161","114221","101071004","bgm_M06","211001000","365","0","0","0","0","110070101","100039","0","11007","0","bgm_M06","0","110070103","101071007","0"
"-125","1","0","2015/12/17 15:00:00","101071106","25012","bgm_M06","10","101071105","10","0","10","bgm_M06","bgm_M06","113614","190","100111","0","2030/12/31 14:59:59","90","100010","0","100112","0","100112","110070112","110070111","0","墨提斯大瀑布 7-11","0","bgm_M06","0","11007011","114041","124311","101071105","bgm_M06","211001000","510","0","0","0","0","110070111","100113","0","11007","0","bgm_M06","0","110070113","101071101","0"
"-110","1","0","2015/12/17 15:00:00","101071201","25013","bgm_M06","10","101071204","10","0","10","bgm_M06","bgm_M06","113372","190","100121","0","2030/12/31 14:59:59","90","100010","0","100122","0","100122","110070122","110070121","0","墨提斯大瀑布 7-12","0","bgm_M06","-50","11007012","124071","114341","101071207","bgm_M06","211001000","690","0","0","0","0","110070121","100123","0","11007","0","bgm_M06","0","110070123","101071204","0"
"10","1","0","2015/12/17 15:00:00","101071302","25014","bgm_M06","10","101071304","10","0","10","bgm_M06","bgm_M06","113553","190","100124","0","2030/12/31 14:59:59","90","100040","0","100125","0","100125","110070132","110070131","0","墨提斯大瀑布 7-13","0","bgm_M06","-50","11007013","114191","114371","101071304","bgm_M06","211001000","505","0","0","0","0","110070131","100126","0","11007","0","bgm_M06","0","110070133","101071307","0"
"40","1","9007145","2015/12/17 15:00:00","0","25015","bgm_M17_02","10","0","10","0","10","bgm_M17","bgm_M17_02","123582","190","100781","0","2030/12/31 14:59:59","90","100120","0","100782","9007146","100782","110070142","110070141","0","墨提斯大瀑布 7-14","0","bgm_M63","0","11007014","124131","124401","101071408","bgm_M63","211001000","665","0","0","0","0","110070141","100783","0","11007","0","bgm_M17","0","110070143","0","0"
"25","1","0","2015/12/17 15:00:00","101080108","0","bgm_M06","10","101080105","10","0","10","bgm_M06","bgm_M06","113283","200","100111","0","2030/12/31 14:59:59","90","100050","0","100112","0","100112","110080012","110080011","0","伊麗絲樹海 8-1","0","bgm_M06","0","11008001","114011","114041","101080107","bgm_M06","211001000","-760","0","0","0","0","110080011","100113","0","11008","0","bgm_M06","0","110080013","101080102","0"
"-140","1","0","2015/12/17 15:00:00","101080208","0","bgm_M06","10","101080203","10","0","10","bgm_M06","bgm_M06","113553","200","100241","0","2030/12/31 14:59:59","90","100050","0","100242","0","100242","110080022","110080021","0","伊麗絲樹海 8-2","0","bgm_M06","0","11008002","124161","124131","101080205","bgm_M06","211001000","-710","0","0","0","0","110080021","100243","0","11008","0","bgm_M06","0","110080023","101080207","0"
"-70","1","0","2015/12/17 15:00:00","101080303","0","bgm_M06","10","101080301","10","0","10","bgm_M06","bgm_M06","123343","200","100241","0","2030/12/31 14:59:59","90","100010","0","100242","0","100242","110080032","110080031","0","伊麗絲樹海 8-3","0","bgm_M06","0","11008003","124071","124101","101080306","bgm_M06","211001000","-570","0","0","0","0","110080031","100243","0","11008","0","bgm_M06","0","110080033","101080307","0"
"40","1","0","2015/12/17 15:00:00","101080403","0","bgm_M06","10","101080401","10","0","10","bgm_M06","bgm_M06","123583","200","100111","0","2030/12/31 14:59:59","90","100010","101080406","100112","0","100112","110080042","110080041","0","伊麗絲樹海 8-4","0","bgm_M06","0","11008004","114221","114191","101080404","bgm_M06","211001000","-500","0","0","0","0","110080041","100113","0","11008","0","bgm_M06","0","110080043","101080408","0"
"-85","1","0","2015/12/17 15:00:00","101080503","0","bgm_M06","10","101080505","10","0","10","bgm_M06","bgm_M06","113372","200","100011","0","2030/12/31 14:59:59","90","100020","0","100012","0","100012","110080052","110080051","0","伊麗絲樹海 8-5","0","bgm_M06","0","11008005","114011","114281","101080506","bgm_M06","211001000","-410","0","0","0","0","110080051","100013","0","11008","0","bgm_M06","0","110080053","101080504","0"
"5","1","0","2015/12/17 15:00:00","101080606","0","bgm_M06","10","101080602","10","0","10","bgm_M06","bgm_M06","113614","200","100014","0","2030/12/31 14:59:59","90","100020","101080603","100015","0","100015","110080062","110080061","0","伊麗絲樹海 8-6","0","bgm_M06","0","11008006","114041","124311","101080601","bgm_M06","211001000","-290","0","0","0","0","110080061","100016","0","11008","0","bgm_M06","0","110080063","101080605","0"
"-175","1","0","2015/12/17 15:00:00","101080702","0","bgm_M06","10","101080703","10","0","10","bgm_M06","bgm_M06","113553","200","100121","0","2030/12/31 14:59:59","90","100040","101080705","100122","0","100122","110080072","110080071","0","伊麗絲樹海 8-7","0","bgm_M06","-50","11008007","114221","114341","101080703","bgm_M06","211001000","-245","0","0","0","0","110080071","100123","0","11008","0","bgm_M06","0","110080073","101080702","0"
"-115","1","0","2015/12/17 15:00:00","101080808","0","bgm_M06","10","101080807","10","0","10","bgm_M06","bgm_M06","113372","200","100127","0","2030/12/31 14:59:59","90","100040","101080809","100128","0","100128","110080082","110080081","0","伊麗絲樹海 8-8","0","bgm_M06","-50","11008008","114191","124431","101080806","bgm_M06","211001000","-85","0","0","0","0","110080081","100129","0","11008","0","bgm_M06","0","110080083","101080803","0"
"-75","1","0","2015/12/17 15:00:00","101080904","0","bgm_M06","10","101080902","10","0","10","bgm_M06","bgm_M06","113283","200","100131","0","2030/12/31 14:59:59","90","100060","101080903","100132","0","100132","110080092","110080091","0","伊麗絲樹海 8-9","0","bgm_M06","0","11008009","124131","124521","101080905","bgm_M06","211001000","90","0","0","0","0","110080091","100133","0","11008","0","bgm_M06","0","110080093","101080907","0"
"-185","1","0","2015/12/17 15:00:00","101081001","0","bgm_M06","10","101081005","10","0","10","bgm_M06","bgm_M06","113553","200","100131","0","2030/12/31 14:59:59","90","100060","101081002","100132","0","100132","110080102","110080101","0","伊麗絲樹海 8-10","0","bgm_M06","0","11008010","114011","124401","101081005","bgm_M06","211001000","215","0","0","0","0","110080101","100133","0","11008","0","bgm_M06","0","110080103","101081003","0"
"-100","1","0","2015/12/17 15:00:00","101081102","25011","bgm_M06","10","101081103","10","0","10","bgm_M06","bgm_M06","123343","200","100131","0","2030/12/31 14:59:59","90","100060","0","100132","0","100132","110080112","110080111","0","伊麗絲樹海 8-11","0","bgm_M06","0","11008011","124101","114371","101081104","bgm_M06","211001000","375","0","0","0","0","110080111","100133","0","11008","0","bgm_M06","0","110080113","101081103","0"
"-130","1","0","2015/12/17 15:00:00","101081201","25012","bgm_M06","10","101081206","10","0","10","bgm_M06","bgm_M06","113614","200","100021","0","2030/12/31 14:59:59","90","100020","101081207","100022","0","100022","110080122","110080121","0","伊麗絲樹海 8-12","0","bgm_M06","0","11008012","124251","114341","101081205","bgm_M06","211001000","545","0","0","0","0","110080121","100023","0","11008","0","bgm_M06","0","110080123","101081201","0"
"-70","1","0","2015/12/17 15:00:00","101081307","25013","bgm_M06","10","101081305","10","0","10","bgm_M06","bgm_M06","113553","200","100051","0","2030/12/31 14:59:59","90","100020","101081301","100052","0","100052","110080132","110080131","0","伊麗絲樹海 8-13","0","bgm_M06","0","11008013","124071","124491","101081302","bgm_M06","211001000","695","0","0","0","0","110080131","100053","0","11008","0","bgm_M06","0","110080133","101081305","0"
"15","1","0","2015/12/17 15:00:00","101081407","25014","bgm_M06","10","101081405","10","0","10","bgm_M06","bgm_M06","123583","200","100451","0","2030/12/31 14:59:59","90","100090","101081402","100452","0","100452","110080142","110080141","0","伊麗絲樹海 8-14","0","bgm_M06","0","11008014","114221","114461","101081405","bgm_M06","211001000","520","0","0","0","0","110080141","100453","0","11008","0","bgm_M06","0","110080143","101081401","0"
"40","1","9008155","2015/12/17 15:00:00","0","25015","bgm_M17_02","10","0","10","0","10","bgm_M17","bgm_M17_02","113372","200","100451","0","2030/12/31 14:59:59","90","100090","0","100452","9008156","100452","110080152","110080151","0","伊麗絲樹海 8-15","0","bgm_M63","0","11008015","124161","114371","101081508","bgm_M63","211001000","330","0","0","0","0","110080151","100453","0","11008","0","bgm_M17","0","110080153","0","0"
"88","1","0","2015/12/17 15:00:00","101090106","0","bgm_M06","10","101090101","10","0","10","bgm_M06","bgm_M06","114041","205","100221","0","2030/12/31 14:59:59","90","100130","0","100222","0","100222","110090012","110090011","0","弗麗嘉雪原 9-1","0","bgm_M06","-50","11009001","124071","124251","101090103","bgm_M06","211001000","-755","0","0","0","0","110090011","100223","0","11009","0","bgm_M06","0","110090013","101090105","0"
"105","1","0","2015/12/17 15:00:00","101090204","0","bgm_M06","10","101090202","10","0","10","bgm_M06","bgm_M06","124101","205","100221","0","2030/12/31 14:59:59","90","100130","0","100222","0","100222","110090022","110090021","0","弗麗嘉雪原 9-2","0","bgm_M06","-50","11009002","114221","114011","101090202","bgm_M06","211001000","-575","0","0","0","0","110090021","100223","0","11009","0","bgm_M06","0","110090023","101090201","0"
"40","1","0","2015/12/17 15:00:00","101090307","0","bgm_M06","10","101090301","10","0","10","bgm_M06","bgm_M06","124131","205","100941","0","2030/12/31 14:59:59","90","100140","0","100942","0","100942","110090032","110090031","0","弗麗嘉雪原 9-3","0","bgm_M06","0","11009003","124161","114191","101090301","bgm_M06","211001000","-420","0","0","0","0","110090031","100943","0","11009","0","bgm_M06","0","110090033","101090303","0"
"-115","1","0","2015/12/17 15:00:00","101090406","0","bgm_M06","10","101090401","10","0","10","bgm_M06","bgm_M06","123583","205","100221","0","2030/12/31 14:59:59","90","100130","101090407","100222","0","100222","110090042","110090041","0","弗麗嘉雪原 9-4","0","bgm_M06","-50","11009004","124311","114162","101090401","bgm_M06","211001000","-360","0","0","0","0","110090041","100223","0","11009","0","bgm_M06","0","110090043","101090402","0"
"-205","1","0","2015/12/17 15:00:00","101090502","0","bgm_M06","10","101090503","10","0","10","bgm_M06","bgm_M06","124521","205","100221","0","2030/12/31 14:59:59","90","100130","0","100222","0","100222","110090052","110090051","0","弗麗嘉雪原 9-5","0","bgm_M06","-50","11009005","114072","114012","101090501","bgm_M06","211001000","-210","0","0","0","0","110090051","100223","0","11009","0","bgm_M06","0","110090053","101090503","0"
"-35","1","0","2015/12/17 15:00:00","101090604","0","bgm_M06","10","101090601","10","0","10","bgm_M06","bgm_M06","113553","205","100941","0","2030/12/31 14:59:59","90","100140","101090604","100942","0","100942","110090062","110090061","0","弗麗嘉雪原 9-6","0","bgm_M06","0","11009006","114102","124192","101090601","bgm_M06","211001000","-195","0","0","0","0","110090061","100943","0","11009","0","bgm_M06","0","110090063","101090603","0"
"38","1","0","2015/12/17 15:00:00","101090705","0","bgm_M06","10","101090701","10","0","10","bgm_M06","bgm_M06","114281","205","100221","0","2030/12/31 14:59:59","90","100130","101090702","100222","0","100222","110090072","110090071","0","弗麗嘉雪原 9-7","0","bgm_M06","-50","11009007","114252","114132","101090703","bgm_M06","211001000","-50","0","0","0","0","110090071","100223","0","11009","0","bgm_M06","0","110090073","101090705","0"
"4","1","0","2015/12/17 15:00:00","101090804","0","bgm_M06","10","101090802","10","0","10","bgm_M06","bgm_M06","113614","205","100941","0","2030/12/31 14:59:59","90","100140","0","100942","0","100942","110090082","110090081","0","弗麗嘉雪原 9-8","0","bgm_M06","0","11009008","124042","114222","101090801","bgm_M06","211001000","117","0","0","0","0","110090081","100943","0","11009","0","bgm_M06","0","110090083","101090803","0"
"-140","1","0","2015/12/17 15:00:00","101090904","0","bgm_M06","10","101090901","10","0","10","bgm_M06","bgm_M06","123343","205","100941","0","2030/12/31 14:59:59","90","100140","101090903","100942","0","100942","110090092","110090091","0","弗麗嘉雪原 9-9","0","bgm_M06","0","11009009","114461","114072","101090905","bgm_M06","211001000","20","0","0","0","0","110090091","100943","0","11009","0","bgm_M06","0","110090093","101090902","0"
"-195","1","0","2015/12/17 15:00:00","101091004","0","bgm_M06","10","101091001","10","0","10","bgm_M06","bgm_M06","123583","205","100221","0","2030/12/31 14:59:59","90","100130","101091003","100222","0","100222","110090102","110090101","0","弗麗嘉雪原 9-10","0","bgm_M06","-50","11009010","114132","114162","101091006","bgm_M06","211001000","185","0","0","0","0","110090101","100223","0","11009","0","bgm_M06","0","110090103","101091004","0"
"-205","1","0","2015/12/17 15:00:00","101091104","25011","bgm_M06","10","101091107","10","0","10","bgm_M06","bgm_M06","113372","205","100221","0","2030/12/31 14:59:59","90","100130","0","100222","0","100222","110090112","110090111","0","弗麗嘉雪原 9-11","0","bgm_M06","-50","11009011","124431","114012","101091106","bgm_M06","211001000","370","0","0","0","0","110090111","100223","0","11009","0","bgm_M06","0","110090113","101091102","0"
"-30","1","0","2015/12/17 15:00:00","101091203","25012","bgm_M06","10","101091201","10","0","10","bgm_M06","bgm_M06","113553","205","100931","0","2030/12/31 14:59:59","90","100080","101091203","100932","0","100932","110090122","110090121","0","弗麗嘉雪原 9-12","0","bgm_M06","-50","11009012","124192","114102","101091201","bgm_M06","211001000","310","0","0","0","0","110090121","100933","0","11009","0","bgm_M06","0","110090123","101091206","0"
"35","1","0","2015/12/17 15:00:00","101091304","25013","bgm_M06","10","101091305","10","0","10","bgm_M06","bgm_M06","113283","205","100931","0","2030/12/31 14:59:59","90","100080","0","100932","0","100932","110090132","110090131","0","弗麗嘉雪原 9-13","0","bgm_M06","-50","11009013","124491","114252","101091301","bgm_M06","211001000","470","0","0","0","0","110090131","100933","0","11009","0","bgm_M06","0","110090133","101091307","0"
"-110","1","0","2015/12/17 15:00:00","101091402","25014","bgm_M06","10","101091401","10","0","10","bgm_M06","bgm_M06","113614","205","100941","0","2030/12/31 14:59:59","90","100140","101091407","100942","0","100942","110090142","110090141","0","弗麗嘉雪原 9-14","0","bgm_M06","0","11009014","114222","124042","101091404","bgm_M06","211001000","555","0","0","0","0","110090141","100943","0","11009","0","bgm_M06","0","110090143","101091406","0"
"-25","1","9009155","2015/12/17 15:00:00","0","25015","bgm_M17_02","10","0","10","0","10","bgm_M17","bgm_M17_02","124401","205","100951","0","2030/12/31 14:59:59","90","100140","0","100952","9009156","100952","110090152","110090151","0","弗麗嘉雪原 9-15","0","bgm_M63","0","11009015","114252","114012","101091506","bgm_M63","211001000","710","0","0","0","0","110090151","100953","0","11009","0","bgm_M17","0","110090153","0","0"
"100","1","0","2018/10/05 16:00:00","101100108","0","bgm_M06","10","101100105","10","0","10","bgm_M06","bgm_M06","124431","210","100201","0","2030/12/31 14:59:59","90","100110","0","100202","0","100202","110100012","110100011","0","洛麗泰海岸 10-1","0","bgm_M06","0","11010001","114012","124192","101100101","bgm_M06","211001000","-900","0","0","0","0","110100011","100203","0","11010","0","bgm_M06","0","110100013","101100106","0"
"85","1","0","2018/10/05 16:00:00","101100204","0","bgm_M06","10","101100201","10","0","10","bgm_M06","bgm_M06","114102","210","100201","0","2030/12/31 14:59:59","90","100110","0","100202","0","100202","110100022","110100021","0","洛麗泰海岸 10-2","0","bgm_M06","0","11010002","114162","114222","101100206","bgm_M06","211001000","-710","0","0","0","0","110100021","100203","0","11010","0","bgm_M06","0","110100023","101100201","0"
"40","1","0","2018/10/05 16:00:00","0","0","bgm_M06","10","101100304","10","0","10","bgm_M06","bgm_M06","124042","210","100121","0","2030/12/31 14:59:59","90","100040","0","100122","0","100122","110100032","110100031","0","洛麗泰海岸 10-3","0","bgm_M06","0","11010003","114132","114252","101100301","bgm_M06","211001000","-515","0","0","0","0","110100031","100123","0","11010","0","bgm_M06","0","110100033","101100307","0"
"40","1","0","2018/10/05 16:00:00","101100405","0","bgm_M06","10","101100404","10","0","10","bgm_M06","bgm_M06","114461","210","100124","0","2030/12/31 14:59:59","90","100040","101100406","100125","0","100125","110100042","110100041","0","洛麗泰海岸 10-4","0","bgm_M06","0","11010004","114072","124282","101100401","bgm_M06","211001000","-290","0","0","0","0","110100041","100126","0","11010","0","bgm_M06","0","110100043","101100405","0"
"-90","1","0","2018/10/05 16:00:00","101100507","0","bgm_M06","10","101100501","10","0","10","bgm_M06","bgm_M06","124401","210","100141","0","2030/12/31 14:59:59","90","100040","101100502","100142","0","100142","110100052","110100051","0","洛麗泰海岸 10-5","0","bgm_M06","0","11010005","124342","124372","101100503","bgm_M06","211001000","-400","0","0","0","0","110100051","100143","0","11010","0","bgm_M06","0","110100053","101100507","0"
"-190","1","0","2018/10/05 16:00:00","101100605","0","bgm_M06","10","101100602","10","0","10","bgm_M06","bgm_M06","124521","210","100201","0","2030/12/31 14:59:59","90","100110","0","100202","0","100202","110100062","110100061","0","洛麗泰海岸 10-6","0","bgm_M06","0","11010006","114611","124312","101100606","bgm_M06","211001000","-540","0","0","0","0","110100061","100203","0","11010","0","bgm_M06","0","110100063","101100603","0"
"-220","1","0","2018/10/05 16:00:00","101100707","0","bgm_M06","10","101100704","10","0","10","bgm_M06","bgm_M06","124491","210","100127","0","2030/12/31 14:59:59","90","100020","101100708","100128","0","100128","110100072","110100071","0","洛麗泰海岸 10-7","0","bgm_M06","0","11010007","114581","124522","101100706","bgm_M06","211001000","-300","0","0","0","0","110100071","100129","0","11010","0","bgm_M06","0","110100073","101100701","0"
"-120","1","0","2018/10/05 16:00:00","0","0","bgm_M06","10","101100804","10","0","10","bgm_M06","bgm_M06","114012","210","100141","0","2030/12/31 14:59:59","90","100020","0","100142","0","100142","110100082","110100081","0","洛麗泰海岸 10-8","0","bgm_M06","0","11010008","114551","124432","101100801","bgm_M06","211001000","-170","0","0","0","0","110100081","100143","0","11010","0","bgm_M06","0","110100083","101100806","0"
"-10","1","0","2018/10/05 16:00:00","101100908","0","bgm_M06","10","101100902","10","0","10","bgm_M06","bgm_M06","114252","210","100051","0","2030/12/31 14:59:59","90","100080","0","100052","0","100052","110100092","110100091","0","洛麗泰海岸 10-9","0","bgm_M06","0","11010009","114581","124342","101100907","bgm_M06","211001000","-50","0","0","0","0","110100091","100053","0","11010","0","bgm_M06","0","110100093","101100906","0"
"30","1","0","2018/10/05 16:00:00","101101009","0","bgm_M06","10","101101007","10","0","10","bgm_M06","bgm_M06","114222","210","100037","0","2030/12/31 14:59:59","90","100040","0","100038","0","100038","110100102","110100101","0","洛麗泰海岸 10-10","0","bgm_M06","0","11010010","114611","124372","101101006","bgm_M06","211001000","145","0","0","0","0","110100101","100039","0","11010","0","bgm_M06","0","110100103","101101008","0"
"-160","1","0","2018/10/05 16:00:00","101101104","0","bgm_M06","10","101101107","10","0","10","bgm_M06","bgm_M06","114162","210","100051","0","2030/12/31 14:59:59","90","100080","0","100052","0","100052","110100112","110100111","0","洛麗泰海岸 10-11","0","bgm_M06","0","11010011","114551","124312","101101106","bgm_M06","211001000","35","0","0","0","0","110100111","100053","0","11010","0","bgm_M06","0","110100113","101101104","0"
"-210","1","0","2018/10/05 16:00:00","101101204","0","bgm_M06","10","101101207","10","0","10","bgm_M06","bgm_M06","124192","210","100141","0","2030/12/31 14:59:59","90","100020","0","100142","0","100142","110100122","110100121","0","洛麗泰海岸 10-12","0","bgm_M06","0","11010012","114581","124342","101101201","bgm_M06","211001000","240","0","0","0","0","110100121","100143","0","11010","0","bgm_M06","0","110100123","101101208","0"
"-30","1","0","2018/10/05 16:00:00","101101305","25011","bgm_M06","10","101101308","10","0","10","bgm_M06","bgm_M06","114132","210","100581","0","2030/12/31 14:59:59","90","100100","0","100582","0","100582","110100132","110100131","0","洛麗泰海岸 10-13","0","bgm_M06","0","11010013","114551","124522","101101307","bgm_M06","211001000","300","0","0","0","0","110100131","100583","0","11010","0","bgm_M06","0","110100133","101101302","0"
"-115","1","0","2018/10/05 16:00:00","101101405","25012","bgm_M06","10","101101403","10","0","10","bgm_M06","bgm_M06","114072","210","100201","0","2030/12/31 14:59:59","90","100110","0","100202","0","100202","110100142","110100141","0","洛麗泰海岸 10-14","0","bgm_M06","0","11010014","114611","124432","101101401","bgm_M06","211001000","450","0","0","0","0","110100141","100203","0","11010","0","bgm_M06","0","110100143","101101403","0"
"-125","1","0","2018/10/05 16:00:00","101101504","25013","bgm_M06","10","101101501","10","0","10","bgm_M06","bgm_M06","114102","210","100201","0","2030/12/31 14:59:59","90","100110","0","100202","0","100202","110100152","110100151","0","洛麗泰海岸 10-15","0","bgm_M06","0","11010015","114551","124282","101101507","bgm_M06","211001000","620","0","0","0","0","110100151","100203","0","11010","0","bgm_M06","0","110100153","101101502","0"
"-60","1","0","2018/10/05 16:00:00","101101605","25014","bgm_M06","10","101101602","10","0","10","bgm_M06","bgm_M06","114581","210","100201","0","2030/12/31 14:59:59","90","100110","101101601","100202","0","100202","110100162","110100161","0","洛麗泰海岸 10-16","0","bgm_M06","0","11010016","124432","124342","101101604","bgm_M06","211001000","750","0","0","0","0","110100161","100203","0","11010","0","bgm_M06","0","110100163","101101602","0"
"-25","1","9010155","2018/10/05 16:00:00","0","25015","bgm_M17_02","10","0","10","0","10","bgm_M17","bgm_M17_02","114551","210","100461","0","2030/12/31 14:59:59","90","100110","0","100462","9010156","100462","110100172","110100171","0","洛麗泰海岸 10-17","0","bgm_M63","0","11010017","124282","124312","101101704","bgm_M63","211001000","900","0","0","0","0","110100171","100463","0","11010","0","bgm_M17","0","110100173","0","0"
"-70","1","0","2018/11/07 16:00:00","101110104","0","bgm_M06","10","101110101","10","0","10","bgm_M06","bgm_M06","114551","215","101051","0","2030/12/31 14:59:59","90","100110","0","101052","0","101052","110110012","110110011","0","蓋奴亞荒漠 11-1","0","bgm_M06","0","11011001","124312","124282","101110102","bgm_M06","211001000","-850","0","0","0","0","110110011","101053","0","11011","0","bgm_M06","0","110110013","101110101","0"
"-185","1","0","2018/11/07 16:00:00","101110203","0","bgm_M06","10","101110202","10","0","10","bgm_M06","bgm_M06","114611","215","101051","0","2030/12/31 14:59:59","90","100110","0","101052","0","101052","110110022","110110021","0","蓋奴亞荒漠 11-2","0","bgm_M06","0","11011002","124522","124372","101110201","bgm_M06","211001000","-740","0","0","0","0","110110021","101053","0","11011","0","bgm_M06","0","110110023","101110205","0"
"-20","1","0","2018/11/07 16:00:00","101110305","0","bgm_M06","10","101110302","10","0","10","bgm_M06","bgm_M06","114581","215","100211","0","2030/12/31 14:59:59","90","100150","0","100212","0","100212","110110032","110110031","0","蓋奴亞荒漠 11-3","0","bgm_M06","0","11011003","124432","124342","101110301","bgm_M06","211001000","-675","0","0","0","0","110110031","100213","0","11011","0","bgm_M06","0","110110033","101110306","0"
"40","1","0","2018/11/07 16:00:00","101110404","0","bgm_M06","10","101110405","10","0","10","bgm_M06","bgm_M06","124522","215","101081","0","2030/12/31 14:59:59","90","100030","0","101082","0","101082","110110042","110110041","0","蓋奴亞荒漠 11-4","0","bgm_M06","0","11011004","124312","114073","101110407","bgm_M06","211001000","-500","0","0","0","0","110110041","101083","0","11011","0","bgm_M06","0","110110043","101110401","0"
"40","1","0","2018/11/07 16:00:00","101110502","0","bgm_M06","10","101110503","10","0","10","bgm_M06","bgm_M06","124282","215","101081","0","2030/12/31 14:59:59","90","100030","0","101082","0","101082","110110052","110110051","0","蓋奴亞荒漠 11-5","0","bgm_M06","0","11011005","124253","124163","101110503","bgm_M06","211001000","-320","0","0","0","0","110110051","101083","0","11011","0","bgm_M06","0","110110053","101110505","0"
"-90","1","0","2018/11/07 16:00:00","101110604","0","bgm_M06","10","101110605","10","0","10","bgm_M06","bgm_M06","124372","215","100211","0","2030/12/31 14:59:59","90","100150","0","100212","0","100212","110110062","110110061","0","蓋奴亞荒漠 11-6","0","bgm_M06","0","11011006","114193","114013","101110606","bgm_M06","211001000","-400","0","0","0","0","110110061","100213","0","11011","0","bgm_M06","0","110110063","101110602","0"
"-220","1","0","2018/11/07 16:00:00","101110703","0","bgm_M06","10","101110704","10","0","10","bgm_M06","bgm_M06","114551","215","100211","0","2030/12/31 14:59:59","90","100150","0","100212","0","100212","110110072","110110071","0","蓋奴亞荒漠 11-7","0","bgm_M06","0","11011007","124103","114223","101110701","bgm_M06","211001000","-530","0","0","0","0","110110071","100213","0","11011","0","bgm_M06","0","110110073","101110702","0"
"-200","1","0","2018/11/07 16:00:00","101110804","0","bgm_M06","10","101110801","10","0","10","bgm_M06","bgm_M06","124342","215","100211","0","2030/12/31 14:59:59","90","100150","0","100212","0","100212","110110082","110110081","0","蓋奴亞荒漠 11-8","0","bgm_M06","0","11011008","114043","114133","101110801","bgm_M06","211001000","-270","0","0","0","0","110110081","100213","0","11011","0","bgm_M06","0","110110083","101110805","0"
"-60","1","0","2018/11/07 16:00:00","101110903","0","bgm_M06","10","101110901","10","0","10","bgm_M06","bgm_M06","114611","215","100921","0","2030/12/31 14:59:59","90","100080","0","100922","0","100922","110110092","110110091","0","蓋奴亞荒漠 11-9","0","bgm_M06","0","11011009","124282","114073","101110904","bgm_M06","211001000","-200","0","0","0","0","110110091","100923","0","11011","0","bgm_M06","0","110110093","101110905","0"
"30","1","0","2018/11/07 16:00:00","101111006","0","bgm_M06","10","101111004","10","0","10","bgm_M06","bgm_M06","124432","215","100921","0","2030/12/31 14:59:59","90","100080","101111005","100922","0","100922","110110102","110110101","0","蓋奴亞荒漠 11-10","0","bgm_M06","0","11011010","124522","124163","101111004","bgm_M06","211001000","-70","0","0","0","0","110110101","100923","0","11011","0","bgm_M06","0","110110103","101111007","0"
"40","1","0","2018/11/07 16:00:00","101111109","0","bgm_M06","10","101111108","10","0","10","bgm_M06","bgm_M06","114581","215","101081","0","2030/12/31 14:59:59","90","100030","101111104","101082","0","101082","110110112","110110111","0","蓋奴亞荒漠 11-11","0","bgm_M06","0","11011011","124372","124253","101111107","bgm_M06","211001000","125","0","0","0","0","110110111","101083","0","11011","0","bgm_M06","0","110110113","101111105","0"
"-130","1","0","2018/11/07 16:00:00","101111203","0","bgm_M06","10","101111201","10","0","10","bgm_M06","bgm_M06","124282","215","100211","0","2030/12/31 14:59:59","90","100150","101111207","100212","0","100212","110110122","110110121","0","蓋奴亞荒漠 11-12","0","bgm_M06","0","11011012","114551","114013","101111204","bgm_M06","211001000","30","0","0","0","0","110110121","100213","0","11011","0","bgm_M06","0","110110123","101111205","0"
"-215","1","0","2018/11/07 16:00:00","101111302","25011","bgm_M06","10","101111301","10","0","10","bgm_M06","bgm_M06","124522","215","100211","0","2030/12/31 14:59:59","90","100150","0","100212","0","100212","110110132","110110131","0","蓋奴亞荒漠 11-13","0","bgm_M06","0","11011013","124432","114193","101111305","bgm_M06","211001000","190","0","0","0","0","110110131","100213","0","11011","0","bgm_M06","0","110110133","101111304","0"
"-50","1","0","2018/11/07 16:00:00","101111404","25012","bgm_M06","10","101111401","10","0","10","bgm_M06","bgm_M06","124312","215","101051","0","2030/12/31 14:59:59","90","100110","101111403","101052","0","101052","110110142","110110141","0","蓋奴亞荒漠 11-14","0","bgm_M06","0","11011014","114611","114223","101111405","bgm_M06","211001000","320","0","0","0","0","110110141","101053","0","11011","0","bgm_M06","0","110110143","101111401","0"
"-220","1","0","2018/11/07 16:00:00","101111507","25013","bgm_M06","10","101111504","10","0","10","bgm_M06","bgm_M06","114551","215","101051","0","2030/12/31 14:59:59","90","100110","0","101052","0","101052","110110152","110110151","0","蓋奴亞荒漠 11-15","0","bgm_M06","0","11011015","124342","124103","101111505","bgm_M06","211001000","385","0","0","0","0","110110151","101053","0","11011","0","bgm_M06","0","110110153","101111506","0"
"-80","1","0","2018/11/07 16:00:00","101111605","25014","bgm_M06","10","101111601","10","0","10","bgm_M06","bgm_M06","124372","215","100211","0","2030/12/31 14:59:59","90","100150","101111603","100212","0","100212","110110162","110110161","0","蓋奴亞荒漠 11-16","0","bgm_M06","0","11011016","114581","114133","101111604","bgm_M06","211001000","490","0","0","0","0","110110161","100213","0","11011","0","bgm_M06","0","110110163","101111606","0"
"-130","1","9011175","2018/11/07 16:00:00","0","25015","bgm_M17_02","10","0","10","0","10","bgm_M17","bgm_M17_02","124342","215","100651","0","2030/12/31 14:59:59","90","100150","0","100652","9011176","100652","110110172","110110171","0","蓋奴亞荒漠 11-17","0","bgm_M63","0","11011017","114611","114043","101111707","bgm_M63","211001000","630","0","0","0","0","110110171","100653","0","11011","0","bgm_M17","0","110110173","0","0"
"90","1","0","2018/12/07 16:00:00","101120102","0","bgm_M06","10","101120101","10","0","10","bgm_M06","bgm_M06","124282","215","100461","0","2030/12/31 14:59:59","90","100110","0","100462","0","100462","110120012","110120011","0","波諾尼亞砂丘 12-1","0","bgm_M06","0","11012001","114013","114193","101120103","bgm_M06","211001000","-790","0","0","0","0","110120011","100463","0","11012","0","bgm_M06","0","110120013","101120104","0"
"-55","1","0","2018/12/07 16:00:00","101120205","0","bgm_M06","10","101120202","10","0","10","bgm_M06","bgm_M06","124312","215","100461","0","2030/12/31 14:59:59","90","100110","0","100462","0","100462","110120022","110120021","0","波諾尼亞砂丘 12-2","0","bgm_M06","0","11012002","124163","114223","101120201","bgm_M06","211001000","-830","0","0","0","0","110120021","100463","0","11012","0","bgm_M06","0","110120023","101120203","0"
"-160","1","0","2018/12/07 16:00:00","101120303","0","bgm_M06","10","101120301","10","0","10","bgm_M06","bgm_M06","124342","215","100461","0","2030/12/31 14:59:59","90","100110","0","100462","0","100462","110120032","110120031","0","波諾尼亞砂丘 12-3","0","bgm_M06","0","11012003","114133","124253","101120306","bgm_M06","211001000","-680","0","0","0","0","110120031","100463","0","11012","0","bgm_M06","0","110120033","101120305","0"
"-10","1","0","2018/12/07 16:00:00","101120403","0","bgm_M06","10","101120401","10","0","10","bgm_M06","bgm_M06","124432","215","101081","0","2030/12/31 14:59:59","90","100150","0","101082","0","101082","110120042","110120041","0","波諾尼亞砂丘 12-4","0","bgm_M06","0","11012004","114073","124313","101120404","bgm_M06","211001000","-620","0","0","0","0","110120041","101083","0","11012","0","bgm_M06","0","110120043","101120405","0"
"30","1","0","2018/12/07 16:00:00","101120506","0","bgm_M06","10","101120502","10","0","10","bgm_M06","bgm_M06","114551","215","101111","0","2030/12/31 14:59:59","90","100150","0","101112","0","101112","110120052","110120051","0","波諾尼亞砂丘 12-5","0","bgm_M06","0","11012005","124343","124462","101120501","bgm_M06","211001000","-450","0","0","0","0","110120051","101113","0","11012","0","bgm_M06","0","110120053","101120503","0"
"40","1","0","2018/12/07 16:00:00","101120605","0","bgm_M06","10","101120601","10","0","10","bgm_M06","bgm_M06","114581","215","101111","0","2030/12/31 14:59:59","90","100150","0","101112","0","101112","110120062","110120061","0","波諾尼亞砂丘 12-6","0","bgm_M06","0","11012006","124402","124283","101120606","bgm_M06","211001000","-270","0","0","0","0","110120061","101113","0","11012","0","bgm_M06","0","110120063","101120602","0"
"-120","1","0","2018/12/07 16:00:00","101120708","0","bgm_M06","10","101120701","10","0","10","bgm_M06","bgm_M06","114611","215","101081","0","2030/12/31 14:59:59","90","100150","0","101082","0","101082","110120072","110120071","0","波諾尼亞砂丘 12-7","0","bgm_M06","0","11012007","124313","124523","101120706","bgm_M06","211001000","-440","0","0","0","0","110120071","101083","0","11012","0","bgm_M06","0","110120073","101120707","0"
"-220","1","0","2018/12/07 16:00:00","101120807","0","bgm_M06","10","101120801","10","0","10","bgm_M06","bgm_M06","124103","215","101051","0","2030/12/31 14:59:59","90","100150","0","101052","0","101052","110120082","110120081","0","波諾尼亞砂丘 12-8","0","bgm_M06","0","11012008","124462","124402","101120801","bgm_M06","211001000","-300","0","0","0","0","110120081","101053","0","11012","0","bgm_M06","0","110120083","101120803","0"
"-140","1","0","2018/12/07 16:00:00","101120906","0","bgm_M06","10","101120901","10","0","10","bgm_M06","bgm_M06","114043","215","101051","0","2030/12/31 14:59:59","90","100150","0","101052","0","101052","110120092","110120091","0","波諾尼亞砂丘 12-9","0","bgm_M06","0","11012009","124523","124343","101120904","bgm_M06","211001000","-140","0","0","0","0","110120091","101053","0","11012","0","bgm_M06","0","110120093","101120902","0"
"10","1","0","2018/12/07 16:00:00","101121003","0","bgm_M06","10","101121001","10","0","10","bgm_M06","bgm_M06","114013","215","101081","0","2030/12/31 14:59:59","90","100030","101121004","101082","0","101082","110120102","110120101","0","波諾尼亞砂丘 12-10","0","bgm_M06","0","11012010","114612","124462","101121001","bgm_M06","211001000","-70","0","0","0","0","110120101","101083","0","11012","0","bgm_M06","0","110120103","101121002","0"
"40","1","0","2018/12/07 16:00:00","101121108","0","bgm_M06","10","101121102","10","0","10","bgm_M06","bgm_M06","124253","215","101081","0","2030/12/31 14:59:59","90","100030","101121104","101082","0","101082","110120112","110120111","0","波諾尼亞砂丘 12-11","0","bgm_M06","0","11012011","114552","124283","101121107","bgm_M06","211001000","110","0","0","0","0","110120111","101083","0","11012","0","bgm_M06","0","110120113","101121106","0"
"-120","1","0","2018/12/07 16:00:00","101121204","0","bgm_M06","10","101121205","10","0","10","bgm_M06","bgm_M06","114223","215","100581","0","2030/12/31 14:59:59","90","100100","101121207","100582","0","100582","110120122","110120121","0","波諾尼亞砂丘 12-12","0","bgm_M06","0","11012012","114582","124343","101121201","bgm_M06","211001000","130","0","0","0","0","110120121","100583","0","11012","0","bgm_M06","0","110120123","101121202","0"
"-200","1","0","2018/12/07 16:00:00","101121309","25011","bgm_M06","10","101121308","10","0","10","bgm_M06","bgm_M06","124163","215","100581","0","2030/12/31 14:59:59","90","100100","0","100582","0","100582","110120132","110120131","0","波諾尼亞砂丘 12-13","0","bgm_M06","0","11012013","114552","124523","101121307","bgm_M06","211001000","290","0","0","0","0","110120131","100583","0","11012","0","bgm_M06","0","110120133","101121303","0"
"-165","1","0","2018/12/07 16:00:00","101121403","25012","bgm_M06","10","101121405","10","0","10","bgm_M06","bgm_M06","114193","215","100931","0","2030/12/31 14:59:59","90","100080","101121406","100932","0","100932","110120142","110120141","0","波諾尼亞砂丘 12-14","0","bgm_M06","0","11012014","114612","124402","101121405","bgm_M06","211001000","470","0","0","0","0","110120141","100933","0","11012","0","bgm_M06","0","110120143","101121402","0"
"0","1","0","2018/12/07 16:00:00","101121504","25013","bgm_M06","10","101121508","10","0","10","bgm_M06","bgm_M06","114133","215","100931","0","2030/12/31 14:59:59","90","100080","0","100932","0","100932","110120152","110120151","0","波諾尼亞砂丘 12-15","0","bgm_M06","0","11012015","114552","124313","101121507","bgm_M06","211001000","360","0","0","0","0","110120151","100933","0","11012","0","bgm_M06","0","110120153","101121503","0"
"40","1","0","2018/12/07 16:00:00","101121604","25014","bgm_M06","10","101121601","10","0","10","bgm_M06","bgm_M06","114073","215","101111","0","2030/12/31 14:59:59","90","100150","101121604","101112","0","101112","110120162","110120161","0","波諾尼亞砂丘 12-16","0","bgm_M06","0","11012016","114582","124343","101121606","bgm_M06","211001000","570","0","0","0","0","110120161","101113","0","11012","0","bgm_M06","0","110120163","101121602","0"
"20","1","9012155","2018/12/07 16:00:00","0","25015","bgm_M17_02","10","0","10","0","10","bgm_M17","bgm_M17_02","124103","215","101121","0","2030/12/31 14:59:59","90","100150","0","101122","9012156","101122","110120172","110120171","0","波諾尼亞砂丘 12-17","0","bgm_M63","0","11012017","114612","124283","101121706","bgm_M63","211001000","770","0","0","0","0","110120171","101123","0","11012","0","bgm_M17","0","110120173","0","0"
"90","1","0","2019/01/03 16:00:00","101130106","0","bgm_M06","10","101130104","10","0","10","bgm_M06","bgm_M06","114552","215","100581","0","2030/12/31 14:59:59","90","100100","0","100582","0","100582","110130012","110130011","0","朵羅西亞溼地 13-1","0","bgm_M06","0","11013001","124462","124283","101130101","bgm_M06","211001000","-960","0","0","0","0","110130011","100583","0","11013","0","bgm_M06","0","110130013","101130102","0"
"110","1","0","2019/01/03 16:00:00","101130208","0","bgm_M06","10","101130207","10","0","10","bgm_M06","bgm_M06","114612","215","100581","0","2030/12/31 14:59:59","90","100100","0","100582","0","100582","110130022","110130021","0","朵羅西亞溼地 13-2","0","bgm_M06","0","11013002","124343","124523","101130206","bgm_M06","211001000","-800","0","0","0","0","110130021","100583","0","11013","0","bgm_M06","0","110130023","101130203","0"
"-10","1","0","2019/01/03 16:00:00","101130304","0","bgm_M06","10","101130301","10","0","10","bgm_M06","bgm_M06","114582","215","101051","0","2030/12/31 14:59:59","90","100150","0","101052","0","101052","110130032","110130031","0","朵羅西亞溼地 13-3","0","bgm_M06","0","11013003","124313","124402","101130303","bgm_M06","211001000","-690","0","0","0","0","110130031","101053","0","11013","0","bgm_M06","0","110130033","101130301","0"
"40","1","0","2019/01/03 16:00:00","101130403","0","bgm_M06","10","101130404","10","0","10","bgm_M06","bgm_M06","124343","215","101081","0","2030/12/31 14:59:59","90","100030","0","101082","0","101082","110130042","110130041","0","朵羅西亞溼地 13-4","0","bgm_M06","0","11013004","124462","124074","101130406","bgm_M06","211001000","-550","0","0","0","0","110130041","101083","0","11013","0","bgm_M06","0","110130043","101130402","0"
"30","1","0","2019/01/03 16:00:00","101130505","0","bgm_M06","10","101130506","10","0","10","bgm_M06","bgm_M06","124283","215","101081","0","2030/12/31 14:59:59","90","100030","0","101082","0","101082","110130052","110130051","0","朵羅西亞溼地 13-5","0","bgm_M06","0","11013005","114254","114164","101130503","bgm_M06","211001000","-370","0","0","0","0","110130051","101083","0","11013","0","bgm_M06","0","110130053","101130504","0"
"-110","1","0","2019/01/03 16:00:00","101130607","0","bgm_M06","10","101130601","10","0","10","bgm_M06","bgm_M06","124523","215","101051","0","2030/12/31 14:59:59","90","100110","101130608","101052","0","101052","110130062","110130061","0","朵羅西亞溼地 13-6","0","bgm_M06","0","11013006","114194","114014","101130601","bgm_M06","211001000","-490","0","0","0","0","110130061","101053","0","11013","0","bgm_M06","0","110130063","101130605","0"
"-160","1","0","2019/01/03 16:00:00","101130706","0","bgm_M06","10","101130707","10","0","10","bgm_M06","bgm_M06","114552","215","100461","0","2030/12/31 14:59:59","90","100110","0","100462","0","100462","110130072","110130071","0","朵羅西亞溼地 13-7","0","bgm_M06","0","11013007","114104","124224","101130703","bgm_M06","211001000","-330","0","0","0","0","110130071","100463","0","11013","0","bgm_M06","0","110130073","101130708","0"
"-140","1","0","2019/01/03 16:00:00","101130806","0","bgm_M06","10","101130807","10","0","10","bgm_M06","bgm_M06","124402","215","101051","0","2030/12/31 14:59:59","90","100110","0","101052","0","101052","110130082","110130081","0","朵羅西亞溼地 13-8","0","bgm_M06","0","11013008","124044","114134","101130803","bgm_M06","211001000","-130","0","0","0","0","110130081","101053","0","11013","0","bgm_M06","0","110130083","101130805","0"
"0","1","0","2019/01/03 16:00:00","101130903","0","bgm_M06","10","101130901","10","0","10","bgm_M06","bgm_M06","114612","215","101111","0","2030/12/31 14:59:59","90","100150","101130907","101112","0","101112","110130092","110130091","0","朵羅西亞溼地 13-9","0","bgm_M06","0","11013009","124283","124074","101130901","bgm_M06","211001000","-200","0","0","0","0","110130091","101113","0","11013","0","bgm_M06","0","110130093","101130902","0"
"-20","1","0","2019/01/03 16:00:00","101131008","0","bgm_M06","10","101131002","10","0","10","bgm_M06","bgm_M06","124313","215","101111","0","2030/12/31 14:59:59","90","100150","101131004","101112","0","101112","110130102","110130101","0","朵羅西亞溼地 13-10","0","bgm_M06","0","11013010","124343","114164","101131007","bgm_M06","211001000","-30","0","0","0","0","110130101","101113","0","11013","0","bgm_M06","0","110130103","101131006","0"
"-120","1","0","2019/01/03 16:00:00","101131102","0","bgm_M06","10","101131101","10","0","10","bgm_M06","bgm_M06","114582","215","100171","0","2030/12/31 14:59:59","90","100100","101131106","100172","0","100172","110130112","110130111","0","朵羅西亞溼地 13-11","0","bgm_M06","0","11013011","124523","114254","101131104","bgm_M06","211001000","100","0","0","0","0","110130111","100173","0","11013","0","bgm_M06","0","110130113","101131105","0"
"-160","1","0","2019/01/03 16:00:00","101131203","0","bgm_M06","10","101131201","10","0","10","bgm_M06","bgm_M06","124283","215","100721","0","2030/12/31 14:59:59","90","100100","101131206","100722","0","100722","110130122","110130121","0","朵羅西亞溼地 13-12","0","bgm_M06","0","11013012","114552","114014","101131204","bgm_M06","211001000","250","0","0","0","0","110130121","100723","0","11013","0","bgm_M06","0","110130123","101131207","0"
"-5","1","0","2019/01/03 16:00:00","101131306","25011","bgm_M06","10","101131301","10","0","10","bgm_M06","bgm_M06","124343","215","100037","0","2030/12/31 14:59:59","90","100050","101131304","100038","0","100038","110130132","110130131","0","朵羅西亞溼地 13-13","0","bgm_M06","0","11013013","124313","114194","101131307","bgm_M06","211001000","385","0","0","0","0","110130131","100039","0","11013","0","bgm_M06","0","110130133","101131302","0"
"-185","1","0","2019/01/03 16:00:00","101131403","25012","bgm_M06","10","101131405","10","0","10","bgm_M06","bgm_M06","124462","215","100037","0","2030/12/31 14:59:59","90","100050","101131404","100038","0","100038","110130142","110130141","0","朵羅西亞溼地 13-14","0","bgm_M06","0","11013014","114612","124224","101131401","bgm_M06","211001000","400","0","0","0","0","110130141","100039","0","11013","0","bgm_M06","0","110130143","101131405","0"
"-195","1","0","2019/01/03 16:00:00","101131503","25013","bgm_M06","10","101131504","10","0","10","bgm_M06","bgm_M06","114552","215","100122","0","2030/12/31 14:59:59","90","100040","101131507","100123","0","100123","110130152","110130151","0","朵羅西亞溼地 13-15","0","bgm_M06","0","11013015","124402","114104","101131506","bgm_M06","211001000","560","0","0","0","0","110130151","100124","0","11013","0","bgm_M06","0","110130153","101131505","0"
"-45","1","0","2019/01/03 16:00:00","101131605","25014","bgm_M06","10","101131602","10","0","10","bgm_M06","bgm_M06","124523","215","100122","0","2030/12/31 14:59:59","90","100040","101131606","100123","0","100123","110130162","110130161","0","朵羅西亞溼地 13-16","0","bgm_M06","0","11013016","114582","114134","101131607","bgm_M06","211001000","600","0","0","0","0","110130161","100124","0","11013","0","bgm_M06","0","110130163","101131604","0"
"-90","1","9013155","2019/01/03 16:00:00","0","25015","bgm_M17_02","10","0","10","0","10","bgm_M17","bgm_M17_02","124402","215","100742","0","2030/12/31 14:59:59","90","100040","0","100743","9013156","100743","110130172","110130171","0","朵羅西亞溼地 13-17","0","bgm_M63","0","11013017","114612","124044","101131708","bgm_M63","211001000","785","0","0","0","0","110130171","100744","0","11013","0","bgm_M17","0","110130173","0","0"
"0","1","0","2019/01/30 16:00:00","101140106","0","bgm_M06","10","101140105","10","0","10","bgm_M06","bgm_M06","114164","215","100031","0","2030/12/31 14:59:59","90","100050","0","100032","0","100032","110140012","110140011","0","尤金尼亞熱地 14-1","0","bgm_M06","0","11014001","114254","114014","101140101","bgm_M06","211001000","-800","0","0","0","0","110140011","100033","0","11014","0","bgm_M06","0","110140013","101140103","0"
"-170","1","0","2019/01/30 16:00:00","101140205","0","bgm_M06","10","101140203","10","0","10","bgm_M06","bgm_M06","114194","215","100041","0","2030/12/31 14:59:59","90","100070","0","100042","0","100042","110140022","110140021","0","尤金尼亞熱地 14-2","0","bgm_M06","-50","11014002","114104","114134","101140204","bgm_M06","211001000","-710","0","0","0","0","110140021","100043","0","11014","0","bgm_M06","0","110140023","101140201","0"
"-40","1","0","2019/01/30 16:00:00","101140303","0","bgm_M06","10","101140302","10","0","10","bgm_M06","bgm_M06","124462","215","100011","0","2030/12/31 14:59:59","90","100020","0","100012","0","100012","110140032","110140031","0","尤金尼亞熱地 14-3","0","bgm_M06","0","11014003","124074","124224","101140301","bgm_M06","211001000","-560","0","0","0","0","110140031","100013","0","11014","0","bgm_M06","0","110140033","101140306","0"
"-170","1","0","2019/01/30 16:00:00","101140404","0","bgm_M06","10","101140401","10","0","10","bgm_M06","bgm_M06","124283","215","100011","0","2030/12/31 14:59:59","90","100020","0","100012","0","100012","110140042","110140041","0","尤金尼亞熱地 14-4","0","bgm_M06","0","11014004","124044","114553","101140406","bgm_M06","211001000","-430","0","0","0","0","110140041","100013","0","11014","0","bgm_M06","0","110140043","101140403","0"
"-40","1","0","2019/01/30 16:00:00","101140503","0","bgm_M06","10","101140506","10","0","10","bgm_M06","bgm_M06","124523","215","100091","0","2030/12/31 14:59:59","90","100030","0","100092","0","100092","110140052","110140051","0","尤金尼亞熱地 14-5","0","bgm_M06","0","11014005","124224","114613","101140504","bgm_M06","211001000","-320","0","0","0","0","110140051","100093","0","11014","0","bgm_M06","0","110140053","101140505","0"
"-140","1","0","2019/01/30 16:00:00","101140603","0","bgm_M06","10","101140605","10","0","10","bgm_M06","bgm_M06","124313","215","100101","0","2030/12/31 14:59:59","90","100030","0","100102","0","100102","110140062","110140061","0","尤金尼亞熱地 14-6","0","bgm_M06","-50","11014006","114164","114583","101140601","bgm_M06","211001000","-190","0","0","0","0","110140061","100103","0","11014","0","bgm_M06","0","110140063","101140602","0"
"-70","1","0","2019/01/30 16:00:00","101140703","0","bgm_M06","10","101140704","10","0","10","bgm_M06","bgm_M06","124402","215","101211","0","2030/12/31 14:59:59","90","100160","0","101212","0","101212","110140072","110140071","0","尤金尼亞熱地 14-7","0","bgm_M06","-50","11014007","114134","114554","101140704","bgm_M06","211001000","-30","0","0","0","0","110140071","101213","0","11014","0","bgm_M06","0","110140073","101140702","0"
"-20","1","0","2019/01/30 16:00:00","101140803","0","bgm_M06","10","101140804","10","0","10","bgm_M06","bgm_M06","114552","215","101211","0","2030/12/31 14:59:59","90","100170","0","101212","0","101212","110140082","110140081","0","尤金尼亞熱地 14-8","0","bgm_M06","-50","11014008","114104","114553","101140801","bgm_M06","211001000","130","0","0","0","0","110140081","101213","0","11014","0","bgm_M06","0","110140083","101140805","0"
"0","1","0","2019/01/30 16:00:00","101140903","0","bgm_M06","10","101140904","10","0","10","bgm_M06","bgm_M06","114612","215","101211","0","2030/12/31 14:59:59","90","100160","0","101212","0","101212","110140092","110140091","0","尤金尼亞熱地 14-9","0","bgm_M06","-50","11014009","114254","114613","101140901","bgm_M06","211001000","300","0","0","0","0","110140091","101213","0","11014","0","bgm_M06","0","110140093","101140905","0"
"-160","1","0","2019/01/30 16:00:00","101141005","25011","bgm_M06","10","101141004","10","0","10","bgm_M06","bgm_M06","114582","215","100451","0","2030/12/31 14:59:59","90","100090","101141003","100452","0","100452","110140102","110140101","0","尤金尼亞熱地 14-10","0","bgm_M06","-50","11014010","114194","114583","101141001","bgm_M06","211001000","230","0","0","0","0","110140101","100453","0","11014","0","bgm_M06","0","110140103","101141002","0"
"-115","1","0","2019/01/30 16:00:00","101141104","25012","bgm_M06","10","101141106","10","0","10","bgm_M06","bgm_M06","114552","215","100451","0","2030/12/31 14:59:59","90","100090","0","100452","0","100452","110140112","110140111","0","尤金尼亞熱地 14-11","0","bgm_M06","-50","11014011","124074","114554","101141101","bgm_M06","211001000","395","0","0","0","0","110140111","100453","0","11014","0","bgm_M06","0","110140113","101141102","0"
"-120","1","0","2019/01/30 16:00:00","101141203","25013","bgm_M06","10","101141205","10","0","10","bgm_M06","bgm_M06","124224","215","100441","0","2030/12/31 14:59:59","90","100060","0","100442","0","100442","110140122","110140121","0","尤金尼亞熱地 14-12","0","bgm_M06","0","11014012","114613","114583","101141201","bgm_M06","211001000","575","0","0","0","0","110140121","100443","0","11014","0","bgm_M06","0","110140123","101141206","0"
"5","1","0","2019/01/30 16:00:00","101141305","25014","bgm_M06","10","101141304","10","0","10","bgm_M06","bgm_M06","114134","215","100441","0","2030/12/31 14:59:59","90","100060","0","100442","0","100442","110140132","110140131","0","尤金尼亞熱地 14-13","0","bgm_M06","0","11014013","114583","114554","101141301","bgm_M06","211001000","620","0","0","0","0","110140131","100443","0","11014","0","bgm_M06","0","110140133","101141303","0"
"40","1","9014155","2019/01/30 16:00:00","0","25015","bgm_M17_02","10","0","10","0","10","bgm_M17","bgm_M17_02","114014","215","100861","0","2030/12/31 14:59:59","90","100060","0","100862","9014156","100862","110140142","110140141","0","尤金尼亞熱地 14-14","0","bgm_M63","0","11014014","114554","114553","101141406","bgm_M63","211001000","770","0","0","0","0","110140141","100863","0","11014","0","bgm_M17","0","110140143","0","0"
"50","1","0","2019/02/18 16:00:00","101150106","0","bgm_M06","10","101150102","10","0","10","bgm_M06","bgm_M06","114164","215","100091","0","2030/12/31 14:59:59","90","100030","0","100092","0","100092","110150012","110150011","0","塔利亞火山 15-1","0","bgm_M06","-50","11015001","124044","114583","101150101","bgm_M06","211001000","-800","0","0","0","0","110150011","100093","0","11015","0","bgm_M06","0","110150013","101150104","0"
"90","1","0","2019/02/18 16:00:00","101150205","0","bgm_M06","10","101150204","10","0","10","bgm_M06","bgm_M06","124224","215","100091","0","2030/12/31 14:59:59","90","100030","0","100092","0","100092","110150022","110150021","0","塔利亞火山 15-2","0","bgm_M06","-50","11015002","114104","114613","101150201","bgm_M06","211001000","-610","0","0","0","0","110150021","100093","0","11015","0","bgm_M06","0","110150023","101150203","0"
"-90","1","0","2019/02/18 16:00:00","101150303","0","bgm_M06","10","101150302","10","0","10","bgm_M06","bgm_M06","114014","215","100101","0","2030/12/31 14:59:59","90","100050","0","100102","0","100102","110150032","110150031","0","塔利亞火山 15-3","0","bgm_M06","-50","11015003","114194","114553","101150301","bgm_M06","211001000","-620","0","0","0","0","110150031","100103","0","11015","0","bgm_M06","0","110150033","101150305","0"
"-175","1","0","2019/02/18 16:00:00","101150401","0","bgm_M06","10","101150402","10","0","10","bgm_M06","bgm_M06","114164","215","100101","0","2030/12/31 14:59:59","90","100050","101150404","100102","0","100102","110150042","110150041","0","塔利亞火山 15-4","0","bgm_M06","-50","11015004","114554","124284","101150403","bgm_M06","211001000","-465","0","0","0","0","110150041","100103","0","11015","0","bgm_M06","0","110150043","101150405","0"
"-20","1","0","2019/02/18 16:00:00","101150503","0","bgm_M06","10","101150501","10","0","10","bgm_M06","bgm_M06","124074","215","100091","0","2030/12/31 14:59:59","90","100030","0","100092","0","100092","110150052","110150051","0","塔利亞火山 15-5","0","bgm_M06","-50","11015005","114583","124433","101150506","bgm_M06","211001000","-350","0","0","0","0","110150051","100093","0","11015","0","bgm_M06","0","110150053","101150504","0"
"20","1","0","2019/02/18 16:00:00","101150603","0","bgm_M06","10","101150605","10","0","10","bgm_M06","bgm_M06","114254","215","100091","0","2030/12/31 14:59:59","90","100030","0","100092","0","100092","110150062","110150061","0","塔利亞火山 15-6","0","bgm_M06","-50","11015006","114613","124373","101150601","bgm_M06","211001000","-170","0","0","0","0","110150061","100093","0","11015","0","bgm_M06","0","110150063","101150604","0"
"-180","1","0","2019/02/18 16:00:00","101150706","0","bgm_M06","10","101150702","10","0","10","bgm_M06","bgm_M06","114014","215","100031","0","2030/12/31 14:59:59","90","100040","0","100032","0","100032","110150072","110150071","0","塔利亞火山 15-7","0","bgm_M06","-50","11015007","114553","124314","101150704","bgm_M06","211001000","-230","0","0","0","0","110150071","100033","0","11015","0","bgm_M06","0","110150073","101150705","0"
"-120","1","0","2019/02/18 16:00:00","101150805","0","bgm_M06","10","101150802","10","0","10","bgm_M06","bgm_M06","114134","215","101211","0","2030/12/31 14:59:59","90","100160","0","101212","0","101212","110150082","110150081","0","塔利亞火山 15-8","0","bgm_M06","-50","11015008","114554","124344","101150801","bgm_M06","211001000","-50","0","0","0","0","110150081","101213","0","11015","0","bgm_M06","0","110150083","101150803","0"
"20","1","0","2019/02/18 16:00:00","101150905","0","bgm_M06","10","101150906","10","0","10","bgm_M06","bgm_M06","124224","215","101211","0","2030/12/31 14:59:59","90","100160","0","101212","0","101212","110150092","110150091","0","塔利亞火山 15-9","0","bgm_M06","-50","11015009","114613","124463","101150901","bgm_M06","211001000","80","0","0","0","0","110150091","101213","0","11015","0","bgm_M06","0","110150093","101150907","0"
"-135","1","0","2019/02/18 16:00:00","101151006","25011","bgm_M06","10","101151004","10","0","10","bgm_M06","bgm_M06","114583","215","100194","0","2030/12/31 14:59:59","90","100160","0","100195","0","100195","110150102","110150101","0","塔利亞火山 15-10","0","bgm_M06","-50","11015010","124373","124344","101151001","bgm_M06","211001000","160","0","0","0","0","110150101","100196","0","11015","0","bgm_M06","0","110150103","101151005","0"
"-185","1","0","2019/02/18 16:00:00","101151104","25012","bgm_M06","10","101151101","10","0","10","bgm_M06","bgm_M06","114553","215","100194","0","2030/12/31 14:59:59","90","100160","0","100195","0","100195","110150112","110150111","0","塔利亞火山 15-11","0","bgm_M06","-50","11015011","124433","124284","101151106","bgm_M06","211001000","350","0","0","0","0","110150111","100196","0","11015","0","bgm_M06","0","110150113","101151102","0"
"-125","1","0","2019/02/18 16:00:00","101151203","25013","bgm_M06","10","101151201","10","0","10","bgm_M06","bgm_M06","114613","215","100191","0","2030/12/31 14:59:59","90","100170","101151205","100192","0","100192","110150122","110150121","0","塔利亞火山 15-12","0","bgm_M06","-50","11015012","124463","124373","101151206","bgm_M06","211001000","550","0","0","0","0","110150121","100193","0","11015","0","bgm_M06","0","110150123","101151201","0"
"-50","1","0","2019/02/18 16:00:00","101151305","25014","bgm_M06","10","101151301","10","0","10","bgm_M06","bgm_M06","114553","215","100191","0","2030/12/31 14:59:59","90","100170","101151304","100192","0","100192","110150132","110150131","0","塔利亞火山 15-13","0","bgm_M06","-50","11015013","124284","124314","101151306","bgm_M06","211001000","700","0","0","0","0","110150131","100193","0","11015","0","bgm_M06","0","110150133","101151301","0"
"10","1","9015155","2019/02/18 16:00:00","0","25015","bgm_M17_02","10","0","10","0","10","bgm_M17","bgm_M17_02","114554","215","100197","0","2030/12/31 14:59:59","90","100170","0","100198","9015156","100198","110150142","110150141","0","塔利亞火山 15-14","0","bgm_M63","-50","11015014","124344","124433","101151407","bgm_M63","211001000","490","0","0","0","0","110150141","100199","0","11015","0","bgm_M17","0","110150143","0","0"
"-165","1","0","2019/03/21 16:00:00","0","0","bgm_M06","10","101160105","10","0","10","bgm_M06","bgm_M06","114553","215","100971","0","2030/12/31 14:59:59","90","100240","0","100972","0","100972","110160012","110160011","0","泰美斯銀嶺 16-1","0","bgm_M06","-50","11016001","124463","124314","101160101","bgm_M06","211001000","-800","0","0","0","0","110160011","100973","0","11016","0","bgm_M06","0","110160013","101160103","0"
"-180","1","0","2019/03/21 16:00:00","101160207","0","bgm_M06","10","101160205","10","0","10","bgm_M06","bgm_M06","114613","215","100971","0","2030/12/31 14:59:59","90","100240","0","100972","0","100972","110160022","110160021","0","泰美斯銀嶺 16-2","0","bgm_M06","-50","11016002","124344","124373","101160201","bgm_M06","211001000","-580","0","0","0","0","110160021","100973","0","11016","0","bgm_M06","0","110160023","101160203","0"
"-20","1","0","2019/03/21 16:00:00","101160307","0","bgm_M06","10","101160302","10","0","10","bgm_M06","bgm_M06","114583","215","100971","0","2030/12/31 14:59:59","90","100240","0","100972","0","100972","110160032","110160031","0","泰美斯銀嶺 16-3","0","bgm_M06","-50","11016003","124314","124433","101160301","bgm_M06","211001000","-630","0","0","0","0","110160031","100973","0","11016","0","bgm_M06","0","110160033","101160305","0"
"-40","1","0","2019/03/21 16:00:00","101160407","0","bgm_M06","10","101160406","10","0","10","bgm_M06","bgm_M06","124344","215","100971","0","2030/12/31 14:59:59","90","100240","101160408","100972","0","100972","110160042","110160041","0","泰美斯銀嶺 16-4","0","bgm_M06","-50","11016004","124463","115071","101160402","bgm_M06","211001000","-420","0","0","0","0","110160041","100973","0","11016","0","bgm_M06","0","110160043","101160405","0"
"-175","1","0","2019/03/21 16:00:00","101160506","0","bgm_M06","10","101160501","10","0","10","bgm_M06","bgm_M06","124284","215","100971","0","2030/12/31 14:59:59","90","100240","0","100972","0","100972","110160052","110160051","0","泰美斯銀嶺 16-5","0","bgm_M06","-50","11016005","115251","115161","101160504","bgm_M06","211001000","-300","0","0","0","0","110160051","100973","0","11016","0","bgm_M06","0","110160053","101160505","0"
"0","1","0","2019/03/21 16:00:00","101160605","0","bgm_M06","10","101160604","10","0","10","bgm_M06","bgm_M06","124373","215","100941","0","2030/12/31 14:59:59","90","100140","0","100942","0","100942","110160062","110160061","0","泰美斯銀嶺 16-6","0","bgm_M06","-50","11016006","125191","115011","101160601","bgm_M06","211001000","-210","0","0","0","0","110160061","100943","0","11016","0","bgm_M06","0","110160063","101160603","0"
"40","1","0","2019/03/21 16:00:00","101160706","0","bgm_M06","10","101160703","10","0","10","bgm_M06","bgm_M06","114553","215","100941","0","2030/12/31 14:59:59","90","100140","0","100942","0","100942","110160072","110160071","0","泰美斯銀嶺 16-7","0","bgm_M06","-50","11016007","125101","115221","101160701","bgm_M06","211001000","20","0","0","0","0","110160071","100943","0","11016","0","bgm_M06","0","110160073","101160702","0"
"-120","1","0","2019/03/21 16:00:00","101160807","0","bgm_M06","10","101160805","10","0","10","bgm_M06","bgm_M06","124433","215","100221","0","2030/12/31 14:59:59","90","100130","0","100222","0","100222","110160082","110160081","0","泰美斯銀嶺 16-8","0","bgm_M06","-50","11016008","125131","115041","101160801","bgm_M06","211001000","-70","0","0","0","0","110160081","100223","0","11016","0","bgm_M06","0","110160083","101160806","0"
"-130","1","0","2019/03/21 16:00:00","101160907","0","bgm_M06","10","101160903","10","0","10","bgm_M06","bgm_M06","114613","215","100221","0","2030/12/31 14:59:59","90","100130","0","100222","0","100222","110160092","110160091","0","泰美斯銀嶺 16-9","0","bgm_M06","-50","11016009","124284","115071","101160901","bgm_M06","211001000","160","0","0","0","0","110160091","100223","0","11016","0","bgm_M06","0","110160093","101160906","0"
"-20","1","0","2019/03/21 16:00:00","101161004","25011","bgm_M06","10","101161006","10","0","10","bgm_M06","bgm_M06","124314","215","100931","0","2030/12/31 14:59:59","90","100080","0","100932","0","100932","110160102","110160101","0","泰美斯銀嶺 16-10","0","bgm_M06","-50","11016010","124344","125101","101161001","bgm_M06","211001000","330","0","0","0","0","110160101","100933","0","11016","0","bgm_M06","0","110160103","101161005","0"
"-130","1","0","2019/03/21 16:00:00","101161104","25012","bgm_M06","10","101161101","10","0","10","bgm_M06","bgm_M06","114583","215","100941","0","2030/12/31 14:59:59","90","100140","0","100942","0","100942","110160112","110160111","0","泰美斯銀嶺 16-11","0","bgm_M06","-50","11016011","124373","115251","101161105","bgm_M06","211001000","475","0","0","0","0","110160111","100943","0","11016","0","bgm_M06","0","110160113","101161102","0"
"-110","1","0","2019/03/21 16:00:00","101161207","25013","bgm_M06","10","101161202","10","0","10","bgm_M06","bgm_M06","124284","215","100941","0","2030/12/31 14:59:59","90","100140","101161204","100942","0","100942","110160122","110160121","0","泰美斯銀嶺 16-12","0","bgm_M06","-50","11016012","114553","115011","101161203","bgm_M06","211001000","655","0","0","0","0","110160121","100943","0","11016","0","bgm_M06","0","110160123","101161205","0"
"40","1","0","2019/03/21 16:00:00","101161303","25014","bgm_M06","10","101161301","10","0","10","bgm_M06","bgm_M06","124344","215","100231","0","2030/12/31 14:59:59","90","100080","0","100232","0","100232","110160132","110160131","0","泰美斯銀嶺 16-13","0","bgm_M06","-50","11016013","124314","125131","101161304","bgm_M06","211001000","550","0","0","0","0","110160131","100233","0","11016","0","bgm_M06","0","110160133","101161305","0"
"20","1","9016155","2019/03/21 16:00:00","0","25015","bgm_M17_02","10","0","10","0","10","bgm_M17","bgm_M17_02","124463","215","100231","0","2030/12/31 14:59:59","90","100080","0","100232","9016156","100232","110160142","110160141","0","泰美斯銀嶺 16-14","0","bgm_M63","-50","11016014","114613","115221","101161407","bgm_M63","211001000","760","0","0","0","0","110160141","100233","0","11016","0","bgm_M17","0","110160143","0","0"
"-115","1","0","2019/04/19 16:00:00","0","0","bgm_M06","10","101170105","10","0","10","bgm_M06","bgm_M06","124314","215","100971","0","2030/12/31 14:59:59","90","100240","0","100972","0","100972","110170012","110170011","0","菲得斯冰原 17-1","0","bgm_M06","-50","11017001","115071","115161","101170101","bgm_M06","211001000","-800","0","0","0","0","110170011","100973","0","11017","0","bgm_M06","0","110170013","101170103","0"
"-145","1","0","2019/04/19 16:00:00","101170207","0","bgm_M06","10","101170205","10","0","10","bgm_M06","bgm_M06","124433","215","100971","0","2030/12/31 14:59:59","90","100240","0","100972","0","100972","110170022","110170021","0","菲得斯冰原 17-2","0","bgm_M06","-50","11017002","115251","125191","101170204","bgm_M06","211001000","-595","0","0","0","0","110170021","100973","0","11017","0","bgm_M06","0","110170023","101170203","0"
"-215","1","0","2019/04/19 16:00:00","101170307","0","bgm_M06","10","101170304","10","0","10","bgm_M06","bgm_M06","124344","215","100971","0","2030/12/31 14:59:59","90","100240","0","100972","0","100972","110170032","110170031","0","菲得斯冰原 17-3","0","bgm_M06","-50","11017003","115221","115041","101170305","bgm_M06","211001000","-405","0","0","0","0","110170031","100973","0","11017","0","bgm_M06","0","110170033","101170301","0"
"-160","1","0","2019/04/19 16:00:00","101170405","0","bgm_M06","10","101170404","10","0","10","bgm_M06","bgm_M06","124463","215","100941","0","2030/12/31 14:59:59","90","100140","101170407","100942","0","100942","110170042","110170041","0","菲得斯冰原 17-4","0","bgm_M06","-50","11017004","115011","115581","101170402","bgm_M06","211001000","-210","0","0","0","0","110170041","100943","0","11017","0","bgm_M06","0","110170043","101170403","0"
"-50","1","0","2019/04/19 16:00:00","101170505","0","bgm_M06","10","101170501","10","0","10","bgm_M06","bgm_M06","124284","215","100971","0","2030/12/31 14:59:59","90","100240","0","100972","0","100972","110170052","110170051","0","菲得斯冰原 17-5","0","bgm_M06","-50","11017005","125101","115611","101170504","bgm_M06","211001000","-375","0","0","0","0","110170051","100973","0","11017","0","bgm_M06","0","110170053","101170503","0"
"10","1","0","2019/04/19 16:00:00","101170604","0","bgm_M06","10","101170601","10","0","10","bgm_M06","bgm_M06","124373","215","100941","0","2030/12/31 14:59:59","90","100140","0","100942","0","100942","110170062","110170061","0","菲得斯冰原 17-6","0","bgm_M06","-50","11017006","125131","115551","101170602","bgm_M06","211001000","-185","0","0","0","0","110170061","100943","0","11017","0","bgm_M06","0","110170063","101170603","0"
"35","1","0","2019/04/19 16:00:00","101170706","0","bgm_M06","10","101170703","10","0","10","bgm_M06","bgm_M06","124314","215","100941","0","2030/12/31 14:59:59","90","100140","0","100942","0","100942","110170072","110170071","0","菲得斯冰原 17-7","0","bgm_M06","-50","11017007","115161","115581","101170704","bgm_M06","211001000","20","0","0","0","0","110170071","100943","0","11017","0","bgm_M06","0","110170073","101170702","0"
"40","1","0","2019/04/19 16:00:00","101170804","0","bgm_M06","10","101170801","10","0","10","bgm_M06","bgm_M06","124433","215","100221","0","2030/12/31 14:59:59","90","100130","0","100222","0","100222","110170082","110170081","0","菲得斯冰原 17-8","0","bgm_M06","-50","11017008","115041","115611","101170802","bgm_M06","211001000","220","0","0","0","0","110170081","100223","0","11017","0","bgm_M06","0","110170083","101170806","0"
"-100","1","0","2019/04/19 16:00:00","101170906","0","bgm_M06","10","101170903","10","0","10","bgm_M06","bgm_M06","124344","215","100941","0","2030/12/31 14:59:59","90","100140","0","100942","0","100942","110170092","110170091","0","菲得斯冰原 17-9","0","bgm_M06","-50","11017009","125191","115551","101170901","bgm_M06","211001000","105","0","0","0","0","110170091","100943","0","11017","0","bgm_M06","0","110170093","101170905","0"
"-225","1","0","2019/04/19 16:00:00","101171004","25011","bgm_M06","10","101171006","10","0","10","bgm_M06","bgm_M06","124463","215","100221","0","2030/12/31 14:59:59","90","100130","0","100222","0","100222","110170102","110170101","0","菲得斯冰原 17-10","0","bgm_M06","-50","11017010","125101","115581","101171001","bgm_M06","211001000","215","0","0","0","0","110170101","100223","0","11017","0","bgm_M06","0","110170103","101171003","0"
"-190","1","0","2019/04/19 16:00:00","101171102","25012","bgm_M06","10","101171101","10","0","10","bgm_M06","bgm_M06","124433","215","100971","0","2030/12/31 14:59:59","90","100240","101171107","100972","0","100972","110170112","110170111","0","菲得斯冰原 17-11","0","bgm_M06","-50","11017011","115071","115611","101171105","bgm_M06","211001000","400","0","0","0","0","110170111","100973","0","11017","0","bgm_M06","0","110170113","101171106","0"
"-35","1","0","2019/04/19 16:00:00","101171207","25013","bgm_M06","10","101171202","10","0","10","bgm_M06","bgm_M06","115011","215","100971","0","2030/12/31 14:59:59","90","100240","0","100972","0","100972","110170122","110170121","0","菲得斯冰原 17-12","0","bgm_M06","-50","11017012","115581","115551","101171203","bgm_M06","211001000","380","0","0","0","0","110170121","100973","0","11017","0","bgm_M06","0","110170123","101171208","0"
"25","1","0","2019/04/19 16:00:00","101171305","25014","bgm_M06","10","101171301","10","0","10","bgm_M06","bgm_M06","115251","215","100971","0","2030/12/31 14:59:59","90","100240","101171307","100972","0","100972","110170132","110170131","0","菲得斯冰原 17-13","0","bgm_M06","-50","11017013","115611","115581","101171304","bgm_M06","211001000","560","0","0","0","0","110170131","100973","0","11017","0","bgm_M06","0","110170133","101171302","0"
"40","1","9017155","2019/04/19 16:00:00","0","25015","bgm_M17_02","10","0","10","0","10","bgm_M17","bgm_M17_02","115221","215","100981","0","2030/12/31 14:59:59","90","100240","0","100982","9017156","100982","110170142","110170141","0","菲得斯冰原 17-14","0","bgm_M63","-50","11017014","115551","115611","101171407","bgm_M63","211001000","760","0","0","0","0","110170141","100983","0","11017","0","bgm_M17","0","110170143","0","0"
"65","1","0","2019/05/21 16:00:00","0","0","bgm_M169","10","101180102","10","0","10","bgm_M169","bgm_M169","125131","215","100037","0","2030/12/31 14:59:59","90","100050","0","100038","0","100038","110180012","110180011","0","法艾頓草原‧北部 18-1","0","bgm_M169","-50","11018001","115581","115551","101180105","bgm_M169","211001000","-720","0","0","0","0","110180011","100039","0","11018","0","bgm_M169","0","110180013","101180104","0"
"80","1","0","2019/05/21 16:00:00","101180206","0","bgm_M169","10","101180202","10","0","10","bgm_M169","bgm_M169","125101","215","100037","0","2030/12/31 14:59:59","90","100050","0","100038","0","100038","110180022","110180021","0","法艾頓草原‧北部 18-2","0","bgm_M169","-50","11018002","115611","115581","101180205","bgm_M169","211001000","-530","0","0","0","0","110180021","100039","0","11018","0","bgm_M169","0","110180023","101180204","0"
"-100","1","0","2019/05/21 16:00:00","0","0","bgm_M169","10","101180307","10","0","10","bgm_M169","bgm_M169","115071","215","101381","0","2030/12/31 14:59:59","90","100010","0","101382","0","101382","110180032","110180031","0","法艾頓草原‧北部 18-3","0","bgm_M169","-50","11018003","115551","115611","101180302","bgm_M169","211001000","-580","0","0","0","0","110180031","101383","0","11018","0","bgm_M169","0","110180033","101180304","0"
"-220","1","0","2019/05/21 16:00:00","101180402","0","bgm_M169","10","101180406","10","0","10","bgm_M169","bgm_M169","115161","215","101381","0","2030/12/31 14:59:59","90","100010","0","101382","0","101382","110180042","110180041","0","法艾頓草原‧北部 18-4","0","bgm_M169","-50","11018004","115551","125401","101180401","bgm_M169","211001000","-470","0","0","0","0","110180041","101383","0","11018","0","bgm_M169","0","110180043","101180404","0"
"-55","1","0","2019/05/21 16:00:00","101180505","0","bgm_M169","10","101180502","10","0","10","bgm_M169","bgm_M169","115041","215","101381","0","2030/12/31 14:59:59","90","100050","0","101382","0","101382","110180052","110180051","0","法艾頓草原‧北部 18-5","0","bgm_M169","-50","11018005","115581","125341","101180504","bgm_M169","211001000","-380","0","0","0","0","110180051","101383","0","11018","0","bgm_M169","0","110180053","101180501","0"
"30","1","0","2019/05/21 16:00:00","101180606","0","bgm_M169","10","101180605","10","0","10","bgm_M169","bgm_M169","115221","215","100037","0","2030/12/31 14:59:59","90","100020","101180607","100038","0","100038","110180062","110180061","0","法艾頓草原‧北部 18-6","0","bgm_M169","-50","11018006","115611","125521","101180604","bgm_M169","211001000","-210","0","0","0","0","110180061","100039","0","11018","0","bgm_M169","0","110180063","101180603","0"
"40","1","0","2019/05/21 16:00:00","101180705","0","bgm_M169","10","101180702","10","0","10","bgm_M169","bgm_M169","125191","215","100021","0","2030/12/31 14:59:59","90","100020","0","100022","0","100022","110180072","110180071","0","法艾頓草原‧北部 18-7","0","bgm_M169","-50","11018007","115551","125281","101180701","bgm_M169","211001000","-20","0","0","0","0","110180071","100023","0","11018","0","bgm_M169","0","110180073","101180704","0"
"-140","1","0","2019/05/21 16:00:00","101180806","0","bgm_M169","10","101180805","10","0","10","bgm_M169","bgm_M169","115251","215","100021","0","2030/12/31 14:59:59","90","100050","0","100022","0","100022","110180082","110180081","0","法艾頓草原‧北部 18-8","0","bgm_M169","-50","11018008","115581","125311","101180801","bgm_M169","211001000","-150","0","0","0","0","110180081","100023","0","11018","0","bgm_M169","0","110180083","101180803","0"
"-210","1","0","2019/05/21 16:00:00","101180905","0","bgm_M169","10","101180904","10","0","10","bgm_M169","bgm_M169","125131","215","101411","0","2030/12/31 14:59:59","90","100050","0","101412","0","101412","110180092","110180091","0","法艾頓草原‧北部 18-9","0","bgm_M169","-50","11018009","115611","125371","101180902","bgm_M169","211001000","20","0","0","0","0","110180091","101413","0","11018","0","bgm_M169","0","110180093","101180901","0"
"-60","1","0","2019/05/21 16:00:00","101181006","25011","bgm_M169","10","101181005","10","0","10","bgm_M169","bgm_M169","115011","215","100037","0","2030/12/31 14:59:59","90","100020","0","100038","0","100038","110180102","110180101","0","法艾頓草原‧北部 18-10","0","bgm_M169","-50","11018010","115551","125341","101181001","bgm_M169","211001000","180","0","0","0","0","110180101","100039","0","11018","0","bgm_M169","0","110180103","101181003","0"
"-190","1","0","2019/05/21 16:00:00","101181105","25012","bgm_M169","10","101181104","10","0","10","bgm_M169","bgm_M169","115161","215","101411","0","2030/12/31 14:59:59","90","100020","101181105","101412","0","101412","110180112","110180111","0","法艾頓草原‧北部 18-11","0","bgm_M169","-50","11018011","115581","125521","101181101","bgm_M169","211001000","300","0","0","0","0","110180111","101413","0","11018","0","bgm_M169","0","110180113","101181107","0"
"-20","1","0","2019/05/21 16:00:00","101181203","25013","bgm_M169","10","101181204","10","0","10","bgm_M169","bgm_M169","115551","215","100021","0","2030/12/31 14:59:59","90","100020","0","100022","0","100022","110180122","110180121","0","法艾頓草原‧北部 18-12","0","bgm_M169","-50","11018012","125401","125311","101181201","bgm_M169","211001000","400","0","0","0","0","110180121","100023","0","11018","0","bgm_M169","0","110180123","101181205","0"
"-120","1","0","2019/05/21 16:00:00","101181306","25014","bgm_M169","10","101181304","10","0","10","bgm_M169","bgm_M169","115611","215","101411","0","2030/12/31 14:59:59","90","100050","101181307","101412","0","101412","110180132","110180131","0","法艾頓草原‧北部 18-13","0","bgm_M169","-50","11018013","125521","125371","101181301","bgm_M169","211001000","550","0","0","0","0","110180131","101413","0","11018","0","bgm_M169","0","110180133","101181303","0"
"-80","1","9018155","2019/05/21 16:00:00","0","25015","bgm_M170","10","0","10","0","10","bgm_M170","bgm_M170","115581","215","101421","0","2030/12/31 14:59:59","90","100050","0","101422","9018156","101422","110180142","110180141","0","法艾頓草原‧北部 18-14","0","bgm_M170","-50","11018014","125341","125281","101181407","bgm_M170","211001000","720","0","0","0","0","110180141","101423","0","11018","0","bgm_M170","0","110180143","0","0"
"35","1","0","2019/06/17 16:00:00","0","0","bgm_M169","10","101190105","10","0","10","bgm_M169","bgm_M169","115551","215","100037","0","2030/12/31 14:59:59","90","100050","0","100038","0","100038","110190012","110190011","0","法艾頓草原‧南部 19-1","0","bgm_M169","-50","11019001","125401","125371","101190102","bgm_M169","211001000","-535","0","0","0","0","110190011","100039","0","11019","0","bgm_M169","0","110190013","101190103","0"
"-55","1","0","2019/06/17 16:00:00","101190205","0","bgm_M169","10","101190203","10","0","10","bgm_M169","bgm_M169","115581","215","100037","0","2030/12/31 14:59:59","90","100050","0","100038","0","100038","110190022","110190021","0","法艾頓草原‧南部 19-2","0","bgm_M169","-50","11019002","125281","125311","101190202","bgm_M169","211001000","-400","0","0","0","0","110190021","100039","0","11019","0","bgm_M169","0","110190023","101190204","0"
"-145","1","0","2019/06/17 16:00:00","101190302","0","bgm_M169","10","101190304","10","0","10","bgm_M169","bgm_M169","115611","215","100201","0","2030/12/31 14:59:59","90","100110","0","100202","0","100202","110190032","110190031","0","法艾頓草原‧南部 19-3","0","bgm_M169","-50","11019003","125341","125521","101190301","bgm_M169","211001000","-590","0","0","0","0","110190031","100203","0","11019","0","bgm_M169","0","110190033","101190305","0"
"-210","1","0","2019/06/17 16:00:00","0","0","bgm_M169","10","101190403","10","0","10","bgm_M169","bgm_M169","115551","215","100201","0","2030/12/31 14:59:59","90","100110","0","100202","0","100202","110190042","110190041","0","法艾頓草原‧南部 19-4","0","bgm_M169","-50","11019004","125371","125072","101190401","bgm_M169","211001000","-395","0","0","0","0","110190041","100203","0","11019","0","bgm_M169","0","110190043","101190405","0"
"-100","1","0","2019/06/17 16:00:00","101190505","0","bgm_M169","10","101190503","10","0","10","bgm_M169","bgm_M169","125521","215","100037","0","2030/12/31 14:59:59","90","100050","0","100038","0","100038","110190052","110190051","0","法艾頓草原‧南部 19-5","0","bgm_M169","-50","11019005","115192","125012","101190501","bgm_M169","211001000","-240","0","0","0","0","110190051","100039","0","11019","0","bgm_M169","0","110190053","101190506","0"
"30","1","0","2019/06/17 16:00:00","101190606","0","bgm_M169","10","101190605","10","0","10","bgm_M169","bgm_M169","125281","215","101381","0","2030/12/31 14:59:59","90","100010","0","101382","0","101382","110190062","110190061","0","法艾頓草原‧南部 19-6","0","bgm_M169","-50","11019006","115102","115222","101190604","bgm_M169","211001000","-130","0","0","0","0","110190061","101383","0","11019","0","bgm_M169","0","110190063","101190602","0"
"-170","1","0","2019/06/17 16:00:00","101190703","0","bgm_M169","10","101190702","10","0","10","bgm_M169","bgm_M169","125371","215","100021","0","2030/12/31 14:59:59","90","100020","0","100022","0","100022","110190072","110190071","0","法艾頓草原‧南部 19-7","0","bgm_M169","-50","11019007","115132","115042","101190701","bgm_M169","211001000","-85","0","0","0","0","110190071","100023","0","11019","0","bgm_M169","0","110190073","101190704","0"
"-140","1","0","2019/06/17 16:00:00","101190806","0","bgm_M169","10","101190807","10","0","10","bgm_M169","bgm_M169","125401","215","100021","0","2030/12/31 14:59:59","90","100020","101190804","100022","0","100022","110190082","110190081","0","法艾頓草原‧南部 19-8","0","bgm_M169","-50","11019008","125162","125252","101190805","bgm_M169","211001000","120","0","0","0","0","110190081","100023","0","11019","0","bgm_M169","0","110190083","101190803","0"
"45","1","0","2019/06/17 16:00:00","101190906","0","bgm_M169","10","101190904","10","0","10","bgm_M169","bgm_M169","125311","215","101411","0","2030/12/31 14:59:59","90","100050","0","101412","0","101412","110190092","110190091","0","法艾頓草原‧南部 19-9","0","bgm_M169","-50","11019009","125281","125072","101190901","bgm_M169","211001000","110","0","0","0","0","110190091","101413","0","11019","0","bgm_M169","0","110190093","101190902","0"
"-20","1","0","2019/06/17 16:00:00","101191007","25011","bgm_M169","10","101191005","10","0","10","bgm_M169","bgm_M169","125341","215","100037","0","2030/12/31 14:59:59","90","100020","0","100038","0","100038","110190102","110190101","0","法艾頓草原‧南部 19-10","0","bgm_M169","-50","11019010","125401","115042","101191001","bgm_M169","211001000","290","0","0","0","0","110190101","100039","0","11019","0","bgm_M169","0","110190103","101191002","0"
"-175","1","0","2019/06/17 16:00:00","101191107","25012","bgm_M169","10","101191104","10","0","10","bgm_M169","bgm_M169","125281","215","101411","0","2030/12/31 14:59:59","90","100050","0","101412","0","101412","110190112","110190111","0","法艾頓草原‧南部 19-11","0","bgm_M169","-50","11019011","125371","125252","101191101","bgm_M169","211001000","380","0","0","0","0","110190111","101413","0","11019","0","bgm_M169","0","110190113","101191103","0"
"-120","1","0","2019/06/17 16:00:00","101191205","25013","bgm_M169","10","101191204","10","0","10","bgm_M169","bgm_M169","115581","215","100021","0","2030/12/31 14:59:59","90","100020","0","100022","0","100022","110190122","110190121","0","法艾頓草原‧南部 19-12","0","bgm_M169","-50","11019012","125311","125012","101191201","bgm_M169","211001000","585","0","0","0","0","110190121","100023","0","11019","0","bgm_M169","0","110190123","101191206","0"
"15","1","0","2019/06/17 16:00:00","101191306","25014","bgm_M169","10","101191305","10","0","10","bgm_M169","bgm_M169","115551","215","101411","0","2030/12/31 14:59:59","90","100050","0","101412","0","101412","110190132","110190131","0","法艾頓草原‧南部 19-13","0","bgm_M169","-50","11019013","125341","115132","101191301","bgm_M169","211001000","460","0","0","0","0","110190131","101413","0","11019","0","bgm_M169","0","110190133","101191303","0"
"35","1","9019155","2019/06/17 16:00:00","0","25015","bgm_M170","10","101191405","10","0","10","bgm_M170","bgm_M170","115611","215","101421","0","2030/12/31 14:59:59","90","100050","0","101422","9019156","101422","110190142","110190141","0","法艾頓草原‧南部 19-14","0","bgm_M170","-50","11019014","125521","115222","101191407","bgm_M170","211001000","680","0","0","0","0","110190141","101423","0","11019","0","bgm_M170","0","110190143","101191403","0"
"-145","1","0","2019/08/15 16:00:00","0","0","bgm_M169","10","101200101","10","0","10","bgm_M169","bgm_M169","125401","215","101411","0","2030/12/31 14:59:59","90","100050","0","101412","0","101412","110200012","110200011","0","卡斯塔利亞樹林‧西部 20-1","0","bgm_M169","-50","11020001","125162","115102","101200102","bgm_M169","211001000","-535","0","0","0","0","110200011","101413","0","11020","0","bgm_M169","0","110200013","101200105","0"
"0","1","0","2019/08/15 16:00:00","101200205","0","bgm_M169","10","101200203","10","0","10","bgm_M169","bgm_M169","125371","215","101411","0","2030/12/31 14:59:59","90","100050","0","101412","0","101412","110200022","110200021","0","卡斯塔利亞樹林‧西部 20-2","0","bgm_M169","-50","11020002","125252","115192","101200202","bgm_M169","211001000","-600","0","0","0","0","110200021","101413","0","11020","0","bgm_M169","0","110200023","101200204","0"
"95","1","0","2019/08/15 16:00:00","101200305","0","bgm_M169","10","101200301","10","0","10","bgm_M169","bgm_M169","125311","215","101411","0","2030/12/31 14:59:59","90","100050","0","101412","0","101412","110200032","110200031","0","卡斯塔利亞樹林‧西部 20-3","0","bgm_M169","-50","11020003","115222","115042","101200304","bgm_M169","211001000","-460","0","0","0","0","110200031","101413","0","11020","0","bgm_M169","0","110200033","101200303","0"
"-50","1","0","2019/08/15 16:00:00","101200403","0","bgm_M169","10","101200401","10","0","10","bgm_M169","bgm_M169","125281","215","101381","0","2030/12/31 14:59:59","90","100010","0","101382","0","101382","110200042","110200041","0","卡斯塔利亞樹林‧西部 20-4","0","bgm_M169","-50","11020004","115132","115582","101200404","bgm_M169","211001000","-370","0","0","0","0","110200041","101383","0","11020","0","bgm_M169","0","110200043","101200405","0"
"-150","1","0","2019/08/15 16:00:00","101200506","0","bgm_M169","10","101200502","10","0","10","bgm_M169","bgm_M169","125521","215","101381","0","2030/12/31 14:59:59","90","100010","0","101382","0","101382","110200052","110200051","0","卡斯塔利亞樹林‧西部 20-5","0","bgm_M169","-50","11020005","125012","115612","101200501","bgm_M169","211001000","-260","0","0","0","0","110200051","101383","0","11020","0","bgm_M169","0","110200053","101200505","0"
"0","1","0","2019/08/15 16:00:00","101200607","0","bgm_M169","10","101200604","10","0","10","bgm_M169","bgm_M169","125401","215","100021","0","2030/12/31 14:59:59","90","100020","0","100022","0","100022","110200062","110200061","0","卡斯塔利亞樹林‧西部 20-6","0","bgm_M169","-50","11020006","115102","115552","101200601","bgm_M169","211001000","-170","0","0","0","0","110200061","100023","0","11020","0","bgm_M169","0","110200063","101200603","0"
"40","1","0","2019/08/15 16:00:00","101200703","0","bgm_M169","10","101200702","10","0","10","bgm_M169","bgm_M169","125341","215","100021","0","2030/12/31 14:59:59","90","100020","0","100022","0","100022","110200072","110200071","0","卡斯塔利亞樹林‧西部 20-7","0","bgm_M169","-50","11020007","125072","115582","101200704","bgm_M169","211001000","0","0","0","0","0","110200071","100023","0","11020","0","bgm_M169","0","110200073","101200705","0"
"-140","1","0","2019/08/15 16:00:00","101200805","0","bgm_M169","10","101200807","10","0","10","bgm_M169","bgm_M169","125371","215","100037","0","2030/12/31 14:59:59","90","100020","0","100038","0","100038","110200082","110200081","0","卡斯塔利亞樹林‧西部 20-8","0","bgm_M169","-50","11020008","115042","115612","101200801","bgm_M169","211001000","-20","0","0","0","0","110200081","100039","0","11020","0","bgm_M169","0","110200083","101200806","0"
"-200","1","0","2019/08/15 16:00:00","101200903","0","bgm_M169","10","101200907","10","0","10","bgm_M169","bgm_M169","125311","215","100037","0","2030/12/31 14:59:59","90","100020","101200906","100038","0","100038","110200092","110200091","0","卡斯塔利亞樹林‧西部 20-9","0","bgm_M169","-50","11020009","115192","115552","101200904","bgm_M169","211001000","120","0","0","0","0","110200091","100039","0","11020","0","bgm_M169","0","110200093","101200902","0"
"-60","1","0","2019/08/15 16:00:00","101201003","25011","bgm_M169","10","101201002","10","0","10","bgm_M169","bgm_M169","125281","215","100051","0","2030/12/31 14:59:59","90","100080","101201004","100052","0","100052","110200102","110200101","0","卡斯塔利亞樹林‧西部 20-10","0","bgm_M169","-50","11020010","125012","115582","101201006","bgm_M169","211001000","180","0","0","0","0","110200101","100053","0","11020","0","bgm_M169","0","110200103","101201002","0"
"15","1","0","2019/08/15 16:00:00","101201105","25012","bgm_M169","10","101201107","10","0","10","bgm_M169","bgm_M169","125162","215","100051","0","2030/12/31 14:59:59","90","100080","101201106","100052","0","100052","110200112","110200111","0","卡斯塔利亞樹林‧西部 20-11","0","bgm_M169","-50","11020011","115222","115612","101201104","bgm_M169","211001000","335","0","0","0","0","110200111","100053","0","11020","0","bgm_M169","0","110200113","101201103","0"
"-130","1","0","2019/08/15 16:00:00","101201206","25013","bgm_M169","10","101201201","10","0","10","bgm_M169","bgm_M169","125072","215","100011","0","2030/12/31 14:59:59","90","100020","0","100012","0","100012","110200122","110200121","0","卡斯塔利亞樹林‧西部 20-12","0","bgm_M169","-50","11020012","115582","115552","101201203","bgm_M169","211001000","400","0","0","0","0","110200121","100013","0","11020","0","bgm_M169","0","110200123","101201204","0"
"-90","1","0","2019/08/15 16:00:00","101201301","25014","bgm_M169","10","101201307","10","0","10","bgm_M169","bgm_M169","125252","215","100014","0","2030/12/31 14:59:59","90","100020","101201303","100015","0","100015","110200132","110200131","0","卡斯塔利亞樹林‧西部 20-13","0","bgm_M169","-50","11020013","115612","115582","101201302","bgm_M169","211001000","580","0","0","0","0","110200131","100016","0","11020","0","bgm_M169","0","110200133","101201305","0"
"35","1","9020155","2019/08/15 16:00:00","0","25015","bgm_M170","10","0","10","0","10","bgm_M170","bgm_M170","115132","215","100357","0","2030/12/31 14:59:59","90","100020","0","100358","9020156","100358","110200142","110200141","0","卡斯塔利亞樹林‧西部 20-14","0","bgm_M170","-50","11020014","115552","115612","101201407","bgm_M170","211001000","680","0","0","0","0","110200141","100359","0","11020","0","bgm_M170","0","110200143","0","0"
"-165","1","0","2019/08/15 16:00:00","0","0","bgm_M169","10","101210105","10","0","10","bgm_M169","bgm_M169","115132","215","101411","0","2030/12/31 14:59:59","90","100050","0","101412","0","101412","110210012","110210011","0","卡斯塔利亞樹林‧東部 21-1","0","bgm_M169","-50","11021001","115582","115552","101210102","bgm_M169","211001000","-680","0","0","0","0","110210011","101413","0","11021","0","bgm_M169","0","110210013","101210103","0"
"-35","1","0","2019/08/15 16:00:00","101210204","0","bgm_M169","10","101210202","10","0","10","bgm_M169","bgm_M169","115102","215","101411","0","2030/12/31 14:59:59","90","100050","0","101412","0","101412","110210022","110210021","0","卡斯塔利亞樹林‧東部 21-2","0","bgm_M169","-50","11021002","115612","115582","101210201","bgm_M169","211001000","-565","0","0","0","0","110210021","101413","0","11021","0","bgm_M169","0","110210023","101210205","0"
"65","1","0","2019/08/15 16:00:00","101210307","0","bgm_M169","10","101210304","10","0","10","bgm_M169","bgm_M169","125072","215","100021","0","2030/12/31 14:59:59","90","100020","0","100022","0","100022","110210032","110210031","0","卡斯塔利亞樹林‧東部 21-3","0","bgm_M169","-50","11021003","115552","115612","101210301","bgm_M169","211001000","-410","0","0","0","0","110210031","100023","0","11021","0","bgm_M169","0","110210033","101210306","0"
"-105","1","0","2019/08/15 16:00:00","101210403","0","bgm_M169","10","101210401","10","0","10","bgm_M169","bgm_M169","125162","215","100021","0","2030/12/31 14:59:59","90","100020","0","100022","0","100022","110210042","110210041","0","卡斯塔利亞樹林‧東部 21-4","0","bgm_M169","-50","11021004","115552","125431","101210404","bgm_M169","211001000","-370","0","0","0","0","110210041","100023","0","11021","0","bgm_M169","0","110210043","101210405","0"
"-175","1","0","2019/08/15 16:00:00","101210506","0","bgm_M169","10","101210502","10","0","10","bgm_M169","bgm_M169","115042","215","101381","0","2030/12/31 14:59:59","90","100010","0","101382","0","101382","110210052","110210051","0","卡斯塔利亞樹林‧東部 21-5","0","bgm_M169","-50","11021005","115582","125342","101210501","bgm_M169","211001000","-190","0","0","0","0","110210051","101383","0","11021","0","bgm_M169","0","110210053","101210505","0"
"-130","1","0","2019/08/15 16:00:00","101210604","0","bgm_M169","10","101210603","10","0","10","bgm_M169","bgm_M169","115222","215","100021","0","2030/12/31 14:59:59","90","100020","0","100022","0","100022","110210062","110210061","0","卡斯塔利亞樹林‧東部 21-6","0","bgm_M169","-50","11021006","115612","125522","101210601","bgm_M169","211001000","0","0","0","0","0","110210061","100023","0","11021","0","bgm_M169","0","110210063","101210606","0"
"-5","1","0","2019/08/15 16:00:00","101210703","0","bgm_M169","10","101210702","10","0","10","bgm_M169","bgm_M169","115192","215","100037","0","2030/12/31 14:59:59","90","100020","0","100038","0","100038","110210072","110210071","0","卡斯塔利亞樹林‧東部 21-7","0","bgm_M169","-50","11021007","115552","125282","101210704","bgm_M169","211001000","-150","0","0","0","0","110210071","100039","0","11021","0","bgm_M169","0","110210073","101210705","0"
"65","1","0","2019/08/15 16:00:00","101210806","0","bgm_M169","10","101210804","10","0","10","bgm_M169","bgm_M169","125012","215","100051","0","2030/12/31 14:59:59","90","100080","0","100052","0","100052","110210082","110210081","0","卡斯塔利亞樹林‧東部 21-8","0","bgm_M169","-50","11021008","115582","125312","101210801","bgm_M169","211001000","40","0","0","0","0","110210081","100053","0","11021","0","bgm_M169","0","110210083","101210803","0"
"20","1","0","2019/08/15 16:00:00","101210903","0","bgm_M169","10","101210901","10","0","10","bgm_M169","bgm_M169","125252","215","100037","0","2030/12/31 14:59:59","90","100020","101210906","100038","0","100038","110210092","110210091","0","卡斯塔利亞樹林‧東部 21-9","0","bgm_M169","-50","11021009","115612","125372","101210904","bgm_M169","211001000","245","0","0","0","0","110210091","100039","0","11021","0","bgm_M169","0","110210093","101210905","0"
"-175","1","0","2019/08/15 16:00:00","101211007","25011","bgm_M169","10","101211006","10","0","10","bgm_M169","bgm_M169","115132","215","100051","0","2030/12/31 14:59:59","90","100080","101211004","100052","0","100052","110210102","110210101","0","卡斯塔利亞樹林‧東部 21-10","0","bgm_M169","-50","11021010","115552","125342","101211002","bgm_M169","211001000","215","0","0","0","0","110210101","100053","0","11021","0","bgm_M169","0","110210103","101211005","0"
"-130","1","0","2019/08/15 16:00:00","101211106","25012","bgm_M169","10","101211107","10","0","10","bgm_M169","bgm_M169","115102","215","100021","0","2030/12/31 14:59:59","90","100020","0","100022","0","100022","110210112","110210111","0","卡斯塔利亞樹林‧東部 21-11","0","bgm_M169","-50","11021011","115582","125522","101211101","bgm_M169","211001000","400","0","0","0","0","110210111","100023","0","11021","0","bgm_M169","0","110210113","101211104","0"
"35","1","0","2019/08/15 16:00:00","101211205","25013","bgm_M169","10","101211201","10","0","10","bgm_M169","bgm_M169","115552","215","100037","0","2030/12/31 14:59:59","90","100020","0","100038","0","100038","110210122","110210121","0","卡斯塔利亞樹林‧東部 21-12","0","bgm_M169","-50","11021012","125431","125312","101211203","bgm_M169","211001000","470","0","0","0","0","110210121","100039","0","11021","0","bgm_M169","0","110210123","101211204","0"
"-100","1","0","2019/08/15 16:00:00","101211308","25014","bgm_M169","10","101211306","10","0","10","bgm_M169","bgm_M169","115612","215","100051","0","2030/12/31 14:59:59","90","100080","101211304","100052","0","100052","110210132","110210131","0","卡斯塔利亞樹林‧東部 21-13","0","bgm_M169","-50","11021013","125522","125372","101211303","bgm_M169","211001000","600","0","0","0","0","110210131","100053","0","11021","0","bgm_M169","0","110210133","101211301","0"
"70","1","9021155","2019/08/15 16:00:00","0","25015","bgm_M170","10","101211401","10","0","10","bgm_M170","bgm_M170","115582","215","100357","0","2030/12/31 14:59:59","90","100020","0","100358","9021156","100358","110210142","110210141","0","卡斯塔利亞樹林‧東部 21-14","0","bgm_M170","-50","11021014","125342","125282","101211407","bgm_M170","211001000","680","0","0","0","0","110210141","100359","0","11021","0","bgm_M170","0","110210143","101211404","0"
"-170","1","0","2019/09/17 16:00:00","0","0","bgm_M169","10","101220105","10","0","10","bgm_M169","bgm_M169","115552","215","101411","0","2030/12/31 14:59:59","90","100050","0","101412","0","101412","110220012","110220011","0","馬提爾德岩峰‧南部 22-1","0","bgm_M169","-50","11022001","125282","125431","101220101","bgm_M169","211001000","-680","0","0","0","0","110220011","101413","0","11022","0","bgm_M169","0","110220013","101220106","0"
"-55","1","0","2019/09/17 16:00:00","101220204","0","bgm_M169","10","101220203","10","0","10","bgm_M169","bgm_M169","115612","215","101411","0","2030/12/31 14:59:59","90","100050","0","101412","0","101412","110220022","110220021","0","馬提爾德岩峰‧南部 22-2","0","bgm_M169","-50","11022002","125312","125342","101220201","bgm_M169","211001000","-520","0","0","0","0","110220021","101413","0","11022","0","bgm_M169","0","110220023","101220205","0"
"0","1","0","2019/09/17 16:00:00","101220307","0","bgm_M169","10","101220304","10","0","10","bgm_M169","bgm_M169","115582","215","101411","0","2030/12/31 14:59:59","90","100050","0","101412","0","101412","110220032","110220031","0","馬提爾德岩峰‧南部 22-3","0","bgm_M169","-50","11022003","125431","125522","101220302","bgm_M169","211001000","-350","0","0","0","0","110220031","101413","0","11022","0","bgm_M169","0","110220033","101220303","0"
"-175","1","0","2019/09/17 16:00:00","101220403","0","bgm_M169","10","101220402","10","0","10","bgm_M169","bgm_M169","115552","215","100014","0","2030/12/31 14:59:59","90","100020","0","100015","0","100015","110220042","110220041","0","馬提爾德岩峰‧南部 22-4","0","bgm_M169","-50","11022004","125372","115073","101220404","bgm_M169","211001000","-380","0","0","0","0","110220041","100016","0","11022","0","bgm_M169","0","110220043","101220405","0"
"-175","1","0","2019/09/17 16:00:00","101220505","0","bgm_M169","10","101220503","10","0","10","bgm_M169","bgm_M169","115222","215","100014","0","2030/12/31 14:59:59","90","100020","0","100015","0","100015","110220052","110220051","0","馬提爾德岩峰‧南部 22-5","0","bgm_M169","-50","11022005","125193","125013","101220501","bgm_M169","211001000","-150","0","0","0","0","110220051","100016","0","11022","0","bgm_M169","0","110220053","101220502","0"
"-110","1","0","2019/09/17 16:00:00","101220604","0","bgm_M169","10","101220603","10","0","10","bgm_M169","bgm_M169","125282","215","101621","0","2030/12/31 14:59:59","90","100450","0","101622","0","101622","110220062","110220061","0","馬提爾德岩峰‧南部 22-6","0","bgm_M169","-50","11022006","125103","125223","101220601","bgm_M169","211001000","30","0","0","0","0","110220061","101623","0","11022","0","bgm_M169","0","110220063","101220608","0"
"-5","1","0","2019/09/17 16:00:00","101220707","0","bgm_M169","10","101220704","10","0","10","bgm_M169","bgm_M169","125372","215","101621","0","2030/12/31 14:59:59","90","100450","0","101622","0","101622","110220072","110220071","0","馬提爾德岩峰‧南部 22-7","0","bgm_M169","-50","11022007","115133","125043","101220702","bgm_M169","211001000","-150","0","0","0","0","110220071","101623","0","11022","0","bgm_M169","0","110220073","101220705","0"
"65","1","0","2019/09/17 16:00:00","101220806","0","bgm_M169","10","101220803","10","0","10","bgm_M169","bgm_M169","125342","215","101621","0","2030/12/31 14:59:59","90","100450","0","101622","0","101622","110220082","110220081","0","馬提爾德岩峰‧南部 22-8","0","bgm_M169","-50","11022008","115163","125253","101220801","bgm_M169","211001000","40","0","0","0","0","110220081","101623","0","11022","0","bgm_M169","0","110220083","101220804","0"
"75","1","0","2019/09/17 16:00:00","101220906","0","bgm_M169","10","101220901","10","0","10","bgm_M169","bgm_M169","125372","215","101621","0","2030/12/31 14:59:59","90","100450","0","101622","0","101622","110220092","110220091","0","馬提爾德岩峰‧南部 22-9","0","bgm_M169","-50","11022009","125312","115073","101220903","bgm_M169","211001000","245","0","0","0","0","110220091","101623","0","11022","0","bgm_M169","0","110220093","101220904","0"
"-110","1","0","2019/09/17 16:00:00","101221004","25011","bgm_M169","10","101221005","10","0","10","bgm_M169","bgm_M169","125431","215","100014","0","2030/12/31 14:59:59","90","100020","101221006","100015","0","100015","110220102","110220101","0","馬提爾德岩峰‧南部 22-10","0","bgm_M169","-50","11022010","125282","125043","101221001","bgm_M169","211001000","265","0","0","0","0","110220101","100016","0","11022","0","bgm_M169","0","110220103","101221003","0"
"-130","1","0","2019/09/17 16:00:00","101221105","25012","bgm_M169","10","101221102","10","0","10","bgm_M169","bgm_M169","125372","215","100014","0","2030/12/31 14:59:59","90","100020","0","100015","0","100015","110220112","110220111","0","馬提爾德岩峰‧南部 22-11","0","bgm_M169","-50","11022011","125522","125253","101221101","bgm_M169","211001000","465","0","0","0","0","110220111","100016","0","11022","0","bgm_M169","0","110220113","101221104","0"
"-100","1","0","2019/09/17 16:00:00","101221205","25013","bgm_M169","10","101221201","10","0","10","bgm_M169","bgm_M169","115612","215","100014","0","2030/12/31 14:59:59","90","100020","101221204","100015","0","100015","110220122","110220121","0","馬提爾德岩峰‧南部 22-12","0","bgm_M169","-50","11022012","125342","125013","101221203","bgm_M169","211001000","650","0","0","0","0","110220121","100016","0","11022","0","bgm_M169","0","110220123","101221206","0"
"30","1","0","2019/09/17 16:00:00","101221303","25014","bgm_M169","10","101221301","10","0","10","bgm_M169","bgm_M169","115552","215","101621","0","2030/12/31 14:59:59","90","100450","101221309","101622","0","101622","110220132","110220131","0","馬提爾德岩峰‧南部 22-13","0","bgm_M169","-50","11022013","125431","115133","101221302","bgm_M169","211001000","450","0","0","0","0","110220131","101623","0","11022","0","bgm_M169","0","110220133","101221305","0"
"70","1","9022155","2019/09/17 16:00:00","0","25015","bgm_M170","10","0","10","0","10","bgm_M170","bgm_M170","125012","215","101631","0","2030/12/31 14:59:59","90","100450","0","101632","9022156","101632","110220142","110220141","0","馬提爾德岩峰‧南部 22-14","0","bgm_M170","-50","11022014","125372","125223","101221407","bgm_M170","211001000","630","0","0","0","0","110220141","101633","0","11022","0","bgm_M170","0","110220143","0","0"
"0","1","0","2019/09/17 16:00:00","0","0","bgm_M169","10","101230105","10","0","10","bgm_M169","bgm_M169","125312","215","100101","0","2030/12/31 14:59:59","90","100450","0","100102","0","100102","110230012","110230011","0","馬提爾德岩峰‧北部 23-1","0","bgm_M169","-50","11023001","125043","125103","101230102","bgm_M169","211001000","-680","0","0","0","0","110230011","100103","0","11023","0","bgm_M169","0","110230013","101230103","0"
"60","1","0","2019/09/17 16:00:00","101230202","0","bgm_M169","10","101230201","10","0","10","bgm_M169","bgm_M169","125522","215","100037","0","2030/12/31 14:59:59","90","100050","0","100038","0","100038","110230022","110230021","0","馬提爾德岩峰‧北部 23-2","0","bgm_M169","-50","11023002","115073","125223","101230203","bgm_M169","211001000","-520","0","0","0","0","110230021","100039","0","11023","0","bgm_M169","0","110230023","101230204","0"
"40","1","0","2019/09/17 16:00:00","101230302","0","bgm_M169","10","101230304","10","0","10","bgm_M169","bgm_M169","125431","215","100101","0","2030/12/31 14:59:59","90","100450","0","100102","0","100102","110230032","110230031","0","馬提爾德岩峰‧北部 23-3","0","bgm_M169","-50","11023003","125013","125253","101230301","bgm_M169","211001000","-350","0","0","0","0","110230031","100103","0","11023","0","bgm_M169","0","110230033","101230303","0"
"-105","1","0","2019/09/17 16:00:00","0","0","bgm_M169","10","101230403","10","0","10","bgm_M169","bgm_M169","125342","215","101671","0","2030/12/31 14:59:59","90","100460","0","101672","0","101672","110230042","110230041","0","馬提爾德岩峰‧北部 23-4","0","bgm_M169","-50","11023004","115133","115583","101230401","bgm_M169","211001000","-480","0","0","0","0","110230041","101673","0","11023","0","bgm_M169","0","110230043","101230405","0"
"-175","1","0","2019/09/17 16:00:00","101230503","0","bgm_M169","10","101230504","10","0","10","bgm_M169","bgm_M169","125282","215","101671","0","2030/12/31 14:59:59","90","100460","0","101672","0","101672","110230052","110230051","0","馬提爾德岩峰‧北部 23-5","0","bgm_M169","-50","11023005","115163","115613","101230501","bgm_M169","211001000","-320","0","0","0","0","110230051","101673","0","11023","0","bgm_M169","0","110230053","101230506","0"
"-150","1","0","2019/09/17 16:00:00","101230609","0","bgm_M169","10","101230605","10","0","10","bgm_M169","bgm_M169","125431","215","100014","0","2030/12/31 14:59:59","90","100020","0","100015","0","100015","110230062","110230061","0","馬提爾德岩峰‧北部 23-6","0","bgm_M169","-50","11023006","125193","115553","101230601","bgm_M169","211001000","-130","0","0","0","0","110230061","100016","0","11023","0","bgm_M169","0","110230063","101230606","0"
"15","1","0","2019/09/17 16:00:00","101230703","0","bgm_M169","10","101230702","10","0","10","bgm_M169","bgm_M169","125372","215","101621","0","2030/12/31 14:59:59","90","100450","0","101622","0","101622","110230072","110230071","0","馬提爾德岩峰‧北部 23-7","0","bgm_M169","-50","11023007","125103","115583","101230701","bgm_M169","211001000","-170","0","0","0","0","110230071","101623","0","11023","0","bgm_M169","0","110230073","101230704","0"
"45","1","0","2019/09/17 16:00:00","101230806","0","bgm_M169","10","101230805","10","0","10","bgm_M169","bgm_M169","125342","215","101621","0","2030/12/31 14:59:59","90","100450","101230807","101622","0","101622","110230082","110230081","0","馬提爾德岩峰‧北部 23-8","0","bgm_M169","-50","11023008","115073","115613","101230802","bgm_M169","211001000","0","0","0","0","0","110230081","101623","0","11023","0","bgm_M169","0","110230083","101230803","0"
"-85","1","0","2019/09/17 16:00:00","101230906","0","bgm_M169","10","101230904","10","0","10","bgm_M169","bgm_M169","125522","215","101621","0","2030/12/31 14:59:59","90","100450","0","101622","0","101622","110230092","110230091","0","馬提爾德岩峰‧北部 23-9","0","bgm_M169","-50","11023009","125223","115553","101230901","bgm_M169","211001000","125","0","0","0","0","110230091","101623","0","11023","0","bgm_M169","0","110230093","101230909","0"
"35","1","0","2019/09/17 16:00:00","101231003","25011","bgm_M169","10","101231007","10","0","10","bgm_M169","bgm_M169","125431","215","101671","0","2030/12/31 14:59:59","90","100460","0","101672","0","101672","110230102","110230101","0","馬提爾德岩峰‧北部 23-10","0","bgm_M169","-50","11023010","125043","115583","101231001","bgm_M169","211001000","270","0","0","0","0","110230101","101673","0","11023","0","bgm_M169","0","110230103","101231005","0"
"-130","1","0","2019/09/17 16:00:00","101231107","25012","bgm_M169","10","101231104","10","0","10","bgm_M169","bgm_M169","125312","215","100014","0","2030/12/31 14:59:59","90","100020","0","100015","0","100015","110230112","110230111","0","馬提爾德岩峰‧北部 23-11","0","bgm_M169","-50","11023011","125013","115613","101231101","bgm_M169","211001000","385","0","0","0","0","110230111","100016","0","11023","0","bgm_M169","0","110230113","101231110","0"
"-120","1","0","2019/09/17 16:00:00","101231206","25013","bgm_M169","10","101231203","10","0","10","bgm_M169","bgm_M169","115073","215","100014","0","2030/12/31 14:59:59","90","100020","0","100015","0","100015","110230122","110230121","0","馬提爾德岩峰‧北部 23-12","0","bgm_M169","-50","11023012","115553","115583","101231201","bgm_M169","211001000","590","0","0","0","0","110230121","100016","0","11023","0","bgm_M169","0","110230123","101231204","0"
"20","1","0","2019/09/17 16:00:00","101231309","25014","bgm_M169","10","101231303","10","0","10","bgm_M169","bgm_M169","125193","215","101671","0","2030/12/31 14:59:59","90","100460","0","101672","0","101672","110230132","110230131","0","馬提爾德岩峰‧北部 23-13","0","bgm_M169","-50","11023013","115583","115613","101231301","bgm_M169","211001000","480","0","0","0","0","110230131","101673","0","11023","0","bgm_M169","0","110230133","101231310","0"
"45","1","9023155","2019/09/17 16:00:00","101231404","25015","bgm_M170","10","101231402","10","0","10","bgm_M170","bgm_M170","125223","215","101631","0","2030/12/31 14:59:59","90","100450","0","101632","9023156","101632","110230142","110230141","0","馬提爾德岩峰‧北部 23-14","0","bgm_M170","-50","11023014","115613","115553","101231410","bgm_M170","211001000","680","0","0","0","0","110230141","101633","0","11023","0","bgm_M170","0","110230143","101231403","0"
"-170","1","0","2019/10/15 16:00:00","0","0","bgm_M169","10","101240104","10","0","10","bgm_M169","bgm_M169","115133","215","101621","0","2030/12/31 14:59:59","90","100450","0","101622","0","101622","110240012","110240011","0","雷蒂烏斯群峰‧西麓 24-1","0","bgm_M169","-50","11024001","125223","115553","101240102","bgm_M169","211001000","-700","0","0","0","0","110240011","101623","0","11024","0","bgm_M169","0","110240013","101240103","0"
"-210","1","0","2019/10/15 16:00:00","0","0","bgm_M169","10","101240202","10","0","10","bgm_M169","bgm_M169","125013","215","100101","0","2030/12/31 14:59:59","90","100050","0","100102","0","100102","110240022","110240021","0","雷蒂烏斯群峰‧西麓 24-2","0","bgm_M169","-50","11024002","115163","115613","101240205","bgm_M169","211001000","-540","0","0","0","0","110240021","100103","0","11024","0","bgm_M169","0","110240023","101240203","0"
"-150","1","0","2019/10/15 16:00:00","0","0","bgm_M169","10","101240307","10","0","10","bgm_M169","bgm_M169","115073","215","101621","0","2030/12/31 14:59:59","90","100450","0","101622","0","101622","110240032","110240031","0","雷蒂烏斯群峰‧西麓 24-3","0","bgm_M169","-50","11024003","125253","115583","101240302","bgm_M169","211001000","-370","0","0","0","0","110240031","101623","0","11024","0","bgm_M169","0","110240033","101240304","0"
"-50","1","0","2019/10/15 16:00:00","101240403","0","bgm_M169","10","101240406","10","0","10","bgm_M169","bgm_M169","115163","215","101671","0","2030/12/31 14:59:59","90","100460","0","101672","0","101672","110240042","110240041","0","雷蒂烏斯群峰‧西麓 24-4","0","bgm_M169","-50","11024004","115553","125491","101240401","bgm_M169","211001000","-500","0","0","0","0","110240041","101673","0","11024","0","bgm_M169","0","110240043","101240405","0"
"20","1","0","2019/10/15 16:00:00","101240505","0","bgm_M169","10","101240502","10","0","10","bgm_M169","bgm_M169","125043","215","100037","0","2030/12/31 14:59:59","90","100020","0","100038","0","100038","110240052","110240051","0","雷蒂烏斯群峰‧西麓 24-5","0","bgm_M169","-50","11024005","115613","125343","101240504","bgm_M169","211001000","-320","0","0","0","0","110240051","100039","0","11024","0","bgm_M169","0","110240053","101240501","0"
"-90","1","0","2019/10/15 16:00:00","101240607","0","bgm_M169","10","101240605","10","0","10","bgm_M169","bgm_M169","125223","215","100037","0","2030/12/31 14:59:59","90","100020","0","100038","0","100038","110240062","110240061","0","雷蒂烏斯群峰‧西麓 24-6","0","bgm_M169","-50","11024006","115583","125373","101240601","bgm_M169","211001000","-190","0","0","0","0","110240061","100039","0","11024","0","bgm_M169","0","110240063","101240602","0"
"30","1","0","2019/10/15 16:00:00","101240703","0","bgm_M169","10","101240705","10","0","10","bgm_M169","bgm_M169","125193","215","101781","0","2030/12/31 14:59:59","90","100450","0","101782","0","101782","110240072","110240071","0","雷蒂烏斯群峰‧西麓 24-7","0","bgm_M169","-50","11024007","115553","125283","101240701","bgm_M169","211001000","-70","0","0","0","0","110240071","101783","0","11024","0","bgm_M169","0","110240073","101240707","0"
"45","1","0","2019/10/15 16:00:00","101240806","0","bgm_M169","10","101240805","10","0","10","bgm_M169","bgm_M169","125013","215","101781","0","2030/12/31 14:59:59","90","100450","0","101782","0","101782","110240082","110240081","0","雷蒂烏斯群峰‧西麓 24-8","0","bgm_M169","-50","11024008","115613","125313","101240807","bgm_M169","211001000","100","0","0","0","0","110240081","101783","0","11024","0","bgm_M169","0","110240083","101240802","0"
"-125","1","0","2019/10/15 16:00:00","101240905","0","bgm_M169","10","101240904","10","0","10","bgm_M169","bgm_M169","125103","215","101671","0","2030/12/31 14:59:59","90","100460","0","101672","0","101672","110240092","110240091","0","雷蒂烏斯群峰‧西麓 24-9","0","bgm_M169","-50","11024009","115583","125462","101240902","bgm_M169","211001000","50","0","0","0","0","110240091","101673","0","11024","0","bgm_M169","0","110240093","101240908","0"
"-185","1","0","2019/10/15 16:00:00","101241002","25011","bgm_M169","10","101241004","10","0","10","bgm_M169","bgm_M169","115073","215","101671","0","2030/12/31 14:59:59","90","100460","0","101672","0","101672","110240102","110240101","0","雷蒂烏斯群峰‧西麓 24-10","0","bgm_M169","-50","11024010","115553","125343","101241001","bgm_M169","211001000","220","0","0","0","0","110240101","101673","0","11024","0","bgm_M169","0","110240103","101241008","0"
"-20","1","0","2019/10/15 16:00:00","101241107","25012","bgm_M169","10","101241104","10","0","10","bgm_M169","bgm_M169","125253","215","101621","0","2030/12/31 14:59:59","90","100450","101241105","101622","0","101622","110240112","110240111","0","雷蒂烏斯群峰‧西麓 24-11","0","bgm_M169","-50","11024011","115583","125373","101241101","bgm_M169","211001000","295","0","0","0","0","110240111","101623","0","11024","0","bgm_M169","0","110240113","101241103","0"
"-125","1","0","2019/10/15 16:00:00","101241203","25013","bgm_M169","10","101241204","10","0","10","bgm_M169","bgm_M169","115553","215","101781","0","2030/12/31 14:59:59","90","100450","0","101782","0","101782","110240122","110240121","0","雷蒂烏斯群峰‧西麓 24-12","0","bgm_M169","-50","11024012","125491","125313","101241201","bgm_M169","211001000","430","0","0","0","0","110240121","101783","0","11024","0","bgm_M169","0","110240123","101241202","0"
"-110","1","0","2019/10/15 16:00:00","101241303","25014","bgm_M169","10","101241304","10","0","10","bgm_M169","bgm_M169","115583","215","101781","0","2030/12/31 14:59:59","90","100450","101241306","101782","0","101782","110240132","110240131","0","雷蒂烏斯群峰‧西麓 24-13","0","bgm_M169","-50","11024013","125462","125373","101241301","bgm_M169","211001000","610","0","0","0","0","110240131","101783","0","11024","0","bgm_M169","0","110240133","101241308","0"
"45","1","9024155","2019/10/15 16:00:00","0","25015","bgm_M170","10","0","10","0","10","bgm_M170","bgm_M170","115613","215","101791","0","2030/12/31 14:59:59","90","100450","0","101792","9024156","101792","110240142","110240141","0","雷蒂烏斯群峰‧西麓 24-14","0","bgm_M170","-50","11024014","125283","125343","101241410","bgm_M170","211001000","680","0","0","0","0","110240141","101793","0","11024","0","bgm_M170","0","110240143","0","0"
"50","1","0","2019/11/15 16:00:00","0","0","bgm_M169","10","101250104","10","0","10","bgm_M169","bgm_M169","115583","215","101621","0","2030/12/31 14:59:59","90","100450","0","101622","0","101622","110250012","110250011","0","雷蒂烏斯群峰‧東麓 25-1","0","bgm_M169","-50","11025001","125462","125283","101250102","bgm_M169","211001000","-720","0","0","0","0","110250011","101623","0","11025","0","bgm_M169","0","110250013","101250105","0"
"120","1","0","2019/11/15 16:00:00","101250205","0","bgm_M169","10","101250206","10","0","10","bgm_M169","bgm_M169","115613","215","100101","0","2030/12/31 14:59:59","90","100020","0","100102","0","100102","110250022","110250021","0","雷蒂烏斯群峰‧東麓 25-2","0","bgm_M169","-50","11025002","125313","125343","101250202","bgm_M169","211001000","-550","0","0","0","0","110250021","100103","0","11025","0","bgm_M169","0","110250023","101250203","0"
"-20","1","0","2019/11/15 16:00:00","101250302","0","bgm_M169","10","101250301","10","0","10","bgm_M169","bgm_M169","115553","215","100037","0","2030/12/31 14:59:59","90","100020","0","100038","0","100038","110250032","110250031","0","雷蒂烏斯群峰‧東麓 25-3","0","bgm_M169","-50","11025003","125491","125373","101250304","bgm_M169","211001000","-430","0","0","0","0","110250031","100039","0","11025","0","bgm_M169","0","110250033","101250303","0"
"-115","1","0","2019/11/15 16:00:00","101250405","0","bgm_M169","10","101250403","10","0","10","bgm_M169","bgm_M169","115583","215","101671","0","2030/12/31 14:59:59","90","100460","0","101672","0","101672","110250042","110250041","0","雷蒂烏斯群峰‧東麓 25-4","0","bgm_M169","-50","11025004","115553","115254","101250401","bgm_M169","211001000","-600","0","0","0","0","110250041","101673","0","11025","0","bgm_M169","0","110250043","101250404","0"
"-185","1","0","2019/11/15 16:00:00","101250502","0","bgm_M169","10","101250503","10","0","10","bgm_M169","bgm_M169","115613","215","101621","0","2030/12/31 14:59:59","90","100450","0","101622","0","101622","110250052","110250051","0","雷蒂烏斯群峰‧東麓 25-5","0","bgm_M169","-50","11025005","115583","115104","101250501","bgm_M169","211001000","-380","0","0","0","0","110250051","101623","0","11025","0","bgm_M169","0","110250053","101250505","0"
"-30","1","0","2019/11/15 16:00:00","101250608","0","bgm_M169","10","101250605","10","0","10","bgm_M169","bgm_M169","115553","215","100037","0","2030/12/31 14:59:59","90","100020","0","100038","0","100038","110250062","110250061","0","雷蒂烏斯群峰‧東麓 25-6","0","bgm_M169","-50","11025006","115613","125224","101250601","bgm_M169","211001000","-245","0","0","0","0","110250061","100039","0","11025","0","bgm_M169","0","110250063","101250606","0"
"25","1","0","2019/11/15 16:00:00","101250703","0","bgm_M169","10","101250707","10","0","10","bgm_M169","bgm_M169","115583","215","101781","0","2030/12/31 14:59:59","90","100450","0","101782","0","101782","110250072","110250071","0","雷蒂烏斯群峰‧東麓 25-7","0","bgm_M169","-50","11025007","125462","125014","101250701","bgm_M169","211001000","-50","0","0","0","0","110250071","101783","0","11025","0","bgm_M169","0","110250073","101250704","0"
"-175","1","0","2019/11/15 16:00:00","101250808","0","bgm_M169","10","101250801","10","0","10","bgm_M169","bgm_M169","115613","215","101621","0","2030/12/31 14:59:59","90","100450","101250807","101622","0","101622","110250082","110250081","0","雷蒂烏斯群峰‧東麓 25-8","0","bgm_M169","-50","11025008","125313","115194","101250809","bgm_M169","211001000","0","0","0","0","0","110250081","101623","0","11025","0","bgm_M169","0","110250083","101250806","0"
"-15","1","0","2019/11/15 16:00:00","101250903","0","bgm_M169","10","101250902","10","0","10","bgm_M169","bgm_M169","115553","215","101671","0","2030/12/31 14:59:59","90","100460","0","101672","0","101672","110250092","110250091","0","雷蒂烏斯群峰‧東麓 25-9","0","bgm_M169","-50","11025009","125491","125164","101250907","bgm_M169","211001000","130","0","0","0","0","110250091","101673","0","11025","0","bgm_M169","0","110250093","101250905","0"
"0","1","0","2019/11/15 16:00:00","101251003","25011","bgm_M169","10","101251004","10","0","10","bgm_M169","bgm_M169","115613","215","101671","0","2030/12/31 14:59:59","90","100460","0","101672","0","101672","110250102","110250101","0","雷蒂烏斯群峰‧東麓 25-10","0","bgm_M169","-50","11025010","125343","125074","101251002","bgm_M169","211001000","320","0","0","0","0","110250101","101673","0","11025","0","bgm_M169","0","110250103","101251005","0"
"-175","1","0","2019/11/15 16:00:00","101251105","25012","bgm_M169","10","101251101","10","0","10","bgm_M169","bgm_M169","115553","215","101781","0","2030/12/31 14:59:59","90","100450","0","101782","0","101782","110250112","110250111","0","雷蒂烏斯群峰‧東麓 25-11","0","bgm_M169","-50","11025011","125313","125134","101251104","bgm_M169","211001000","270","0","0","0","0","110250111","101783","0","11025","0","bgm_M169","0","110250113","101251103","0"
"-125","1","0","2019/11/15 16:00:00","101251205","25013","bgm_M169","10","101251208","10","0","10","bgm_M169","bgm_M169","125283","215","101781","0","2030/12/31 14:59:59","90","100450","0","101782","0","101782","110250122","110250121","0","雷蒂烏斯群峰‧東麓 25-12","0","bgm_M169","-50","11025012","115254","125044","101251207","bgm_M169","211001000","460","0","0","0","0","110250121","101783","0","11025","0","bgm_M169","0","110250123","101251201","0"
"25","1","0","2019/11/15 16:00:00","101251307","25014","bgm_M169","10","101251308","10","0","10","bgm_M169","bgm_M169","125373","215","101781","0","2030/12/31 14:59:59","90","100450","0","101782","0","101782","110250132","110250131","0","雷蒂烏斯群峰‧東麓 25-13","0","bgm_M169","-50","11025013","115104","125224","101251301","bgm_M169","211001000","515","0","0","0","0","110250131","101783","0","11025","0","bgm_M169","0","110250133","101251303","0"
"-75","1","9025155","2019/11/15 16:00:00","0","25015","bgm_M170","10","101251407","10","0","10","bgm_M170","bgm_M170","125343","215","101791","0","2030/12/31 14:59:59","90","100450","0","101792","9025156","101792","110250142","110250141","0","雷蒂烏斯群峰‧東麓 25-14","0","bgm_M170","-50","11025014","115194","125014","101251410","bgm_M170","211001000","660","0","0","0","0","110250141","101793","0","11025","0","bgm_M170","0","110250143","0","0"
"-20","1","0","2019/12/13 16:00:00","0","0","bgm_M169","10","101260102","10","0","10","bgm_M169","bgm_M169","125491","215","100021","0","2030/12/31 14:59:59","90","100020","0","100022","0","100022","110260012","110260011","0","佩特羅大森林‧西部 26-1","0","bgm_M169","-50","11026001","125044","125074","101260105","bgm_M169","211001000","-800","0","0","0","0","110260011","100023","0","11026","0","bgm_M169","0","110260013","101260104","0"
"40","1","0","2019/12/13 16:00:00","101260206","0","bgm_M169","10","101260202","10","0","10","bgm_M169","bgm_M169","125313","215","100021","0","2030/12/31 14:59:59","90","100020","0","100022","0","100022","110260022","110260021","0","佩特羅大森林‧西部 26-2","0","bgm_M169","-50","11026002","115194","125224","101260205","bgm_M169","211001000","-640","0","0","0","0","110260021","100023","0","11026","0","bgm_M169","0","110260023","101260204","0"
"-110","1","0","2019/12/13 16:00:00","0","0","bgm_M169","10","101260307","10","0","10","bgm_M169","bgm_M169","125462","215","100021","0","2030/12/31 14:59:59","90","100020","0","100022","0","100022","110260032","110260031","0","佩特羅大森林‧西部 26-3","0","bgm_M169","-50","11026003","115254","125014","101260302","bgm_M169","211001000","-580","0","0","0","0","110260031","100023","0","11026","0","bgm_M169","0","110260033","101260304","0"
"-175","1","0","2019/12/13 16:00:00","101260403","0","bgm_M169","10","101260406","10","0","10","bgm_M169","bgm_M169","125373","215","100037","0","2030/12/31 14:59:59","90","100020","0","100038","0","100038","110260042","110260041","0","佩特羅大森林‧西部 26-4","0","bgm_M169","-50","11026004","115104","115554","101260401","bgm_M169","211001000","-420","0","0","0","0","110260041","100039","0","11026","0","bgm_M169","0","110260043","101260405","0"
"-30","1","0","2019/12/13 16:00:00","0","0","bgm_M169","10","101260502","10","0","10","bgm_M169","bgm_M169","125283","215","101621","0","2030/12/31 14:59:59","90","100450","0","101622","0","101622","110260052","110260051","0","佩特羅大森林‧西部 26-5","0","bgm_M169","-50","11026005","125134","115584","101260504","bgm_M169","211001000","-360","0","0","0","0","110260051","101623","0","11026","0","bgm_M169","0","110260053","101260503","0"
"-50","1","0","2019/12/13 16:00:00","101260606","0","bgm_M169","10","101260604","10","0","10","bgm_M169","bgm_M169","125343","215","101821","0","2030/12/31 14:59:59","90","100500","0","101822","0","101822","110260062","110260061","0","佩特羅大森林‧西部 26-6","0","bgm_M169","-50","11026006","125164","115614","101260601","bgm_M169","211001000","-200","0","0","0","0","110260061","101823","0","11026","0","bgm_M169","0","110260063","101260605","0"
"-170","1","0","2019/12/13 16:00:00","101260708","0","bgm_M169","10","101260702","10","0","10","bgm_M169","bgm_M169","125313","215","101821","0","2030/12/31 14:59:59","90","100500","0","101822","0","101822","110260072","110260071","0","佩特羅大森林‧西部 26-7","0","bgm_M169","-50","11026007","115194","115554","101260701","bgm_M169","211001000","-80","0","0","0","0","110260071","101823","0","11026","0","bgm_M169","0","110260073","101260706","0"
"-30","1","0","2019/12/13 16:00:00","101260806","0","bgm_M169","10","101260805","10","0","10","bgm_M169","bgm_M169","125462","215","101821","0","2030/12/31 14:59:59","90","100500","0","101822","0","101822","110260082","110260081","0","佩特羅大森林‧西部 26-8","0","bgm_M169","-50","11026008","125044","115584","101260801","bgm_M169","211001000","20","0","0","0","0","110260081","101823","0","11026","0","bgm_M169","0","110260083","101260802","0"
"-30","1","0","2019/12/13 16:00:00","101260905","0","bgm_M169","10","101260904","10","0","10","bgm_M169","bgm_M169","125373","215","101621","0","2030/12/31 14:59:59","90","100450","0","101622","0","101622","110260092","110260091","0","佩特羅大森林‧西部 26-9","0","bgm_M169","-50","11026009","125074","115614","101260901","bgm_M169","211001000","180","0","0","0","0","110260091","101623","0","11026","0","bgm_M169","0","110260093","101260902","0"
"-175","1","0","2019/12/13 16:00:00","101261005","25011","bgm_M169","10","101261004","10","0","10","bgm_M169","bgm_M169","125283","215","101671","0","2030/12/31 14:59:59","90","100460","0","101672","0","101672","110260102","110260101","0","佩特羅大森林‧西部 26-10","0","bgm_M169","-50","11026010","125224","115554","101261001","bgm_M169","211001000","260","0","0","0","0","110260101","101673","0","11026","0","bgm_M169","0","110260103","101261002","0"
"-80","1","0","2019/12/13 16:00:00","101261107","25012","bgm_M169","10","101261104","10","0","10","bgm_M169","bgm_M169","125343","215","100171","0","2030/12/31 14:59:59","90","100450","0","100172","0","100172","110260112","110260111","0","佩特羅大森林‧西部 26-11","0","bgm_M169","-50","11026011","125014","115584","101261101","bgm_M169","211001000","380","0","0","0","0","110260111","100173","0","11026","0","bgm_M169","0","110260113","101261105","0"
"30","1","0","2019/12/13 16:00:00","101261203","25013","bgm_M169","10","101261204","10","0","10","bgm_M169","bgm_M169","115104","215","101781","0","2030/12/31 14:59:59","90","100450","0","101782","0","101782","110260122","110260121","0","佩特羅大森林‧西部 26-12","0","bgm_M169","-50","11026012","115554","115614","101261201","bgm_M169","211001000","500","0","0","0","0","110260121","101783","0","11026","0","bgm_M169","0","110260123","101261205","0"
"10","1","0","2019/12/13 16:00:00","101261308","25014","bgm_M169","10","101261309","10","0","10","bgm_M169","bgm_M169","125134","215","101821","0","2030/12/31 14:59:59","90","100500","101261308","101822","0","101822","110260132","110260131","0","佩特羅大森林‧西部 26-13","0","bgm_M169","-50","11026013","115584","115554","101261301","bgm_M169","211001000","660","0","0","0","0","110260131","101823","0","11026","0","bgm_M169","0","110260133","101261303","0"
"-110","1","9026155","2019/12/13 16:00:00","0","25015","bgm_M170","10","0","10","0","10","bgm_M170","bgm_M170","125164","215","101831","0","2030/12/31 14:59:59","90","100500","0","101832","9026156","101832","110260142","110260141","0","佩特羅大森林‧西部 26-14","0","bgm_M170","-50","11026014","115614","115584","101261407","bgm_M170","211001000","750","0","0","0","0","110260141","101833","0","11026","0","bgm_M170","0","110260143","0","0"
"-160","1","0","2020/01/10 16:00:00","101270106","0","bgm_M169","10","101270103","10","0","10","bgm_M169","bgm_M169","125134","215","100021","0","2030/12/31 14:59:59","90","100020","0","100022","0","100022","110270012","110270011","0","佩特羅大森林‧東部 27-1","0","bgm_M169","-50","11027001","125074","115584","101270101","bgm_M169","211001000","-815","0","0","0","0","110270011","100023","0","11027","0","bgm_M169","0","110270013","101270105","0"
"-60","1","0","2020/01/10 16:00:00","101270206","0","bgm_M169","10","101270204","10","0","10","bgm_M169","bgm_M169","115194","215","100021","0","2030/12/31 14:59:59","90","100020","0","100022","0","100022","110270022","110270021","0","佩特羅大森林‧東部 27-2","0","bgm_M169","-50","11027002","125014","115554","101270201","bgm_M169","211001000","-675","0","0","0","0","110270021","100023","0","11027","0","bgm_M169","0","110270023","101270208","0"
"-185","1","0","2020/01/10 16:00:00","101270303","0","bgm_M169","10","101270309","10","0","10","bgm_M169","bgm_M169","125164","215","101821","0","2030/12/31 14:59:59","90","100500","0","101822","0","101822","110270032","110270031","0","佩特羅大森林‧東部 27-3","0","bgm_M169","-50","11027003","125224","115614","101270305","bgm_M169","211001000","-555","0","0","0","0","110270031","101823","0","11027","0","bgm_M169","0","110270033","101270302","0"
"-140","1","0","2020/01/10 16:00:00","101270408","0","bgm_M169","10","101270406","10","0","10","bgm_M169","bgm_M169","125044","215","101821","0","2030/12/31 14:59:59","90","100500","0","101822","0","101822","110270042","110270041","0","佩特羅大森林‧東部 27-4","0","bgm_M169","-50","11027004","115584","125314","101270407","bgm_M169","211001000","-380","0","0","0","0","110270041","101823","0","11027","0","bgm_M169","0","110270043","101270405","0"
"-50","1","0","2020/01/10 16:00:00","101270503","0","bgm_M169","10","101270504","10","0","10","bgm_M169","bgm_M169","115104","215","100021","0","2030/12/31 14:59:59","90","100020","0","100022","0","100022","110270052","110270051","0","佩特羅大森林‧東部 27-5","0","bgm_M169","-50","11027005","115554","125374","101270506","bgm_M169","211001000","-240","0","0","0","0","110270051","100023","0","11027","0","bgm_M169","0","110270053","101270502","0"
"-120","1","0","2020/01/10 16:00:00","101270603","0","bgm_M169","10","101270605","10","0","10","bgm_M169","bgm_M169","115254","215","101671","0","2030/12/31 14:59:59","90","100460","0","101672","0","101672","110270062","110270061","0","佩特羅大森林‧東部 27-6","0","bgm_M169","-50","11027006","115614","115432","101270601","bgm_M169","211001000","-90","0","0","0","0","110270061","101673","0","11027","0","bgm_M169","0","110270063","101270606","0"
"-15","1","0","2020/01/10 16:00:00","101270704","0","bgm_M169","10","101270702","10","0","10","bgm_M169","bgm_M169","125074","215","101821","0","2030/12/31 14:59:59","90","100500","0","101822","0","101822","110270072","110270071","0","佩特羅大森林‧東部 27-7","0","bgm_M169","-50","11027007","115584","125523","101270707","bgm_M169","211001000","20","0","0","0","0","110270071","101823","0","11027","0","bgm_M169","0","110270073","101270705","0"
"-40","1","0","2020/01/10 16:00:00","101270802","0","bgm_M169","10","101270807","10","0","10","bgm_M169","bgm_M169","125014","215","101821","0","2030/12/31 14:59:59","90","100500","0","101822","0","101822","110270082","110270081","0","佩特羅大森林‧東部 27-8","0","bgm_M169","-50","11027008","115554","115284","101270806","bgm_M169","211001000","180","0","0","0","0","110270081","101823","0","11027","0","bgm_M169","0","110270083","101270801","0"
"-170","1","0","2020/01/10 16:00:00","101270903","0","bgm_M169","10","101270906","10","0","10","bgm_M169","bgm_M169","125224","215","100037","0","2030/12/31 14:59:59","90","100050","0","100038","0","100038","110270092","110270091","0","佩特羅大森林‧東部 27-9","0","bgm_M169","-50","11027009","115614","115344","101270901","bgm_M169","211001000","260","0","0","0","0","110270091","100039","0","11027","0","bgm_M169","0","110270093","101270908","0"
"-130","1","0","2020/01/10 16:00:00","101271009","25011","bgm_M169","10","101271004","10","0","10","bgm_M169","bgm_M169","115194","215","100037","0","2030/12/31 14:59:59","90","100050","101271006","100038","0","100038","110270102","110270101","0","佩特羅大森林‧東部 27-10","0","bgm_M169","-50","11027010","115584","125374","101271005","bgm_M169","211001000","415","0","0","0","0","110270101","100039","0","11027","0","bgm_M169","0","110270103","101271008","0"
"-5","1","0","2020/01/10 16:00:00","101271108","25012","bgm_M169","10","101271102","10","0","10","bgm_M169","bgm_M169","125164","215","100021","0","2030/12/31 14:59:59","90","100020","0","100022","0","100022","110270112","110270111","0","佩特羅大森林‧東部 27-11","0","bgm_M169","-50","11027011","115554","115432","101271101","bgm_M169","211001000","445","0","0","0","0","110270111","100023","0","11027","0","bgm_M169","0","110270113","101271107","0"
"10","1","0","2020/01/10 16:00:00","101271209","25013","bgm_M169","10","101271202","10","0","10","bgm_M169","bgm_M169","115614","215","101621","0","2030/12/31 14:59:59","90","100450","0","101622","0","101622","110270122","110270121","0","佩特羅大森林‧東部 27-12","0","bgm_M169","-50","11027012","115432","125523","101271204","bgm_M169","211001000","595","0","0","0","0","110270121","101623","0","11027","0","bgm_M169","0","110270123","101271203","0"
"-121","1","0","2020/01/10 16:00:00","101271305","25014","bgm_M169","10","101271307","10","0","10","bgm_M169","bgm_M169","115584","215","101821","0","2030/12/31 14:59:59","90","100500","101271304","101822","0","101822","110270132","110270131","0","佩特羅大森林‧東部 27-13","0","bgm_M169","-50","11027013","125374","115284","101271302","bgm_M169","211001000","685","0","0","0","0","110270131","101823","0","11027","0","bgm_M169","0","110270133","101271308","0"
"-50","1","9027155","2020/01/10 16:00:00","0","25015","bgm_M170","10","101271404","10","0","10","bgm_M170","bgm_M170","115554","215","101831","0","2030/12/31 14:59:59","90","100500","0","101832","9027156","101832","110270142","110270141","0","佩特羅大森林‧東部 27-14","0","bgm_M170","-50","11027014","125314","115344","101271407","bgm_M170","211001000","815","0","0","0","0","110270141","101833","0","11027","0","bgm_M170","0","110270143","101271406","0"
"-95","1","0","2020/01/14 16:00:00","101280106","0","bgm_M169","10","101280104","10","0","10","bgm_M169","bgm_M169","115584","215","100037","0","2030/12/31 14:59:59","90","100050","0","100038","0","100038","110280012","110280011","0","迪茲塔爾河蝕岸‧北部 28-1","0","bgm_M169","-50","11028001","125374","125523","101280101","bgm_M169","211001000","-805","0","0","0","0","110280011","100039","0","11028","0","bgm_M169","0","110280013","101280105","0"
"50","1","0","2020/01/14 16:00:00","101280203","0","bgm_M169","10","101280202","10","0","10","bgm_M169","bgm_M169","115554","215","100037","0","2030/12/31 14:59:59","90","100050","0","100038","0","100038","110280022","110280021","0","迪茲塔爾河蝕岸‧北部 28-2","0","bgm_M169","-50","11028002","125314","115284","101280201","bgm_M169","211001000","-725","0","0","0","0","110280021","100039","0","11028","0","bgm_M169","0","110280023","101280208","0"
"-50","1","0","2020/01/14 16:00:00","101280303","0","bgm_M169","10","101280305","10","0","10","bgm_M169","bgm_M169","115614","215","101671","0","2030/12/31 14:59:59","90","100460","0","101672","0","101672","110280032","110280031","0","迪茲塔爾河蝕岸‧北部 28-3","0","bgm_M169","-50","11028003","115432","115344","101280301","bgm_M169","211001000","-570","0","0","0","0","110280031","101673","0","11028","0","bgm_M169","0","110280033","101280304","0"
"35","1","0","2020/01/14 16:00:00","101280402","0","bgm_M169","10","101280407","10","0","10","bgm_M169","bgm_M169","115584","215","101671","0","2030/12/31 14:59:59","90","100460","0","101672","0","101672","110280042","110280041","0","迪茲塔爾河蝕岸‧北部 28-4","0","bgm_M169","-50","11028004","115284","115105","101280401","bgm_M169","211001000","-415","0","0","0","0","110280041","101673","0","11028","0","bgm_M169","0","110280043","101280404","0"
"-125","1","0","2020/01/14 16:00:00","101280505","0","bgm_M169","10","101280507","10","0","10","bgm_M169","bgm_M169","115554","215","100021","0","2030/12/31 14:59:59","90","100020","0","100022","0","100022","110280052","110280051","0","迪茲塔爾河蝕岸‧北部 28-5","0","bgm_M169","-50","11028005","125523","125255","101280501","bgm_M169","211001000","-390","0","0","0","0","110280051","100023","0","11028","0","bgm_M169","0","110280053","101280502","0"
"-30","1","0","2020/01/14 16:00:00","101280603","0","bgm_M169","10","101280606","10","0","10","bgm_M169","bgm_M169","115614","215","101621","0","2030/12/31 14:59:59","90","100450","0","101622","0","101622","110280062","110280061","0","迪茲塔爾河蝕岸‧北部 28-6","0","bgm_M169","-50","11028006","125374","125045","101280601","bgm_M169","211001000","-245","0","0","0","0","110280061","101623","0","11028","0","bgm_M169","0","110280063","101280607","0"
"-5","1","0","2020/01/14 16:00:00","101280704","0","bgm_M169","10","101280707","10","0","10","bgm_M169","bgm_M169","115584","215","101621","0","2030/12/31 14:59:59","90","100450","0","101622","0","101622","110280072","110280071","0","迪茲塔爾河蝕岸‧北部 28-7","0","bgm_M169","-50","11028007","125314","125075","101280708","bgm_M169","211001000","-80","0","0","0","0","110280071","101623","0","11028","0","bgm_M169","0","110280073","101280703","0"
"-140","1","0","2020/01/14 16:00:00","101280804","0","bgm_M169","10","101280808","10","0","10","bgm_M169","bgm_M169","115554","215","100021","0","2030/12/31 14:59:59","90","100020","0","100022","0","100022","110280082","110280081","0","迪茲塔爾河蝕岸‧北部 28-8","0","bgm_M169","-50","11028008","115432","125195","101280806","bgm_M169","211001000","40","0","0","0","0","110280081","100023","0","11028","0","bgm_M169","0","110280083","101280803","0"
"5","1","0","2020/01/14 16:00:00","101280903","0","bgm_M169","10","101280904","10","0","10","bgm_M169","bgm_M169","115614","215","101821","0","2030/12/31 14:59:59","90","100500","0","101822","0","101822","110280092","110280091","0","迪茲塔爾河蝕岸‧北部 28-9","0","bgm_M169","-50","11028009","115344","115135","101280902","bgm_M169","211001000","175","0","0","0","0","110280091","101823","0","11028","0","bgm_M169","0","110280093","101280906","0"
"10","1","0","2020/01/14 16:00:00","101281006","25011","bgm_M169","10","101281002","10","0","10","bgm_M169","bgm_M169","115584","215","101821","0","2030/12/31 14:59:59","90","100500","0","101822","0","101822","110280102","110280101","0","迪茲塔爾河蝕岸‧北部 28-10","0","bgm_M169","-50","11028010","125523","115105","101281004","bgm_M169","211001000","355","0","0","0","0","110280101","101823","0","11028","0","bgm_M169","0","110280103","101281003","0"
"-125","1","0","2020/01/14 16:00:00","101281103","25012","bgm_M169","10","101281104","10","0","10","bgm_M169","bgm_M169","115554","215","100021","0","2030/12/31 14:59:59","90","100020","0","100022","0","100022","110280112","110280111","0","迪茲塔爾河蝕岸‧北部 28-11","0","bgm_M169","-50","11028011","115284","125255","101281102","bgm_M169","211001000","455","0","0","0","0","110280111","100023","0","11028","0","bgm_M169","0","110280113","101281105","0"
"5","1","0","2020/01/14 16:00:00","101281204","25013","bgm_M169","10","101281205","10","0","10","bgm_M169","bgm_M169","125374","215","100037","0","2030/12/31 14:59:59","90","100050","0","100038","0","100038","110280122","110280121","0","迪茲塔爾河蝕岸‧北部 28-12","0","bgm_M169","-50","11028012","125075","125015","101281201","bgm_M169","211001000","560","0","0","0","0","110280121","100039","0","11028","0","bgm_M169","0","110280123","101281206","0"
"-120","1","0","2020/01/14 16:00:00","101281305","25014","bgm_M169","10","101281304","10","0","10","bgm_M169","bgm_M169","125314","215","102021","0","2030/12/31 14:59:59","90","100560","101281306","102022","0","102022","110280132","110280131","0","迪茲塔爾河蝕岸‧北部 28-13","0","bgm_M169","-50","11028013","125195","115165","101281301","bgm_M169","211001000","670","0","0","0","0","110280131","102023","0","11028","0","bgm_M169","0","110280133","101281302","0"
"-15","1","9028155","2020/01/14 16:00:00","0","25015","bgm_M170","10","0","10","0","10","bgm_M170","bgm_M170","115432","215","102031","0","2030/12/31 14:59:59","90","100560","0","102032","9028156","102032","110280142","110280141","0","迪茲塔爾河蝕岸‧北部 28-14","0","bgm_M170","-50","11028014","115135","115225","101281407","bgm_M170","211001000","805","0","0","0","0","110280141","102033","0","11028","0","bgm_M170","0","110280143","0","0"
"20","1","0","2020/03/13 16:00:00","101290107","0","bgm_M169","10","101290101","10","0","10","bgm_M169","bgm_M169","125374","215","100021","0","2030/12/31 14:59:59","90","100020","0","100022","0","100022","110290012","110290011","0","迪茲塔爾河蝕岸‧南部 29-1","0","bgm_M169","-50","11029001","125045","125195","101290102","bgm_M169","211001000","-805","0","0","0","0","110290011","100023","0","11029","0","bgm_M169","0","110290013","101290105","0"
"55","1","0","2020/03/13 16:00:00","101290203","0","bgm_M169","10","101290204","10","0","10","bgm_M169","bgm_M169","125314","215","102021","0","2030/12/31 14:59:59","90","100560","0","102022","0","102022","110290022","110290021","0","迪茲塔爾河蝕岸‧南部 29-2","0","bgm_M169","-50","11029002","125255","115135","101290208","bgm_M169","211001000","-645","0","0","0","0","110290021","102023","0","11029","0","bgm_M169","0","110290023","101290202","0"
"-85","1","0","2020/03/13 16:00:00","101290303","0","bgm_M169","10","101290304","10","0","10","bgm_M169","bgm_M169","115432","215","102021","0","2030/12/31 14:59:59","90","100560","0","102022","0","102022","110290032","110290031","0","迪茲塔爾河蝕岸‧南部 29-3","0","bgm_M169","-50","11029003","115105","125075","101290307","bgm_M169","211001000","-590","0","0","0","0","110290031","102023","0","11029","0","bgm_M169","0","110290033","101290305","0"
"10","1","0","2020/03/13 16:00:00","101290406","0","bgm_M169","10","101290402","10","0","10","bgm_M169","bgm_M169","115344","215","100021","0","2030/12/31 14:59:59","90","100020","0","100022","0","100022","110290042","110290041","0","迪茲塔爾河蝕岸‧南部 29-4","0","bgm_M169","-50","11029004","125195","115585","101290401","bgm_M169","211001000","-450","0","0","0","0","110290041","100023","0","11029","0","bgm_M169","0","110290043","101290405","0"
"-90","1","0","2020/03/13 16:00:00","101290506","0","bgm_M169","10","101290504","10","0","10","bgm_M169","bgm_M169","115284","215","100021","0","2030/12/31 14:59:59","90","100020","0","100022","0","100022","110290052","110290051","0","迪茲塔爾河蝕岸‧南部 29-5","0","bgm_M169","-50","11029005","115135","115555","101290501","bgm_M169","211001000","-315","0","0","0","0","110290051","100023","0","11029","0","bgm_M169","0","110290053","101290502","0"
"-130","1","0","2020/03/13 16:00:00","101290603","0","bgm_M169","10","101290602","10","0","10","bgm_M169","bgm_M169","125374","215","101621","0","2030/12/31 14:59:59","90","100450","101290607","101622","0","101622","110290062","110290061","0","迪茲塔爾河蝕岸‧南部 29-6","0","bgm_M169","-50","11029006","125075","115615","101290601","bgm_M169","211001000","-140","0","0","0","0","110290061","101623","0","11029","0","bgm_M169","0","110290063","101290605","0"
"15","1","0","2020/03/13 16:00:00","101290701","0","bgm_M169","10","101290702","10","0","10","bgm_M169","bgm_M169","125314","215","100021","0","2030/12/31 14:59:59","90","100020","0","100022","0","100022","110290072","110290071","0","迪茲塔爾河蝕岸‧南部 29-7","0","bgm_M169","-50","11029007","125045","115585","101290709","bgm_M169","211001000","-70","0","0","0","0","110290071","100023","0","11029","0","bgm_M169","0","110290073","101290706","0"
"-90","1","0","2020/03/13 16:00:00","101290805","0","bgm_M169","10","101290809","10","0","10","bgm_M169","bgm_M169","115432","215","101621","0","2030/12/31 14:59:59","90","100450","0","101622","0","101622","110290082","110290081","0","迪茲塔爾河蝕岸‧南部 29-8","0","bgm_M169","-50","11029008","125255","115555","101290806","bgm_M169","211001000","65","0","0","0","0","110290081","101623","0","11029","0","bgm_M169","0","110290083","101290807","0"
"20","1","0","2020/03/13 16:00:00","101290906","0","bgm_M169","10","101290907","10","0","10","bgm_M169","bgm_M169","125523","215","100037","0","2030/12/31 14:59:59","90","100050","0","100038","0","100038","110290092","110290091","0","迪茲塔爾河蝕岸‧南部 29-9","0","bgm_M169","-50","11029009","115105","115615","101290901","bgm_M169","211001000","190","0","0","0","0","110290091","100039","0","11029","0","bgm_M169","0","110290093","101290902","0"
"-80","1","0","2020/03/13 16:00:00","101291009","25011","bgm_M169","10","101291004","10","0","10","bgm_M169","bgm_M169","115344","215","101671","0","2030/12/31 14:59:59","90","100460","101291003","101672","0","101672","110290102","110290101","0","迪茲塔爾河蝕岸‧南部 29-10","0","bgm_M169","-50","11029010","125015","115585","101291007","bgm_M169","211001000","300","0","0","0","0","110290101","101673","0","11029","0","bgm_M169","0","110290103","101291008","0"
"50","1","0","2020/03/13 16:00:00","101291102","25012","bgm_M169","10","101291104","10","0","10","bgm_M169","bgm_M169","115284","215","100037","0","2030/12/31 14:59:59","90","100050","101291106","100038","0","100038","110290112","110290111","0","迪茲塔爾河蝕岸‧南部 29-11","0","bgm_M169","-50","11029011","115225","115555","101291101","bgm_M169","211001000","400","0","0","0","0","110290111","100039","0","11029","0","bgm_M169","0","110290113","101291105","0"
"45","1","0","2020/03/13 16:00:00","101291206","25013","bgm_M169","10","101291201","10","0","10","bgm_M169","bgm_M169","115165","215","101671","0","2030/12/31 14:59:59","90","100460","101291209","101672","0","101672","110290122","110290121","0","迪茲塔爾河蝕岸‧南部 29-12","0","bgm_M169","-50","11029012","115555","115615","101291204","bgm_M169","211001000","560","0","0","0","0","110290121","101673","0","11029","0","bgm_M169","0","110290123","101291205","0"
"-75","1","0","2020/03/13 16:00:00","101291302","25014","bgm_M169","10","101291301","10","0","10","bgm_M169","bgm_M169","125015","215","100037","0","2030/12/31 14:59:59","90","100050","101291304","100038","0","100038","110290132","110290131","0","迪茲塔爾河蝕岸‧南部 29-13","0","bgm_M169","-50","11029013","115615","115585","101291303","bgm_M169","211001000","650","0","0","0","0","110290131","100039","0","11029","0","bgm_M169","0","110290133","101291308","0"
"-40","1","9029155","2020/03/13 16:00:00","0","25015","bgm_M170","10","101291409","10","0","10","bgm_M170","bgm_M170","115225","215","102031","0","2030/12/31 14:59:59","90","100560","0","102032","9029156","102032","110290142","110290141","0","迪茲塔爾河蝕岸‧南部 29-14","0","bgm_M170","-50","11029014","115585","115555","101291407","bgm_M170","211001000","805","0","0","0","0","110290141","102033","0","11029","0","bgm_M170","0","110290143","101291405","0"
"-130","1","0","2020/04/14 16:00:00","0","0","bgm_M169","10","101300103","10","0","10","bgm_M169","bgm_M169","115105","215","102021","0","2030/12/31 14:59:59","90","100560","0","102022","0","102022","110300012","110300011","0","弗泰拉斷崖‧北部 30-1","0","bgm_M169","-50","11030001","115135","115585","101300104","bgm_M169","211001000","-805","0","0","0","0","110300011","102023","0","11030","0","bgm_M169","0","110300013","101300102","0"
"-30","1","0","2020/04/14 16:00:00","101300206","0","bgm_M169","10","101300202","10","0","10","bgm_M169","bgm_M169","125255","215","101381","0","2030/12/31 14:59:59","90","100050","0","101382","0","101382","110300022","110300021","0","弗泰拉斷崖‧北部 30-2","0","bgm_M169","-50","11030002","125075","115555","101300205","bgm_M169","211001000","-665","0","0","0","0","110300021","101383","0","11030","0","bgm_M169","0","110300023","101300204","0"
"5","1","0","2020/04/14 16:00:00","0","0","bgm_M169","10","101300307","10","0","10","bgm_M169","bgm_M169","125195","215","101821","0","2030/12/31 14:59:59","90","100500","0","101822","0","101822","110300032","110300031","0","弗泰拉斷崖‧北部 30-3","0","bgm_M169","-50","11030003","125045","115615","101300304","bgm_M169","211001000","-480","0","0","0","0","110300031","101823","0","11030","0","bgm_M169","0","110300033","101300302","0"
"-130","1","0","2020/04/14 16:00:00","101300403","0","bgm_M169","10","101300405","10","0","10","bgm_M169","bgm_M169","115135","215","102021","0","2030/12/31 14:59:59","90","100560","0","102022","0","102022","110300042","110300041","0","弗泰拉斷崖‧北部 30-4","0","bgm_M169","-50","11030004","115585","115402","101300401","bgm_M169","211001000","-520","0","0","0","0","110300041","102023","0","11030","0","bgm_M169","0","110300043","101300406","0"
"-125","1","0","2020/04/14 16:00:00","101300505","0","bgm_M169","10","101300502","10","0","10","bgm_M169","bgm_M169","125075","215","101621","0","2030/12/31 14:59:59","90","100050","0","101622","0","101622","110300052","110300051","0","弗泰拉斷崖‧北部 30-5","0","bgm_M169","-50","11030005","115555","125463","101300504","bgm_M169","211001000","-305","0","0","0","0","110300051","101623","0","11030","0","bgm_M169","0","110300053","101300501","0"
"55","1","0","2020/04/14 16:00:00","101300606","0","bgm_M169","10","101300605","10","0","10","bgm_M169","bgm_M169","125045","215","100011","0","2030/12/31 14:59:59","90","100020","101300607","100012","0","100012","110300062","110300061","0","弗泰拉斷崖‧北部 30-6","0","bgm_M169","-50","11030006","115615","115315","101300604","bgm_M169","211001000","-290","0","0","0","0","110300061","100013","0","11030","0","bgm_M169","0","110300063","101300603","0"
"-15","1","0","2020/04/14 16:00:00","101300706","0","bgm_M169","10","101300705","10","0","10","bgm_M169","bgm_M169","115105","215","101671","0","2030/12/31 14:59:59","90","100020","0","101672","0","101672","110300072","110300071","0","弗泰拉斷崖‧北部 30-7","0","bgm_M169","-50","11030007","115585","115402","101300702","bgm_M169","211001000","-115","0","0","0","0","110300071","101673","0","11030","0","bgm_M169","0","110300073","101300703","0"
"50","1","0","2020/04/14 16:00:00","101300806","0","bgm_M169","10","101300805","10","0","10","bgm_M169","bgm_M169","125255","215","101621","0","2030/12/31 14:59:59","90","100450","0","101622","0","101622","110300082","110300081","0","弗泰拉斷崖‧北部 30-8","0","bgm_M169","-50","11030008","115555","125463","101300807","bgm_M169","211001000","75","0","0","0","0","110300081","101623","0","11030","0","bgm_M169","0","110300083","101300802","0"
"-105","1","0","2020/04/14 16:00:00","101300905","0","bgm_M169","10","101300904","10","0","10","bgm_M169","bgm_M169","115165","215","100051","0","2030/12/31 14:59:59","90","100080","0","100052","0","100052","110300092","110300091","0","弗泰拉斷崖‧北部 30-9","0","bgm_M169","-50","11030009","115615","125345","101300901","bgm_M169","211001000","20","0","0","0","0","110300091","100053","0","11030","0","bgm_M169","0","110300093","101300902","0"
"-130","1","0","2020/04/14 16:00:00","101301006","25011","bgm_M169","10","101301004","10","0","10","bgm_M169","bgm_M169","125015","215","102181","0","2030/12/31 14:59:59","90","100110","0","102182","0","102182","110300102","110300101","0","弗泰拉斷崖‧北部 30-10","0","bgm_M169","-50","11030010","115585","125285","101301003","bgm_M169","211001000","260","0","0","0","0","110300101","102183","0","11030","0","bgm_M169","0","110300103","101301002","0"
"-80","1","0","2020/04/14 16:00:00","101301105","25012","bgm_M169","10","101301108","10","0","10","bgm_M169","bgm_M169","115225","215","101821","0","2030/12/31 14:59:59","90","100500","101301105","101822","0","101822","110300112","110300111","0","弗泰拉斷崖‧北部 30-11","0","bgm_M169","-50","11030011","115555","115375","101301101","bgm_M169","211001000","440","0","0","0","0","110300111","101823","0","11030","0","bgm_M169","0","110300113","101301107","0"
"-10","1","0","2020/04/14 16:00:00","101301205","25013","bgm_M169","10","101301204","10","0","10","bgm_M169","bgm_M169","115615","215","101821","0","2030/12/31 14:59:59","90","100500","101301202","101822","0","101822","110300122","110300121","0","弗泰拉斷崖‧北部 30-12","0","bgm_M169","-50","11030012","125345","115315","101301201","bgm_M169","211001000","605","0","0","0","0","110300121","101823","0","11030","0","bgm_M169","0","110300123","101301203","0"
"-120","1","0","2020/04/14 16:00:00","101301306","25014","bgm_M169","10","101301304","10","0","10","bgm_M169","bgm_M169","115585","215","100037","0","2030/12/31 14:59:59","90","100040","101301307","100038","0","100038","110300132","110300131","0","弗泰拉斷崖‧北部 30-13","0","bgm_M169","-50","11030013","125285","115402","101301301","bgm_M169","211001000","740","0","0","0","0","110300131","100039","0","11030","0","bgm_M169","0","110300133","101301303","0"
"30","1","9030155","2020/04/14 16:00:00","0","25015","bgm_M170","10","0","10","0","10","bgm_M170","bgm_M170","115555","215","102191","0","2030/12/31 14:59:59","90","100110","0","102192","9030156","102192","110300142","110300141","0","弗泰拉斷崖‧北部 30-14","0","bgm_M170","-50","11030014","115375","125463","101301407","bgm_M170","211001000","820","0","0","0","0","110300141","102193","0","11030","0","bgm_M170","0","110300143","0","0"
"35","1","0","2020/05/15 16:00:00","0","0","bgm_M169","10","101310102","10","0","10","bgm_M169","bgm_M169","115585","215","100201","0","2030/12/31 14:59:59","90","100110","0","100202","0","100202","110310012","110310011","0","弗泰拉斷崖‧南部 31-1","0","bgm_M169","-50","11031001","115375","125463","101310101","bgm_M169","211001000","-840","0","0","0","0","110310011","100203","0","11031","0","bgm_M169","0","110310013","101310105","0"
"-10","1","0","2020/05/15 16:00:00","101310205","0","bgm_M169","10","101310202","10","0","10","bgm_M169","bgm_M169","115555","215","100201","0","2030/12/31 14:59:59","90","100110","0","100202","0","100202","110310022","110310021","0","弗泰拉斷崖‧南部 31-2","0","bgm_M169","-50","11031002","125285","115315","101310204","bgm_M169","211001000","-660","0","0","0","0","110310021","100203","0","11031","0","bgm_M169","0","110310023","101310203","0"
"30","1","0","2020/05/15 16:00:00","101310307","0","bgm_M169","10","101310302","10","0","10","bgm_M169","bgm_M169","115615","215","101671","0","2030/12/31 14:59:59","90","100020","0","101672","0","101672","110310032","110310031","0","弗泰拉斷崖‧南部 31-3","0","bgm_M169","-50","11031003","125463","115402","101310301","bgm_M169","211001000","-475","0","0","0","0","110310031","101673","0","11031","0","bgm_M169","0","110310033","101310303","0"
"-130","1","0","2020/05/15 16:00:00","101310406","0","bgm_M169","10","101310403","10","0","10","bgm_M169","bgm_M169","115555","215","101621","0","2030/12/31 14:59:59","90","100450","101310402","101622","0","101622","110310042","110310041","0","弗泰拉斷崖‧南部 31-4","0","bgm_M169","-50","11031004","115315","115136","101310403","bgm_M169","211001000","-385","0","0","0","0","110310041","101623","0","11031","0","bgm_M169","0","110310043","101310404","0"
"45","1","0","2020/05/15 16:00:00","101310503","0","bgm_M169","10","101310501","10","0","10","bgm_M169","bgm_M169","115585","215","100037","0","2030/12/31 14:59:59","90","100050","0","100038","0","100038","110310052","110310051","0","弗泰拉斷崖‧南部 31-5","0","bgm_M169","-50","11031005","115402","125256","101310501","bgm_M169","211001000","-275","0","0","0","0","110310051","100039","0","11031","0","bgm_M169","0","110310053","101310505","0"
"-105","1","0","2020/05/15 16:00:00","101310602","0","bgm_M169","10","101310603","10","0","10","bgm_M169","bgm_M169","115615","215","101671","0","2030/12/31 14:59:59","90","100020","0","101672","0","101672","110310062","110310061","0","弗泰拉斷崖‧南部 31-6","0","bgm_M169","-50","11031006","125345","115196","101310605","bgm_M169","211001000","-190","0","0","0","0","110310061","101673","0","11031","0","bgm_M169","0","110310063","101310604","0"
"-130","1","0","2020/05/15 16:00:00","101310704","0","bgm_M169","10","101310705","10","0","10","bgm_M169","bgm_M169","115585","215","100037","0","2030/12/31 14:59:59","90","100050","0","100038","0","100038","110310072","110310071","0","弗泰拉斷崖‧南部 31-7","0","bgm_M169","-50","11031007","115375","125226","101310701","bgm_M169","211001000","-10","0","0","0","0","110310071","100039","0","11031","0","bgm_M169","0","110310073","101310703","0"
"50","1","0","2020/05/15 16:00:00","101310806","0","bgm_M169","10","101310804","10","0","10","bgm_M169","bgm_M169","115555","215","101381","0","2030/12/31 14:59:59","90","100050","0","101382","0","101382","110310082","110310081","0","弗泰拉斷崖‧南部 31-8","0","bgm_M169","-50","11031008","125285","115166","101310801","bgm_M169","211001000","-30","0","0","0","0","110310081","101383","0","11031","0","bgm_M169","0","110310083","101310802","0"
"15","1","0","2020/05/15 16:00:00","101310906","0","bgm_M169","10","101310903","10","0","10","bgm_M169","bgm_M169","115615","215","101621","0","2030/12/31 14:59:59","90","100450","101310905","101622","0","101622","110310092","110310091","0","弗泰拉斷崖‧南部 31-9","0","bgm_M169","-50","11031009","125463","115106","101310901","bgm_M169","211001000","160","0","0","0","0","110310091","101623","0","11031","0","bgm_M169","0","110310093","101310902","0"
"-60","1","0","2020/05/15 16:00:00","101311004","25011","bgm_M169","10","101311002","10","0","10","bgm_M169","bgm_M169","115585","215","100201","0","2030/12/31 14:59:59","90","100110","101311006","100202","0","100202","110310102","110310101","0","弗泰拉斷崖‧南部 31-10","0","bgm_M169","-50","11031010","115315","115136","101311003","bgm_M169","211001000","365","0","0","0","0","110310101","100203","0","11031","0","bgm_M169","0","110310103","101311005","0"
"-155","1","0","2020/05/15 16:00:00","101311105","25012","bgm_M169","10","101311103","10","0","10","bgm_M169","bgm_M169","115555","215","102181","0","2030/12/31 14:59:59","90","100110","101311106","102182","0","102182","110310112","110310111","0","弗泰拉斷崖‧南部 31-11","0","bgm_M169","-50","11031011","115402","125256","101311102","bgm_M169","211001000","530","0","0","0","0","110310111","102183","0","11031","0","bgm_M169","0","110310113","101311101","0"
"-125","1","0","2020/05/15 16:00:00","101311204","25013","bgm_M169","10","101311201","10","0","10","bgm_M169","bgm_M169","125345","215","100051","0","2030/12/31 14:59:59","90","100080","101311206","100052","0","100052","110310122","110310121","0","弗泰拉斷崖‧南部 31-12","0","bgm_M169","-50","11031012","125076","115196","101311201","bgm_M169","211001000","710","0","0","0","0","110310121","100053","0","11031","0","bgm_M169","0","110310123","101311203","0"
"35","1","0","2020/05/15 16:00:00","101311304","25014","bgm_M169","10","101311302","10","0","10","bgm_M169","bgm_M169","115375","215","100051","0","2030/12/31 14:59:59","90","100080","101311306","100052","0","100052","110310132","110310131","0","弗泰拉斷崖‧南部 31-13","0","bgm_M169","-50","11031013","125046","125226","101311301","bgm_M169","211001000","645","0","0","0","0","110310131","100053","0","11031","0","bgm_M169","0","110310133","101311303","0"
"0","1","9031155","2020/05/15 16:00:00","0","25015","bgm_M170","10","101311410","10","0","10","bgm_M170","bgm_M170","125285","215","102191","0","2030/12/31 14:59:59","90","100110","0","102192","9031156","102192","110310142","110310141","0","弗泰拉斷崖‧南部 31-14","0","bgm_M170","-50","11031014","125016","115166","101311407","bgm_M170","211001000","840","0","0","0","0","110310141","102193","0","11031","0","bgm_M170","0","110310143","101311409","0"
"-155","1","0","2020/06/15 16:00:00","101320109","0","bgm_M169","10","101320105","10","0","10","bgm_M169","bgm_M169","115375","215","101381","0","2030/12/31 14:59:59","90","100050","0","101382","0","101382","110320012","110320011","0","法斯奇亞森林‧南部 32-1","0","bgm_M169","-50","11032001","115106","125046","101320101","bgm_M169","211001000","-840","0","0","0","0","110320011","101383","0","11032","0","bgm_M169","0","110320013","101320103","0"
"-185","1","0","2020/06/15 16:00:00","101320207","0","bgm_M169","10","101320202","10","0","10","bgm_M169","bgm_M169","125345","215","101411","0","2030/12/31 14:59:59","90","100050","0","101412","0","101412","110320022","110320021","0","法斯奇亞森林‧南部 32-2","0","bgm_M169","-50","11032002","125256","125226","101320204","bgm_M169","211001000","-650","0","0","0","0","110320021","101413","0","11032","0","bgm_M169","0","110320023","101320206","0"
"-30","1","0","2020/06/15 16:00:00","101320307","0","bgm_M169","10","101320302","10","0","10","bgm_M169","bgm_M169","125463","215","100011","0","2030/12/31 14:59:59","90","100020","0","100012","0","100012","110320032","110320031","0","法斯奇亞森林‧南部 32-3","0","bgm_M169","-50","11032003","115106","125256","101320304","bgm_M169","211001000","-545","0","0","0","0","110320031","100013","0","11032","0","bgm_M169","0","110320033","101320303","0"
"-150","1","0","2020/06/15 16:00:00","101320404","0","bgm_M169","10","101320405","10","0","10","bgm_M169","bgm_M169","115375","215","102021","0","2030/12/31 14:59:59","90","100560","0","102022","0","102022","110320042","110320041","0","法斯奇亞森林‧南部 32-4","0","bgm_M169","-50","11032004","125016","115556","101320401","bgm_M169","211001000","-415","0","0","0","0","110320041","102023","0","11032","0","bgm_M169","0","110320043","101320406","0"
"-190","1","0","2020/06/15 16:00:00","101320508","0","bgm_M169","10","101320502","10","0","10","bgm_M169","bgm_M169","115402","215","101671","0","2030/12/31 14:59:59","90","100460","0","101672","0","101672","110320052","110320051","0","法斯奇亞森林‧南部 32-5","0","bgm_M169","-50","11032005","115196","115616","101320505","bgm_M169","211001000","-215","0","0","0","0","110320051","101673","0","11032","0","bgm_M169","0","110320053","101320507","0"
"-10","1","0","2020/06/15 16:00:00","101320607","0","bgm_M169","10","101320601","10","0","10","bgm_M169","bgm_M169","115402","215","100037","0","2030/12/31 14:59:59","90","100020","0","100038","0","100038","110320062","110320061","0","法斯奇亞森林‧南部 32-6","0","bgm_M169","-50","11032006","125226","115556","101320605","bgm_M169","211001000","-250","0","0","0","0","110320061","100039","0","11032","0","bgm_M169","0","110320063","101320603","0"
"-45","1","0","2020/06/15 16:00:00","101320703","0","bgm_M169","10","101320706","10","0","10","bgm_M169","bgm_M169","125463","215","101821","0","2030/12/31 14:59:59","90","100500","0","101822","0","101822","110320072","110320071","0","法斯奇亞森林‧南部 32-7","0","bgm_M169","-50","11032007","125076","115586","101320701","bgm_M169","211001000","-45","0","0","0","0","110320071","101823","0","11032","0","bgm_M169","0","110320073","101320702","0"
"20","1","0","2020/06/15 16:00:00","101320808","0","bgm_M169","10","101320806","10","0","10","bgm_M169","bgm_M169","125345","215","100011","0","2030/12/31 14:59:59","90","100020","0","100012","0","100012","110320082","110320081","0","法斯奇亞森林‧南部 32-8","0","bgm_M169","-50","11032008","115136","115556","101320801","bgm_M169","211001000","170","0","0","0","0","110320081","100013","0","11032","0","bgm_M169","0","110320083","101320803","0"
"-170","1","0","2020/06/15 16:00:00","101320904","0","bgm_M169","10","101320902","10","0","10","bgm_M169","bgm_M169","115375","215","100021","0","2030/12/31 14:59:59","90","100020","0","100022","0","100022","110320092","110320091","0","法斯奇亞森林‧南部 32-9","0","bgm_M169","-50","11032009","125016","115586","101320905","bgm_M169","211001000","90","0","0","0","0","110320091","100023","0","11032","0","bgm_M169","0","110320093","101320907","0"
"-140","1","0","2020/06/15 16:00:00","101321007","25011","bgm_M169","10","101321003","10","0","10","bgm_M169","bgm_M169","115315","215","101621","0","2030/12/31 14:59:59","90","100450","101321004","101622","0","101622","110320102","110320101","0","法斯奇亞森林‧南部 32-10","0","bgm_M169","-50","11032010","115106","115556","101321005","bgm_M169","211001000","295","0","0","0","0","110320101","101623","0","11032","0","bgm_M169","0","110320103","101321002","0"
"-60","1","0","2020/06/15 16:00:00","101321107","25012","bgm_M169","10","101321106","10","0","10","bgm_M169","bgm_M169","115402","215","101621","0","2030/12/31 14:59:59","90","100450","101321108","101622","0","101622","110320112","110320111","0","法斯奇亞森林‧南部 32-11","0","bgm_M169","-50","11032011","125256","115616","101321101","bgm_M169","211001000","480","0","0","0","0","110320111","101623","0","11032","0","bgm_M169","0","110320113","101321103","0"
"-120","1","0","2020/06/15 16:00:00","101321203","25013","bgm_M169","10","101321206","10","0","10","bgm_M169","bgm_M169","125016","215","102091","0","2030/12/31 14:59:59","90","100020","101321209","102092","0","102092","110320122","110320121","0","法斯奇亞森林‧南部 32-12","0","bgm_M169","-50","11032012","115616","115586","101321201","bgm_M169","211001000","670","0","0","0","0","110320121","102093","0","11032","0","bgm_M169","0","110320123","101321202","0"
"35","1","0","2020/06/15 16:00:00","101321308","25014","bgm_M169","10","101321302","10","0","10","bgm_M169","bgm_M169","115166","215","102091","0","2030/12/31 14:59:59","90","100020","101321304","102092","0","102092","110320132","110320131","0","法斯奇亞森林‧南部 32-13","0","bgm_M169","-50","11032013","115556","115616","101321305","bgm_M169","211001000","640","0","0","0","0","110320131","102093","0","11032","0","bgm_M169","0","110320133","101321307","0"
"-10","1","9032155","2020/06/15 16:00:00","0","25015","bgm_M170","10","0","10","0","10","bgm_M170","bgm_M170","125226","215","102101","0","2030/12/31 14:59:59","90","100020","0","102102","9032156","102102","110320142","110320141","0","法斯奇亞森林‧南部 32-14","0","bgm_M170","-50","11032014","115586","115556","101321407","bgm_M170","211001000","840","0","0","0","0","110320141","102103","0","11032","0","bgm_M170","0","110320143","0","0"
"20","1","0","2020/07/13 16:00:00","101330102","0","bgm_M169","10","101330105","10","0","10","bgm_M169","bgm_M169","115166","215","100011","0","2030/12/31 14:59:59","90","100020","0","100012","0","100012","110330012","110330011","0","法斯奇亞森林‧東部 33-1","0","bgm_M169","-50","11033001","115136","115586","101330101","bgm_M169","211001000","-840","0","0","0","0","110330011","100013","0","11033","0","bgm_M169","0","110330013","101330103","0"
"-100","1","0","2020/07/13 16:00:00","101330203","0","bgm_M169","10","101330202","10","0","10","bgm_M169","bgm_M169","115106","215","102021","0","2030/12/31 14:59:59","90","100560","0","102022","0","102022","110330022","110330021","0","法斯奇亞森林‧東部 33-2","0","bgm_M169","-50","11033002","125016","115616","101330206","bgm_M169","211001000","-710","0","0","0","0","110330021","102023","0","11033","0","bgm_M169","0","110330023","101330201","0"
"45","1","0","2020/07/13 16:00:00","101330303","0","bgm_M169","10","101330305","10","0","10","bgm_M169","bgm_M169","125256","215","102021","0","2030/12/31 14:59:59","90","100560","0","102022","0","102022","110330032","110330031","0","法斯奇亞森林‧東部 33-3","0","bgm_M169","-50","11033003","125226","115556","101330305","bgm_M169","211001000","-595","0","0","0","0","110330031","102023","0","11033","0","bgm_M169","0","110330033","101330301","0"
"-75","1","0","2020/07/13 16:00:00","101330402","0","bgm_M169","10","101330406","10","0","10","bgm_M169","bgm_M169","115196","215","100011","0","2030/12/31 14:59:59","90","100020","0","100012","0","100012","110330042","110330041","0","法斯奇亞森林‧東部 33-4","0","bgm_M169","-50","11033004","115586","125286","101330401","bgm_M169","211001000","-480","0","0","0","0","110330041","100013","0","11033","0","bgm_M169","0","110330043","101330405","0"
"-135","1","0","2020/07/13 16:00:00","101330507","0","bgm_M169","10","101330502","10","0","10","bgm_M169","bgm_M169","115136","215","101821","0","2030/12/31 14:59:59","90","100500","0","101822","0","101822","110330052","110330051","0","法斯奇亞森林‧東部 33-5","0","bgm_M169","-50","11033005","115616","115346","101330501","bgm_M169","211001000","-305","0","0","0","0","110330051","101823","0","11033","0","bgm_M169","0","110330053","101330506","0"
"20","1","0","2020/07/13 16:00:00","101330604","0","bgm_M169","10","101330603","10","0","10","bgm_M169","bgm_M169","125076","215","100011","0","2030/12/31 14:59:59","90","100020","0","100012","0","100012","110330062","110330061","0","法斯奇亞森林‧東部 33-6","0","bgm_M169","-50","11033006","115556","125376","101330601","bgm_M169","211001000","-260","0","0","0","0","110330061","100013","0","11033","0","bgm_M169","0","110330063","101330605","0"
"30","1","0","2020/07/13 16:00:00","101330702","0","bgm_M169","10","101330701","10","0","10","bgm_M169","bgm_M169","125226","215","100051","0","2030/12/31 14:59:59","90","100080","0","100052","0","100052","110330072","110330071","0","法斯奇亞森林‧東部 33-7","0","bgm_M169","-50","11033007","115586","115433","101330703","bgm_M169","211001000","-60","0","0","0","0","110330071","100053","0","11033","0","bgm_M169","0","110330073","101330706","0"
"-105","1","0","2020/07/13 16:00:00","101330803","0","bgm_M169","10","101330806","10","0","10","bgm_M169","bgm_M169","125256","215","100051","0","2030/12/31 14:59:59","90","100080","101330802","100052","0","100052","110330082","110330081","0","法斯奇亞森林‧東部 33-8","0","bgm_M169","-50","11033008","115556","115346","101330805","bgm_M169","211001000","50","0","0","0","0","110330081","100053","0","11033","0","bgm_M169","0","110330083","101330803","0"
"55","1","0","2020/07/13 16:00:00","101330906","0","bgm_M169","10","101330902","10","0","10","bgm_M169","bgm_M169","125016","215","100011","0","2030/12/31 14:59:59","90","100020","0","100012","0","100012","110330092","110330091","0","法斯奇亞森林‧東部 33-9","0","bgm_M169","-50","11033009","115586","125524","101330901","bgm_M169","211001000","135","0","0","0","0","110330091","100013","0","11033","0","bgm_M169","0","110330093","101330908","0"
"30","1","0","2020/07/13 16:00:00","101331001","25011","bgm_M169","10","101331003","10","0","10","bgm_M169","bgm_M169","115106","215","102091","0","2030/12/31 14:59:59","90","100020","101331005","102092","0","102092","110330102","110330101","0","法斯奇亞森林‧東部 33-10","0","bgm_M169","-50","11033010","115556","115316","101331004","bgm_M169","211001000","305","0","0","0","0","110330101","102093","0","11033","0","bgm_M169","0","110330103","101331007","0"
"-150","1","0","2020/07/13 16:00:00","101331102","25012","bgm_M169","10","101331106","10","0","10","bgm_M169","bgm_M169","125046","215","101621","0","2030/12/31 14:59:59","90","100450","101331101","101622","0","101622","110330112","110330111","0","法斯奇亞森林‧東部 33-11","0","bgm_M169","-50","11033011","115586","125286","101331105","bgm_M169","211001000","390","0","0","0","0","110330111","101623","0","11033","0","bgm_M169","0","110330113","101331103","0"
"-25","1","0","2020/07/13 16:00:00","101331208","25013","bgm_M169","10","101331202","10","0","10","bgm_M169","bgm_M169","115586","215","102091","0","2030/12/31 14:59:59","90","100020","101331207","102092","0","102092","110330122","110330121","0","法斯奇亞森林‧東部 33-12","0","bgm_M169","-50","11033012","125286","115346","101331202","bgm_M169","211001000","500","0","0","0","0","110330121","102093","0","11033","0","bgm_M169","0","110330123","101331205","0"
"-90","1","0","2020/07/13 16:00:00","101331302","25014","bgm_M169","10","101331305","10","0","10","bgm_M169","bgm_M169","115556","215","101621","0","2030/12/31 14:59:59","90","100450","101331304","101622","0","101622","110330132","110330131","0","法斯奇亞森林‧東部 33-13","0","bgm_M169","-50","11033013","115316","115433","101331307","bgm_M169","211001000","660","0","0","0","0","110330131","101623","0","11033","0","bgm_M169","0","110330133","101331306","0"
"70","1","9033155","2020/07/13 16:00:00","0","25015","bgm_M170","10","101331409","10","0","10","bgm_M170","bgm_M170","115616","215","102101","0","2030/12/31 14:59:59","90","100020","0","102102","9033156","102102","110330142","110330141","0","法斯奇亞森林‧東部 33-14","0","bgm_M170","-50","11033014","125376","125524","101331410","bgm_M170","211001000","700","0","0","0","0","110330141","102103","0","11033","0","bgm_M170","0","110330143","101331408","0"
"85","1","0","2020/08/17 16:00:00","101340104","0","bgm_M169","10","101340101","10","0","10","bgm_M169","bgm_M169","115616","215","100051","0","2030/12/31 14:59:59","90","100080","0","100052","0","100052","110340012","110340011","0","迪克斯提亞岩崖‧西壁 34-1","0","bgm_M169","-50","11034001","115556","125286","101340102","bgm_M169","211001000","-715","0","0","0","0","110340011","100053","0","11034","0","bgm_M169","0","110340013","101340103","0"
"-95","1","0","2020/08/17 16:00:00","101340206","0","bgm_M169","10","101340202","10","0","10","bgm_M169","bgm_M169","115556","215","100051","0","2030/12/31 14:59:59","90","100080","0","100052","0","100052","110340022","110340021","0","迪克斯提亞岩崖‧西壁 34-2","0","bgm_M169","-50","11034002","115616","115433","101340202","bgm_M169","211001000","-660","0","0","0","0","110340021","100053","0","11034","0","bgm_M169","0","110340023","101340205","0"
"0","1","0","2020/08/17 16:00:00","101340302","0","bgm_M169","10","101340303","10","0","10","bgm_M169","bgm_M169","115586","215","101621","0","2030/12/31 14:59:59","90","100450","0","101622","0","101622","110340032","110340031","0","迪克斯提亞岩崖‧西壁 34-3","0","bgm_M169","-50","11034003","115556","115316","101340301","bgm_M169","211001000","-515","0","0","0","0","110340031","101623","0","11034","0","bgm_M169","0","110340033","101340305","0"
"-140","1","0","2020/08/17 16:00:00","101340404","0","bgm_M169","10","101340406","10","0","10","bgm_M169","bgm_M169","115616","215","101621","0","2030/12/31 14:59:59","90","100450","0","101622","0","101622","110340042","110340041","0","迪克斯提亞岩崖‧西壁 34-4","0","bgm_M169","-50","11034004","125376","125167","101340402","bgm_M169","211001000","-405","0","0","0","0","110340041","101623","0","11034","0","bgm_M169","0","110340043","101340401","0"
"10","1","0","2020/08/17 16:00:00","101340505","0","bgm_M169","10","101340501","10","0","10","bgm_M169","bgm_M169","115586","215","101821","0","2030/12/31 14:59:59","90","100500","0","101822","0","101822","110340052","110340051","0","迪克斯提亞岩崖‧西壁 34-5","0","bgm_M169","-50","11034005","125286","115077","101340502","bgm_M169","211001000","-330","0","0","0","0","110340051","101823","0","11034","0","bgm_M169","0","110340053","101340503","0"
"0","1","0","2020/08/17 16:00:00","101340606","0","bgm_M169","10","101340601","10","0","10","bgm_M169","bgm_M169","115556","215","101821","0","2030/12/31 14:59:59","90","100500","0","101822","0","101822","110340062","110340061","0","迪克斯提亞岩崖‧西壁 34-6","0","bgm_M169","-50","11034006","115346","115137","101340607","bgm_M169","211001000","-125","0","0","0","0","110340061","101823","0","11034","0","bgm_M169","0","110340063","101340605","0"
"-140","1","0","2020/08/17 16:00:00","101340704","0","bgm_M169","10","101340702","10","0","10","bgm_M169","bgm_M169","115616","215","102021","0","2030/12/31 14:59:59","90","100560","101340703","102022","0","102022","110340072","110340071","0","迪克斯提亞岩崖‧西壁 34-7","0","bgm_M169","-50","11034007","125376","115047","101340705","bgm_M169","211001000","-80","0","0","0","0","110340071","102023","0","11034","0","bgm_M169","0","110340073","101340706","0"
"-105","1","0","2020/08/17 16:00:00","101340806","0","bgm_M169","10","101340805","10","0","10","bgm_M169","bgm_M169","115556","215","100011","0","2030/12/31 14:59:59","90","100020","0","100012","0","100012","110340082","110340081","0","迪克斯提亞岩崖‧西壁 34-8","0","bgm_M169","-50","11034008","115346","115197","101340801","bgm_M169","211001000","95","0","0","0","0","110340081","100013","0","11034","0","bgm_M169","0","110340083","101340803","0"
"-130","1","0","2020/08/17 16:00:00","101340904","0","bgm_M169","10","101340901","10","0","10","bgm_M169","bgm_M169","115616","215","100011","0","2030/12/31 14:59:59","90","100020","0","100012","0","100012","110340092","110340091","0","迪克斯提亞岩崖‧西壁 34-9","0","bgm_M169","-50","11034009","115316","115077","101340903","bgm_M169","211001000","275","0","0","0","0","110340091","100013","0","11034","0","bgm_M169","0","110340093","101340905","0"
"45","1","0","2020/08/17 16:00:00","101341005","25011","bgm_M169","10","101341001","10","0","10","bgm_M169","bgm_M169","115556","215","101621","0","2030/12/31 14:59:59","90","100450","101341004","101622","0","101622","110340102","110340101","0","迪克斯提亞岩崖‧西壁 34-10","0","bgm_M169","-50","11034010","125524","115137","101341001","bgm_M169","211001000","235","0","0","0","0","110340101","101623","0","11034","0","bgm_M169","0","110340103","101341002","0"
"75","1","0","2020/08/17 16:00:00","101341103","25012","bgm_M169","10","101341107","10","0","10","bgm_M169","bgm_M169","115586","215","100011","0","2030/12/31 14:59:59","90","100020","101341106","100012","0","100012","110340112","110340111","0","迪克斯提亞岩崖‧西壁 34-11","0","bgm_M169","-50","11034011","115433","115197","101341102","bgm_M169","211001000","420","0","0","0","0","110340111","100013","0","11034","0","bgm_M169","0","110340113","101341104","0"
"40","1","0","2020/08/17 16:00:00","101341205","25013","bgm_M169","10","101341201","10","0","10","bgm_M169","bgm_M169","115433","215","100011","0","2030/12/31 14:59:59","90","100020","101341206","100012","0","100012","110340122","110340121","0","迪克斯提亞岩崖‧西壁 34-12","0","bgm_M169","-50","11034012","115047","125107","101341201","bgm_M169","211001000","600","0","0","0","0","110340121","100013","0","11034","0","bgm_M169","0","110340123","101341203","0"
"-120","1","0","2020/08/17 16:00:00","101341307","25014","bgm_M169","10","101341303","10","0","10","bgm_M169","bgm_M169","115316","215","101621","0","2030/12/31 14:59:59","90","100450","101341302","101622","0","101622","110340132","110340131","0","迪克斯提亞岩崖‧西壁 34-13","0","bgm_M169","-50","11034013","125167","125017","101341306","bgm_M169","211001000","520","0","0","0","0","110340131","101623","0","11034","0","bgm_M169","0","110340133","101341307","0"
"-105","1","9034155","2020/08/17 16:00:00","0","25015","bgm_M170","10","0","10","0","10","bgm_M170","bgm_M170","125524","215","100351","0","2030/12/31 14:59:59","90","100020","0","100352","9034156","100352","110340142","110340141","0","迪克斯提亞岩崖‧西壁 34-14","0","bgm_M170","-50","11034014","125257","125227","101341410","bgm_M170","211001000","735","0","0","0","0","110340141","100353","0","11034","0","bgm_M170","0","110340143","0","0"
"-150","1","0","2020/09/14 16:00:00","101350104","0","bgm_M169","10","101350103","10","0","10","bgm_M169","bgm_M169","125286","215","100011","0","2030/12/31 14:59:59","90","100020","0","100012","0","100012","110350012","110350011","0","迪克斯提亞岩崖‧東壁 35-1","0","bgm_M169","-50","11035001","115316","125167","101350101","bgm_M169","211001000","-765","0","0","0","0","110350011","100013","0","11035","0","bgm_M169","0","110350013","101350108","0"
"-75","1","0","2020/09/14 16:00:00","101350201","0","bgm_M169","10","101350207","10","0","10","bgm_M169","bgm_M169","115433","215","101621","0","2030/12/31 14:59:59","90","100450","0","101622","0","101622","110350022","110350021","0","迪克斯提亞岩崖‧東壁 35-2","0","bgm_M169","-50","11035002","125376","115047","101350206","bgm_M169","211001000","-565","0","0","0","0","110350021","101623","0","11035","0","bgm_M169","0","110350023","101350203","0"
"90","1","0","2020/09/14 16:00:00","101350304","0","bgm_M169","10","101350305","10","0","10","bgm_M169","bgm_M169","125524","215","101621","0","2030/12/31 14:59:59","90","100450","0","101622","0","101622","110350032","110350031","0","迪克斯提亞岩崖‧東壁 35-3","0","bgm_M169","-50","11035003","115346","115137","101350306","bgm_M169","211001000","-520","0","0","0","0","110350031","101623","0","11035","0","bgm_M169","0","110350033","101350301","0"
"105","1","0","2020/09/14 16:00:00","101350402","0","bgm_M169","10","101350405","10","0","10","bgm_M169","bgm_M169","125376","215","100011","0","2030/12/31 14:59:59","90","100020","0","100012","0","100012","110350042","110350041","0","迪克斯提亞岩崖‧東壁 35-4","0","bgm_M169","-50","11035004","115077","115617","101350407","bgm_M169","211001000","-275","0","0","0","0","110350041","100013","0","11035","0","bgm_M169","0","110350043","101350403","0"
"-40","1","0","2020/09/14 16:00:00","101350501","0","bgm_M169","10","101350505","10","0","10","bgm_M169","bgm_M169","115316","215","100011","0","2030/12/31 14:59:59","90","100020","0","100012","0","100012","110350052","110350051","0","迪克斯提亞岩崖‧東壁 35-5","0","bgm_M169","-50","11035005","115197","115557","101350502","bgm_M169","211001000","-385","0","0","0","0","110350051","100013","0","11035","0","bgm_M169","0","110350053","101350508","0"
"-125","1","0","2020/09/14 16:00:00","101350605","0","bgm_M169","10","101350603","10","0","10","bgm_M169","bgm_M169","125286","215","101621","0","2030/12/31 14:59:59","90","100450","0","101622","0","101622","110350062","110350061","0","迪克斯提亞岩崖‧東壁 35-6","0","bgm_M169","-50","11035006","115137","115587","101350606","bgm_M169","211001000","-225","0","0","0","0","110350061","101623","0","11035","0","bgm_M169","0","110350063","101350602","0"
"-110","1","0","2020/09/14 16:00:00","101350705","0","bgm_M169","10","101350701","10","0","10","bgm_M169","bgm_M169","115346","215","100011","0","2030/12/31 14:59:59","90","100020","101350703","100012","0","100012","110350072","110350071","0","迪克斯提亞岩崖‧東壁 35-7","0","bgm_M169","-50","11035007","115047","115557","101350707","bgm_M169","211001000","-75","0","0","0","0","110350071","100013","0","11035","0","bgm_M169","0","110350073","101350706","0"
"35","1","0","2020/09/14 16:00:00","101350802","0","bgm_M169","10","101350804","10","0","10","bgm_M169","bgm_M169","125286","215","100051","0","2030/12/31 14:59:59","90","100080","0","100052","0","100052","110350082","110350081","0","迪克斯提亞岩崖‧東壁 35-8","0","bgm_M169","-50","11035008","125017","115617","101350807","bgm_M169","211001000","-25","0","0","0","0","110350081","100053","0","11035","0","bgm_M169","0","110350083","101350805","0"
"-70","1","0","2020/09/14 16:00:00","101350901","0","bgm_M169","10","101350907","10","0","10","bgm_M169","bgm_M169","115433","215","100051","0","2030/12/31 14:59:59","90","100080","0","100052","0","100052","110350092","110350091","0","迪克斯提亞岩崖‧東壁 35-9","0","bgm_M169","-50","11035009","115197","115557","101350907","bgm_M169","211001000","135","0","0","0","0","110350091","100053","0","11035","0","bgm_M169","0","110350093","101350905","0"
"35","1","0","2020/09/14 16:00:00","101351003","25011","bgm_M169","10","101351002","10","0","10","bgm_M169","bgm_M169","125524","215","101621","0","2030/12/31 14:59:59","90","100450","101351004","101622","0","101622","110350102","110350101","0","迪克斯提亞岩崖‧東壁 35-10","0","bgm_M169","-50","11035010","125167","115587","101351006","bgm_M169","211001000","300","0","0","0","0","110350101","101623","0","11035","0","bgm_M169","0","110350103","101351001","0"
"15","1","0","2020/09/14 16:00:00","101351107","25012","bgm_M169","10","101351102","10","0","10","bgm_M169","bgm_M169","115346","215","101821","0","2030/12/31 14:59:59","90","100500","101351108","101822","0","101822","110350112","110350111","0","迪克斯提亞岩崖‧東壁 35-11","0","bgm_M169","-50","11035011","125017","115557","101351106","bgm_M169","211001000","495","0","0","0","0","110350111","101823","0","11035","0","bgm_M169","0","110350113","101351104","0"
"-130","1","0","2020/09/14 16:00:00","101351202","25013","bgm_M169","10","101351209","10","0","10","bgm_M169","bgm_M169","125227","215","100011","0","2030/12/31 14:59:59","90","100020","101351204","100012","0","100012","110350122","110350121","0","迪克斯提亞岩崖‧東壁 35-12","0","bgm_M169","-50","11035012","115557","115617","101351206","bgm_M169","211001000","370","0","0","0","0","110350121","100013","0","11035","0","bgm_M169","0","110350123","101351201","0"
"-110","1","0","2020/09/14 16:00:00","101351307","25014","bgm_M169","10","101351308","10","0","10","bgm_M169","bgm_M169","125257","215","101621","0","2030/12/31 14:59:59","90","100450","101351304","101622","0","101622","110350132","110350131","0","迪克斯提亞岩崖‧東壁 35-13","0","bgm_M169","-50","11035013","115617","115587","101351301","bgm_M169","211001000","575","0","0","0","0","110350131","101623","0","11035","0","bgm_M169","0","110350133","101351305","0"
"-30","1","9035155","2020/09/14 16:00:00","0","25015","bgm_M170","10","101351404","10","0","10","bgm_M170","bgm_M170","125107","215","100351","0","2030/12/31 14:59:59","90","100020","0","100352","9035156","100352","110350142","110350141","0","迪克斯提亞岩崖‧東壁 35-14","0","bgm_M170","-50","11035014","115587","115557","101351410","bgm_M170","211001000","765","0","0","0","0","110350141","100353","0","11035","0","bgm_M170","0","110350143","101351404","0"
"40","1","0","2020/11/13 16:00:00","101360109","0","bgm_M169","10","101360106","10","0","10","bgm_M169","bgm_M169","115137","215","101821","0","2030/12/31 14:59:59","90","100500","0","101822","0","101822","110360012","110360011","0","維娜湖畔道‧南部 36-1","0","bgm_M169","-50","11036001","125107","115557","101360103","bgm_M169","211001000","-740","0","0","0","0","110360011","101823","0","11036","0","bgm_M169","0","110360013","101360108","0"
"95","1","0","2020/11/13 16:00:00","101360210","0","bgm_M169","10","101360205","10","0","10","bgm_M169","bgm_M169","115047","215","101821","0","2030/12/31 14:59:59","90","100500","0","101822","0","101822","110360022","110360021","0","維娜湖畔道‧南部 36-2","0","bgm_M169","-50","11036002","125227","115587","101360201","bgm_M169","211001000","-555","0","0","0","0","110360021","101823","0","11036","0","bgm_M169","0","110360023","101360209","0"
"60","1","0","2020/11/13 16:00:00","101360309","0","bgm_M169","10","101360302","10","0","10","bgm_M169","bgm_M169","115197","215","100011","0","2030/12/31 14:59:59","90","100020","0","100012","0","100012","110360032","110360031","0","維娜湖畔道‧南部 36-3","0","bgm_M169","-50","11036003","115077","115557","101360301","bgm_M169","211001000","-345","0","0","0","0","110360031","100013","0","11036","0","bgm_M169","0","110360033","101360307","0"
"-45","1","0","2020/11/13 16:00:00","101360408","0","bgm_M169","10","101360405","10","0","10","bgm_M169","bgm_M169","115137","215","102021","0","2030/12/31 14:59:59","90","100560","0","102022","0","102022","110360042","110360041","0","維娜湖畔道‧南部 36-4","0","bgm_M169","-50","11036004","115587","115317","101360402","bgm_M169","211001000","-465","0","0","0","0","110360041","102023","0","11036","0","bgm_M169","0","110360043","101360406","0"
"-175","1","0","2020/11/13 16:00:00","101360510","0","bgm_M169","10","101360505","10","0","10","bgm_M169","bgm_M169","115077","215","102021","0","2030/12/31 14:59:59","90","100560","0","102022","0","102022","110360052","110360051","0","維娜湖畔道‧南部 36-5","0","bgm_M169","-50","11036005","115557","115403","101360502","bgm_M169","211001000","-555","0","0","0","0","110360051","102023","0","11036","0","bgm_M169","0","110360053","101360507","0"
"-155","1","0","2020/11/13 16:00:00","101360609","0","bgm_M169","10","101360604","10","0","10","bgm_M169","bgm_M169","125017","215","100051","0","2030/12/31 14:59:59","90","100080","0","100052","0","100052","110360062","110360061","0","維娜湖畔道‧南部 36-6","0","bgm_M169","-50","11036006","115587","115464","101360601","bgm_M169","211001000","-340","0","0","0","0","110360061","100053","0","11036","0","bgm_M169","0","110360063","101360607","0"
"-80","1","0","2020/11/13 16:00:00","101360708","0","bgm_M169","10","101360703","10","0","10","bgm_M169","bgm_M169","125227","215","100051","0","2030/12/31 14:59:59","90","100080","101360709","100052","0","100052","110360072","110360071","0","維娜湖畔道‧南部 36-7","0","bgm_M169","-50","11036007","115617","115403","101360702","bgm_M169","211001000","-160","0","0","0","0","110360071","100053","0","11036","0","bgm_M169","0","110360073","101360707","0"
"55","1","0","2020/11/13 16:00:00","101360808","0","bgm_M169","10","101360804","10","0","10","bgm_M169","bgm_M169","125167","215","102021","0","2030/12/31 14:59:59","90","100560","101360809","102022","0","102022","110360082","110360081","0","維娜湖畔道‧南部 36-8","0","bgm_M169","-50","11036008","115557","115317","101360801","bgm_M169","211001000","-45","0","0","0","0","110360081","102023","0","11036","0","bgm_M169","0","110360083","101360805","0"
"-95","1","0","2020/11/13 16:00:00","101360909","0","bgm_M169","10","101360905","10","0","10","bgm_M169","bgm_M169","125257","215","101821","0","2030/12/31 14:59:59","90","100500","101360910","101822","0","101822","110360092","110360091","0","維娜湖畔道‧南部 36-9","0","bgm_M169","-50","11036009","115587","125287","101360908","bgm_M169","211001000","65","0","0","0","0","110360091","101823","0","11036","0","bgm_M169","0","110360093","101360907","0"
"-120","1","0","2020/11/13 16:00:00","101361009","25011","bgm_M169","10","101361005","10","0","10","bgm_M169","bgm_M169","125227","215","100011","0","2030/12/31 14:59:59","90","100020","101361010","100012","0","100012","110360102","110360101","0","維娜湖畔道‧南部 36-10","0","bgm_M169","-50","11036010","115617","125377","101361002","bgm_M169","211001000","260","0","0","0","0","110360101","100013","0","11036","0","bgm_M169","0","110360103","101361007","0"
"40","1","0","2020/11/13 16:00:00","101361107","25012","bgm_M169","10","101361104","10","0","10","bgm_M169","bgm_M169","125017","215","101621","0","2030/12/31 14:59:59","90","100450","101361109","101622","0","101622","110360112","110360111","0","維娜湖畔道‧南部 36-11","0","bgm_M169","-50","11036011","115557","125347","101361101","bgm_M169","211001000","220","0","0","0","0","110360111","101623","0","11036","0","bgm_M169","0","110360113","101361108","0"
"15","1","0","2020/11/13 16:00:00","101361208","25013","bgm_M169","10","101361203","10","0","10","bgm_M169","bgm_M169","115587","215","100011","0","2030/12/31 14:59:59","90","100020","101361210","100012","0","100012","110360122","110360121","0","維娜湖畔道‧南部 36-12","0","bgm_M169","-50","11036012","115403","115317","101361202","bgm_M169","211001000","425","0","0","0","0","110360121","100013","0","11036","0","bgm_M169","0","110360123","101361206","0"
"40","1","0","2020/11/13 16:00:00","101361310","25014","bgm_M169","10","101361304","10","0","10","bgm_M169","bgm_M169","115617","215","101621","0","2030/12/31 14:59:59","90","100450","101361308","101622","0","101622","110360132","110360131","0","維娜湖畔道‧南部 36-13","0","bgm_M169","-50","11036013","115464","125377","101361302","bgm_M169","211001000","625","0","0","0","0","110360131","101623","0","11036","0","bgm_M169","0","110360133","101361307","0"
"-90","1","9036155","2020/11/13 16:00:00","0","25015","bgm_M170","10","0","10","0","10","bgm_M170","bgm_M170","115557","215","101831","0","2030/12/31 14:59:59","90","100500","0","101832","9036156","101832","110360142","110360141","0","維娜湖畔道‧南部 36-14","0","bgm_M170","-50","11036014","125347","125287","101361410","bgm_M170","211001000","720","0","0","0","0","110360141","101833","0","11036","0","bgm_M170","0","110360143","0","0"
"-175","1","0","2020/12/14 16:00:00","101370108","0","bgm_M169","10","101370106","10","0","10","bgm_M169","bgm_M169","115557","215","100011","0","2030/12/31 14:59:59","90","100020","0","100012","0","100012","110370012","110370011","0","維娜湖畔道‧北部 37-1","0","bgm_M169","-50","11037001","115617","125377","101370103","bgm_M169","211001000","-740","0","0","0","0","110370011","100013","0","11037","0","bgm_M169","1","110370013","101370105","0"
"-165","1","0","2020/12/14 16:00:00","101370209","0","bgm_M169","10","101370204","10","0","10","bgm_M169","bgm_M169","115617","215","101621","0","2030/12/31 14:59:59","90","100450","0","101622","0","101622","110370022","110370021","0","維娜湖畔道‧北部 37-2","0","bgm_M169","-50","11037002","115587","115464","101370201","bgm_M169","211001000","-555","0","0","0","0","110370021","101623","0","11037","0","bgm_M169","1","110370023","101370205","0"
"-15","1","0","2020/12/14 16:00:00","101370308","0","bgm_M169","10","101370306","10","0","10","bgm_M169","bgm_M169","115587","215","100011","0","2030/12/31 14:59:59","90","100020","0","100012","0","100012","110370032","110370031","0","維娜湖畔道‧北部 37-3","0","bgm_M169","-50","11037003","115557","125287","101370302","bgm_M169","211001000","-645","0","0","0","0","110370031","100013","0","11037","0","bgm_M169","1","110370033","101370307","0"
"95","1","0","2020/12/14 16:00:00","101370408","0","bgm_M169","10","101370404","10","0","10","bgm_M169","bgm_M169","115617","215","100011","0","2030/12/31 14:59:59","90","100020","0","100012","0","100012","110370042","110370041","0","維娜湖畔道‧北部 37-4","0","bgm_M169","-50","11037004","125347","116071","101370401","bgm_M169","211001000","-505","0","0","0","0","110370041","100013","0","11037","0","bgm_M169","1","110370043","101370409","0"
"35","1","0","2020/12/14 16:00:00","101370509","0","bgm_M169","10","101370505","10","0","10","bgm_M169","bgm_M169","115587","215","102021","0","2030/12/31 14:59:59","90","100560","0","102022","0","102022","110370052","110370051","0","維娜湖畔道‧北部 37-5","0","bgm_M169","-50","11037005","115317","116041","101370502","bgm_M169","211001000","-335","0","0","0","0","110370051","102023","0","11037","0","bgm_M169","1","110370053","101370508","0"
"-125","1","0","2020/12/14 16:00:00","101370610","0","bgm_M169","10","101370606","10","0","10","bgm_M169","bgm_M169","115617","215","101821","0","2030/12/31 14:59:59","90","100500","0","101822","0","101822","110370062","110370061","0","維娜湖畔道‧北部 37-6","0","bgm_M169","-50","11037006","125377","116191","101370601","bgm_M169","211001000","-265","0","0","0","0","110370061","101823","0","11037","0","bgm_M169","1","110370063","101370607","0"
"-10","1","0","2020/12/14 16:00:00","101370705","0","bgm_M169","10","101370704","10","0","10","bgm_M169","bgm_M169","115557","215","101621","0","2030/12/31 14:59:59","90","100450","101370707","101622","0","101622","110370072","110370071","0","維娜湖畔道‧北部 37-7","0","bgm_M169","-50","11037007","115403","116041","101370701","bgm_M169","211001000","-125","0","0","0","0","110370071","101623","0","11037","0","bgm_M169","1","110370073","101370705","0"
"-120","1","0","2020/12/14 16:00:00","101370808","0","bgm_M169","10","101370803","10","0","10","bgm_M169","bgm_M169","115587","215","100051","0","2030/12/31 14:59:59","90","100080","101370809","100052","0","100052","110370082","110370081","0","維娜湖畔道‧北部 37-8","0","bgm_M169","-50","11037008","125347","116071","101370802","bgm_M169","211001000","-10","0","0","0","0","110370081","100053","0","11037","0","bgm_M169","1","110370083","101370806","0"
"-95","1","0","2020/12/14 16:00:00","101370907","0","bgm_M169","10","101370905","10","0","10","bgm_M169","bgm_M169","115557","215","100051","0","2030/12/31 14:59:59","90","100080","101370909","100052","0","100052","110370092","110370091","0","維娜湖畔道‧北部 37-9","0","bgm_M169","-50","11037009","115403","126161","101370901","bgm_M169","211001000","170","0","0","0","0","110370091","100053","0","11037","0","bgm_M169","1","110370093","101370906","0"
"40","1","0","2020/12/14 16:00:00","101371009","25011","bgm_M169","10","101371005","10","0","10","bgm_M169","bgm_M169","115587","215","100011","0","2030/12/31 14:59:59","90","100020","101371010","100012","0","100012","110370102","110370101","0","維娜湖畔道‧北部 37-10","0","bgm_M169","-50","11037010","115464","116131","101371001","bgm_M169","211001000","80","0","0","0","0","110370101","100013","0","11037","0","bgm_M169","1","110370103","101371006","0"
"35","1","0","2020/12/14 16:00:00","101371106","25012","bgm_M169","10","101371104","10","0","10","bgm_M169","bgm_M169","115557","215","102021","0","2030/12/31 14:59:59","90","100560","101371109","102022","0","102022","110370112","110370111","0","維娜湖畔道‧北部 37-11","0","bgm_M169","-50","11037011","115317","116191","101371102","bgm_M169","211001000","270","0","0","0","0","110370111","102023","0","11037","0","bgm_M169","1","110370113","101371105","0"
"-10","1","0","2020/12/14 16:00:00","101371207","25013","bgm_M169","10","101371204","10","0","10","bgm_M169","bgm_M169","125377","215","101621","0","2030/12/31 14:59:59","90","100450","101371208","101622","0","101622","110370122","110370121","0","維娜湖畔道‧北部 37-12","0","bgm_M169","-50","11037012","116131","126161","101371201","bgm_M169","211001000","450","0","0","0","0","110370121","101623","0","11037","0","bgm_M169","1","110370123","101371206","0"
"-115","1","0","2020/12/14 16:00:00","101371307","25014","bgm_M169","10","101371305","10","0","10","bgm_M169","bgm_M169","125287","215","100011","0","2030/12/31 14:59:59","90","100020","101371309","100012","0","100012","110370132","110370131","0","維娜湖畔道‧北部 37-13","0","bgm_M169","-50","11037013","126101","126011","101371301","bgm_M169","211001000","590","0","0","0","0","110370131","100013","0","11037","0","bgm_M169","1","110370133","101371306","0"
"-10","1","9037155","2020/12/14 16:00:00","0","25015","bgm_M170","10","101371403","10","0","10","bgm_M170","bgm_M170","115464","215","101831","0","2030/12/31 14:59:59","90","100500","0","101832","9037156","101832","110370142","110370141","0","維娜湖畔道‧北部 37-14","0","bgm_M170","-50","11037014","126251","126221","101371410","bgm_M170","211001000","715","0","0","0","0","110370141","101833","0","11037","0","bgm_M170","1","110370143","101371403","0"
"-225","1","0","2021/01/15 16:00:00","101380106","0","bgm_M169","10","101380102","10","0","10","bgm_M169","bgm_M169","115317","215","100037","0","2030/12/31 14:59:59","90","100040","0","100038","0","100038","110380012","110380011","0","拉圖斯斷崖‧南部 38-1","0","bgm_M169","-50","11038001","115464","116131","101380101","bgm_M169","211001000","-715","0","0","0","0","110380011","100039","0","11038","0","bgm_M169","1","110380013","101380105","0"
"-195","1","0","2021/01/15 16:00:00","101380207","0","bgm_M169","10","101380205","10","0","10","bgm_M169","bgm_M169","125377","215","100037","0","2030/12/31 14:59:59","90","100040","0","100038","0","100038","110380022","110380021","0","拉圖斯斷崖‧南部 38-2","0","bgm_M169","-50","11038002","125347","126101","101380203","bgm_M169","211001000","-535","0","0","0","0","110380021","100039","0","11038","0","bgm_M169","1","110380023","101380206","0"
"-35","1","0","2021/01/15 16:00:00","101380306","0","bgm_M169","10","101380304","10","0","10","bgm_M169","bgm_M169","125287","215","101621","0","2030/12/31 14:59:59","90","100450","0","101622","0","101622","110380032","110380031","0","拉圖斯斷崖‧南部 38-3","0","bgm_M169","-50","11038003","115403","126161","101380304","bgm_M169","211001000","-625","0","0","0","0","110380031","101623","0","11038","0","bgm_M169","1","110380033","101380307","0"
"45","1","0","2021/01/15 16:00:00","101380406","0","bgm_M169","10","101380405","10","0","10","bgm_M169","bgm_M169","125377","215","102091","0","2030/12/31 14:59:59","90","100020","0","102092","0","102092","110380042","110380041","0","拉圖斯斷崖‧南部 38-4","0","bgm_M169","-50","11038004","116041","116611","101380401","bgm_M169","211001000","-460","0","0","0","0","110380041","102093","0","11038","0","bgm_M169","1","110380043","101380403","0"
"0","1","0","2021/01/15 16:00:00","101380504","0","bgm_M169","10","101380503","10","0","10","bgm_M169","bgm_M169","125287","215","102091","0","2030/12/31 14:59:59","90","100020","0","102092","0","102092","110380052","110380051","0","拉圖斯斷崖‧南部 38-5","0","bgm_M169","-50","11038005","116071","116551","101380510","bgm_M169","211001000","-300","0","0","0","0","110380051","102093","0","11038","0","bgm_M169","1","110380053","101380502","0"
"-175","1","0","2021/01/15 16:00:00","101380602","0","bgm_M169","10","101380605","10","0","10","bgm_M169","bgm_M169","125377","215","102091","0","2030/12/31 14:59:59","90","100020","0","102092","0","102092","110380062","110380061","0","拉圖斯斷崖‧南部 38-6","0","bgm_M169","-50","11038006","126161","116581","101380601","bgm_M169","211001000","-245","0","0","0","0","110380061","102093","0","11038","0","bgm_M169","1","110380063","101380604","0"
"-70","1","0","2021/01/15 16:00:00","101380704","0","bgm_M169","10","101380703","10","0","10","bgm_M169","bgm_M169","115464","215","101821","0","2030/12/31 14:59:59","90","100500","101380707","101822","0","101822","110380072","110380071","0","拉圖斯斷崖‧南部 38-7","0","bgm_M169","-50","11038007","116191","116551","101380701","bgm_M169","211001000","-105","0","0","0","0","110380071","101823","0","11038","0","bgm_M169","1","110380073","101380706","0"
"-160","1","0","2021/01/15 16:00:00","101380806","0","bgm_M169","10","101380807","10","0","10","bgm_M169","bgm_M169","115317","215","101671","0","2030/12/31 14:59:59","90","100460","101380810","101672","0","101672","110380082","110380081","0","拉圖斯斷崖‧南部 38-8","0","bgm_M169","-50","11038008","126221","116611","101380802","bgm_M169","211001000","50","0","0","0","0","110380081","101673","0","11038","0","bgm_M169","1","110380083","101380804","0"
"-185","1","0","2021/01/15 16:00:00","101380909","0","bgm_M169","10","101380906","10","0","10","bgm_M169","bgm_M169","125347","215","100051","0","2030/12/31 14:59:59","90","100080","101380907","100052","0","100052","110380092","110380091","0","拉圖斯斷崖‧南部 38-9","0","bgm_M169","-50","11038009","116131","116551","101380901","bgm_M169","211001000","270","0","0","0","0","110380091","100053","0","11038","0","bgm_M169","1","110380093","101380905","0"
"-30","1","0","2021/01/15 16:00:00","101381006","25011","bgm_M169","10","101381003","10","0","10","bgm_M169","bgm_M169","115403","215","100051","0","2030/12/31 14:59:59","90","100080","101381007","100052","0","100052","110380102","110380101","0","拉圖斯斷崖‧南部 38-10","0","bgm_M169","-50","11038010","126221","116581","101381002","bgm_M169","211001000","170","0","0","0","0","110380101","100053","0","11038","0","bgm_M169","1","110380103","101381004","0"
"10","1","0","2021/01/15 16:00:00","101381106","25012","bgm_M169","10","101381102","10","0","10","bgm_M169","bgm_M169","125347","215","101621","0","2030/12/31 14:59:59","90","100450","101381107","101622","0","101622","110380112","110380111","0","拉圖斯斷崖‧南部 38-11","0","bgm_M169","-50","11038011","126011","116551","101381103","bgm_M169","211001000","360","0","0","0","0","110380111","101623","0","11038","0","bgm_M169","1","110380113","101381104","0"
"-40","1","0","2021/01/15 16:00:00","101381207","25013","bgm_M169","10","101381208","10","0","10","bgm_M169","bgm_M169","126251","215","101621","0","2030/12/31 14:59:59","90","100450","101381206","101622","0","101622","110380122","110380121","0","拉圖斯斷崖‧南部 38-12","0","bgm_M169","-50","11038012","116551","116611","101381201","bgm_M169","211001000","530","0","0","0","0","110380121","101623","0","11038","0","bgm_M169","1","110380123","101381205","0"
"-120","1","0","2021/01/15 16:00:00","101381305","25014","bgm_M169","10","101381301","10","0","10","bgm_M169","bgm_M169","126221","215","102365","0","2030/12/31 14:59:59","90","100030","101381307","102366","0","102366","110380132","110380131","0","拉圖斯斷崖‧南部 38-13","0","bgm_M169","-50","11038013","116611","116581","101381302","bgm_M169","211001000","680","0","0","0","0","110380131","102367","0","11038","0","bgm_M169","1","110380133","101381309","0"
"40","1","9038155","2021/01/15 16:00:00","0","25015","bgm_M170","10","0","10","0","10","bgm_M170","bgm_M170","126221","215","102368","0","2030/12/31 14:59:59","90","100030","0","102369","9038156","102369","110380142","110380141","0","拉圖斯斷崖‧南部 38-14","0","bgm_M170","-50","11038014","116581","116551","101381410","bgm_M170","211001000","735","0","0","0","0","110380141","102370","0","11038","0","bgm_M170","1","110380143","0","0"
"0","1","0","2021/02/09 16:00:00","101390103","0","bgm_M169","10","101390105","10","0","10","bgm_M169","bgm_M169","116131","215","100101","0","2030/12/31 14:59:59","90","100050","0","100102","0","100102","110390012","110390011","0","拉圖斯斷崖‧北部 39-1","0","bgm_M169","-50","11039001","126101","116551","101390101","bgm_M169","211001000","-720","0","0","0","0","110390011","100103","0","11039","0","bgm_M169","1","110390013","101390106","0"
"-150","1","0","2021/02/09 16:00:00","101390207","0","bgm_M169","10","101390201","10","0","10","bgm_M169","bgm_M169","116041","215","100011","0","2030/12/31 14:59:59","90","100020","0","100012","0","100012","110390022","110390021","0","拉圖斯斷崖‧北部 39-2","0","bgm_M169","-50","11039002","116071","116581","101390206","bgm_M169","211001000","-580","0","0","0","0","110390021","100013","0","11039","0","bgm_M169","1","110390023","101390205","0"
"20","1","0","2021/02/09 16:00:00","101390307","0","bgm_M169","10","101390305","10","0","10","bgm_M169","bgm_M169","126011","215","101781","0","2030/12/31 14:59:59","90","100450","0","101782","0","101782","110390032","110390031","0","拉圖斯斷崖‧北部 39-3","0","bgm_M169","-50","11039003","126221","116611","101390304","bgm_M169","211001000","-450","0","0","0","0","110390031","101783","0","11039","0","bgm_M169","1","110390033","101390303","0"
"120","1","0","2021/02/09 16:00:00","101390407","0","bgm_M169","10","101390402","10","0","10","bgm_M169","bgm_M169","116131","215","101781","0","2030/12/31 14:59:59","90","100450","0","101782","0","101782","110390042","110390041","0","拉圖斯斷崖‧北部 39-4","0","bgm_M169","-50","11039004","116581","116311","101390401","bgm_M169","211001000","-300","0","0","0","0","110390041","101783","0","11039","0","bgm_M169","1","110390043","101390403","0"
"-40","1","0","2021/02/09 16:00:00","101390505","0","bgm_M169","10","101390507","10","0","10","bgm_M169","bgm_M169","116041","215","101621","0","2030/12/31 14:59:59","90","100450","0","101622","0","101622","110390052","110390051","0","拉圖斯斷崖‧北部 39-5","0","bgm_M169","-50","11039005","116551","116401","101390504","bgm_M169","211001000","-200","0","0","0","0","110390051","101623","0","11039","0","bgm_M169","1","110390053","101390506","0"
"-185","1","0","2021/02/09 16:00:00","101390606","0","bgm_M169","10","101390602","10","0","10","bgm_M169","bgm_M169","116191","215","100014","0","2030/12/31 14:59:59","90","100020","0","100015","0","100015","110390062","110390061","0","拉圖斯斷崖‧北部 39-6","0","bgm_M169","-50","11039006","116581","116461","101390601","bgm_M169","211001000","-300","0","0","0","0","110390061","100016","0","11039","0","bgm_M169","1","110390063","101390603","0"
"-150","1","0","2021/02/09 16:00:00","101390706","0","bgm_M169","10","101390707","10","0","10","bgm_M169","bgm_M169","126251","215","100014","0","2030/12/31 14:59:59","90","100020","101390705","100015","0","100015","110390072","110390071","0","拉圖斯斷崖‧北部 39-7","0","bgm_M169","-50","11039007","116611","116401","101390704","bgm_M169","211001000","-80","0","0","0","0","110390071","100016","0","11039","0","bgm_M169","1","110390073","101390703","0"
"-50","1","0","2021/02/09 16:00:00","101390806","0","bgm_M169","10","101390802","10","0","10","bgm_M169","bgm_M169","126161","215","101671","0","2030/12/31 14:59:59","90","100050","101390807","101672","0","101672","110390082","110390081","0","拉圖斯斷崖‧北部 39-8","0","bgm_M169","-50","11039008","116581","116311","101390803","bgm_M169","211001000","50","0","0","0","0","110390081","101673","0","11039","0","bgm_M169","1","110390083","101390801","0"
"-150","1","0","2021/02/09 16:00:00","101390907","0","bgm_M169","10","101390902","10","0","10","bgm_M169","bgm_M169","126251","215","100051","0","2030/12/31 14:59:59","90","100020","101390906","100052","0","100052","110390092","110390091","0","拉圖斯斷崖‧北部 39-9","0","bgm_M169","-50","11039009","116551","126281","101390904","bgm_M169","211001000","200","0","0","0","0","110390091","100053","0","11039","0","bgm_M169","1","110390093","101390903","0"
"30","1","0","2021/02/09 16:00:00","101391006","25011","bgm_M169","10","101391004","10","0","10","bgm_M169","bgm_M169","126221","215","101621","0","2030/12/31 14:59:59","90","100450","101391003","101622","0","101622","110390102","110390101","0","拉圖斯斷崖‧北部 39-10","0","bgm_M169","-50","11039010","116611","126371","101391001","bgm_M169","211001000","340","0","0","0","0","110390101","101623","0","11039","0","bgm_M169","1","110390103","101391007","0"
"-120","1","0","2021/02/09 16:00:00","101391104","25012","bgm_M169","10","101391106","10","0","10","bgm_M169","bgm_M169","126011","215","100101","0","2030/12/31 14:59:59","90","100050","101391107","100102","0","100102","110390112","110390111","0","拉圖斯斷崖‧北部 39-11","0","bgm_M169","-50","11039011","116551","126341","101391101","bgm_M169","211001000","400","0","0","0","0","110390111","100103","0","11039","0","bgm_M169","1","110390113","101391102","0"
"-70","1","0","2021/02/09 16:00:00","101391205","25013","bgm_M169","10","101391206","10","0","10","bgm_M169","bgm_M169","116581","215","101621","0","2030/12/31 14:59:59","90","100450","101391207","101622","0","101622","110390122","110390121","0","拉圖斯斷崖‧北部 39-12","0","bgm_M169","-50","11039012","116401","116311","101391202","bgm_M169","211001000","580","0","0","0","0","110390121","101623","0","11039","0","bgm_M169","1","110390123","101391203","0"
"100","1","0","2021/02/09 16:00:00","101391307","25014","bgm_M169","10","101391301","10","0","10","bgm_M169","bgm_M169","116611","215","102365","0","2030/12/31 14:59:59","90","100030","101391305","102366","0","102366","110390132","110390131","0","拉圖斯斷崖‧北部 39-13","0","bgm_M169","-50","11039013","116461","126371","101391303","bgm_M169","211001000","500","0","0","0","0","110390131","102367","0","11039","0","bgm_M169","1","110390133","101391304","0"
"40","1","9039155","2021/02/09 16:00:00","0","25015","bgm_M170","10","101391402","10","0","10","bgm_M170","bgm_M170","116551","215","102368","0","2030/12/31 14:59:59","90","100030","0","102369","9039156","102369","110390142","110390141","0","拉圖斯斷崖‧北部 39-14","0","bgm_M170","-50","11039014","126341","126281","101391410","bgm_M170","211001000","720","0","0","0","0","110390141","102370","0","11039","0","bgm_M170","1","110390143","0","0"
"70","1","0","2021/03/15 16:00:00","101400103","0","bgm_M169","10","101400102","10","0","10","bgm_M169","bgm_M169","116581","215","101621","0","2030/12/31 14:59:59","90","100450","0","101622","0","101622","110400012","110400011","0","斯卡普山系‧西麓 40-1","0","bgm_M169","-50","11040001","116551","116461","101400101","bgm_M169","211001000","-720","0","0","0","0","110400011","101623","0","11040","0","bgm_M169","1","110400013","101400107","0"
"-90","1","0","2021/03/15 16:00:00","101400206","0","bgm_M169","10","101400203","10","0","10","bgm_M169","bgm_M169","116551","215","100241","0","2030/12/31 14:59:59","90","100050","0","100242","0","100242","110400022","110400021","0","斯卡普山系‧西麓 40-2","0","bgm_M169","-50","11040002","116581","116311","101400204","bgm_M169","211001000","-580","0","0","0","0","110400021","100243","0","11040","0","bgm_M169","1","110400023","101400207","0"
"0","1","0","2021/03/15 16:00:00","101400303","0","bgm_M169","10","101400305","10","0","10","bgm_M169","bgm_M169","116581","215","101781","0","2030/12/31 14:59:59","90","100450","0","101782","0","101782","110400032","110400031","0","斯卡普山系‧西麓 40-3","0","bgm_M169","-50","11040003","116611","116401","101400301","bgm_M169","211001000","-400","0","0","0","0","110400031","101783","0","11040","0","bgm_M169","1","110400033","101400307","0"
"60","1","0","2021/03/15 16:00:00","101400403","0","bgm_M169","10","101400402","10","0","10","bgm_M169","bgm_M169","116551","215","101621","0","2030/12/31 14:59:59","90","100450","0","101622","0","101622","110400042","110400041","0","斯卡普山系‧西麓 40-4","0","bgm_M169","-50","11040004","126281","126102","101400401","bgm_M169","211001000","-200","0","0","0","0","110400041","101623","0","11040","0","bgm_M169","1","110400043","101400407","0"
"-50","1","0","2021/03/15 16:00:00","101400504","0","bgm_M169","10","101400502","10","0","10","bgm_M169","bgm_M169","116581","215","100101","0","2030/12/31 14:59:59","90","100450","0","100102","0","100102","110400052","110400051","0","斯卡普山系‧西麓 40-5","0","bgm_M169","-50","11040005","116311","126162","101400501","bgm_M169","211001000","-50","0","0","0","0","110400051","100103","0","11040","0","bgm_M169","1","110400053","101400503","0"
"-170","1","0","2021/03/15 16:00:00","101400603","0","bgm_M169","10","101400607","10","0","10","bgm_M169","bgm_M169","116611","215","100101","0","2030/12/31 14:59:59","90","100020","0","100102","0","100102","110400062","110400061","0","斯卡普山系‧西麓 40-6","0","bgm_M169","-50","11040006","116461","126252","101400604","bgm_M169","211001000","-150","0","0","0","0","110400061","100103","0","11040","0","bgm_M169","1","110400063","101400606","0"
"-200","1","0","2021/03/15 16:00:00","101400702","0","bgm_M169","10","101400704","10","0","10","bgm_M169","bgm_M169","116551","215","102091","0","2030/12/31 14:59:59","90","100020","101400706","102092","0","102092","110400072","110400071","0","斯卡普山系‧西麓 40-7","0","bgm_M169","-50","11040007","126371","126222","101400701","bgm_M169","211001000","50","0","0","0","0","110400071","102093","0","11040","0","bgm_M169","1","110400073","101400707","0"
"-180","1","0","2021/03/15 16:00:00","101400803","0","bgm_M169","10","101400805","10","0","10","bgm_M169","bgm_M169","116611","215","101671","0","2030/12/31 14:59:59","90","100050","101400806","101672","0","101672","110400082","110400081","0","斯卡普山系‧西麓 40-8","0","bgm_M169","-50","11040008","116401","116132","101400801","bgm_M169","211001000","280","0","0","0","0","110400081","101673","0","11040","0","bgm_M169","1","110400083","101400807","0"
"-50","1","0","2021/03/15 16:00:00","101400906","0","bgm_M169","10","101400905","10","0","10","bgm_M169","bgm_M169","116581","215","101621","0","2030/12/31 14:59:59","90","100450","101400907","101622","0","101622","110400092","110400091","0","斯卡普山系‧西麓 40-9","0","bgm_M169","-50","11040009","116311","116072","101400901","bgm_M169","211001000","200","0","0","0","0","110400091","101623","0","11040","0","bgm_M169","1","110400093","101400903","0"
"50","1","0","2021/03/15 16:00:00","101401006","25011","bgm_M169","10","101401002","10","0","10","bgm_M169","bgm_M169","116611","215","100221","0","2030/12/31 14:59:59","90","100030","101401007","100222","0","100222","110400102","110400101","0","斯卡普山系‧西麓 40-10","0","bgm_M169","-50","11040010","116401","126012","101401004","bgm_M169","211001000","380","0","0","0","0","110400101","100223","0","11040","0","bgm_M169","1","110400103","101401003","0"
"-100","1","0","2021/03/15 16:00:00","101401107","25012","bgm_M169","10","101401102","10","0","10","bgm_M169","bgm_M169","116581","215","100941","0","2030/12/31 14:59:59","90","100030","101401104","100942","0","100942","110400112","110400111","0","斯卡普山系‧西麓 40-11","0","bgm_M169","-50","11040011","116461","116192","101401101","bgm_M169","211001000","450","0","0","0","0","110400111","100943","0","11040","0","bgm_M169","1","110400113","101401103","0"
"0","1","0","2021/03/15 16:00:00","101401203","25013","bgm_M169","10","101401205","10","0","10","bgm_M169","bgm_M169","126371","215","100221","0","2030/12/31 14:59:59","90","100030","101401204","100222","0","100222","110400122","110400121","0","斯卡普山系‧西麓 40-12","0","bgm_M169","-50","11040012","126252","126222","101401207","bgm_M169","211001000","590","0","0","0","0","110400121","100223","0","11040","0","bgm_M169","1","110400123","101401206","0"
"-100","1","0","2021/03/15 16:00:00","101401307","25014","bgm_M169","10","101401303","10","0","10","bgm_M169","bgm_M169","126281","215","100941","0","2030/12/31 14:59:59","90","100140","101401304","100942","0","100942","110400132","110400131","0","斯卡普山系‧西麓 40-13","0","bgm_M169","-50","11040013","126012","116072","101401301","bgm_M169","211001000","690","0","0","0","0","110400131","100943","0","11040","0","bgm_M169","1","110400133","101401306","0"
"40","1","9040155","2021/03/15 16:00:00","0","25015","bgm_M170","10","0","10","0","10","bgm_M170","bgm_M170","126341","215","100951","0","2030/12/31 14:59:59","90","100140","0","100952","9040156","100952","110400142","110400141","0","斯卡普山系‧西麓 40-14","0","bgm_M170","-50","11040014","116192","116042","101401410","bgm_M170","211001000","800","0","0","0","0","110400141","100953","0","11040","0","bgm_M170","1","110400143","0","0"
"-10","1","0","2021/04/16 16:00:00","101410103","0","bgm_M169","10","101410104","10","0","10","bgm_M169","bgm_M169","126281","215","101621","0","2030/12/31 14:59:59","90","100450","0","101622","0","101622","110410012","110410011","0","斯卡普山系‧東麓 41-1","0","bgm_M169","-50","11041001","126341","116042","101410101","bgm_M169","211001000","-760","0","0","0","0","110410011","101623","0","11041","0","bgm_M169","1","110410013","101410107","0"
"-90","1","0","2021/04/16 16:00:00","101410203","0","bgm_M169","10","101410205","10","0","10","bgm_M169","bgm_M169","126371","215","101621","0","2030/12/31 14:59:59","90","100450","0","101622","0","101622","110410022","110410021","0","斯卡普山系‧東麓 41-2","0","bgm_M169","-50","11041002","116461","126252","101410204","bgm_M169","211001000","-600","0","0","0","0","110410021","101623","0","11041","0","bgm_M169","1","110410023","101410206","0"
"0","1","0","2021/04/16 16:00:00","101410303","0","bgm_M169","10","101410304","10","0","10","bgm_M169","bgm_M169","116401","215","101621","0","2030/12/31 14:59:59","90","100450","0","101622","0","101622","110410032","110410031","0","斯卡普山系‧東麓 41-3","0","bgm_M169","-50","11041003","116311","126012","101410301","bgm_M169","211001000","-470","0","0","0","0","110410031","101623","0","11041","0","bgm_M169","1","110410033","101410307","0"
"100","1","0","2021/04/16 16:00:00","101410403","0","bgm_M169","10","101410405","10","0","10","bgm_M169","bgm_M169","116461","215","100101","0","2030/12/31 14:59:59","90","100030","0","100102","0","100102","110410042","110410041","0","斯卡普山系‧東麓 41-4","0","bgm_M169","-50","11041004","126222","116612","101410404","bgm_M169","211001000","-350","0","0","0","0","110410041","100103","0","11041","0","bgm_M169","1","110410043","101410407","0"
"-30","1","0","2021/04/16 16:00:00","101410507","0","bgm_M169","10","101410502","10","0","10","bgm_M169","bgm_M169","116311","215","100101","0","2030/12/31 14:59:59","90","100030","0","100102","0","100102","110410052","110410051","0","斯卡普山系‧東麓 41-5","0","bgm_M169","-50","11041005","126102","116552","101410501","bgm_M169","211001000","-260","0","0","0","0","110410051","100103","0","11041","0","bgm_M169","1","110410053","101410506","0"
"40","1","0","2021/04/16 16:00:00","101410603","0","bgm_M169","10","101410602","10","0","10","bgm_M169","bgm_M169","126341","215","100941","0","2030/12/31 14:59:59","90","100030","0","100942","0","100942","110410062","110410061","0","斯卡普山系‧東麓 41-6","0","bgm_M169","-50","11041006","126162","116582","101410604","bgm_M169","211001000","-120","0","0","0","0","110410061","100943","0","11041","0","bgm_M169","1","110410063","101410607","0"
"90","1","0","2021/04/16 16:00:00","101410703","0","bgm_M169","10","101410702","10","0","10","bgm_M169","bgm_M169","126281","215","100231","0","2030/12/31 14:59:59","90","100080","101410706","100232","0","100232","110410072","110410071","0","斯卡普山系‧東麓 41-7","0","bgm_M169","-50","11041007","116192","116552","101410701","bgm_M169","211001000","30","0","0","0","0","110410071","100233","0","11041","0","bgm_M169","1","110410073","101410707","0"
"-50","1","0","2021/04/16 16:00:00","101410805","0","bgm_M169","10","101410804","10","0","10","bgm_M169","bgm_M169","116461","215","100231","0","2030/12/31 14:59:59","90","100080","101410803","100232","0","100232","110410082","110410081","0","斯卡普山系‧東麓 41-8","0","bgm_M169","-50","11041008","126252","116612","101410802","bgm_M169","211001000","70","0","0","0","0","110410081","100233","0","11041","0","bgm_M169","1","110410083","101410807","0"
"-180","1","0","2021/04/16 16:00:00","101410907","0","bgm_M169","10","101410902","10","0","10","bgm_M169","bgm_M169","116401","215","100231","0","2030/12/31 14:59:59","90","100080","101410903","100232","0","100232","110410092","110410091","0","斯卡普山系‧東麓 41-9","0","bgm_M169","-50","11041009","116132","116552","101410901","bgm_M169","211001000","185","0","0","0","0","110410091","100233","0","11041","0","bgm_M169","1","110410093","101410906","0"
"-130","1","0","2021/04/16 16:00:00","101411007","25011","bgm_M169","10","101411006","10","0","10","bgm_M169","bgm_M169","116311","215","100941","0","2030/12/31 14:59:59","90","100140","101411003","100942","0","100942","110410102","110410101","0","斯卡普山系‧東麓 41-10","0","bgm_M169","-50","11041010","126222","116582","101411004","bgm_M169","211001000","340","0","0","0","0","110410101","100943","0","11041","0","bgm_M169","1","110410103","101411002","0"
"20","1","0","2021/04/16 16:00:00","101411106","25012","bgm_M169","10","101411105","10","0","10","bgm_M169","bgm_M169","126341","215","100941","0","2030/12/31 14:59:59","90","100140","101411104","100942","0","100942","110410112","110410111","0","斯卡普山系‧東麓 41-11","0","bgm_M169","-50","11041011","126162","116552","101411101","bgm_M169","211001000","280","0","0","0","0","110410111","100943","0","11041","0","bgm_M169","1","110410113","101411103","0"
"120","1","0","2021/04/16 16:00:00","101411207","25013","bgm_M169","10","101411202","10","0","10","bgm_M169","bgm_M169","116042","215","100941","0","2030/12/31 14:59:59","90","100140","101411204","100942","0","100942","110410122","110410121","0","斯卡普山系‧東麓 41-12","0","bgm_M169","-50","11041012","116552","116612","101411205","bgm_M169","211001000","420","0","0","0","0","110410121","100943","0","11041","0","bgm_M169","1","110410123","101411206","0"
"40","1","0","2021/04/16 16:00:00","101411307","25014","bgm_M169","10","101411305","10","0","10","bgm_M169","bgm_M169","116192","215","100941","0","2030/12/31 14:59:59","90","100140","101411304","100942","0","100942","110410132","110410131","0","斯卡普山系‧東麓 41-13","0","bgm_M169","-50","11041013","116612","116582","101411301","bgm_M169","211001000","550","0","0","0","0","110410131","100943","0","11041","0","bgm_M169","1","110410133","101411303","0"
"-80","1","9041155","2021/04/16 16:00:00","0","25015","bgm_M170","10","0","10","0","10","bgm_M170","bgm_M170","116072","215","100951","0","2030/12/31 14:59:59","90","100140","0","100952","9041156","100952","110410142","110410141","0","斯卡普山系‧東麓 41-14","0","bgm_M170","-50","11041014","116582","116552","101411410","bgm_M170","211001000","690","0","0","0","0","110410141","100953","0","11041","0","bgm_M170","1","110410143","0","0"
"-150","1","0","2021/05/17 16:00:00","101420106","0","bgm_M169","10","101420103","10","0","10","bgm_M169","bgm_M169","116132","215","101621","0","2030/12/31 14:59:59","90","100450","0","101622","0","101622","110420012","110420011","0","佩克托斯冰峰‧西壁 42-1","0","bgm_M169","-50","11042001","126102","116552","101420101","bgm_M169","211001000","-760","0","0","0","0","110420011","101623","0","11042","0","bgm_M169","1","110420013","101420104","0"
"-250","1","0","2021/05/17 16:00:00","101420206","0","bgm_M169","10","101420202","10","0","10","bgm_M169","bgm_M169","126012","215","101781","0","2030/12/31 14:59:59","90","100450","0","101782","0","101782","110420022","110420021","0","佩克托斯冰峰‧西壁 42-2","0","bgm_M169","-50","11042002","126222","116612","101420204","bgm_M169","211001000","-600","0","0","0","0","110420021","101783","0","11042","0","bgm_M169","1","110420023","101420205","0"
"-160","1","0","2021/05/17 16:00:00","101420303","0","bgm_M169","10","101420305","10","0","10","bgm_M169","bgm_M169","116042","215","101621","0","2030/12/31 14:59:59","90","100450","0","101622","0","101622","110420032","110420031","0","佩克托斯冰峰‧西壁 42-3","0","bgm_M169","-50","11042003","116072","116582","101420301","bgm_M169","211001000","-440","0","0","0","0","110420031","101623","0","11042","0","bgm_M169","1","110420033","101420306","0"
"-300","1","0","2021/05/17 16:00:00","101420406","0","bgm_M169","10","101420408","10","0","10","bgm_M169","bgm_M169","126222","215","100011","0","2030/12/31 14:59:59","90","100020","0","100012","0","100012","110420042","110420041","0","佩克托斯冰峰‧西壁 42-4","0","bgm_M169","-50","11042004","116612","116372","101420401","bgm_M169","211001000","-300","0","0","0","0","110420041","100013","0","11042","0","bgm_M169","1","110420043","101420403","0"
"-160","1","0","2021/05/17 16:00:00","101420506","0","bgm_M169","10","101420508","10","0","10","bgm_M169","bgm_M169","116192","215","100101","0","2030/12/31 14:59:59","90","100030","0","100102","0","100102","110420052","110420051","0","佩克托斯冰峰‧西壁 42-5","0","bgm_M169","-50","11042005","116582","126342","101420504","bgm_M169","211001000","-160","0","0","0","0","110420051","100103","0","11042","0","bgm_M169","1","110420053","101420503","0"
"-165","1","0","2021/05/17 16:00:00","101420603","0","bgm_M169","10","101420605","10","0","10","bgm_M169","bgm_M169","126012","215","100101","0","2030/12/31 14:59:59","90","100030","0","100102","0","100102","110420062","110420061","0","佩克托斯冰峰‧西壁 42-6","0","bgm_M169","-50","11042006","116552","116431","101420604","bgm_M169","211001000","38","0","0","0","0","110420061","100103","0","11042","0","bgm_M169","1","110420063","101420607","0"
"-310","1","0","2021/05/17 16:00:00","101420702","0","bgm_M169","10","101420704","10","0","10","bgm_M169","bgm_M169","116132","215","100101","0","2030/12/31 14:59:59","90","100030","101420703","100102","0","100102","110420072","110420071","0","佩克托斯冰峰‧西壁 42-7","0","bgm_M169","-50","11042007","116582","126282","101420701","bgm_M169","211001000","-70","0","0","0","0","110420071","100103","0","11042","0","bgm_M169","1","110420073","101420706","0"
"-360","1","0","2021/05/17 16:00:00","101420806","0","bgm_M169","10","101420802","10","0","10","bgm_M169","bgm_M169","126252","215","100101","0","2030/12/31 14:59:59","90","100030","101420807","100102","0","100102","110420082","110420081","0","佩克托斯冰峰‧西壁 42-8","0","bgm_M169","-50","11042008","116612","126521","101420801","bgm_M169","211001000","120","0","0","0","0","110420081","100103","0","11042","0","bgm_M169","1","110420083","101420805","0"
"-300","1","0","2021/05/17 16:00:00","101420907","0","bgm_M169","10","101420905","10","0","10","bgm_M169","bgm_M169","126162","215","100231","0","2030/12/31 14:59:59","90","100080","101420903","100232","0","100232","110420092","110420091","0","佩克托斯冰峰‧西壁 42-9","0","bgm_M169","-50","11042009","116552","116312","101420901","bgm_M169","211001000","300","0","0","0","0","110420091","100233","0","11042","0","bgm_M169","1","110420093","101420902","0"
"-140","1","0","2021/05/17 16:00:00","101421006","25011","bgm_M169","10","101421005","10","0","10","bgm_M169","bgm_M169","126222","215","100231","0","2030/12/31 14:59:59","90","100080","101421007","100232","0","100232","110420102","110420101","0","佩克托斯冰峰‧西壁 42-10","0","bgm_M169","-50","11042010","116582","116372","101421001","bgm_M169","211001000","220","0","0","0","0","110420101","100233","0","11042","0","bgm_M169","1","110420103","101421002","0"
"-100","1","0","2021/05/17 16:00:00","101421106","25012","bgm_M169","10","101421101","10","0","10","bgm_M169","bgm_M169","116072","215","100231","0","2030/12/31 14:59:59","90","100080","101421104","100232","0","100232","110420112","110420111","0","佩克托斯冰峰‧西壁 42-11","0","bgm_M169","-50","11042011","116552","126342","101421105","bgm_M169","211001000","450","0","0","0","0","110420111","100233","0","11042","0","bgm_M169","1","110420113","101421107","0"
"-280","1","0","2021/05/17 16:00:00","101421205","25013","bgm_M169","10","101421207","10","0","10","bgm_M169","bgm_M169","116582","215","100231","0","2030/12/31 14:59:59","90","100080","101421206","100232","0","100232","110420122","110420121","0","佩克托斯冰峰‧西壁 42-12","0","bgm_M169","-50","11042012","126282","116431","101421201","bgm_M169","211001000","480","0","0","0","0","110420121","100233","0","11042","0","bgm_M169","1","110420123","101421208","0"
"-240","1","0","2021/05/17 16:00:00","101421307","25014","bgm_M169","10","101421305","10","0","10","bgm_M169","bgm_M169","116612","215","100941","0","2030/12/31 14:59:59","90","100140","101421304","100942","0","100942","110420132","110420131","0","佩克托斯冰峰‧西壁 42-13","0","bgm_M169","-50","11042013","116372","126521","101421302","bgm_M169","211001000","665","0","0","0","0","110420131","100943","0","11042","0","bgm_M169","1","110420133","101421303","0"
"-140","1","9042155","2021/05/17 16:00:00","0","25015","bgm_M170","10","0","10","0","10","bgm_M170","bgm_M170","116552","215","100951","0","2030/12/31 14:59:59","90","100140","0","100952","9042156","100952","110420142","110420141","0","佩克托斯冰峰‧西壁 42-14","0","bgm_M170","-50","11042014","126342","116312","101421410","bgm_M170","211001000","820","0","0","0","0","110420141","100953","0","11042","0","bgm_M170","1","110420143","0","0"
"-300","1","0","2015/12/17 15:00:00","101430106","0","bgm_M169","10","101430104","10","0","10","bgm_M169","bgm_M169","116582","215","101621","0","2030/12/31 14:59:59","90","100450","0","101622","0","101622","110430012","110430011","0","佩克托斯冰峰‧東壁 43-1","0","bgm_M169","-50","11043001","116552","116431","101430101","bgm_M169","211001000","-800","0","0","0","0","110430011","101623","0","11043","0","bgm_M169","1","110430013","101430105","0"
"-220","1","0","2015/12/17 15:00:00","101430203","0","bgm_M169","10","101430202","10","0","10","bgm_M169","bgm_M169","116552","215","101781","0","2030/12/31 14:59:59","90","100450","0","101782","0","101782","110430022","110430021","0","佩克托斯冰峰‧東壁 43-2","0","bgm_M169","-50","11043002","116582","116312","101430201","bgm_M169","211001000","-650","0","0","0","0","110430021","101783","0","11043","0","bgm_M169","1","110430023","101430205","0"
"-400","1","0","2015/12/17 15:00:00","101430305","0","bgm_M169","10","101430304","10","0","10","bgm_M169","bgm_M169","116582","215","100011","0","2030/12/31 14:59:59","90","100020","0","100012","0","100012","110430032","110430031","0","佩克托斯冰峰‧東壁 43-3","0","bgm_M169","-50","11043003","116612","126521","101430301","bgm_M169","211001000","-670","0","0","0","0","110430031","100013","0","11043","0","bgm_M169","1","110430033","101430302","0"
"-420","1","0","2015/12/17 15:00:00","101430406","0","bgm_M169","10","101430405","10","0","10","bgm_M169","bgm_M169","116612","215","100011","0","2030/12/31 14:59:59","90","100020","0","100012","0","100012","110430042","110430041","0","佩克托斯冰峰‧東壁 43-4","0","bgm_M169","-50","11043004","116372","126223","101430404","bgm_M169","211001000","-470","0","0","0","0","110430041","100013","0","11043","0","bgm_M169","1","110430043","101430403","0"
"-190","1","0","2015/12/17 15:00:00","101430503","0","bgm_M169","10","101430506","10","0","10","bgm_M169","bgm_M169","116552","215","100101","0","2030/12/31 14:59:59","90","100030","0","100102","0","100102","110430052","110430051","0","佩克托斯冰峰‧東壁 43-5","0","bgm_M169","-50","11043005","126342","126253","101430501","bgm_M169","211001000","-420","0","0","0","0","110430051","100103","0","11043","0","bgm_M169","1","110430053","101430505","0"
"-250","1","0","2015/12/17 15:00:00","101430605","0","bgm_M169","10","101430604","10","0","10","bgm_M169","bgm_M169","116582","215","100101","0","2030/12/31 14:59:59","90","100030","0","100102","0","100102","110430062","110430061","0","佩克托斯冰峰‧東壁 43-6","0","bgm_M169","-50","11043006","126282","116073","101430601","bgm_M169","211001000","-230","0","0","0","0","110430061","100103","0","11043","0","bgm_M169","1","110430063","101430606","0"
"-430","1","0","2015/12/17 15:00:00","101430705","0","bgm_M169","10","101430702","10","0","10","bgm_M169","bgm_M169","116612","215","100101","0","2030/12/31 14:59:59","90","100030","101430706","100102","0","100102","110430072","110430071","0","佩克托斯冰峰‧東壁 43-7","0","bgm_M169","-50","11043007","126521","126163","101430701","bgm_M169","211001000","-300","0","0","0","0","110430071","100103","0","11043","0","bgm_M169","1","110430073","101430709","0"
"-400","1","0","2015/12/17 15:00:00","101430806","0","bgm_M169","10","101430805","10","0","10","bgm_M169","bgm_M169","116552","215","100101","0","2030/12/31 14:59:59","90","100030","101430803","100102","0","100102","110430082","110430081","0","佩克托斯冰峰‧東壁 43-8","0","bgm_M169","-50","11043008","116431","116043","101430801","bgm_M169","211001000","-80","0","0","0","0","110430081","100103","0","11043","0","bgm_M169","1","110430083","101430808","0"
"-220","1","0","2015/12/17 15:00:00","101430906","0","bgm_M169","10","101430904","10","0","10","bgm_M169","bgm_M169","116582","215","100941","0","2030/12/31 14:59:59","90","100140","101430903","100942","0","100942","110430092","110430091","0","佩克托斯冰峰‧東壁 43-9","0","bgm_M169","-50","11043009","116312","116133","101430901","bgm_M169","211001000","-40","0","0","0","0","110430091","100943","0","11043","0","bgm_M169","1","110430093","101430902","0"
"-340","1","0","2015/12/17 15:00:00","101431003","25011","bgm_M169","10","101431002","10","0","10","bgm_M169","bgm_M169","116552","215","100941","0","2030/12/31 14:59:59","90","100140","101431007","100942","0","100942","110430102","110430101","0","佩克托斯冰峰‧東壁 43-10","0","bgm_M169","-50","11043010","126342","116193","101431001","bgm_M169","211001000","100","0","0","0","0","110430101","100943","0","11043","0","bgm_M169","1","110430103","101431005","0"
"-250","1","0","2015/12/17 15:00:00","101431106","25012","bgm_M169","10","101431101","10","0","10","bgm_M169","bgm_M169","116612","215","100231","0","2030/12/31 14:59:59","90","100080","101431107","100232","0","100232","110430112","110430111","0","佩克托斯冰峰‧東壁 43-11","0","bgm_M169","-50","11043011","126282","126103","101431104","bgm_M169","211001000","240","0","0","0","0","110430111","100233","0","11043","0","bgm_M169","1","110430113","101431105","0"
"-430","1","0","2015/12/17 15:00:00","101431203","25013","bgm_M169","10","101431207","10","0","10","bgm_M169","bgm_M169","116431","215","100231","0","2030/12/31 14:59:59","90","100080","101431206","100232","0","100232","110430122","110430121","0","佩克托斯冰峰‧東壁 43-12","0","bgm_M169","-50","11043012","116073","126013","101431201","bgm_M169","211001000","310","0","0","0","0","110430121","100233","0","11043","0","bgm_M169","1","110430123","101431202","0"
"-270","1","0","2015/12/17 15:00:00","101431305","25014","bgm_M169","10","101431304","10","0","10","bgm_M169","bgm_M169","116372","215","100231","0","2030/12/31 14:59:59","90","100080","101431306","100232","0","100232","110430132","110430131","0","佩克托斯冰峰‧東壁 43-13","0","bgm_M169","-50","11043013","126253","126223","101431301","bgm_M169","211001000","430","0","0","0","0","110430131","100233","0","11043","0","bgm_M169","1","110430133","101431303","0"
"-400","1","9043155","2015/12/17 15:00:00","0","25015","bgm_M170","10","0","10","0","10","bgm_M170","bgm_M170","126342","215","100231","0","2030/12/31 14:59:59","90","100080","0","100232","9043156","100232","110430142","110430141","0","佩克托斯冰峰‧東壁 43-14","0","bgm_M170","-50","11043014","126163","116043","101431410","bgm_M170","211001000","560","0","0","0","0","110430141","100233","0","11043","0","bgm_M170","1","110430143","0","0"
"300","1","0","2015/12/17 15:00:00","101440107","0","bgm_M169","10","101440102","10","0","10","bgm_M169","bgm_M169","126521","215","100101","0","2030/12/31 14:59:59","90","100030","0","100102","0","100102","110440012","110440011","0","斯夸瑪冰脈‧西壁 44-1","0","bgm_M169","-50","11044001","126282","126223","101440101","bgm_M169","211001000","-800","0","0","0","0","110440011","100103","0","11044","0","bgm_M169","1","110440013","101440105","0"
"140","1","0","2015/12/17 15:00:00","101440206","0","bgm_M169","10","101440203","10","0","10","bgm_M169","bgm_M169","116312","215","101621","0","2030/12/31 14:59:59","90","100450","0","101622","0","101622","110440022","110440021","0","斯夸瑪冰脈‧西壁 44-2","0","bgm_M169","-50","11044002","126342","126013","101440201","bgm_M169","211001000","-680","0","0","0","0","110440021","101623","0","11044","0","bgm_M169","1","110440023","101440205","0"
"250","1","0","2015/12/17 15:00:00","101440307","0","bgm_M169","10","101440305","10","0","10","bgm_M169","bgm_M169","116431","215","100101","0","2030/12/31 14:59:59","90","100030","0","100102","0","100102","110440032","110440031","0","斯夸瑪冰脈‧西壁 44-3","0","bgm_M169","-50","11044003","116372","126253","101440304","bgm_M169","211001000","-530","0","0","0","0","110440031","100103","0","11044","0","bgm_M169","1","110440033","101440306","0"
"340","1","0","2015/12/17 15:00:00","101440402","0","bgm_M169","10","101440401","10","0","10","bgm_M169","bgm_M169","126282","215","100101","0","2030/12/31 14:59:59","90","100030","0","100102","0","100102","110440042","110440041","0","斯夸瑪冰脈‧西壁 44-4","0","bgm_M169","-50","11044004","126103","116553","101440405","bgm_M169","211001000","-370","0","0","0","0","110440041","100103","0","11044","0","bgm_M169","1","110440043","101440406","0"
"200","1","0","2015/12/17 15:00:00","101440507","0","bgm_M169","10","101440502","10","0","10","bgm_M169","bgm_M169","126342","215","100101","0","2030/12/31 14:59:59","90","100030","0","100102","0","100102","110440052","110440051","0","斯夸瑪冰脈‧西壁 44-5","0","bgm_M169","-50","11044005","116073","116583","101440501","bgm_M169","211001000","-260","0","0","0","0","110440051","100103","0","11044","0","bgm_M169","1","110440053","101440506","0"
"100","1","0","2015/12/17 15:00:00","101440603","0","bgm_M169","10","101440608","10","0","10","bgm_M169","bgm_M169","126521","215","101781","0","2030/12/31 14:59:59","90","100450","0","101782","0","101782","110440062","110440061","0","斯夸瑪冰脈‧西壁 44-6","0","bgm_M169","-50","11044006","126223","116613","101440601","bgm_M169","211001000","-420","0","0","0","0","110440061","101783","0","11044","0","bgm_M169","1","110440063","101440605","0"
"50","1","0","2015/12/17 15:00:00","101440708","0","bgm_M169","10","101440702","10","0","10","bgm_M169","bgm_M169","116312","215","100101","0","2030/12/31 14:59:59","90","100030","101440703","100102","0","100102","110440072","110440071","0","斯夸瑪冰脈‧西壁 44-7","0","bgm_M169","-50","11044007","116043","116553","101440710","bgm_M169","211001000","-170","0","0","0","0","110440071","100103","0","11044","0","bgm_M169","1","110440073","101440705","0"
"230","1","0","2015/12/17 15:00:00","101440804","0","bgm_M169","10","101440802","10","0","10","bgm_M169","bgm_M169","116372","215","100941","0","2030/12/31 14:59:59","90","100140","101440803","100942","0","100942","110440082","110440081","0","斯夸瑪冰脈‧西壁 44-8","0","bgm_M169","-50","11044008","126163","116583","101440801","bgm_M169","211001000","-70","0","0","0","0","110440081","100943","0","11044","0","bgm_M169","1","110440083","101440810","0"
"100","1","0","2015/12/17 15:00:00","101440907","0","bgm_M169","10","101440902","10","0","10","bgm_M169","bgm_M169","126521","215","100941","0","2030/12/31 14:59:59","90","100140","101440903","100942","0","100942","110440092","110440091","0","斯夸瑪冰脈‧西壁 44-9","0","bgm_M169","-50","11044009","126253","116613","101440901","bgm_M169","211001000","50","0","0","0","0","110440091","100943","0","11044","0","bgm_M169","1","110440093","101440906","0"
"250","1","0","2015/12/17 15:00:00","101441003","25011","bgm_M169","10","101441002","10","0","10","bgm_M169","bgm_M169","116431","215","100231","0","2030/12/31 14:59:59","90","100080","101441006","100232","0","100232","110440102","110440101","0","斯夸瑪冰脈‧西壁 44-10","0","bgm_M169","-50","11044010","116133","116553","101441004","bgm_M169","211001000","160","0","0","0","0","110440101","100233","0","11044","0","bgm_M169","1","110440103","101441007","0"
"330","1","0","2015/12/17 15:00:00","101441107","25012","bgm_M169","10","101441102","10","0","10","bgm_M169","bgm_M169","126282","215","100231","0","2030/12/31 14:59:59","90","100080","101441103","100232","0","100232","110440112","110440111","0","斯夸瑪冰脈‧西壁 44-11","0","bgm_M169","-50","11044011","116193","116583","101441101","bgm_M169","211001000","320","0","0","0","0","110440111","100233","0","11044","0","bgm_M169","1","110440113","101441106","0"
"270","1","0","2015/12/17 15:00:00","101441202","25013","bgm_M169","10","101441207","10","0","10","bgm_M169","bgm_M169","116073","215","100231","0","2030/12/31 14:59:59","90","100080","101441206","100232","0","100232","110440122","110440121","0","斯夸瑪冰脈‧西壁 44-12","0","bgm_M169","-50","11044012","116613","116553","101441201","bgm_M169","211001000","500","0","0","0","0","110440121","100233","0","11044","0","bgm_M169","1","110440123","101441208","0"
"140","1","0","2015/12/17 15:00:00","101441303","25014","bgm_M169","10","101441305","10","0","10","bgm_M169","bgm_M169","126013","215","100231","0","2030/12/31 14:59:59","90","100080","101441307","100232","0","100232","110440132","110440131","0","斯夸瑪冰脈‧西壁 44-13","0","bgm_M169","-50","11044013","116553","116583","101441301","bgm_M169","211001000","300","0","0","0","0","110440131","100233","0","11044","0","bgm_M169","1","110440133","101441306","0"
"100","1","9044155","2015/12/17 15:00:00","0","25015","bgm_M170","10","0","10","0","10","bgm_M170","bgm_M170","126223","215","100231","0","2030/12/31 14:59:59","90","100080","0","100232","9044156","100232","110440142","110440141","0","斯夸瑪冰脈‧西壁 44-14","0","bgm_M170","-50","11044014","116583","116613","101441410","bgm_M170","211001000","470","0","0","0","0","110440141","100233","0","11044","0","bgm_M170","1","110440143","0","0"
"450","1","0","2021/08/17 16:00:00","101450106","0","bgm_M169","10","101450102","10","0","10","bgm_M169","bgm_M169","116133","215","101621","0","2030/12/31 14:59:59","90","100450","0","101622","0","101622","110450012","110450011","0","斯夸瑪冰脈‧東壁 45-1","0","bgm_M169","-50","11045001","126013","116553","101450101","bgm_M169","211001000","-800","0","0","0","0","110450011","101623","0","11045","0","bgm_M169","1","110450013","101450105","0"
"500","1","0","2021/08/17 16:00:00","101450205","0","bgm_M169","10","101450202","10","0","10","bgm_M169","bgm_M169","116073","215","100101","0","2030/12/31 14:59:59","90","100030","0","100102","0","100102","110450022","110450021","0","斯夸瑪冰脈‧東壁 45-2","0","bgm_M169","-50","11045002","116043","116583","101450201","bgm_M169","211001000","-650","0","0","0","0","110450021","100103","0","11045","0","bgm_M169","1","110450023","101450206","0"
"580","1","0","2021/08/17 16:00:00","101450309","0","bgm_M169","10","101450310","10","0","10","bgm_M169","bgm_M169","126253","215","100101","0","2030/12/31 14:59:59","90","100030","0","100102","0","100102","110450032","110450031","0","斯夸瑪冰脈‧東壁 45-3","0","bgm_M169","-50","11045003","126223","116613","101450304","bgm_M169","211001000","-500","0","0","0","0","110450031","100103","0","11045","0","bgm_M169","1","110450033","101450302","0"
"450","1","0","2021/08/17 16:00:00","101450406","0","bgm_M169","10","101450402","10","0","10","bgm_M169","bgm_M169","126163","215","100101","0","2030/12/31 14:59:59","90","100030","0","100102","0","100102","110450042","110450041","0","斯夸瑪冰脈‧東壁 45-4","0","bgm_M169","-50","11045004","116553","116491","101450401","bgm_M169","211001000","-400","0","0","0","0","110450041","100103","0","11045","0","bgm_M169","1","110450043","101450405","0"
"500","1","0","2021/08/17 16:00:00","101450507","0","bgm_M169","10","101450508","10","0","10","bgm_M169","bgm_M169","116043","215","100101","0","2030/12/31 14:59:59","90","100030","0","100102","0","100102","110450052","110450051","0","斯夸瑪冰脈‧東壁 45-5","0","bgm_M169","-50","11045005","116583","116462","101450501","bgm_M169","211001000","-260","0","0","0","0","110450051","100103","0","11045","0","bgm_M169","1","110450053","101450502","0"
"550","1","0","2021/08/17 16:00:00","101450603","0","bgm_M169","10","101450606","10","0","10","bgm_M169","bgm_M169","126103","215","100231","0","2030/12/31 14:59:59","90","100080","0","100232","0","100232","110450062","110450061","0","斯夸瑪冰脈‧東壁 45-6","0","bgm_M169","-50","11045006","116553","126343","101450604","bgm_M169","211001000","-100","0","0","0","0","110450061","100233","0","11045","0","bgm_M169","1","110450063","101450602","0"
"400","1","0","2021/08/17 16:00:00","101450705","0","bgm_M169","10","101450702","10","0","10","bgm_M169","bgm_M169","116193","215","100231","0","2030/12/31 14:59:59","90","100080","101450704","100232","0","100232","110450072","110450071","0","斯夸瑪冰脈‧東壁 45-7","0","bgm_M169","-50","11045007","116583","116313","101450701","bgm_M169","211001000","-80","0","0","0","0","110450071","100233","0","11045","0","bgm_M169","1","110450073","101450707","0"
"250","1","0","2021/08/17 16:00:00","101450808","0","bgm_M169","10","101450809","10","0","10","bgm_M169","bgm_M169","126223","215","100231","0","2030/12/31 14:59:59","90","100080","101450806","100232","0","100232","110450082","110450081","0","斯夸瑪冰脈‧東壁 45-8","0","bgm_M169","-50","11045008","116613","126373","101450810","bgm_M169","211001000","30","0","0","0","0","110450081","100233","0","11045","0","bgm_M169","1","110450083","101450807","0"
"360","1","0","2021/08/17 16:00:00","101450907","0","bgm_M169","10","101450904","10","0","10","bgm_M169","bgm_M169","126013","215","100941","0","2030/12/31 14:59:59","90","100140","101450903","100942","0","100942","110450092","110450091","0","斯夸瑪冰脈‧東壁 45-9","0","bgm_M169","-50","11045009","116553","126283","101450901","bgm_M169","211001000","180","0","0","0","0","110450091","100943","0","11045","0","bgm_M169","1","110450093","101450902","0"
"520","1","0","2021/08/17 16:00:00","101451006","25011","bgm_M169","10","101451005","10","0","10","bgm_M169","bgm_M169","116133","215","100941","0","2030/12/31 14:59:59","90","100140","101451004","100942","0","100942","110450102","110450101","0","斯夸瑪冰脈‧東壁 45-10","0","bgm_M169","-50","11045010","116583","116491","101451001","bgm_M169","211001000","100","0","0","0","0","110450101","100943","0","11045","0","bgm_M169","1","110450103","101451003","0"
"480","1","0","2021/08/17 16:00:00","101451105","25012","bgm_M169","10","101451107","10","0","10","bgm_M169","bgm_M169","126253","215","100231","0","2030/12/31 14:59:59","90","100080","101451108","100232","0","100232","110450112","110450111","0","斯夸瑪冰脈‧東壁 45-11","0","bgm_M169","-50","11045011","116613","116462","101451101","bgm_M169","211001000","330","0","0","0","0","110450111","100233","0","11045","0","bgm_M169","1","110450113","101451102","0"
"500","1","0","2021/08/17 16:00:00","101451207","25013","bgm_M169","10","101451202","10","0","10","bgm_M169","bgm_M169","116583","215","100231","0","2030/12/31 14:59:59","90","100080","101451203","100232","0","100232","110450122","110450121","0","斯夸瑪冰脈‧東壁 45-12","0","bgm_M169","-50","11045012","116313","126343","101451201","bgm_M169","211001000","530","0","0","0","0","110450121","100233","0","11045","0","bgm_M169","1","110450123","101451206","0"
"300","1","0","2021/08/17 16:00:00","101451307","25014","bgm_M169","10","101451301","10","0","10","bgm_M169","bgm_M169","116613","215","100231","0","2030/12/31 14:59:59","90","100080","101451304","100232","0","100232","110450132","110450131","0","斯夸瑪冰脈‧東壁 45-13","0","bgm_M169","-50","11045013","116462","126373","101451305","bgm_M169","211001000","400","0","0","0","0","110450131","100233","0","11045","0","bgm_M169","1","110450133","101451303","0"
"320","1","9045155","2021/08/17 16:00:00","0","25015","bgm_M170","10","0","10","0","10","bgm_M170","bgm_M170","116553","215","100231","0","2030/12/31 14:59:59","90","100080","0","100232","9045156","100232","110450142","110450141","0","斯夸瑪冰脈‧東壁 45-14","0","bgm_M170","-50","11045014","116491","126283","101451410","bgm_M170","211001000","600","0","0","0","0","110450141","100233","0","11045","0","bgm_M170","1","110450143","0","0"
"400","1","0","2021/09/16 16:00:00","101460105","0","bgm_M169","10","101460102","10","0","10","bgm_M169","bgm_M169","116613","215","100101","0","2030/12/31 14:59:59","90","100030","0","100102","0","100102","110460012","110460011","0","拉泰里山脈‧崖上 46-1","0","bgm_M169","-50","11046001","116553","116462","101460101","bgm_M169","211001000","-800","0","0","0","0","110460011","100103","0","11046","0","bgm_M169","1","110460013","101460108","0"
"520","1","0","2021/09/16 16:00:00","101460207","0","bgm_M169","10","101460206","10","0","10","bgm_M169","bgm_M169","116583","215","100231","0","2030/12/31 14:59:59","90","100080","0","100232","0","100232","110460022","110460021","0","拉泰里山脈‧崖上 46-2","0","bgm_M169","-50","11046002","116613","116491","101460204","bgm_M169","211001000","-650","0","0","0","0","110460021","100233","0","11046","0","bgm_M169","1","110460023","101460202","0"
"360","1","0","2021/09/16 16:00:00","101460303","0","bgm_M169","10","101460306","10","0","10","bgm_M169","bgm_M169","116553","215","100231","0","2030/12/31 14:59:59","90","100080","0","100232","0","100232","110460032","110460031","0","拉泰里山脈‧崖上 46-3","0","bgm_M169","-50","11046003","116583","116313","101460304","bgm_M169","211001000","-550","0","0","0","0","110460031","100233","0","11046","0","bgm_M169","1","110460033","101460307","0"
"500","1","0","2021/09/16 16:00:00","101460408","0","bgm_M169","10","101460402","10","0","10","bgm_M169","bgm_M169","116553","215","100231","0","2030/12/31 14:59:59","90","100080","0","100232","0","100232","110460042","110460041","0","拉泰里山脈‧崖上 46-4","0","bgm_M169","-50","11046004","126343","127011","101460401","bgm_M169","211001000","-400","0","0","0","0","110460041","100233","0","11046","0","bgm_M169","1","110460043","101460404","0"
"470","1","0","2021/09/16 16:00:00","101460503","0","bgm_M169","10","101460502","10","0","10","bgm_M169","bgm_M169","116613","215","100231","0","2030/12/31 14:59:59","90","100080","0","100232","0","100232","110460052","110460051","0","拉泰里山脈‧崖上 46-5","0","bgm_M169","-50","11046005","126373","117191","101460501","bgm_M169","211001000","-200","0","0","0","0","110460051","100233","0","11046","0","bgm_M169","1","110460053","101460506","0"
"300","1","0","2021/09/16 16:00:00","101460603","0","bgm_M169","10","101460605","10","0","10","bgm_M169","bgm_M169","116553","215","100941","0","2030/12/31 14:59:59","90","100140","0","100942","0","100942","110460062","110460061","0","拉泰里山脈‧崖上 46-6","0","bgm_M169","-50","11046006","126283","117071","101460604","bgm_M169","211001000","-320","0","0","0","0","110460061","100943","0","11046","0","bgm_M169","1","110460063","101460602","0"
"250","1","0","2021/09/16 16:00:00","101460706","0","bgm_M169","10","101460704","10","0","10","bgm_M169","bgm_M169","116613","215","100941","0","2030/12/31 14:59:59","90","100140","101460707","100942","0","100942","110460072","110460071","0","拉泰里山脈‧崖上 46-7","0","bgm_M169","-50","11046007","116491","127251","101460701","bgm_M169","211001000","-120","0","0","0","0","110460071","100943","0","11046","0","bgm_M169","1","110460073","101460702","0"
"400","1","0","2021/09/16 16:00:00","101460806","0","bgm_M169","10","101460808","10","0","10","bgm_M169","bgm_M169","116553","215","100101","0","2030/12/31 14:59:59","90","100030","101460807","100102","0","100102","110460082","110460081","0","拉泰里山脈‧崖上 46-8","0","bgm_M169","-50","11046008","116462","117131","101460801","bgm_M169","211001000","0","0","0","0","0","110460081","100103","0","11046","0","bgm_M169","1","110460083","101460805","0"
"240","1","0","2021/09/16 16:00:00","101460908","0","bgm_M169","10","101460903","10","0","10","bgm_M169","bgm_M169","116583","215","101621","0","2030/12/31 14:59:59","90","100450","101460905","101622","0","101622","110460092","110460091","0","拉泰里山脈‧崖上 46-9","0","bgm_M169","-50","11046009","126343","117041","101460901","bgm_M169","211001000","150","0","0","0","0","110460091","101623","0","11046","0","bgm_M169","1","110460093","101460907","0"
"390","1","0","2021/09/16 16:00:00","101461010","25011","bgm_M169","10","101461003","10","0","10","bgm_M169","bgm_M169","116553","215","101621","0","2030/12/31 14:59:59","90","100450","101461007","101622","0","101622","110460102","110460101","0","拉泰里山脈‧崖上 46-10","0","bgm_M169","-50","11046010","116313","127101","101461001","bgm_M169","211001000","250","0","0","0","0","110460101","101623","0","11046","0","bgm_M169","1","110460103","101461005","0"
"270","1","0","2021/09/16 16:00:00","101461106","25012","bgm_M169","10","101461103","10","0","10","bgm_M169","bgm_M169","116583","215","101621","0","2030/12/31 14:59:59","90","100450","101461105","101622","0","101622","110460112","110460111","0","拉泰里山脈‧崖上 46-11","0","bgm_M169","-50","11046011","126373","127161","101461101","bgm_M169","211001000","400","0","0","0","0","110460111","101623","0","11046","0","bgm_M169","1","110460113","101461104","0"
"370","1","0","2021/09/16 16:00:00","101461206","25013","bgm_M169","10","101461207","10","0","10","bgm_M169","bgm_M169","126283","215","101621","0","2030/12/31 14:59:59","90","100450","101461208","101622","0","101622","110460122","110460121","0","拉泰里山脈‧崖上 46-12","0","bgm_M169","-50","11046012","127011","117191","101461204","bgm_M169","211001000","580","0","0","0","0","110460121","101623","0","11046","0","bgm_M169","1","110460123","101461203","0"
"500","1","0","2021/09/16 16:00:00","101461307","25014","bgm_M169","10","101461302","10","0","10","bgm_M169","bgm_M169","116491","215","101621","0","2030/12/31 14:59:59","90","100450","101461305","101622","0","101622","110460132","110460131","0","拉泰里山脈‧崖上 46-13","0","bgm_M169","-50","11046013","127251","127221","101461306","bgm_M169","211001000","400","0","0","0","0","110460131","101623","0","11046","0","bgm_M169","1","110460133","101461303","0"
"510","1","9046155","2021/09/16 16:00:00","0","25015","bgm_M170","10","0","10","0","10","bgm_M170","bgm_M170","116462","215","101121","0","2030/12/31 14:59:59","90","100150","0","101122","9046156","101122","110460142","110460141","0","拉泰里山脈‧崖上 46-14","0","bgm_M170","-50","11046014","117131","117071","101461410","bgm_M170","211001000","680","0","0","0","0","110460141","101123","0","11046","0","bgm_M170","1","110460143","0","0"
"70","1","0","2021/10/15 16:00:00","101470103","0","bgm_M169","10","101470102","10","0","10","bgm_M169","bgm_M169","126373","215","100101","0","2030/12/31 14:59:59","90","100030","0","100102","0","100102","110470012","110470011","0","拉泰里山脈‧崖下 47-1","0","bgm_M169","-50","11047001","116462","127221","101470104","bgm_M169","211001000","-800","0","0","0","0","110470011","100103","0","11047","0","bgm_M169","1","110470013","101470106","0"
"-80","1","0","2021/10/15 16:00:00","101470203","0","bgm_M169","10","101470205","10","0","10","bgm_M169","bgm_M169","116491","215","100101","0","2030/12/31 14:59:59","90","100030","0","100102","0","100102","110470022","110470021","0","拉泰里山脈‧崖下 47-2","0","bgm_M169","-50","11047002","126343","127011","101470201","bgm_M169","211001000","-680","0","0","0","0","110470021","100103","0","11047","0","bgm_M169","1","110470023","101470202","0"
"50","1","0","2021/10/15 16:00:00","101470303","0","bgm_M169","10","101470302","10","0","10","bgm_M169","bgm_M169","126283","215","100101","0","2030/12/31 14:59:59","90","100030","0","100102","0","100102","110470032","110470031","0","拉泰里山脈‧崖下 47-3","0","bgm_M169","-50","11047003","116313","117071","101470301","bgm_M169","211001000","-530","0","0","0","0","110470031","100103","0","11047","0","bgm_M169","1","110470033","101470306","0"
"130","1","0","2021/10/15 16:00:00","101470406","0","bgm_M169","10","101470402","10","0","10","bgm_M169","bgm_M169","126343","215","100101","0","2030/12/31 14:59:59","90","100030","0","100102","0","100102","110470042","110470041","0","拉泰里山脈‧崖下 47-4","0","bgm_M169","-50","11047004","127101","117551","101470404","bgm_M169","211001000","-400","0","0","0","0","110470041","100103","0","11047","0","bgm_M169","1","110470043","101470403","0"
"-50","1","0","2021/10/15 16:00:00","101470503","0","bgm_M169","10","101470504","10","0","10","bgm_M169","bgm_M169","116313","215","101621","0","2030/12/31 14:59:59","90","100450","0","101622","0","101622","110470052","110470051","0","拉泰里山脈‧崖下 47-5","0","bgm_M169","-50","11047005","127161","117581","101470501","bgm_M169","211001000","-320","0","0","0","0","110470051","101623","0","11047","0","bgm_M169","1","110470053","101470506","0"
"50","1","0","2021/10/15 16:00:00","101470604","0","bgm_M169","10","101470605","10","0","10","bgm_M169","bgm_M169","116462","215","101621","0","2030/12/31 14:59:59","90","100450","0","101622","0","101622","110470062","110470061","0","拉泰里山脈‧崖下 47-6","0","bgm_M169","-50","11047006","127221","117611","101470601","bgm_M169","211001000","-180","0","0","0","0","110470061","101623","0","11047","0","bgm_M169","1","110470063","101470606","0"
"-130","1","0","2021/10/15 16:00:00","101470703","0","bgm_M169","10","101470702","10","0","10","bgm_M169","bgm_M169","116491","215","101621","0","2030/12/31 14:59:59","90","100450","101470706","101622","0","101622","110470072","110470071","0","拉泰里山脈‧崖下 47-7","0","bgm_M169","-50","11047007","127011","117551","101470701","bgm_M169","211001000","-130","0","0","0","0","110470071","101623","0","11047","0","bgm_M169","1","110470073","101470707","0"
"-20","1","0","2021/10/15 16:00:00","101470807","0","bgm_M169","10","101470802","10","0","10","bgm_M169","bgm_M169","126283","215","101621","0","2030/12/31 14:59:59","90","100450","101470803","101622","0","101622","110470082","110470081","0","拉泰里山脈‧崖下 47-8","0","bgm_M169","-50","11047008","117041","117581","101470801","bgm_M169","211001000","20","0","0","0","0","110470081","101623","0","11047","0","bgm_M169","1","110470083","101470806","0"
"20","1","0","2021/10/15 16:00:00","101470906","0","bgm_M169","10","101470902","10","0","10","bgm_M169","bgm_M169","126373","215","101621","0","2030/12/31 14:59:59","90","100450","101470903","101622","0","101622","110470092","110470091","0","拉泰里山脈‧崖下 47-9","0","bgm_M169","-50","11047009","127251","117611","101470901","bgm_M169","211001000","180","0","0","0","0","110470091","101623","0","11047","0","bgm_M169","1","110470093","101470908","0"
"-130","1","0","2021/10/15 16:00:00","101471006","25011","bgm_M169","10","101471002","10","0","10","bgm_M169","bgm_M169","126343","215","101621","0","2030/12/31 14:59:59","90","100450","101471005","101622","0","101622","110470102","110470101","0","拉泰里山脈‧崖下 47-10","0","bgm_M169","-50","11047010","127161","117551","101471001","bgm_M169","211001000","250","0","0","0","0","110470101","101623","0","11047","0","bgm_M169","1","110470103","101471004","0"
"20","1","0","2021/10/15 16:00:00","101471106","25012","bgm_M169","10","101471105","10","0","10","bgm_M169","bgm_M169","116462","215","101111","0","2030/12/31 14:59:59","90","100150","101471103","101112","0","101112","110470112","110470111","0","拉泰里山脈‧崖下 47-11","0","bgm_M169","-50","11047011","127101","117581","101471104","bgm_M169","211001000","400","0","0","0","0","110470111","101113","0","11047","0","bgm_M169","1","110470113","101471108","0"
"30","1","0","2021/10/15 16:00:00","101471206","25013","bgm_M169","10","101471209","10","0","10","bgm_M169","bgm_M169","117131","215","101111","0","2030/12/31 14:59:59","90","100150","101471207","101112","0","101112","110470122","110470121","0","拉泰里山脈‧崖下 47-12","0","bgm_M169","-50","11047012","117611","117551","101471201","bgm_M169","211001000","650","0","0","0","0","110470121","101113","0","11047","0","bgm_M169","1","110470123","101471202","0"
"-170","1","0","2021/10/15 16:00:00","101471303","25014","bgm_M169","10","101471302","10","0","10","bgm_M169","bgm_M169","117191","215","101081","0","2030/12/31 14:59:59","90","100150","101471307","101082","0","101082","110470132","110470131","0","拉泰里山脈‧崖下 47-13","0","bgm_M169","-50","11047013","117551","117581","101471304","bgm_M169","211001000","500","0","0","0","0","110470131","101083","0","11047","0","bgm_M169","1","110470133","101471308","0"
"-150","1","9047155","2021/10/15 16:00:00","0","25015","bgm_M170","10","101471408","10","0","10","bgm_M170","bgm_M170","127251","215","101091","0","2030/12/31 14:59:59","90","100150","0","101092","9047156","101092","110470142","110470141","0","拉泰里山脈‧崖下 47-14","0","bgm_M170","-50","11047014","117581","117611","101471410","bgm_M170","211001000","750","0","0","0","0","110470141","101093","0","11047","0","bgm_M170","1","110470143","101471409","0"
"70","1","0","2021/11/15 16:00:00","101480107","0","bgm_M169","10","101480105","10","0","10","bgm_M169","bgm_M169","117041","215","100101","0","2030/12/31 14:59:59","90","100030","0","100102","0","100102","110480012","110480011","0","埃斯塔荒野‧南部 48-1","0","bgm_M169","-50","11048001","117071","117551","101480101","bgm_M169","211001000","-800","0","0","0","0","110480011","100103","0","11048","0","bgm_M169","2","110480013","101480103","0"
"-80","1","0","2021/11/15 16:00:00","101480203","0","bgm_M169","10","101480202","10","0","10","bgm_M169","bgm_M169","127251","215","101621","0","2030/12/31 14:59:59","90","100450","0","101622","0","101622","110480022","110480021","0","埃斯塔荒野‧南部 48-2","0","bgm_M169","-50","11048002","127221","117611","101480201","bgm_M169","211001000","-680","0","0","0","0","110480021","101623","0","11048","0","bgm_M169","2","110480023","101480206","0"
"10","1","0","2021/11/15 16:00:00","101480303","0","bgm_M169","10","101480301","10","0","10","bgm_M169","bgm_M169","117191","215","101621","0","2030/12/31 14:59:59","90","100450","0","101622","0","101622","110480032","110480031","0","埃斯塔荒野‧南部 48-3","0","bgm_M169","-50","11048003","127161","117581","101480304","bgm_M169","211001000","-530","0","0","0","0","110480031","101623","0","11048","0","bgm_M169","2","110480033","101480302","0"
"80","1","0","2021/11/15 16:00:00","101480403","0","bgm_M169","10","101480407","10","0","10","bgm_M169","bgm_M169","127221","215","101621","0","2030/12/31 14:59:59","90","100450","0","101622","0","101622","110480042","110480041","0","埃斯塔荒野‧南部 48-4","0","bgm_M169","-50","11048004","117611","127371","101480404","bgm_M169","211001000","-400","0","0","0","0","110480041","101623","0","11048","0","bgm_M169","2","110480043","101480405","0"
"-100","1","0","2021/11/15 16:00:00","101480503","0","bgm_M169","10","101480504","10","0","10","bgm_M169","bgm_M169","127101","215","101621","0","2030/12/31 14:59:59","90","100450","0","101622","0","101622","110480052","110480051","0","埃斯塔荒野‧南部 48-5","0","bgm_M169","-50","11048005","117581","117311","101480501","bgm_M169","211001000","-320","0","0","0","0","110480051","101623","0","11048","0","bgm_M169","2","110480053","101480506","0"
"30","1","0","2021/11/15 16:00:00","101480606","0","bgm_M169","10","101480607","10","0","10","bgm_M169","bgm_M169","127011","215","101621","0","2030/12/31 14:59:59","90","100450","0","101622","0","101622","110480062","110480061","0","埃斯塔荒野‧南部 48-6","0","bgm_M169","-50","11048006","117551","127281","101480601","bgm_M169","211001000","-180","0","0","0","0","110480061","101623","0","11048","0","bgm_M169","2","110480063","101480608","0"
"70","1","0","2021/11/15 16:00:00","101480707","0","bgm_M169","10","101480702","10","0","10","bgm_M169","bgm_M169","127251","215","101051","0","2030/12/31 14:59:59","90","100150","101480708","101052","0","101052","110480072","110480071","0","埃斯塔荒野‧南部 48-7","0","bgm_M169","-50","11048007","117611","117461","101480701","bgm_M169","211001000","10","0","0","0","0","110480071","101053","0","11048","0","bgm_M169","2","110480073","101480703","0"
"-100","1","0","2021/11/15 16:00:00","101480806","0","bgm_M169","10","101480805","10","0","10","bgm_M169","bgm_M169","117131","215","101111","0","2030/12/31 14:59:59","90","100150","101480807","101112","0","101112","110480082","110480081","0","埃斯塔荒野‧南部 48-8","0","bgm_M169","-50","11048008","117581","127341","101480801","bgm_M169","211001000","-50","0","0","0","0","110480081","101113","0","11048","0","bgm_M169","2","110480083","101480802","0"
"20","1","0","2021/11/15 16:00:00","101480908","0","bgm_M169","10","101480902","10","0","10","bgm_M169","bgm_M169","117071","215","101111","0","2030/12/31 14:59:59","90","100150","101480903","101112","0","101112","110480092","110480091","0","埃斯塔荒野‧南部 48-9","0","bgm_M169","-50","11048009","117551","117491","101480901","bgm_M169","211001000","180","0","0","0","0","110480091","101113","0","11048","0","bgm_M169","2","110480093","101480906","0"
"-40","1","0","2021/11/15 16:00:00","101481007","25011","bgm_M169","10","101481002","10","0","10","bgm_M169","bgm_M169","127221","215","101111","0","2030/12/31 14:59:59","90","100150","101481005","101112","0","101112","110480102","110480101","0","埃斯塔荒野‧南部 48-10","0","bgm_M169","-50","11048010","117581","127371","101481001","bgm_M169","211001000","400","0","0","0","0","110480101","101113","0","11048","0","bgm_M169","2","110480103","101481006","0"
"-150","1","0","2021/11/15 16:00:00","101481108","25012","bgm_M169","10","101481107","10","0","10","bgm_M169","bgm_M169","127161","215","101111","0","2030/12/31 14:59:59","90","100150","101481103","101112","0","101112","110480112","110480111","0","埃斯塔荒野‧南部 48-11","0","bgm_M169","-50","11048011","117551","127341","101481101","bgm_M169","211001000","150","0","0","0","0","110480111","101113","0","11048","0","bgm_M169","2","110480113","101481105","0"
"-240","1","0","2021/11/15 16:00:00","101481203","25013","bgm_M169","10","101481202","10","0","10","bgm_M169","bgm_M169","117611","215","101111","0","2030/12/31 14:59:59","90","100150","101481207","101112","0","101112","110480122","110480121","0","埃斯塔荒野‧南部 48-12","0","bgm_M169","-50","11048012","127371","117461","101481201","bgm_M169","211001000","350","0","0","0","0","110480121","101113","0","11048","0","bgm_M169","2","110480123","101481202","0"
"-170","1","0","2021/11/15 16:00:00","101481308","25014","bgm_M169","10","101481304","10","0","10","bgm_M169","bgm_M169","117581","215","101111","0","2030/12/31 14:59:59","90","100150","101481303","101112","0","101112","110480132","110480131","0","埃斯塔荒野‧南部 48-13","0","bgm_M169","-50","11048013","117491","117311","101481301","bgm_M169","211001000","550","0","0","0","0","110480131","101113","0","11048","0","bgm_M169","2","110480133","101481302","0"
"-40","1","9048155","2021/11/15 16:00:00","0","25015","bgm_M170","10","0","10","0","10","bgm_M170","bgm_M170","117551","215","101091","0","2030/12/31 14:59:59","90","100150","0","101092","9048156","101092","110480142","110480141","0","埃斯塔荒野‧南部 48-14","0","bgm_M170","-50","11048014","127281","127341","101481410","bgm_M170","211001000","700","0","0","0","0","110480141","101093","0","11048","0","bgm_M170","2","110480143","0","0"
"70","1","0","2021/12/15 16:00:00","101490103","0","bgm_M169","10","101490104","10","0","10","bgm_M169","bgm_M169","117581","215","100101","0","2030/12/31 14:59:59","90","100030","0","100102","0","100102","110490012","110490011","0","埃斯塔荒野‧北部 49-1","0","bgm_M169","-50","11049001","117611","117461","101490101","bgm_M169","211001000","-800","0","0","0","0","110490011","100103","0","11049","0","bgm_M169","2","110490013","101490102","0"
"-100","1","0","2021/12/15 16:00:00","101490207","0","bgm_M169","10","101490206","10","0","10","bgm_M169","bgm_M169","117611","215","100101","0","2030/12/31 14:59:59","90","100030","0","100102","0","100102","110490022","110490021","0","埃斯塔荒野‧北部 49-2","0","bgm_M169","-50","11049002","117551","117311","101490205","bgm_M169","211001000","-720","0","0","0","0","110490021","100103","0","11049","0","bgm_M169","2","110490023","101490210","0"
"-200","1","0","2021/12/15 16:00:00","101490308","0","bgm_M169","10","101490304","10","0","10","bgm_M169","bgm_M169","117551","215","101621","0","2030/12/31 14:59:59","90","100450","0","101622","0","101622","110490032","110490031","0","埃斯塔荒野‧北部 49-3","0","bgm_M169","-50","11049003","117581","127281","101490303","bgm_M169","211001000","-530","0","0","0","0","110490031","101623","0","11049","0","bgm_M169","2","110490033","101490307","0"
"-130","1","0","2021/12/15 16:00:00","101490403","0","bgm_M169","10","101490405","10","0","10","bgm_M169","bgm_M169","117581","215","101621","0","2030/12/31 14:59:59","90","100450","0","101622","0","101622","110490042","110490041","0","埃斯塔荒野‧北部 49-4","0","bgm_M169","-50","11049004","117491","127012","101490404","bgm_M169","211001000","-340","0","0","0","0","110490041","101623","0","11049","0","bgm_M169","2","110490043","101490401","0"
"40","1","0","2021/12/15 16:00:00","101490510","0","bgm_M169","10","101490505","10","0","10","bgm_M169","bgm_M169","117611","215","101621","0","2030/12/31 14:59:59","90","100450","0","101622","0","101622","110490052","110490051","0","埃斯塔荒野‧北部 49-5","0","bgm_M169","-50","11049005","127371","127222","101490502","bgm_M169","211001000","-480","0","0","0","0","110490051","101623","0","11049","0","bgm_M169","2","110490053","101490504","0"
"50","1","0","2021/12/15 16:00:00","101490610","0","bgm_M169","10","101490608","10","0","10","bgm_M169","bgm_M169","117581","215","101621","0","2030/12/31 14:59:59","90","100450","0","101622","0","101622","110490062","110490061","0","埃斯塔荒野‧北部 49-6","0","bgm_M169","-50","11049006","117461","127252","101490602","bgm_M169","211001000","-230","0","0","0","0","110490061","101623","0","11049","0","bgm_M169","2","110490063","101490604","0"
"0","1","0","2021/12/15 16:00:00","101490708","0","bgm_M169","10","101490703","10","0","10","bgm_M169","bgm_M169","117551","215","101621","0","2030/12/31 14:59:59","90","100450","101490705","101622","0","101622","110490072","110490071","0","埃斯塔荒野‧北部 49-7","0","bgm_M169","-50","11049007","127341","117072","101490710","bgm_M169","211001000","-80","0","0","0","0","110490071","101623","0","11049","0","bgm_M169","2","110490073","101490706","0"
"-220","1","0","2021/12/15 16:00:00","101490809","0","bgm_M169","10","101490801","10","0","10","bgm_M169","bgm_M169","117611","215","101621","0","2030/12/31 14:59:59","90","100450","101490806","101622","0","101622","110490082","110490081","0","埃斯塔荒野‧北部 49-8","0","bgm_M169","-50","11049008","127371","127162","101490804","bgm_M169","211001000","-150","0","0","0","0","110490081","101623","0","11049","0","bgm_M169","2","110490083","101490805","0"
"-170","1","0","2021/12/15 16:00:00","101490910","0","bgm_M169","10","101490906","10","0","10","bgm_M169","bgm_M169","117551","215","101621","0","2030/12/31 14:59:59","90","100450","101490905","101622","0","101622","110490092","110490091","0","埃斯塔荒野‧北部 49-9","0","bgm_M169","-50","11049009","117491","117042","101490901","bgm_M169","211001000","50","0","0","0","0","110490091","101623","0","11049","0","bgm_M169","2","110490093","101490909","0"
"-110","1","0","2021/12/15 16:00:00","101491008","25011","bgm_M169","10","101491002","10","0","10","bgm_M169","bgm_M169","117581","215","101051","0","2030/12/31 14:59:59","90","100150","101491009","101052","0","101052","110490102","110490101","0","埃斯塔荒野‧北部 49-10","0","bgm_M169","-50","11049010","127281","127102","101491004","bgm_M169","211001000","230","0","0","0","0","110490101","101053","0","11049","0","bgm_M169","2","110490103","101491005","0"
"-220","1","0","2021/12/15 16:00:00","101491109","25012","bgm_M169","10","101491105","10","0","10","bgm_M169","bgm_M169","117551","215","101111","0","2030/12/31 14:59:59","90","100150","101491103","101112","0","101112","110490112","110490111","0","埃斯塔荒野‧北部 49-11","0","bgm_M169","-50","11049011","127341","117132","101491101","bgm_M169","211001000","380","0","0","0","0","110490111","101113","0","11049","0","bgm_M169","2","110490113","101491109","0"
"-150","1","0","2021/12/15 16:00:00","101491206","25013","bgm_M169","10","101491202","10","0","10","bgm_M169","bgm_M169","117491","215","101111","0","2030/12/31 14:59:59","90","100150","101491210","101112","0","101112","110490122","110490121","0","埃斯塔荒野‧北部 49-12","0","bgm_M169","-50","11049012","127012","117192","101491201","bgm_M169","211001000","600","0","0","0","0","110490121","101113","0","11049","0","bgm_M169","2","110490123","101491203","0"
"0","1","0","2021/12/15 16:00:00","101491303","25014","bgm_M169","10","101491305","10","0","10","bgm_M169","bgm_M169","117461","215","101111","0","2030/12/31 14:59:59","90","100150","101491307","101112","0","101112","110490132","110490131","0","埃斯塔荒野‧北部 49-13","0","bgm_M169","-50","11049013","127252","127222","101491304","bgm_M169","211001000","450","0","0","0","0","110490131","101113","0","11049","0","bgm_M169","2","110490133","101491308","0"
"30","1","9049155","2021/12/15 16:00:00","0","25015","bgm_M170","10","101491408","10","0","10","bgm_M170","bgm_M170","117311","215","101091","0","2030/12/31 14:59:59","90","100150","0","101092","9049156","101092","110490142","110490141","0","埃斯塔荒野‧北部 49-14","0","bgm_M170","-50","11049014","117042","117072","101491410","bgm_M170","211001000","740","0","0","0","0","110490141","101093","0","11049","0","bgm_M170","2","110490143","101491409","0"
"-70","1","0","2022/01/17 16:00:00","101500103","0","bgm_M169","10","101500102","10","0","10","bgm_M169","bgm_M169","127341","215","101621","0","2030/12/31 14:59:59","90","100450","0","101622","0","101622","110500012","110500011","0","涅羅礁岩‧西部 50-1","0","bgm_M169","-50","11050001","127281","117132","101500101","bgm_M169","211001000","-760","0","0","0","0","110500011","101623","0","11050","0","bgm_M169","2","110500013","101500105","0"
"-100","1","0","2022/01/17 16:00:00","101500203","0","bgm_M169","10","101500202","10","0","10","bgm_M169","bgm_M169","117311","215","101621","0","2030/12/31 14:59:59","90","100450","0","101622","0","101622","110500022","110500021","0","涅羅礁岩‧西部 50-2","0","bgm_M169","-50","11050002","117461","127252","101500204","bgm_M169","211001000","-560","0","0","0","0","110500021","101623","0","11050","0","bgm_M169","2","110500023","101500205","0"
"80","1","0","2022/01/17 16:00:00","101500303","0","bgm_M169","10","101500307","10","0","10","bgm_M169","bgm_M169","117461","215","101621","0","2030/12/31 14:59:59","90","100450","0","101622","0","101622","110500032","110500031","0","涅羅礁岩‧西部 50-3","0","bgm_M169","-50","11050003","117311","127102","101500304","bgm_M169","211001000","-580","0","0","0","0","110500031","101623","0","11050","0","bgm_M169","2","110500033","101500309","0"
"0","1","0","2022/01/17 16:00:00","101500410","0","bgm_M169","10","101500403","10","0","10","bgm_M169","bgm_M169","127341","215","101821","0","2030/12/31 14:59:59","90","100500","0","101822","0","101822","110500042","110500041","0","涅羅礁岩‧西部 50-4","0","bgm_M169","-50","11050004","127012","117552","101500401","bgm_M169","211001000","-380","0","0","0","0","110500041","101823","0","11050","0","bgm_M169","2","110500043","101500407","0"
"80","1","0","2022/01/17 16:00:00","101500508","0","bgm_M169","10","101500503","10","0","10","bgm_M169","bgm_M169","117311","215","101621","0","2030/12/31 14:59:59","90","100450","0","101622","0","101622","110500052","110500051","0","涅羅礁岩‧西部 50-5","0","bgm_M169","-50","11050005","127162","117582","101500504","bgm_M169","211001000","-250","0","0","0","0","110500051","101623","0","11050","0","bgm_M169","2","110500053","101500507","0"
"-40","1","0","2022/01/17 16:00:00","101500610","0","bgm_M169","10","101500608","10","0","10","bgm_M169","bgm_M169","117461","215","101821","0","2030/12/31 14:59:59","90","100500","0","101822","0","101822","110500062","110500061","0","涅羅礁岩‧西部 50-6","0","bgm_M169","-50","11050006","127222","117612","101500603","bgm_M169","211001000","-130","0","0","0","0","110500061","101823","0","11050","0","bgm_M169","2","110500063","101500604","0"
"30","1","0","2022/01/17 16:00:00","101500708","0","bgm_M169","10","101500705","10","0","10","bgm_M169","bgm_M169","117491","215","101621","0","2030/12/31 14:59:59","90","100450","101500710","101622","0","101622","110500072","110500071","0","涅羅礁岩‧西部 50-7","0","bgm_M169","-50","11050007","117072","117582","101500701","bgm_M169","211001000","30","0","0","0","0","110500071","101623","0","11050","0","bgm_M169","2","110500073","101500706","0"
"70","1","0","2022/01/17 16:00:00","101500803","0","bgm_M169","10","101500802","10","0","10","bgm_M169","bgm_M169","127281","215","101111","0","2030/12/31 14:59:59","90","100150","101500809","101112","0","101112","110500082","110500081","0","涅羅礁岩‧西部 50-8","0","bgm_M169","-50","11050008","117192","117552","101500801","bgm_M169","211001000","200","0","0","0","0","110500081","101113","0","11050","0","bgm_M169","2","110500083","101500806","0"
"-80","1","0","2022/01/17 16:00:00","101500908","0","bgm_M169","10","101500902","10","0","10","bgm_M169","bgm_M169","127371","215","101111","0","2030/12/31 14:59:59","90","100150","101500907","101112","0","101112","110500092","110500091","0","涅羅礁岩‧西部 50-9","0","bgm_M169","-50","11050009","127252","117612","101500910","bgm_M169","211001000","300","0","0","0","0","110500091","101113","0","11050","0","bgm_M169","2","110500093","101500906","0"
"-150","1","0","2022/01/17 16:00:00","101501007","25011","bgm_M169","10","101501010","10","0","10","bgm_M169","bgm_M169","117311","215","101051","0","2030/12/31 14:59:59","90","100500","101501009","101052","0","101052","110500102","110500101","0","涅羅礁岩‧西部 50-10","0","bgm_M169","-50","11050010","117132","117552","101501001","bgm_M169","211001000","100","0","0","0","0","110500101","101053","0","11050","0","bgm_M169","2","110500103","101501008","0"
"-240","1","0","2022/01/17 16:00:00","101501106","25012","bgm_M169","10","101501104","10","0","10","bgm_M169","bgm_M169","117461","215","101111","0","2030/12/31 14:59:59","90","100150","101501105","101112","0","101112","110500112","110500111","0","涅羅礁岩‧西部 50-11","0","bgm_M169","-50","11050011","117042","117582","101501102","bgm_M169","211001000","270","0","0","0","0","110500111","101113","0","11050","0","bgm_M169","2","110500113","101501110","0"
"-170","1","0","2022/01/17 16:00:00","101501207","25013","bgm_M169","10","101501204","10","0","10","bgm_M169","bgm_M169","127222","215","101111","0","2030/12/31 14:59:59","90","100150","101501210","101112","0","101112","110500122","110500121","0","涅羅礁岩‧西部 50-12","0","bgm_M169","-50","11050012","117582","117612","101501201","bgm_M169","211001000","460","0","0","0","0","110500121","101113","0","11050","0","bgm_M169","2","110500123","101501208","0"
"0","1","0","2022/01/17 16:00:00","101501307","25014","bgm_M169","10","101501304","10","0","10","bgm_M169","bgm_M169","127102","215","101111","0","2030/12/31 14:59:59","90","100150","101501302","101112","0","101112","110500132","110500131","0","涅羅礁岩‧西部 50-13","0","bgm_M169","-50","11050013","117612","117552","101501301","bgm_M169","211001000","540","0","0","0","0","110500131","101113","0","11050","0","bgm_M169","2","110500133","101501303","0"
"-100","1","9050155","2022/01/17 16:00:00","0","25015","bgm_M170","10","0","10","0","10","bgm_M170","bgm_M170","127162","215","101091","0","2030/12/31 14:59:59","90","100150","0","101092","9050156","101092","110500142","110500141","0","涅羅礁岩‧西部 50-14","0","bgm_M170","-50","11050014","117552","117582","101501410","bgm_M170","211001000","740","0","0","0","0","110500141","101093","0","11050","0","bgm_M170","2","110500143","0","0"
"20","1","0","2015/12/17 15:00:00","101510108","0","bgm_M169","10","101510105","10","0","10","bgm_M169","bgm_M169","117132","215","101621","0","2030/12/31 14:59:59","90","100450","0","101622","0","101622","110510012","110510011","0","涅羅礁岩‧東部 51-1","0","bgm_M169","-50","11051001","117072","117552","101510102","bgm_M169","211001000","-760","0","0","0","0","110510011","101623","0","11051","0","bgm_M169","2","110510013","101510106","0"
"50","1","0","2015/12/17 15:00:00","101510210","0","bgm_M169","10","101510208","10","0","10","bgm_M169","bgm_M169","127102","215","101821","0","2030/12/31 14:59:59","90","100500","0","101822","0","101822","110510022","110510021","0","涅羅礁岩‧東部 51-2","0","bgm_M169","-50","11051002","127012","117612","101510201","bgm_M169","211001000","-560","0","0","0","0","110510021","101823","0","11051","0","bgm_M169","2","110510023","101510206","0"
"80","1","0","2015/12/17 15:00:00","101510305","0","bgm_M169","10","101510303","10","0","10","bgm_M169","bgm_M169","127222","215","101821","0","2030/12/31 14:59:59","90","100500","0","101822","0","101822","110510032","110510031","0","涅羅礁岩‧東部 51-3","0","bgm_M169","-50","11051003","127252","117582","101510301","bgm_M169","211001000","-400","0","0","0","0","110510031","101823","0","11051","0","bgm_M169","2","110510033","101510310","0"
"0","1","0","2015/12/17 15:00:00","101510410","0","bgm_M169","10","101510402","10","0","10","bgm_M169","bgm_M169","127162","215","101821","0","2030/12/31 14:59:59","90","100500","0","101822","0","101822","110510042","110510041","0","涅羅礁岩‧東部 51-4","0","bgm_M169","-50","11051004","117552","117492","101510401","bgm_M169","211001000","-200","0","0","0","0","110510041","101823","0","11051","0","bgm_M169","2","110510043","101510404","0"
"40","1","0","2015/12/17 15:00:00","101510510","0","bgm_M169","10","101510502","10","0","10","bgm_M169","bgm_M169","117192","215","101111","0","2030/12/31 14:59:59","90","100150","0","101112","0","101112","110510052","110510051","0","涅羅礁岩‧東部 51-5","0","bgm_M169","-50","11051005","117582","127342","101510501","bgm_M169","211001000","-20","0","0","0","0","110510051","101113","0","11051","0","bgm_M169","2","110510053","101510507","0"
"-40","1","0","2015/12/17 15:00:00","101510610","0","bgm_M169","10","101510605","10","0","10","bgm_M169","bgm_M169","117042","215","101111","0","2030/12/31 14:59:59","90","100150","0","101112","0","101112","110510062","110510061","0","涅羅礁岩‧東部 51-6","0","bgm_M169","-50","11051006","117552","127282","101510601","bgm_M169","211001000","120","0","0","0","0","110510061","101113","0","11051","0","bgm_M169","2","110510063","101510608","0"
"-150","1","0","2015/12/17 15:00:00","101510709","0","bgm_M169","10","101510708","10","0","10","bgm_M169","bgm_M169","127252","215","101051","0","2030/12/31 14:59:59","90","100110","101510710","101052","0","101052","110510072","110510071","0","涅羅礁岩‧東部 51-7","0","bgm_M169","-50","11051007","117612","127462","101510701","bgm_M169","211001000","0","0","0","0","0","110510071","101053","0","11051","0","bgm_M169","2","110510073","101510707","0"
"-260","1","0","2015/12/17 15:00:00","101510805","0","bgm_M169","10","101510802","10","0","10","bgm_M169","bgm_M169","117072","215","101051","0","2030/12/31 14:59:59","90","100110","101510809","101052","0","101052","110510082","110510081","0","涅羅礁岩‧東部 51-8","0","bgm_M169","-50","11051008","117582","117312","101510803","bgm_M169","211001000","180","0","0","0","0","110510081","101053","0","11051","0","bgm_M169","2","110510083","101510804","0"
"-120","1","0","2015/12/17 15:00:00","101510905","0","bgm_M169","10","101510903","10","0","10","bgm_M169","bgm_M169","127012","215","101111","0","2030/12/31 14:59:59","90","100150","101510908","101112","0","101112","110510092","110510091","0","涅羅礁岩‧東部 51-9","0","bgm_M169","-50","11051009","117552","127342","101510901","bgm_M169","211001000","270","0","0","0","0","110510091","101113","0","11051","0","bgm_M169","2","110510093","101510902","0"
"-250","1","0","2015/12/17 15:00:00","101511009","25011","bgm_M169","10","101511008","10","0","10","bgm_M169","bgm_M169","127252","215","101051","0","2030/12/31 14:59:59","90","100110","101511007","101052","0","101052","110510102","110510101","0","涅羅礁岩‧東部 51-10","0","bgm_M169","-50","11051010","117612","117492","101511002","bgm_M169","211001000","420","0","0","0","0","110510101","101053","0","11051","0","bgm_M169","2","110510103","101511004","0"
"-120","1","0","2015/12/17 15:00:00","101511105","25012","bgm_M169","10","101511103","10","0","10","bgm_M169","bgm_M169","117132","215","101111","0","2030/12/31 14:59:59","90","100150","101511110","101112","0","101112","110510112","110510111","0","涅羅礁岩‧東部 51-11","0","bgm_M169","-50","11051011","117552","127282","101511104","bgm_M169","211001000","520","0","0","0","0","110510111","101113","0","11051","0","bgm_M169","2","110510113","101511107","0"
"30","1","0","2015/12/17 15:00:00","101511210","25013","bgm_M169","10","101511205","10","0","10","bgm_M169","bgm_M169","117612","215","101111","0","2030/12/31 14:59:59","90","100150","101511203","101112","0","101112","110510122","110510121","0","涅羅礁岩‧東部 51-12","0","bgm_M169","-50","11051012","127462","117372","101511201","bgm_M169","211001000","400","0","0","0","0","110510121","101113","0","11051","0","bgm_M169","2","110510123","101511209","0"
"40","1","0","2015/12/17 15:00:00","101511305","25014","bgm_M169","10","101511301","10","0","10","bgm_M169","bgm_M169","117582","215","101111","0","2030/12/31 14:59:59","90","100150","101511307","101112","0","101112","110510132","110510131","0","涅羅礁岩‧東部 51-13","0","bgm_M169","-50","11051013","127282","117312","101511309","bgm_M169","211001000","630","0","0","0","0","110510131","101113","0","11051","0","bgm_M169","2","110510133","101511306","0"
"-150","1","9051155","2015/12/17 15:00:00","0","25015","bgm_M170","10","101511408","10","0","10","bgm_M170","bgm_M170","117552","215","101091","0","2030/12/31 14:59:59","90","100150","0","101092","9051156","101092","110510142","110510141","0","涅羅礁岩‧東部 51-14","0","bgm_M170","-50","11051014","117492","127342","101511410","bgm_M170","211001000","740","0","0","0","0","110510141","101093","0","11051","0","bgm_M170","2","110510143","101511409","0"
"198","1","0","2015/12/17 15:00:00","101520109","0","bgm_M169","10","101520108","10","0","10","bgm_M169","bgm_M169","117612","215","101821","0","2030/12/31 14:59:59","90","100500","0","101822","0","101822","110520012","110520011","0","皮尼翁沿岸堤‧西岸 52-1","0","bgm_M169","-50","11052001","117552","127462","101520101","bgm_M169","211001000","-540","0","0","0","0","110520011","101823","0","11052","0","bgm_M169","2","110520013","101520103","0"
"75","1","0","2015/12/17 15:00:00","101520210","0","bgm_M169","10","101520201","10","0","10","bgm_M169","bgm_M169","117582","215","101821","0","2030/12/31 14:59:59","90","100500","0","101822","0","101822","110520022","110520021","0","皮尼翁沿岸堤‧西岸 52-2","0","bgm_M169","-50","11052002","117612","117372","101520208","bgm_M169","211001000","-398","0","0","0","0","110520021","101823","0","11052","0","bgm_M169","2","110520023","101520209","0"
"144","1","0","2015/12/17 15:00:00","101520310","0","bgm_M169","10","101520301","10","0","10","bgm_M169","bgm_M169","117552","215","101111","0","2030/12/31 14:59:59","90","100150","0","101112","0","101112","110520032","110520031","0","皮尼翁沿岸堤‧西岸 52-3","0","bgm_M169","-50","11052003","117582","117492","101520308","bgm_M169","211001000","-238","0","0","0","0","110520031","101113","0","11052","0","bgm_M169","2","110520033","101520309","0"
"-44","1","0","2015/12/17 15:00:00","101520410","0","bgm_M169","10","101520408","10","0","10","bgm_M169","bgm_M169","117582","215","102181","0","2030/12/31 14:59:59","90","100110","0","102182","0","102182","110520042","110520041","0","皮尼翁沿岸堤‧西岸 52-4","0","bgm_M169","-50","11052004","117312","117013","101520404","bgm_M169","211001000","-224","0","0","0","0","110520041","102183","0","11052","0","bgm_M169","2","110520043","101520409","0"
"-112","1","0","2015/12/17 15:00:00","101520509","0","bgm_M169","10","101520507","10","0","10","bgm_M169","bgm_M169","117552","215","101051","0","2030/12/31 14:59:59","90","100110","0","101052","0","101052","110520052","110520051","0","皮尼翁沿岸堤‧西岸 52-5","0","bgm_M169","-50","11052005","127342","117253","101520508","bgm_M169","211001000","-10","0","0","0","0","110520051","101053","0","11052","0","bgm_M169","2","110520053","101520502","0"
"78","1","0","2015/12/17 15:00:00","101520610","0","bgm_M169","10","101520606","10","0","10","bgm_M169","bgm_M169","117612","215","101111","0","2030/12/31 14:59:59","90","100150","0","101112","0","101112","110520062","110520061","0","皮尼翁沿岸堤‧西岸 52-6","0","bgm_M169","-50","11052006","127282","117223","101520601","bgm_M169","211001000","-66","0","0","0","0","110520061","101113","0","11052","0","bgm_M169","2","110520063","101520607","0"
"181","1","0","2015/12/17 15:00:00","101520709","0","bgm_M169","10","101520701","10","0","10","bgm_M169","bgm_M169","117582","215","101111","0","2030/12/31 14:59:59","90","100150","101520710","101112","0","101112","110520072","110520071","0","皮尼翁沿岸堤‧西岸 52-7","0","bgm_M169","-50","11052007","127462","117073","101520704","bgm_M169","211001000","91","0","0","0","0","110520071","101113","0","11052","0","bgm_M169","2","110520073","101520708","0"
"81","1","0","2015/12/17 15:00:00","101520809","0","bgm_M169","10","101520808","10","0","10","bgm_M169","bgm_M169","117552","215","101111","0","2030/12/31 14:59:59","90","100150","101520810","101112","0","101112","110520082","110520081","0","皮尼翁沿岸堤‧西岸 52-8","0","bgm_M169","-50","11052008","117372","127133","101520801","bgm_M169","211001000","245","0","0","0","0","110520081","101113","0","11052","0","bgm_M169","2","110520083","101520803","0"
"-66","1","0","2015/12/17 15:00:00","101520909","0","bgm_M169","10","101520908","10","0","10","bgm_M169","bgm_M169","117612","215","102181","0","2030/12/31 14:59:59","90","100110","101520910","102182","0","102182","110520092","110520091","0","皮尼翁沿岸堤‧西岸 52-9","0","bgm_M169","-50","11052009","117492","127043","101520904","bgm_M169","211001000","212","0","0","0","0","110520091","102183","0","11052","0","bgm_M169","2","110520093","101520903","0"
"-54","1","0","2015/12/17 15:00:00","101521009","25011","bgm_M169","10","101521004","10","0","10","bgm_M169","bgm_M169","117582","215","101051","0","2030/12/31 14:59:59","90","100110","101521010","101052","0","101052","110520102","110520101","0","皮尼翁沿岸堤‧西岸 52-10","0","bgm_M169","-50","11052010","117312","127193","101521001","bgm_M169","211001000","401","0","0","0","0","110520101","101053","0","11052","0","bgm_M169","2","110520103","101521008","0"
"0","1","0","2015/12/17 15:00:00","101521108","25012","bgm_M169","10","101521104","10","0","10","bgm_M169","bgm_M169","117552","215","101051","0","2030/12/31 14:59:59","90","100110","101521110","101052","0","101052","110520112","110520111","0","皮尼翁沿岸堤‧西岸 52-11","0","bgm_M169","-50","11052011","127342","127133","101521101","bgm_M169","211001000","577","0","0","0","0","110520111","101053","0","11052","0","bgm_M169","2","110520113","101521109","0"
"131","1","0","2015/12/17 15:00:00","101521209","25013","bgm_M169","10","101521207","10","0","10","bgm_M169","bgm_M169","117492","215","101111","0","2030/12/31 14:59:59","90","100150","101521210","101112","0","101112","110520122","110520121","0","皮尼翁沿岸堤‧西岸 52-12","0","bgm_M169","-50","11052012","117013","117103","101521201","bgm_M169","211001000","418","0","0","0","0","110520121","101113","0","11052","0","bgm_M169","2","110520123","101521208","0"
"174","1","0","2015/12/17 15:00:00","101521310","25014","bgm_M169","10","101521305","10","0","10","bgm_M169","bgm_M169","117372","215","101111","0","2030/12/31 14:59:59","90","100150","101521309","101112","0","101112","110520132","110520131","0","皮尼翁沿岸堤‧西岸 52-13","0","bgm_M169","-50","11052013","117223","117253","101521302","bgm_M169","211001000","622","0","0","0","0","110520131","101113","0","11052","0","bgm_M169","2","110520133","101521308","0"
"40","1","9052155","2015/12/17 15:00:00","0","25015","bgm_M170","10","0","10","0","10","bgm_M170","bgm_M170","127462","215","101061","0","2030/12/31 14:59:59","90","100110","0","101062","9052156","101062","110520142","110520141","0","皮尼翁沿岸堤‧西岸 52-14","0","bgm_M170","-50","11052014","117163","117073","101521410","bgm_M170","211001000","735","0","0","0","0","110520141","101063","0","11052","0","bgm_M170","2","110520143","0","0"
"62","1","0","2015/12/17 15:00:00","101530107","0","bgm_M169","10","101530102","10","0","10","bgm_M169","bgm_M169","127462","215","101821","0","2030/12/31 14:59:59","90","100500","0","101822","0","101822","110530012","110530011","0","皮尼翁沿岸堤‧東岸 53-1","0","bgm_M169","-50","11053001","127282","117103","101530108","bgm_M169","211001000","-722","0","0","0","0","110530011","101823","0","11053","0","bgm_M169","2","110530013","101530103","0"
"-88","1","0","2015/12/17 15:00:00","101530205","0","bgm_M169","10","101530207","10","0","10","bgm_M169","bgm_M169","117492","215","102181","0","2030/12/31 14:59:59","90","100110","0","102182","0","102182","110530022","110530021","0","皮尼翁沿岸堤‧東岸 53-2","0","bgm_M169","-50","11053002","127462","117163","101530201","bgm_M169","211001000","-577","0","0","0","0","110530021","102183","0","11053","0","bgm_M169","2","110530023","101530208","0"
"-144","1","0","2015/12/17 15:00:00","101530309","0","bgm_M169","10","101530308","10","0","10","bgm_M169","bgm_M169","117372","215","101051","0","2030/12/31 14:59:59","90","100110","0","101052","0","101052","110530032","110530031","0","皮尼翁沿岸堤‧東岸 53-3","0","bgm_M169","-50","11053003","117312","127193","101530301","bgm_M169","211001000","-388","0","0","0","0","110530031","101053","0","11053","0","bgm_M169","2","110530033","101530310","0"
"58","1","0","2015/12/17 15:00:00","101530407","0","bgm_M169","10","101530410","10","0","10","bgm_M169","bgm_M169","117312","215","101111","0","2030/12/31 14:59:59","90","100150","0","101112","0","101112","110530042","110530041","0","皮尼翁沿岸堤‧東岸 53-4","0","bgm_M169","-50","11053004","127043","117553","101530402","bgm_M169","211001000","-450","0","0","0","0","110530041","101113","0","11053","0","bgm_M169","2","110530043","101530409","0"
"142","1","0","2015/12/17 15:00:00","101530509","0","bgm_M169","10","101530510","10","0","10","bgm_M169","bgm_M169","127462","215","101111","0","2030/12/31 14:59:59","90","100150","0","101112","0","101112","110530052","110530051","0","皮尼翁沿岸堤‧東岸 53-5","0","bgm_M169","-50","11053005","117253","117583","101530504","bgm_M169","211001000","-272","0","0","0","0","110530051","101113","0","11053","0","bgm_M169","2","110530053","101530508","0"
"-35","1","0","2015/12/17 15:00:00","101530609","0","bgm_M169","10","101530608","10","0","10","bgm_M169","bgm_M169","117372","215","101111","0","2030/12/31 14:59:59","90","100150","0","101112","0","101112","110530062","110530061","0","皮尼翁沿岸堤‧東岸 53-6","0","bgm_M169","-50","11053006","117223","117613","101530602","bgm_M169","211001000","-211","0","0","0","0","110530061","101113","0","11053","0","bgm_M169","2","110530063","101530610","0"
"71","1","0","2015/12/17 15:00:00","101530710","0","bgm_M169","10","101530709","10","0","10","bgm_M169","bgm_M169","127282","215","101111","0","2030/12/31 14:59:59","90","100150","101530703","101112","0","101112","110530072","110530071","0","皮尼翁沿岸堤‧東岸 53-7","0","bgm_M169","-50","11053007","117073","117553","101530708","bgm_M169","211001000","-36","0","0","0","0","110530071","101113","0","11053","0","bgm_M169","2","110530073","101530706","0"
"-132","1","0","2015/12/17 15:00:00","101530810","0","bgm_M169","10","101530804","10","0","10","bgm_M169","bgm_M169","127342","215","101051","0","2030/12/31 14:59:59","90","100110","101530809","101052","0","101052","110530082","110530081","0","皮尼翁沿岸堤‧東岸 53-8","0","bgm_M169","-50","11053008","127133","117583","101530808","bgm_M169","211001000","11","0","0","0","0","110530081","101053","0","11053","0","bgm_M169","2","110530083","101530807","0"
"-86","1","0","2015/12/17 15:00:00","101530907","0","bgm_M169","10","101530904","10","0","10","bgm_M169","bgm_M169","117492","215","101051","0","2030/12/31 14:59:59","90","100110","101530910","101052","0","101052","110530092","110530091","0","皮尼翁沿岸堤‧東岸 53-9","0","bgm_M169","-50","11053009","117103","117613","101530908","bgm_M169","211001000","187","0","0","0","0","110530091","101053","0","11053","0","bgm_M169","2","110530093","101530909","0"
"87","1","0","2015/12/17 15:00:00","101531009","25011","bgm_M169","10","101531004","10","0","10","bgm_M169","bgm_M169","127282","215","101111","0","2030/12/31 14:59:59","90","100150","101531010","101112","0","101112","110530102","110530101","0","皮尼翁沿岸堤‧東岸 53-10","0","bgm_M169","-50","11053010","117013","117553","101531001","bgm_M169","211001000","146","0","0","0","0","110530101","101113","0","11053","0","bgm_M169","2","110530103","101531008","0"
"39","1","0","2015/12/17 15:00:00","101531102","25012","bgm_M169","10","101531108","10","0","10","bgm_M169","bgm_M169","127342","215","101111","0","2030/12/31 14:59:59","90","100150","101531110","101112","0","101112","110530112","110530111","0","皮尼翁沿岸堤‧東岸 53-11","0","bgm_M169","-50","11053011","117163","117613","101531105","bgm_M169","211001000","366","0","0","0","0","110530111","101113","0","11053","0","bgm_M169","2","110530113","101531109","0"
"-112","1","0","2015/12/17 15:00:00","101531209","25013","bgm_M169","10","101531208","10","0","10","bgm_M169","bgm_M169","117013","215","101051","0","2030/12/31 14:59:59","90","100110","101531210","101052","0","101052","110530122","110530121","0","皮尼翁沿岸堤‧東岸 53-12","0","bgm_M169","-50","11053012","117553","117583","101531201","bgm_M169","211001000","522","0","0","0","0","110530121","101053","0","11053","0","bgm_M169","2","110530123","101531207","0"
"64","1","0","2015/12/17 15:00:00","101531306","25014","bgm_M169","10","101531308","10","0","10","bgm_M169","bgm_M169","117223","215","101051","0","2030/12/31 14:59:59","90","100110","101531307","101052","0","101052","110530132","110530131","0","皮尼翁沿岸堤‧東岸 53-13","0","bgm_M169","-50","11053013","117613","117553","101531304","bgm_M169","211001000","586","0","0","0","0","110530131","101053","0","11053","0","bgm_M169","2","110530133","101531309","0"
"-87","1","9053155","2015/12/17 15:00:00","0","25015","bgm_M170","10","101531408","10","0","10","bgm_M170","bgm_M170","117253","215","101061","0","2030/12/31 14:59:59","90","100110","0","101062","9053156","101062","110530142","110530141","0","皮尼翁沿岸堤‧東岸 53-14","0","bgm_M170","-50","11053014","117583","117613","101531410","bgm_M170","211001000","756","0","0","0","0","110530141","101063","0","11053","0","bgm_M170","2","110530143","101531409","0"
"-151","1","0","2015/12/17 15:00:00","101540106","0","bgm_M169","10","101540101","10","0","10","bgm_M169","bgm_M169","127133","215","101051","0","2030/12/31 14:59:59","90","100110","0","101052","0","101052","110540012","110540011","0","托塔提斯沙岸‧西部 54-1","0","bgm_M169","-50","11054001","117103","117583","101540104","bgm_M169","211001000","-722","0","0","0","0","110540011","101053","0","11054","0","bgm_M169","2","110540013","101540109","0"
"77","1","0","2015/12/17 15:00:00","101540209","0","bgm_M169","10","101540202","10","0","10","bgm_M169","bgm_M169","117223","215","101111","0","2030/12/31 14:59:59","90","100150","0","101112","0","101112","110540022","110540021","0","托塔提斯沙岸‧西部 54-2","0","bgm_M169","-50","11054002","117253","117613","101540210","bgm_M169","211001000","-683","0","0","0","0","110540021","101113","0","11054","0","bgm_M169","2","110540023","101540208","0"
"66","1","0","2015/12/17 15:00:00","101540309","0","bgm_M169","10","101540310","10","0","10","bgm_M169","bgm_M169","127193","215","101111","0","2030/12/31 14:59:59","90","100150","0","101112","0","101112","110540032","110540031","0","托塔提斯沙岸‧西部 54-3","0","bgm_M169","-50","11054003","117073","117553","101540304","bgm_M169","211001000","-492","0","0","0","0","110540031","101113","0","11054","0","bgm_M169","2","110540033","101540308","0"
"-122","1","0","2015/12/17 15:00:00","101540404","0","bgm_M169","10","101540410","10","0","10","bgm_M169","bgm_M169","117013","215","101051","0","2030/12/31 14:59:59","90","100110","0","101052","0","101052","110540042","110540041","0","托塔提斯沙岸‧西部 54-4","0","bgm_M169","-50","11054004","117583","127313","101540401","bgm_M169","211001000","-520","0","0","0","0","110540041","101053","0","11054","0","bgm_M169","2","110540043","101540409","0"
"-156","1","0","2015/12/17 15:00:00","101540510","0","bgm_M169","10","101540508","10","0","10","bgm_M169","bgm_M169","117223","215","101051","0","2030/12/31 14:59:59","90","100110","0","101052","0","101052","110540052","110540051","0","托塔提斯沙岸‧西部 54-5","0","bgm_M169","-50","11054005","117613","127373","101540502","bgm_M169","211001000","-322","0","0","0","0","110540051","101053","0","11054","0","bgm_M169","2","110540053","101540509","0"
"21","1","0","2015/12/17 15:00:00","101540610","0","bgm_M169","10","101540608","10","0","10","bgm_M169","bgm_M169","117163","215","101111","0","2030/12/31 14:59:59","90","100150","0","101112","0","101112","110540062","110540061","0","托塔提斯沙岸‧西部 54-6","0","bgm_M169","-50","11054006","117553","117343","101540604","bgm_M169","211001000","-271","0","0","0","0","110540061","101113","0","11054","0","bgm_M169","2","110540063","101540609","0"
"88","1","0","2015/12/17 15:00:00","101540710","0","bgm_M169","10","101540709","10","0","10","bgm_M169","bgm_M169","117103","215","101111","0","2030/12/31 14:59:59","90","100150","101540707","101112","0","101112","110540072","110540071","0","托塔提斯沙岸‧西部 54-7","0","bgm_M169","-50","11054007","117583","127283","101540708","bgm_M169","211001000","-72","0","0","0","0","110540071","101113","0","11054","0","bgm_M169","2","110540073","101540703","0"
"-88","1","0","2015/12/17 15:00:00","101540809","0","bgm_M169","10","101540808","10","0","10","bgm_M169","bgm_M169","117253","215","101111","0","2030/12/31 14:59:59","90","100150","101540810","101112","0","101112","110540082","110540081","0","托塔提斯沙岸‧西部 54-8","0","bgm_M169","-50","11054008","117613","117463","101540801","bgm_M169","211001000","-101","0","0","0","0","110540081","101113","0","11054","0","bgm_M169","2","110540083","101540806","0"
"-111","1","0","2015/12/17 15:00:00","101540909","0","bgm_M169","10","101540904","10","0","10","bgm_M169","bgm_M169","117073","215","102181","0","2030/12/31 14:59:59","90","100110","101540910","102182","0","102182","110540092","110540091","0","托塔提斯沙岸‧西部 54-9","0","bgm_M169","-50","11054009","117553","117493","101540908","bgm_M169","211001000","87","0","0","0","0","110540091","102183","0","11054","0","bgm_M169","2","110540093","101540906","0"
"55","1","0","2015/12/17 15:00:00","101541009","25011","bgm_M169","10","101541001","10","0","10","bgm_M169","bgm_M169","127133","215","101111","0","2030/12/31 14:59:59","90","100150","101541010","101112","0","101112","110540102","110540101","0","托塔提斯沙岸‧西部 54-10","0","bgm_M169","-50","11054010","117583","127313","101541008","bgm_M169","211001000","148","0","0","0","0","110540101","101113","0","11054","0","bgm_M169","2","110540103","101541006","0"
"-113","1","0","2015/12/17 15:00:00","101541103","25012","bgm_M169","10","101541102","10","0","10","bgm_M169","bgm_M169","117013","215","102181","0","2030/12/31 14:59:59","90","100110","101541110","102182","0","102182","110540112","110540111","0","托塔提斯沙岸‧西部 54-11","0","bgm_M169","-50","11054011","117553","117343","101541108","bgm_M169","211001000","246","0","0","0","0","110540111","102183","0","11054","0","bgm_M169","2","110540113","101541109","0"
"-148","1","0","2015/12/17 15:00:00","101541209","25013","bgm_M169","10","101541208","10","0","10","bgm_M169","bgm_M169","117583","215","101111","0","2030/12/31 14:59:59","90","100150","101541210","101112","0","101112","110540122","110540121","0","托塔提斯沙岸‧西部 54-12","0","bgm_M169","-50","11054012","127283","127313","101541201","bgm_M169","211001000","449","0","0","0","0","110540121","101113","0","11054","0","bgm_M169","2","110540123","101541207","0"
"-42","1","0","2015/12/17 15:00:00","101541309","25014","bgm_M169","10","101541302","10","0","10","bgm_M169","bgm_M169","117613","215","101051","0","2030/12/31 14:59:59","90","100110","101541310","101052","0","101052","110540132","110540131","0","托塔提斯沙岸‧西部 54-13","0","bgm_M169","-50","11054013","117463","127373","101541304","bgm_M169","211001000","558","0","0","0","0","110540131","101053","0","11054","0","bgm_M169","2","110540133","101541308","0"
"78","1","9054155","2015/12/17 15:00:00","0","25015","bgm_M170","10","0","10","0","10","bgm_M170","bgm_M170","117553","215","101061","0","2030/12/31 14:59:59","90","100110","0","101062","9054156","101062","110540142","110540141","0","托塔提斯沙岸‧西部 54-14","0","bgm_M170","-50","11054014","117493","117343","101541410","bgm_M170","211001000","428","0","0","0","0","110540141","101063","0","11054","0","bgm_M170","2","110540143","0","0"
"-135","1","0","2015/12/17 15:00:00","101550109","0","bgm_M169","10","101550108","10","0","10","bgm_M169","bgm_M169","117583","215","101051","0","2030/12/31 14:59:59","90","100110","0","101052","0","101052","110550012","110550011","0","托塔提斯沙岸‧東部 55-1","0","bgm_M169","-50","11055001","127313","117343","101550101","bgm_M169","211001000","-726","0","0","0","0","110550011","101053","0","11055","0","bgm_M169","2","110550013","101550103","0"
"100","1","0","2015/12/17 15:00:00","101550210","0","bgm_M169","10","101550203","10","0","10","bgm_M169","bgm_M169","117613","215","101111","0","2030/12/31 14:59:59","90","100150","0","101112","0","101112","110550022","110550021","0","托塔提斯沙岸‧東部 55-2","0","bgm_M169","-50","11055002","127373","117463","101550208","bgm_M169","211001000","-668","0","0","0","0","110550021","101113","0","11055","0","bgm_M169","2","110550023","101550209","0"
"52","1","0","2015/12/17 15:00:00","101550310","0","bgm_M169","10","101550308","10","0","10","bgm_M169","bgm_M169","117553","215","101111","0","2030/12/31 14:59:59","90","100150","0","101112","0","101112","110550032","110550031","0","托塔提斯沙岸‧東部 55-3","0","bgm_M169","-50","11055003","127283","117493","101550302","bgm_M169","211001000","-472","0","0","0","0","110550031","101113","0","11055","0","bgm_M169","2","110550033","101550309","0"
"-141","1","0","2015/12/17 15:00:00","101550410","0","bgm_M169","10","101550408","10","0","10","bgm_M169","bgm_M169","117583","215","101051","0","2030/12/31 14:59:59","90","100110","0","101052","0","101052","110550042","110550041","0","托塔提斯沙岸‧東部 55-4","0","bgm_M169","-50","11055004","117343","118011","101550404","bgm_M169","211001000","-510","0","0","0","0","110550041","101053","0","11055","0","bgm_M169","2","110550043","101550409","0"
"-74","1","0","2015/12/17 15:00:00","101550510","0","bgm_M169","10","101550508","10","0","10","bgm_M169","bgm_M169","117613","215","101051","0","2030/12/31 14:59:59","90","100110","0","101052","0","101052","110550052","110550051","0","托塔提斯沙岸‧東部 55-5","0","bgm_M169","-50","11055005","127373","118221","101550501","bgm_M169","211001000","-322","0","0","0","0","110550051","101053","0","11055","0","bgm_M169","2","110550053","101550509","0"
"92","1","0","2015/12/17 15:00:00","101550610","0","bgm_M169","10","101550605","10","0","10","bgm_M169","bgm_M169","117553","215","101111","0","2030/12/31 14:59:59","90","100150","0","101112","0","101112","110550062","110550061","0","托塔提斯沙岸‧東部 55-6","0","bgm_M169","-50","11055006","127283","128161","101550603","bgm_M169","211001000","-241","0","0","0","0","110550061","101113","0","11055","0","bgm_M169","2","110550063","101550608","0"
"-62","1","0","2015/12/17 15:00:00","101550710","0","bgm_M169","10","101550701","10","0","10","bgm_M169","bgm_M169","117583","215","101051","0","2030/12/31 14:59:59","90","100110","101550709","101052","0","101052","110550072","110550071","0","托塔提斯沙岸‧東部 55-7","0","bgm_M169","-50","11055007","127313","118191","101550708","bgm_M169","211001000","-82","0","0","0","0","110550071","101053","0","11055","0","bgm_M169","2","110550073","101550706","0"
"95","1","0","2015/12/17 15:00:00","101550809","0","bgm_M169","10","101550802","10","0","10","bgm_M169","bgm_M169","117553","215","101111","0","2030/12/31 14:59:59","90","100150","101550810","101112","0","101112","110550082","110550081","0","托塔提斯沙岸‧東部 55-8","0","bgm_M169","-50","11055008","117493","128041","101550801","bgm_M169","211001000","34","0","0","0","0","110550081","101113","0","11055","0","bgm_M169","2","110550083","101550807","0"
"66","1","0","2015/12/17 15:00:00","101550907","0","bgm_M169","10","101550908","10","0","10","bgm_M169","bgm_M169","117613","215","101051","0","2030/12/31 14:59:59","90","100110","101550910","101052","0","101052","110550092","110550091","0","托塔提斯沙岸‧東部 55-9","0","bgm_M169","-50","11055009","117463","118251","101550905","bgm_M169","211001000","225","0","0","0","0","110550091","101053","0","11055","0","bgm_M169","2","110550093","101550906","0"
"-110","1","0","2015/12/17 15:00:00","101551008","25011","bgm_M169","10","101551009","10","0","10","bgm_M169","bgm_M169","117583","215","101051","0","2030/12/31 14:59:59","90","100110","101551010","101052","0","101052","110550102","110550101","0","托塔提斯沙岸‧東部 55-10","0","bgm_M169","-50","11055010","117343","118101","101551001","bgm_M169","211001000","148","0","0","0","0","110550101","101053","0","11055","0","bgm_M169","2","110550103","101551005","0"
"-152","1","0","2015/12/17 15:00:00","101551103","25012","bgm_M169","10","101551108","10","0","10","bgm_M169","bgm_M169","117553","215","100201","0","2030/12/31 14:59:59","90","100100","101551110","100202","0","100202","110550112","110550111","0","托塔提斯沙岸‧東部 55-11","0","bgm_M169","-50","11055011","117493","128131","101551101","bgm_M169","211001000","352","0","0","0","0","110550111","100203","0","11055","0","bgm_M169","2","110550113","101551109","0"
"16","1","0","2015/12/17 15:00:00","101551210","25013","bgm_M169","10","101551204","10","0","10","bgm_M169","bgm_M169","127313","215","100201","0","2030/12/31 14:59:59","90","100100","101551209","100202","0","100202","110550122","110550121","0","托塔提斯沙岸‧東部 55-12","0","bgm_M169","-50","11055012","118191","118011","101551201","bgm_M169","211001000","452","0","0","0","0","110550121","100203","0","11055","0","bgm_M169","2","110550123","101551208","0"
"-83","1","0","2015/12/17 15:00:00","101551308","25014","bgm_M169","10","101551304","10","0","10","bgm_M169","bgm_M169","117463","215","102181","0","2030/12/31 14:59:59","90","100110","101551310","102182","0","102182","110550132","110550131","0","托塔提斯沙岸‧東部 55-13","0","bgm_M169","-50","11055013","118251","118221","101551309","bgm_M169","211001000","611","0","0","0","0","110550131","102183","0","11055","0","bgm_M169","2","110550133","101551303","0"
"82","1","9055155","2015/12/17 15:00:00","0","25015","bgm_M170","10","101551408","10","0","10","bgm_M170","bgm_M170","127283","215","101061","0","2030/12/31 14:59:59","90","100110","0","101062","9055156","101062","110550142","110550141","0","托塔提斯沙岸‧東部 55-14","0","bgm_M170","-50","11055014","118101","118071","101551410","bgm_M170","211001000","645","0","0","0","0","110550141","101063","0","11055","0","bgm_M170","2","110550143","101551409","0"
"82","1","0","2022/07/15 16:00:00","101560109","0","bgm_M169","10","101560107","10","0","10","bgm_M169","bgm_M169","127313","215","101051","0","2030/12/31 14:59:59","90","100110","0","101052","0","101052","110560012","110560011","0","歐呂克斯沙島‧北部 56-1","0","bgm_M169","-50","11056001","117493","118071","101560101","bgm_M169","211001000","-555","0","0","0","0","110560011","101053","0","11056","0","bgm_M169","2","110560013","101560105","0"
"51","1","0","2022/07/15 16:00:00","101560210","0","bgm_M169","10","101560206","10","0","10","bgm_M169","bgm_M169","127283","215","100201","0","2030/12/31 14:59:59","90","100100","0","100202","0","100202","110560022","110560021","0","歐呂克斯沙島‧北部 56-2","0","bgm_M169","-50","11056002","117343","118101","101560207","bgm_M169","211001000","-224","0","0","0","0","110560021","100203","0","11056","0","bgm_M169","2","110560023","101560205","0"
"-38","1","0","2022/07/15 16:00:00","101560310","0","bgm_M169","10","101560307","10","0","10","bgm_M169","bgm_M169","127373","215","101111","0","2030/12/31 14:59:59","90","100150","0","101112","0","101112","110560032","110560031","0","歐呂克斯沙島‧北部 56-3","0","bgm_M169","-50","11056003","117463","118251","101560301","bgm_M169","211001000","-394","0","0","0","0","110560031","101113","0","11056","0","bgm_M169","2","110560033","101560308","0"
"-195","1","0","2022/07/15 16:00:00","101560410","0","bgm_M169","10","101560409","10","0","10","bgm_M169","bgm_M169","117463","215","101111","0","2030/12/31 14:59:59","90","100150","0","101112","0","101112","110560042","110560041","0","歐呂克斯沙島‧北部 56-4","0","bgm_M169","-50","11056004","118011","118551","101560403","bgm_M169","211001000","-438","0","0","0","0","110560041","101113","0","11056","0","bgm_M169","2","110560043","101560402","0"
"-118","1","0","2022/07/15 16:00:00","101560510","0","bgm_M169","10","101560507","10","0","10","bgm_M169","bgm_M169","117343","215","101051","0","2030/12/31 14:59:59","90","100110","0","101052","0","101052","110560052","110560051","0","歐呂克斯沙島‧北部 56-5","0","bgm_M169","-50","11056005","128161","118581","101560504","bgm_M169","211001000","-247","0","0","0","0","110560051","101053","0","11056","0","bgm_M169","2","110560053","101560505","0"
"-183","1","0","2022/07/15 16:00:00","101560603","0","bgm_M169","10","101560606","10","0","10","bgm_M169","bgm_M169","127373","215","101111","0","2030/12/31 14:59:59","90","100150","0","101112","0","101112","110560062","110560061","0","歐呂克斯沙島‧北部 56-6","0","bgm_M169","-50","11056006","118221","118611","101560609","bgm_M169","211001000","-55","0","0","0","0","110560061","101113","0","11056","0","bgm_M169","2","110560063","101560607","0"
"-37","1","0","2022/07/15 16:00:00","101560703","0","bgm_M169","10","101560702","10","0","10","bgm_M169","bgm_M169","117343","215","101051","0","2030/12/31 14:59:59","90","100110","101560709","101052","0","101052","110560072","110560071","0","歐呂克斯沙島‧北部 56-7","0","bgm_M169","-50","11056007","128131","118551","101560705","bgm_M169","211001000","-101","0","0","0","0","110560071","101053","0","11056","0","bgm_M169","2","110560073","101560707","0"
"45","1","0","2022/07/15 16:00:00","101560805","0","bgm_M169","10","101560808","10","0","10","bgm_M169","bgm_M169","117493","215","101111","0","2030/12/31 14:59:59","90","100150","101560810","101112","0","101112","110560082","110560081","0","歐呂克斯沙島‧北部 56-8","0","bgm_M169","-50","11056008","118071","118581","101560806","bgm_M169","211001000","41","0","0","0","0","110560081","101113","0","11056","0","bgm_M169","2","110560083","101560809","0"
"24","1","0","2022/07/15 16:00:00","101560905","0","bgm_M169","10","101560902","10","0","10","bgm_M169","bgm_M169","117463","215","101051","0","2030/12/31 14:59:59","90","100110","101560907","101052","0","101052","110560092","110560091","0","歐呂克斯沙島‧北部 56-9","0","bgm_M169","-50","11056009","118221","118611","101560904","bgm_M169","211001000","230","0","0","0","0","110560091","101053","0","11056","0","bgm_M169","2","110560093","101560909","0"
"-111","1","0","2022/07/15 16:00:00","101561009","25011","bgm_M169","10","101561007","10","0","10","bgm_M169","bgm_M169","127283","215","101051","0","2030/12/31 14:59:59","90","100110","101561010","101052","0","101052","110560102","110560101","0","歐呂克斯沙島‧北部 56-10","0","bgm_M169","-50","11056010","128041","118551","101561002","bgm_M169","211001000","86","0","0","0","0","110560101","101053","0","11056","0","bgm_M169","2","110560103","101561008","0"
"-115","1","0","2022/07/15 16:00:00","101561103","25012","bgm_M169","10","101561106","10","0","10","bgm_M169","bgm_M169","127313","215","100201","0","2030/12/31 14:59:59","90","100100","101561110","100202","0","100202","110560112","110560111","0","歐呂克斯沙島‧北部 56-11","0","bgm_M169","-50","11056011","118191","118581","101561105","bgm_M169","211001000","280","0","0","0","0","110560111","100203","0","11056","0","bgm_M169","2","110560113","101561108","0"
"-15","1","0","2022/07/15 16:00:00","101561209","25013","bgm_M169","10","101561206","10","0","10","bgm_M169","bgm_M169","118251","215","102181","0","2030/12/31 14:59:59","90","100110","101561204","102182","0","102182","110560122","110560121","0","歐呂克斯沙島‧北部 56-12","0","bgm_M169","-50","11056012","118581","118611","101561201","bgm_M169","211001000","399","0","0","0","0","110560121","102183","0","11056","0","bgm_M169","2","110560123","101561207","0"
"-6","1","0","2022/07/15 16:00:00","101561310","25014","bgm_M169","10","101561309","10","0","10","bgm_M169","bgm_M169","118101","215","100201","0","2030/12/31 14:59:59","90","100100","101561303","100202","0","100202","110560132","110560131","0","歐呂克斯沙島‧北部 56-13","0","bgm_M169","-50","11056013","118551","118581","101561301","bgm_M169","211001000","569","0","0","0","0","110560131","100203","0","11056","0","bgm_M169","2","110560133","101561308","0"
"-85","1","9056155","2022/07/15 16:00:00","0","25015","bgm_M170","10","0","10","0","10","bgm_M170","bgm_M170","118011","215","102191","0","2030/12/31 14:59:59","90","100100","0","102192","9056156","102192","110560142","110560141","0","歐呂克斯沙島‧北部 56-14","0","bgm_M170","-50","11056014","118611","118551","101561410","bgm_M170","211001000","714","0","0","0","0","110560141","102193","0","11056","0","bgm_M170","2","110560143","0","0"
"-195","1","0","2022/08/15 16:00:00","101570103","0","bgm_M169","10","101570104","10","0","10","bgm_M169","bgm_M169","118101","215","100201","0","2030/12/31 14:59:59","90","100110","0","100202","0","100202","110570012","110570011","0","歐呂克斯沙島‧南部 57-1","0","bgm_M169","-50","11057001","118011","118551","101570108","bgm_M169","211001000","-573","0","0","0","0","110570011","100203","0","11057","0","bgm_M169","2","110570013","101570105","0"
"-140","1","0","2022/08/15 16:00:00","101570207","0","bgm_M169","10","101570205","10","0","10","bgm_M169","bgm_M169","118071","215","102181","0","2030/12/31 14:59:59","90","100100","0","102182","0","102182","110570022","110570021","0","歐呂克斯沙島‧南部 57-2","0","bgm_M169","-50","11057002","118191","118581","101570204","bgm_M169","211001000","-419","0","0","0","0","110570021","102183","0","11057","0","bgm_M169","2","110570023","101570202","0"
"-188","1","0","2022/08/15 16:00:00","101570305","0","bgm_M169","10","101570306","10","0","10","bgm_M169","bgm_M169","118221","215","101111","0","2030/12/31 14:59:59","90","100150","0","101112","0","101112","110570032","110570031","0","歐呂克斯沙島‧南部 57-3","0","bgm_M169","-50","11057003","118251","118611","101570301","bgm_M169","211001000","-273","0","0","0","0","110570031","101113","0","11057","0","bgm_M169","2","110570033","101570310","0"
"-128","1","0","2022/08/15 16:00:00","101570410","0","bgm_M169","10","101570409","10","0","10","bgm_M169","bgm_M169","118251","215","101111","0","2030/12/31 14:59:59","90","100150","0","101112","0","101112","110570042","110570041","0","歐呂克斯沙島‧南部 57-4","0","bgm_M169","-50","11057004","118581","118371","101570402","bgm_M169","211001000","-125","0","0","0","0","110570041","101113","0","11057","0","bgm_M169","2","110570043","101570407","0"
"24","1","0","2022/08/15 16:00:00","101570510","0","bgm_M169","10","101570508","10","0","10","bgm_M169","bgm_M169","118011","215","100201","0","2030/12/31 14:59:59","90","100110","0","100202","0","100202","110570052","110570051","0","歐呂克斯沙島‧南部 57-5","0","bgm_M169","-50","11057005","118551","118431","101570501","bgm_M169","211001000","-151","0","0","0","0","110570051","100203","0","11057","0","bgm_M169","2","110570053","101570505","0"
"66","1","0","2022/08/15 16:00:00","101570610","0","bgm_M169","10","101570609","10","0","10","bgm_M169","bgm_M169","118221","215","101111","0","2030/12/31 14:59:59","90","100150","0","101112","0","101112","110570062","110570061","0","歐呂克斯沙島‧南部 57-6","0","bgm_M169","-50","11057006","118611","118521","101570605","bgm_M169","211001000","13","0","0","0","0","110570061","101113","0","11057","0","bgm_M169","2","110570063","101570602","0"
"45","1","0","2022/08/15 16:00:00","101570703","0","bgm_M169","10","101570705","10","0","10","bgm_M169","bgm_M169","128161","215","100201","0","2030/12/31 14:59:59","90","100110","101570706","100202","0","100202","110570072","110570071","0","歐呂克斯沙島‧南部 57-7","0","bgm_M169","-50","11057007","118581","128281","101570701","bgm_M169","211001000","192","0","0","0","0","110570071","100203","0","11057","0","bgm_M169","2","110570073","101570702","0"
"-105","1","0","2022/08/15 16:00:00","101570807","0","bgm_M169","10","101570803","10","0","10","bgm_M169","bgm_M169","128131","215","101111","0","2030/12/31 14:59:59","90","100150","101570809","101112","0","101112","110570082","110570081","0","歐呂克斯沙島‧南部 57-8","0","bgm_M169","-50","11057008","118551","128401","101570802","bgm_M169","211001000","23","0","0","0","0","110570081","101113","0","11057","0","bgm_M169","2","110570083","101570808","0"
"-116","1","0","2022/08/15 16:00:00","101570907","0","bgm_M169","10","101570904","10","0","10","bgm_M169","bgm_M169","118011","215","101111","0","2030/12/31 14:59:59","90","100150","101570910","101112","0","101112","110570092","110570091","0","歐呂克斯沙島‧南部 57-9","0","bgm_M169","-50","11057009","118581","128311","101570901","bgm_M169","211001000","176","0","0","0","0","110570091","101113","0","11057","0","bgm_M169","2","110570093","101570906","0"
"-119","1","0","2022/08/15 16:00:00","101571002","25011","bgm_M169","10","101571007","10","0","10","bgm_M169","bgm_M169","118101","215","101051","0","2030/12/31 14:59:59","90","100110","101571010","101052","0","101052","110570102","110570101","0","歐呂克斯沙島‧南部 57-10","0","bgm_M169","-50","11057010","118551","118431","101571004","bgm_M169","211001000","335","0","0","0","0","110570101","101053","0","11057","0","bgm_M169","2","110570103","101571006","0"
"41","1","0","2022/08/15 16:00:00","101571107","25012","bgm_M169","10","101571110","10","0","10","bgm_M169","bgm_M169","118221","215","101051","0","2030/12/31 14:59:59","90","100110","101571109","101052","0","101052","110570112","110570111","0","歐呂克斯沙島‧南部 57-11","0","bgm_M169","-50","11057011","118611","118371","101571108","bgm_M169","211001000","361","0","0","0","0","110570111","101053","0","11057","0","bgm_M169","2","110570113","101571102","0"
"33","1","0","2022/08/15 16:00:00","101571208","25013","bgm_M169","10","101571202","10","0","10","bgm_M169","bgm_M169","118551","215","102181","0","2030/12/31 14:59:59","90","100100","101571209","102182","0","102182","110570122","110570121","0","歐呂克斯沙島‧南部 57-12","0","bgm_M169","-50","11057012","128281","118431","101571201","bgm_M169","211001000","563","0","0","0","0","110570121","102183","0","11057","0","bgm_M169","2","110570123","101571204","0"
"-111","1","0","2022/08/15 16:00:00","101571309","25014","bgm_M169","10","101571308","10","0","10","bgm_M169","bgm_M169","118581","215","101051","0","2030/12/31 14:59:59","90","100110","101571310","101052","0","101052","110570132","110570131","0","歐呂克斯沙島‧南部 57-13","0","bgm_M169","-50","11057013","128401","128311","101571302","bgm_M169","211001000","486","0","0","0","0","110570131","101053","0","11057","0","bgm_M169","2","110570133","101571301","0"
"-50","1","9057155","2022/08/15 16:00:00","0","25015","bgm_M170","10","101571408","10","0","10","bgm_M170","bgm_M170","118611","215","102191","0","2030/12/31 14:59:59","90","100100","0","102192","9057156","102192","110570142","110570141","0","歐呂克斯沙島‧南部 57-14","0","bgm_M170","-50","11057014","118521","118371","101571410","bgm_M170","211001000","692","0","0","0","0","110570141","102193","0","11057","0","bgm_M170","2","110570143","101571409","0"
"-123","1","0","2022/09/15 16:00:00","101580108","0","bgm_M169","10","101580107","10","0","10","bgm_M169","bgm_M169","118551","215","100017","0","2030/12/31 14:59:59","90","100020","0","100018","0","100018","110580012","110580011","0","克魯斯密林‧東部 58-1","0","bgm_M169","-50","11058001","118431","128042","101580101","bgm_M169","211001000","-716","0","0","0","0","110580011","100019","0","11058","0","bgm_M169","2","110580013","101580103","0"
"-173","1","0","2022/09/15 16:00:00","101580209","0","bgm_M169","10","101580208","10","0","10","bgm_M169","bgm_M169","118581","215","100017","0","2030/12/31 14:59:59","90","100020","0","100018","0","100018","110580022","110580021","0","克魯斯密林‧東部 58-2","0","bgm_M169","-50","11058002","128401","118192","101580201","bgm_M169","211001000","-552","0","0","0","0","110580021","100019","0","11058","0","bgm_M169","2","110580023","101580210","0"
"-113","1","0","2022/09/15 16:00:00","101580309","0","bgm_M169","10","101580302","10","0","10","bgm_M169","bgm_M169","118371","215","101621","0","2030/12/31 14:59:59","90","100450","0","101622","0","101622","110580032","110580031","0","克魯斯密林‧東部 58-3","0","bgm_M169","-50","11058003","128281","128132","101580301","bgm_M169","211001000","-408","0","0","0","0","110580031","101623","0","11058","0","bgm_M169","2","110580033","101580303","0"
"-180","1","0","2022/09/15 16:00:00","101580410","0","bgm_M169","10","101580405","10","0","10","bgm_M169","bgm_M169","128311","215","100017","0","2030/12/31 14:59:59","90","100020","0","100018","0","100018","110580042","110580041","0","克魯斯密林‧東部 58-4","0","bgm_M169","-50","11058004","118431","118012","101580402","bgm_M169","211001000","-257","0","0","0","0","110580041","100019","0","11058","0","bgm_M169","2","110580043","101580403","0"
"32","1","0","2022/09/15 16:00:00","101580510","0","bgm_M169","10","101580503","10","0","10","bgm_M169","bgm_M169","128401","215","101621","0","2030/12/31 14:59:59","90","100450","0","101622","0","101622","110580052","110580051","0","克魯斯密林‧東部 58-5","0","bgm_M169","-50","11058005","128162","118072","101580501","bgm_M169","211001000","-168","0","0","0","0","110580051","101623","0","11058","0","bgm_M169","2","110580053","101580506","0"
"-172","1","0","2022/09/15 16:00:00","101580609","0","bgm_M169","10","101580610","10","0","10","bgm_M169","bgm_M169","118431","215","100017","0","2030/12/31 14:59:59","90","100020","0","100018","0","100018","110580062","110580061","0","克魯斯密林‧東部 58-6","0","bgm_M169","-50","11058006","118102","118012","101580603","bgm_M169","211001000","-97","0","0","0","0","110580061","100019","0","11058","0","bgm_M169","2","110580063","101580606","0"
"-115","1","0","2022/09/15 16:00:00","101580705","0","bgm_M169","10","101580702","10","0","10","bgm_M169","bgm_M169","118521","215","100021","0","2030/12/31 14:59:59","90","100020","101580709","100022","0","100022","110580072","110580071","0","克魯斯密林‧東部 58-7","0","bgm_M169","-50","11058007","118222","118252","101580701","bgm_M169","211001000","47","0","0","0","0","110580071","100023","0","11058","0","bgm_M169","2","110580073","101580703","0"
"53","1","0","2022/10/14 16:00:00","101580810","0","bgm_M169","10","101580806","10","0","10","bgm_M169","bgm_M169","118431","215","101621","0","2030/12/31 14:59:59","90","100450","101580805","101622","0","101622","110580082","110580081","0","克魯斯密林‧東部 58-8","0","bgm_M169","-50","11058008","128042","118552","101580802","bgm_M169","211001000","62","0","0","0","0","110580081","101623","0","11058","0","bgm_M169","2","110580083","101580807","0"
"32","1","0","2022/10/14 16:00:00","101580907","0","bgm_M169","10","101580902","10","0","10","bgm_M169","bgm_M169","118371","215","100037","0","2030/12/31 14:59:59","90","100040","101580910","100038","0","100038","110580092","110580091","0","克魯斯密林‧東部 58-9","0","bgm_M169","-50","11058009","118192","118612","101580905","bgm_M169","211001000","295","0","0","0","0","110580091","100039","0","11058","0","bgm_M169","2","110580093","101580903","0"
"-123","1","0","2022/10/14 16:00:00","101581007","25011","bgm_M169","10","101581008","10","0","10","bgm_M169","bgm_M169","128162","215","100021","0","2030/12/31 14:59:59","90","100020","101581010","100022","0","100022","110580102","110580101","0","克魯斯密林‧東部 58-10","0","bgm_M169","-50","11058010","118072","118582","101581001","bgm_M169","211001000","198","0","0","0","0","110580101","100023","0","11058","0","bgm_M169","2","110580103","101581005","0"
"-115","1","0","2022/10/14 16:00:00","101581103","25012","bgm_M169","10","101581105","10","0","10","bgm_M169","bgm_M169","118222","215","100021","0","2030/12/31 14:59:59","90","100020","101581109","100022","0","100022","110580112","110580111","0","克魯斯密林‧東部 58-11","0","bgm_M169","-50","11058011","118252","118612","101581101","bgm_M169","211001000","362","0","0","0","0","110580111","100023","0","11058","0","bgm_M169","2","110580113","101581107","0"
"39","1","0","2022/10/14 16:00:00","101581206","25013","bgm_M169","10","101581203","10","0","10","bgm_M169","bgm_M169","128132","215","100037","0","2030/12/31 14:59:59","90","100040","101581209","100038","0","100038","110580122","110580121","0","克魯斯密林‧東部 58-12","0","bgm_M169","-50","11058012","118102","118552","101581201","bgm_M169","211001000","463","0","0","0","0","110580121","100039","0","11058","0","bgm_M169","2","110580123","101581208","0"
"-124","1","0","2022/10/14 16:00:00","101581310","25014","bgm_M169","10","101581302","10","0","10","bgm_M169","bgm_M169","118252","215","100021","0","2030/12/31 14:59:59","90","100020","101581309","100022","0","100022","110580132","110580131","0","克魯斯密林‧東部 58-13","0","bgm_M169","-50","11058013","118552","118612","101581306","bgm_M169","211001000","510","0","0","0","0","110580131","100023","0","11058","0","bgm_M169","2","110580133","101581305","0"
"-4","1","9058155","2022/10/14 16:00:00","0","25015","bgm_M170","10","0","10","0","10","bgm_M170","bgm_M170","118012","215","102101","0","2030/12/31 14:59:59","90","100020","0","102102","9058156","102102","110580142","110580141","0","克魯斯密林‧東部 58-14","0","bgm_M170","-50","11058014","118582","118552","101581410","bgm_M170","211001000","633","0","0","0","0","110580141","102103","0","11058","0","bgm_M170","2","110580143","0","0"
"6","1","0","2022/11/15 16:00:00","101590109","0","bgm_M169","10","101590102","10","0","10","bgm_M169","bgm_M169","118192","215","101411","0","2030/12/31 14:59:59","90","100050","0","101412","0","101412","110590012","110590011","0","克魯斯密林‧西部 59-1","0","bgm_M169","-50","11059001","118552","118492","101590104","bgm_M169","211001000","-763","0","0","0","0","110590011","101413","0","11059","0","bgm_M169","2","110590013","101590106","0"
"-90","1","0","2022/11/15 16:00:00","101590210","0","bgm_M169","10","101590208","10","0","10","bgm_M169","bgm_M169","118222","215","101411","0","2030/12/31 14:59:59","90","100050","0","101412","0","101412","110590022","110590021","0","克魯斯密林‧西部 59-2","0","bgm_M169","-50","11059002","118612","118462","101590202","bgm_M169","211001000","-635","0","0","0","0","110590021","101413","0","11059","0","bgm_M169","2","110590023","101590204","0"
"21","1","0","2022/11/15 16:00:00","101590309","0","bgm_M169","10","101590308","10","0","10","bgm_M169","bgm_M169","118552","215","100021","0","2030/12/31 14:59:59","90","100020","0","100022","0","100022","110590032","110590031","0","克魯斯密林‧西部 59-3","0","bgm_M169","-50","11059003","118582","118342","101590302","bgm_M169","211001000","-523","0","0","0","0","110590031","100023","0","11059","0","bgm_M169","2","110590033","101590305","0"
"-147","1","0","2022/11/15 16:00:00","101590408","0","bgm_M169","10","101590407","10","0","10","bgm_M169","bgm_M169","118582","215","101411","0","2030/12/31 14:59:59","90","100050","0","101412","0","101412","110590042","110590041","0","克魯斯密林‧西部 59-4","0","bgm_M169","-50","11059004","118552","118492","101590401","bgm_M169","211001000","-482","0","0","0","0","110590041","101413","0","11059","0","bgm_M169","2","110590043","101590403","0"
"-5","1","0","2022/11/15 16:00:00","101590509","0","bgm_M169","10","101590504","10","0","10","bgm_M169","bgm_M169","118552","215","100021","0","2030/12/31 14:59:59","90","100020","0","100022","0","100022","110590052","110590051","0","克魯斯密林‧西部 59-5","0","bgm_M169","-50","11059005","118582","128312","101590507","bgm_M169","211001000","-369","0","0","0","0","110590051","100023","0","11059","0","bgm_M169","2","110590053","101590506","0"
"-138","1","0","2022/11/15 16:00:00","101590608","0","bgm_M169","10","101590607","10","0","10","bgm_M169","bgm_M169","118612","215","101821","0","2030/12/31 14:59:59","90","100500","0","101822","0","101822","110590062","110590061","0","克魯斯密林‧西部 59-6","0","bgm_M169","-50","11059006","118462","128372","101590602","bgm_M169","211001000","-252","0","0","0","0","110590061","101823","0","11059","0","bgm_M169","2","110590063","101590604","0"
"36","1","0","2022/11/15 16:00:00","101590706","0","bgm_M169","10","101590707","10","0","10","bgm_M169","bgm_M169","118552","215","100021","0","2030/12/31 14:59:59","90","100020","101590710","100022","0","100022","110590072","110590071","0","克魯斯密林‧西部 59-7","0","bgm_M169","-50","11059007","118342","128282","101590703","bgm_M169","211001000","-190","0","0","0","0","110590071","100023","0","11059","0","bgm_M169","2","110590073","101590701","0"
"57","1","0","2022/11/15 16:00:00","101590807","0","bgm_M169","10","101590803","10","0","10","bgm_M169","bgm_M169","118552","215","100037","0","2030/12/31 14:59:59","90","100040","101590810","100038","0","100038","110590082","110590081","0","克魯斯密林‧西部 59-8","0","bgm_M169","-50","11059008","118342","128043","101590802","bgm_M169","211001000","33","0","0","0","0","110590081","100039","0","11059","0","bgm_M169","2","110590083","101590804","0"
"-119","1","0","2022/11/15 16:00:00","101590905","0","bgm_M169","10","101590902","10","0","10","bgm_M169","bgm_M169","118582","215","100021","0","2030/12/31 14:59:59","90","100020","101590909","100022","0","100022","110590092","110590091","0","克魯斯密林‧西部 59-9","0","bgm_M169","-50","11059009","128282","118163","101590910","bgm_M169","211001000","-77","0","0","0","0","110590091","100023","0","11059","0","bgm_M169","2","110590093","101590906","0"
"-109","1","0","2022/11/15 16:00:00","101591006","25011","bgm_M169","10","101591003","10","0","10","bgm_M169","bgm_M169","128372","215","100021","0","2030/12/31 14:59:59","90","100020","101591010","100022","0","100022","110590102","110590101","0","克魯斯密林‧西部 59-10","0","bgm_M169","-50","11059010","118492","128073","101591009","bgm_M169","211001000","127","0","0","0","0","110590101","100023","0","11059","0","bgm_M169","2","110590103","101591004","0"
"59","1","0","2022/11/15 16:00:00","101591106","25012","bgm_M169","10","101591107","10","0","10","bgm_M169","bgm_M169","128282","215","100037","0","2030/12/31 14:59:59","90","100040","101591104","100038","0","100038","110590112","110590111","0","克魯斯密林‧西部 59-11","0","bgm_M169","-50","11059011","128312","118013","101591101","bgm_M169","211001000","222","0","0","0","0","110590111","100039","0","11059","0","bgm_M169","2","110590113","101591105","0"
"40","1","0","2022/11/15 16:00:00","101591202","25013","bgm_M169","10","101591204","10","0","10","bgm_M169","bgm_M169","118342","215","100037","0","2030/12/31 14:59:59","90","100040","101591209","100038","0","100038","110590122","110590121","0","克魯斯密林‧西部 59-12","0","bgm_M169","-50","11059012","128133","118193","101591201","bgm_M169","211001000","404","0","0","0","0","110590121","100039","0","11059","0","bgm_M169","2","110590123","101591207","0"
"-107","1","0","2022/11/15 16:00:00","101591303","25014","bgm_M169","10","101591304","10","0","10","bgm_M169","bgm_M169","128312","215","100021","0","2030/12/31 14:59:59","90","100020","101591310","100022","0","100022","110590132","110590131","0","克魯斯密林‧西部 59-13","0","bgm_M169","-50","11059013","118013","118103","101591302","bgm_M169","211001000","312","0","0","0","0","110590131","100023","0","11059","0","bgm_M169","2","110590133","101591306","0"
"-58","1","9059155","2022/11/15 16:00:00","0","25015","bgm_M170","10","101591408","10","0","10","bgm_M170","bgm_M170","118462","215","102101","0","2030/12/31 14:59:59","90","100020","0","102102","9059156","102102","110590142","110590141","0","克魯斯密林‧西部 59-14","0","bgm_M170","-50","11059014","118223","118253","101591410","bgm_M170","211001000","530","0","0","0","0","110590141","102103","0","11059","0","bgm_M170","2","110590143","101591409","0"
"-173","1","0","2023/01/16 16:00:00","101600109","0","bgm_M169","10","101600107","10","0","10","bgm_M169","bgm_M169","118342","215","101411","0","2030/12/31 14:59:59","90","100050","0","101412","0","101412","110600012","110600011","0","考達海灘‧北部 60-1","0","bgm_M169","-50","11060001","128043","118553","101600102","bgm_M169","211001000","-686","0","0","0","0","110600011","101413","0","11060","0","bgm_M169","2","110600013","101600106","0"
"-153","1","0","2023/01/16 16:00:00","101600210","0","bgm_M169","10","101600207","10","0","10","bgm_M169","bgm_M169","118462","215","101411","0","2030/12/31 14:59:59","90","100050","0","101412","0","101412","110600022","110600021","0","考達海灘‧北部 60-2","0","bgm_M169","-50","11060002","118223","118613","101600201","bgm_M169","211001000","-528","0","0","0","0","110600021","101413","0","11060","0","bgm_M169","2","110600023","101600205","0"
"57","1","0","2023/01/16 16:00:00","101600309","0","bgm_M169","10","101600306","10","0","10","bgm_M169","bgm_M169","118013","215","101621","0","2030/12/31 14:59:59","90","100450","0","101622","0","101622","110600032","110600031","0","考達海灘‧北部 60-3","0","bgm_M169","-50","11060003","118103","118553","101600302","bgm_M169","211001000","-632","0","0","0","0","110600031","101623","0","11060","0","bgm_M169","2","110600033","101600307","0"
"45","1","0","2023/01/16 16:00:00","101600410","0","bgm_M169","10","101600405","10","0","10","bgm_M169","bgm_M169","128073","215","101411","0","2030/12/31 14:59:59","90","100050","0","101412","0","101412","110600042","110600041","0","考達海灘‧北部 60-4","0","bgm_M169","-50","11060004","118163","118583","101600401","bgm_M169","211001000","-369","0","0","0","0","110600041","101413","0","11060","0","bgm_M169","2","110600043","101600407","0"
"-159","1","0","2023/01/16 16:00:00","101600509","0","bgm_M169","10","101600505","10","0","10","bgm_M169","bgm_M169","128133","215","101411","0","2030/12/31 14:59:59","90","100050","0","101412","0","101412","110600052","110600051","0","考達海灘‧北部 60-5","0","bgm_M169","-50","11060005","118193","118553","101600501","bgm_M169","211001000","-369","0","0","0","0","110600051","101413","0","11060","0","bgm_M169","2","110600053","101600507","0"
"-171","1","0","2023/01/16 16:00:00","101600609","0","bgm_M169","10","101600605","10","0","10","bgm_M169","bgm_M169","118253","215","100201","0","2030/12/31 14:59:59","90","100110","0","100202","0","100202","110600062","110600061","0","考達海灘‧北部 60-6","0","bgm_M169","-50","11060006","118583","118613","101600602","bgm_M169","211001000","-195","0","0","0","0","110600061","100203","0","11060","0","bgm_M169","2","110600063","101600607","0"
"-159","1","0","2023/01/16 16:00:00","101600708","0","bgm_M169","10","101600703","10","0","10","bgm_M169","bgm_M169","118013","215","100201","0","2030/12/31 14:59:59","90","100110","101600710","100202","0","100202","110600072","110600071","0","考達海灘‧北部 60-7","0","bgm_M169","-50","11060007","118583","118553","101600701","bgm_M169","211001000","-30","0","0","0","0","110600071","100203","0","11060","0","bgm_M169","2","110600073","101600706","0"
"-92","1","0","2023/01/16 16:00:00","101600805","0","bgm_M169","10","101600804","10","0","10","bgm_M169","bgm_M169","118253","215","100231","0","2030/12/31 14:59:59","90","100080","101600806","100232","0","100232","110600082","110600081","0","考達海灘‧北部 60-8","0","bgm_M169","-50","11060008","118583","128373","101600807","bgm_M169","211001000","136","0","0","0","0","110600081","100233","0","11060","0","bgm_M169","2","110600083","101600809","0"
"127","1","0","2023/01/16 16:00:00","101600902","0","bgm_M169","10","101600906","10","0","10","bgm_M169","bgm_M169","118223","215","100231","0","2030/12/31 14:59:59","90","100080","101600908","100232","0","100232","110600092","110600091","0","考達海灘‧北部 60-9","0","bgm_M169","-50","11060009","118613","118523","101600909","bgm_M169","211001000","120","0","0","0","0","110600091","100233","0","11060","0","bgm_M169","2","110600093","101600910","0"
"110","1","0","2023/01/16 16:00:00","101601006","25011","bgm_M169","10","101601008","10","0","10","bgm_M169","bgm_M169","118583","215","100021","0","2030/12/31 14:59:59","90","100020","101601009","100022","0","100022","110600102","110600101","0","考達海灘‧北部 60-10","0","bgm_M169","-50","11060010","118553","128313","101601001","bgm_M169","211001000","341","0","0","0","0","110600101","100023","0","11060","0","bgm_M169","2","110600103","101601002","0"
"109","1","0","2023/01/16 16:00:00","101601103","25012","bgm_M169","10","101601109","10","0","10","bgm_M169","bgm_M169","118583","215","100231","0","2030/12/31 14:59:59","90","100080","101601102","100232","0","100232","110600112","110600111","0","考達海灘‧北部 60-11","0","bgm_M169","-50","11060011","118613","118523","101601107","bgm_M169","211001000","556","0","0","0","0","110600111","100233","0","11060","0","bgm_M169","2","110600113","101601106","0"
"-97","1","0","2023/01/16 16:00:00","101601208","25013","bgm_M169","10","101601209","10","0","10","bgm_M169","bgm_M169","118613","215","100231","0","2030/12/31 14:59:59","90","100080","101601204","100232","0","100232","110600122","110600121","0","考達海灘‧北部 60-12","0","bgm_M169","-50","11060012","118553","128283","101601203","bgm_M169","211001000","317","0","0","0","0","110600121","100233","0","11060","0","bgm_M169","2","110600123","101601207","0"
"-51","1","0","2023/01/16 16:00:00","101601307","25014","bgm_M169","10","101601309","10","0","10","bgm_M169","bgm_M169","118583","215","100021","0","2030/12/31 14:59:59","90","100020","101601305","100022","0","100022","110600132","110600131","0","考達海灘‧北部 60-13","0","bgm_M169","-50","11060013","128373","118343","101601308","bgm_M169","211001000","573","0","0","0","0","110600131","100023","0","11060","0","bgm_M169","2","110600133","101601304","0"
"-15","1","9060155","2023/01/16 16:00:00","0","25015","bgm_M170","10","0","10","0","10","bgm_M170","bgm_M170","118553","215","102101","0","2030/12/31 14:59:59","90","100020","0","102102","9060156","102102","110600142","110600141","0","考達海灘‧北部 60-14","0","bgm_M170","-50","11060014","118343","118403","101601410","bgm_M170","211001000","742","0","0","0","0","110600141","102103","0","11060","0","bgm_M170","2","110600143","0","0"
"-200","1","0","2015/12/17 15:00:00","101610108","0","bgm_M169","10","101610102","10","0","10","bgm_M169","bgm_M169","118553","215","101621","0","2030/12/31 14:59:59","90","100450","0","101622","0","101622","110610012","110610011","0","考達海灘‧南部 61-1","0","bgm_M169","-50","11061001","128313","118014","101610101","bgm_M169","211001000","-717","0","0","0","0","110610011","101623","0","11061","0","bgm_M169","2","110610013","101610107","0"
"80","1","0","2015/12/17 15:00:00","101610208","0","bgm_M169","10","101610202","10","0","10","bgm_M169","bgm_M169","118613","215","101621","0","2030/12/31 14:59:59","90","100450","0","101622","0","101622","110610022","110610021","0","考達海灘‧南部 61-2","0","bgm_M169","-50","11061002","118403","128044","101610201","bgm_M169","211001000","-565","0","0","0","0","110610021","101623","0","11061","0","bgm_M169","2","110610023","101610204","0"
"-130","1","0","2015/12/17 15:00:00","101610309","0","bgm_M169","10","101610303","10","0","10","bgm_M169","bgm_M169","118403","215","101411","0","2030/12/31 14:59:59","90","100050","0","101412","0","101412","110610032","110610031","0","考達海灘‧南部 61-3","0","bgm_M169","-50","11061003","128283","128194","101610301","bgm_M169","211001000","-437","0","0","0","0","110610031","101413","0","11061","0","bgm_M169","2","110610033","101610306","0"
"-102","1","0","2015/12/17 15:00:00","101610407","0","bgm_M169","10","101610403","10","0","10","bgm_M169","bgm_M169","128373","215","101411","0","2030/12/31 14:59:59","90","100050","0","101412","0","101412","110610042","110610041","0","考達海灘‧南部 61-4","0","bgm_M169","-50","11061004","118343","128134","101610405","bgm_M169","211001000","-248","0","0","0","0","110610041","101413","0","11061","0","bgm_M169","2","110610043","101610401","0"
"-157","1","0","2015/12/17 15:00:00","101610510","0","bgm_M169","10","101610508","10","0","10","bgm_M169","bgm_M169","118343","215","100201","0","2030/12/31 14:59:59","90","100110","0","100202","0","100202","110610052","110610051","0","考達海灘‧南部 61-5","0","bgm_M169","-50","11061005","118254","118224","101610502","bgm_M169","211001000","-31","0","0","0","0","110610051","100203","0","11061","0","bgm_M169","2","110610053","101610506","0"
"44","1","0","2015/12/17 15:00:00","101610606","0","bgm_M169","10","101610604","10","0","10","bgm_M169","bgm_M169","128283","215","101411","0","2030/12/31 14:59:59","90","100050","0","101412","0","101412","110610062","110610061","0","考達海灘‧南部 61-6","0","bgm_M169","-50","11061006","118014","118104","101610601","bgm_M169","211001000","-135","0","0","0","0","110610061","101413","0","11061","0","bgm_M169","2","110610063","101610603","0"
"-46","1","0","2015/12/17 15:00:00","101610707","0","bgm_M169","10","101610704","10","0","10","bgm_M169","bgm_M169","118523","215","100201","0","2030/12/31 14:59:59","90","100110","101610710","100202","0","100202","110610072","110610071","0","考達海灘‧南部 61-7","0","bgm_M169","-50","11061007","118074","118164","101610701","bgm_M169","211001000","80","0","0","0","0","110610071","100203","0","11061","0","bgm_M169","2","110610073","101610705","0"
"113","1","0","2015/12/17 15:00:00","101610806","0","bgm_M169","10","101610809","10","0","10","bgm_M169","bgm_M169","118343","215","101411","0","2030/12/31 14:59:59","90","100050","101610805","101412","0","101412","110610082","110610081","0","考達海灘‧南部 61-8","0","bgm_M169","-50","11061008","118104","118554","101610810","bgm_M169","211001000","129","0","0","0","0","110610081","101413","0","11061","0","bgm_M169","2","110610083","101610803","0"
"36","1","0","2015/12/17 15:00:00","101610907","0","bgm_M169","10","101610909","10","0","10","bgm_M169","bgm_M169","118523","215","100201","0","2030/12/31 14:59:59","90","100110","101610910","100202","0","100202","110610092","110610091","0","考達海灘‧南部 61-9","0","bgm_M169","-50","11061009","118224","118614","101610902","bgm_M169","211001000","297","0","0","0","0","110610091","100203","0","11061","0","bgm_M169","2","110610093","101610904","0"
"50","1","0","2015/12/17 15:00:00","101611009","25011","bgm_M169","10","101611003","10","0","10","bgm_M169","bgm_M169","128194","215","100201","0","2030/12/31 14:59:59","90","100110","101611005","100202","0","100202","110610102","110610101","0","考達海灘‧南部 61-10","0","bgm_M169","-50","11061010","128044","118554","101611008","bgm_M169","211001000","481","0","0","0","0","110610101","100203","0","11061","0","bgm_M169","2","110610103","101611006","0"
"-141","1","0","2015/12/17 15:00:00","101611104","25012","bgm_M169","10","101611101","10","0","10","bgm_M169","bgm_M169","128134","215","102181","0","2030/12/31 14:59:59","90","100100","101611105","102182","0","102182","110610112","110610111","0","考達海灘‧南部 61-11","0","bgm_M169","-50","11061011","118164","118584","101611110","bgm_M169","211001000","255","0","0","0","0","110610111","102183","0","11061","0","bgm_M169","2","110610113","101611106","0"
"-136","1","0","2015/12/17 15:00:00","101611204","25013","bgm_M169","10","101611207","10","0","10","bgm_M169","bgm_M169","118014","215","102181","0","2030/12/31 14:59:59","90","100100","101611208","102182","0","102182","110610122","110610121","0","考達海灘‧南部 61-12","0","bgm_M169","-50","11061012","118614","118554","101611201","bgm_M169","211001000","482","0","0","0","0","110610121","102183","0","11061","0","bgm_M169","2","110610123","101611206","0"
"-87","1","0","2015/12/17 15:00:00","101611304","25014","bgm_M169","10","101611307","10","0","10","bgm_M169","bgm_M169","118254","215","101621","0","2030/12/31 14:59:59","90","100450","101611308","101622","0","101622","110610132","110610131","0","考達海灘‧南部 61-13","0","bgm_M169","-50","11061013","118584","118614","101611303","bgm_M169","211001000","651","0","0","0","0","110610131","101623","0","11061","0","bgm_M169","2","110610133","101611306","0"
"68","1","9061155","2015/12/17 15:00:00","0","25015","bgm_M170","10","101611408","10","0","10","bgm_M170","bgm_M170","118074","215","102101","0","2030/12/31 14:59:59","90","100020","0","102102","9061156","102102","110610142","110610141","0","考達海灘‧南部 61-14","0","bgm_M170","-50","11061014","118584","118554","101611410","bgm_M170","211001000","747","0","0","0","0","110610141","102103","0","11061","0","bgm_M170","2","110610143","101611409","0"
"44","1","0","2015/12/17 15:00:00","101620109","0","bgm_M169","10","101620101","10","0","10","bgm_M169","bgm_M169","118254","215","101621","0","2030/12/31 14:59:59","90","100450","0","101622","0","101622","110620012","110620011","0","普洛庇那海角 62-1","0","bgm_M169","-50","11062001","118584","128314","101620103","bgm_M169","211001000","-665","0","0","0","0","110620011","101623","0","11062","0","bgm_M169","2","110620013","101620108","0"
"90","1","0","2015/12/17 15:00:00","101620209","0","bgm_M169","10","101620201","10","0","10","bgm_M169","bgm_M169","118224","215","101411","0","2030/12/31 14:59:59","90","100050","0","101412","0","101412","110620022","110620021","0","普洛庇那海角 62-2","0","bgm_M169","-50","11062002","118614","128374","101620202","bgm_M169","211001000","-482","0","0","0","0","110620021","101413","0","11062","0","bgm_M169","2","110620023","101620204","0"
"-10","1","0","2015/12/17 15:00:00","101620310","0","bgm_M169","10","101620307","10","0","10","bgm_M169","bgm_M169","118584","215","101411","0","2030/12/31 14:59:59","90","100050","0","101412","0","101412","110620032","110620031","0","普洛庇那海角 62-3","0","bgm_M169","-50","11062003","118554","128314","101620301","bgm_M169","211001000","-368","0","0","0","0","110620031","101413","0","11062","0","bgm_M169","2","110620033","101620304","0"
"74","1","0","2015/12/17 15:00:00","101620406","0","bgm_M169","10","101620409","10","0","10","bgm_M169","bgm_M169","118584","215","100201","0","2030/12/31 14:59:59","90","100110","0","100202","0","100202","110620042","110620041","0","普洛庇那海角 62-4","0","bgm_M169","-50","11062004","118614","118524","101620407","bgm_M169","211001000","-252","0","0","0","0","110620041","100203","0","11062","0","bgm_M169","2","110620043","101620405","0"
"-57","1","0","2015/12/17 15:00:00","101620506","0","bgm_M169","10","101620502","10","0","10","bgm_M169","bgm_M169","118584","215","101411","0","2030/12/31 14:59:59","90","100050","0","101412","0","101412","110620052","110620051","0","普洛庇那海角 62-5","0","bgm_M169","-50","11062005","118554","128284","101620510","bgm_M169","211001000","-154","0","0","0","0","110620051","101413","0","11062","0","bgm_M169","2","110620053","101620505","0"
"-95","1","0","2015/12/17 15:00:00","101620607","0","bgm_M169","10","101620602","10","0","10","bgm_M169","bgm_M169","118614","215","101411","0","2030/12/31 14:59:59","90","100050","0","101412","0","101412","110620062","110620061","0","普洛庇那海角 62-6","0","bgm_M169","-50","11062006","128374","118524","101620606","bgm_M169","211001000","30","0","0","0","0","110620061","101413","0","11062","0","bgm_M169","2","110620063","101620609","0"
"52","1","0","2015/12/17 15:00:00","101620708","0","bgm_M169","10","101620709","10","0","10","bgm_M169","bgm_M169","118554","215","100201","0","2030/12/31 14:59:59","90","100110","101620704","100202","0","100202","110620072","110620071","0","普洛庇那海角 62-7","0","bgm_M169","-50","11062007","118434","118494","101620705","bgm_M169","211001000","-54","0","0","0","0","110620071","100203","0","11062","0","bgm_M169","2","110620073","101620701","0"
"-141","1","0","2015/12/17 15:00:00","101620808","0","bgm_M169","10","101620801","10","0","10","bgm_M169","bgm_M169","118554","215","101411","0","2030/12/31 14:59:59","90","100050","101620810","101412","0","101412","110620082","110620081","0","普洛庇那海角 62-8","0","bgm_M169","-50","11062008","118494","119011","101620803","bgm_M169","211001000","184","0","0","0","0","110620081","101413","0","11062","0","bgm_M169","2","110620083","101620806","0"
"16","1","0","2015/12/17 15:00:00","101620910","0","bgm_M169","10","101620903","10","0","10","bgm_M169","bgm_M169","118614","215","100201","0","2030/12/31 14:59:59","90","100110","101620909","100202","0","100202","110620092","110620091","0","普洛庇那海角 62-9","0","bgm_M169","-50","11062009","118434","129041","101620901","bgm_M169","211001000","197","0","0","0","0","110620091","100203","0","11062","0","bgm_M169","2","110620093","101620907","0"
"-110","1","0","2015/12/17 15:00:00","101621006","25011","bgm_M169","10","101621003","10","0","10","bgm_M169","bgm_M169","128284","215","100201","0","2030/12/31 14:59:59","90","100110","101621010","100202","0","100202","110620102","110620101","0","普洛庇那海角 62-10","0","bgm_M169","-50","11062010","118524","129191","101621009","bgm_M169","211001000","336","0","0","0","0","110620101","100203","0","11062","0","bgm_M169","2","110620103","101621004","0"
"19","1","0","2015/12/17 15:00:00","101621108","25012","bgm_M169","10","101621101","10","0","10","bgm_M169","bgm_M169","118434","215","102181","0","2030/12/31 14:59:59","90","100100","101621107","102182","0","102182","110620112","110620111","0","普洛庇那海角 62-11","0","bgm_M169","-50","11062011","128314","129131","101621103","bgm_M169","211001000","436","0","0","0","0","110620111","102183","0","11062","0","bgm_M169","2","110620113","101621104","0"
"-130","1","0","2015/12/17 15:00:00","101621202","25013","bgm_M169","10","101621206","10","0","10","bgm_M169","bgm_M169","118524","215","100201","0","2030/12/31 14:59:59","90","100110","101621203","100202","0","100202","110620122","110620121","0","普洛庇那海角 62-12","0","bgm_M169","-50","11062012","119251","119221","101621208","bgm_M169","211001000","536","0","0","0","0","110620121","100203","0","11062","0","bgm_M169","2","110620123","101621204","0"
"44","1","0","2015/12/17 15:00:00","101621308","25014","bgm_M169","10","101621302","10","0","10","bgm_M169","bgm_M169","118494","215","102181","0","2030/12/31 14:59:59","90","100100","101621306","102182","0","102182","110620132","110620131","0","普洛庇那海角 62-13","0","bgm_M169","-50","11062013","119011","119101","101621304","bgm_M169","211001000","622","0","0","0","0","110620131","102183","0","11062","0","bgm_M169","2","110620133","101621301","0"
"-84","1","9062155","2015/12/17 15:00:00","0","25015","bgm_M170","10","0","10","0","10","bgm_M170","bgm_M170","128374","215","101421","0","2030/12/31 14:59:59","90","100050","0","101422","9062156","101422","110620142","110620141","0","普洛庇那海角 62-14","0","bgm_M170","-50","11062014","119071","119161","101621410","bgm_M170","211001000","775","0","0","0","0","110620141","101423","0","11062","0","bgm_M170","2","110620143","0","0"
"115","1","0","2015/12/17 15:00:00","101630107","0","bgm_MC022","10","101630104","10","0","10","bgm_MC022","bgm_MC022","129041","215","103201","0","2030/12/31 14:59:59","90","100760","101630110","103202","0","103202","110630012","110630011","0","阿帕雷尤街道‧西側 63-1","0","bgm_MC022","-50","11063001","129131","129191","101630103","bgm_MC022","211001000","-356","0","0","0","0","110630011","103203","0","11063","0","bgm_MC022","2","110630013","101630105","0"
"-8","1","0","2015/12/17 15:00:00","101630208","0","bgm_MC022","10","101630204","10","0","10","bgm_MC022","bgm_MC022","119101","215","103171","0","2030/12/31 14:59:59","90","100750","101630210","103172","0","103172","110630022","110630021","0","阿帕雷尤街道‧西側 63-2","0","bgm_MC022","-50","11063002","119161","119071","101630203","bgm_MC022","211001000","-241","0","0","0","0","110630021","103173","0","11063","0","bgm_MC022","2","110630023","101630205","0"
"-191","1","0","2015/12/17 15:00:00","101630309","0","bgm_MC022","10","101630305","10","0","10","bgm_MC022","bgm_MC022","119011","215","103201","0","2030/12/31 14:59:59","90","100760","101630310","103202","0","103202","110630032","110630031","0","阿帕雷尤街道‧西側 63-3","0","bgm_MC022","-50","11063003","119581","119551","101630303","bgm_MC022","211001000","-502","0","0","0","0","110630031","103203","0","11063","0","bgm_MC022","2","110630033","101630307","0"
"-104","1","0","2015/12/17 15:00:00","101630407","0","bgm_MC022","10","101630404","10","0","10","bgm_MC022","bgm_MC022","119221","215","103171","0","2030/12/31 14:59:59","90","100750","101630410","103172","0","103172","110630042","110630041","0","阿帕雷尤街道‧西側 63-4","0","bgm_MC022","-50","11063004","119611","119581","101630402","bgm_MC022","211001000","81","0","0","0","0","110630041","103173","0","11063","0","bgm_MC022","2","110630043","101630406","0"
"75","1","0","2015/12/17 15:00:00","101630507","0","bgm_MC022","10","101630503","10","0","10","bgm_MC022","bgm_MC022","119251","215","103171","0","2030/12/31 14:59:59","90","100750","101630510","103172","0","103172","110630052","110630051","0","阿帕雷尤街道‧西側 63-5","0","bgm_MC022","-50","11063005","119551","119611","101630501","bgm_MC022","211001000","100","0","0","0","0","110630051","103173","0","11063","0","bgm_MC022","2","110630053","101630505","0"
"-65","1","0","2015/12/17 15:00:00","101630610","25011","bgm_MC022","10","101630604","10","0","10","bgm_MC022","bgm_MC022","119581","215","103171","0","2030/12/31 14:59:59","90","100750","101630608","103172","0","103172","110630062","110630061","0","阿帕雷尤街道‧西側 63-6","0","bgm_MC022","-50","11063006","119551","129401","101630603","bgm_MC022","211001000","253","0","0","0","0","110630061","103173","0","11063","0","bgm_MC022","2","110630063","101630606","0"
"51","1","0","2015/12/17 15:00:00","101630710","25012","bgm_MC022","10","101630705","10","0","10","bgm_MC022","bgm_MC022","119611","215","103201","0","2030/12/31 14:59:59","90","100760","101630708","103202","0","103202","110630072","110630071","0","阿帕雷尤街道‧西側 63-7","0","bgm_MC022","-50","11063007","119341","119461","101630702","bgm_MC022","211001000","362","0","0","0","0","110630071","103203","0","11063","0","bgm_MC022","2","110630073","101630707","0"
"-130","1","0","2015/12/17 15:00:00","101630809","25013","bgm_MC022","10","101630804","10","0","10","bgm_MC022","bgm_MC022","119581","215","103171","0","2030/12/31 14:59:59","90","100750","101630810","103172","0","103172","110630082","110630081","0","阿帕雷尤街道‧西側 63-8","0","bgm_MC022","-50","11063008","129311","129281","101630803","bgm_MC022","211001000","395","0","0","0","0","110630081","103173","0","11063","0","bgm_MC022","2","110630083","101630806","0"
"-26","1","0","2015/12/17 15:00:00","101630907","25014","bgm_MC022","10","101630903","10","0","10","bgm_MC022","bgm_MC022","119551","215","103201","0","2030/12/31 14:59:59","90","100760","101630910","103202","0","103202","110630092","110630091","0","阿帕雷尤街道‧西側 63-9","0","bgm_MC022","-50","11063009","119371","119341","101630901","bgm_MC022","211001000","514","0","0","0","0","110630091","103203","0","11063","0","bgm_MC022","2","110630093","101630906","0"
"-115","1","9063155","2015/12/17 15:00:00","0","25015","bgm_MC023","10","0","10","0","10","bgm_MC023","bgm_MC023","119611","215","103181","0","2030/12/31 14:59:59","90","100750","0","103182","9063156","103182","110630102","110630101","0","阿帕雷尤街道‧西側 63-10","0","bgm_MC023","-50","11063010","119461","119371","101631010","bgm_MC023","211001000","797","0","0","0","0","110630101","103183","0","11063","0","bgm_MC023","2","110630103","0","0"
"-90","1","0","2015/12/17 15:00:00","101640109","0","bgm_MC022","10","101640104","10","0","10","bgm_MC022","bgm_MC022","129281","215","103201","0","2030/12/31 14:59:59","90","100760","101640110","103202","0","103202","110640012","110640011","0","阿帕雷尤街道‧東側 64-1","0","bgm_MC022","-50","11064001","129401","129042","101640101","bgm_MC022","211001000","-501","0","0","0","0","110640011","103203","0","11064","0","bgm_MC022","2","110640013","101640107","0"
"-20","1","0","2015/12/17 15:00:00","101640209","0","bgm_MC022","10","101640204","10","0","10","bgm_MC022","bgm_MC022","119341","215","103171","0","2030/12/31 14:59:59","90","100750","101640210","103172","0","103172","110640022","110640021","0","阿帕雷尤街道‧東側 64-2","0","bgm_MC022","-50","11064002","119102","119012","101640203","bgm_MC022","211001000","-306","0","0","0","0","110640021","103173","0","11064","0","bgm_MC022","2","110640023","101640207","0"
"100","1","0","2015/12/17 15:00:00","101640309","0","bgm_MC022","10","101640303","10","0","10","bgm_MC022","bgm_MC022","129311","215","103171","0","2030/12/31 14:59:59","90","100750","101640310","103172","0","103172","110640032","110640031","0","阿帕雷尤街道‧東側 64-3","0","bgm_MC022","-50","11064003","119192","119072","101640302","bgm_MC022","211001000","-206","0","0","0","0","110640031","103173","0","11064","0","bgm_MC022","2","110640033","101640305","0"
"-32","1","0","2015/12/17 15:00:00","101640409","0","bgm_MC022","10","101640404","10","0","10","bgm_MC022","bgm_MC022","119461","215","103171","0","2030/12/31 14:59:59","90","100750","101640410","103172","0","103172","110640042","110640041","0","阿帕雷尤街道‧東側 64-4","0","bgm_MC022","-50","11064004","129132","129162","101640403","bgm_MC022","211001000","-124","0","0","0","0","110640041","103173","0","11064","0","bgm_MC022","2","110640043","101640407","0"
"82","1","0","2015/12/17 15:00:00","101640509","0","bgm_MC022","10","101640504","10","0","10","bgm_MC022","bgm_MC022","119371","215","103171","0","2030/12/31 14:59:59","90","100750","101640510","103172","0","103172","110640052","110640051","0","阿帕雷尤街道‧東側 64-5","0","bgm_MC022","-50","11064005","119252","119222","101640503","bgm_MC022","211001000","0","0","0","0","0","110640051","103173","0","11064","0","bgm_MC022","2","110640053","101640506","0"
"100","1","0","2015/12/17 15:00:00","101640609","25011","bgm_MC022","10","101640605","10","0","10","bgm_MC022","bgm_MC022","119102","215","103171","0","2030/12/31 14:59:59","90","100750","101640610","103172","0","103172","110640062","110640061","0","阿帕雷尤街道‧東側 64-6","0","bgm_MC022","-50","11064006","119072","119192","101640601","bgm_MC022","211001000","175","0","0","0","0","110640061","103173","0","11064","0","bgm_MC022","2","110640063","101640606","0"
"-42","1","0","2015/12/17 15:00:00","101640707","25012","bgm_MC022","10","101640703","10","0","10","bgm_MC022","bgm_MC022","129042","215","103171","0","2030/12/31 14:59:59","90","100750","101640710","103172","0","103172","110640072","110640071","0","阿帕雷尤街道‧東側 64-7","0","bgm_MC022","-50","11064007","129132","129162","101640701","bgm_MC022","211001000","294","0","0","0","0","110640071","103173","0","11064","0","bgm_MC022","2","110640073","101640705","0"
"100","1","0","2015/12/17 15:00:00","101640809","25013","bgm_MC022","10","101640804","10","0","10","bgm_MC022","bgm_MC022","119012","215","103171","0","2030/12/31 14:59:59","90","100750","101640810","103172","0","103172","110640082","110640081","0","阿帕雷尤街道‧東側 64-8","0","bgm_MC022","-50","11064008","119582","119552","101640803","bgm_MC022","211001000","381","0","0","0","0","110640081","103173","0","11064","0","bgm_MC022","2","110640083","101640805","0"
"-90","1","0","2015/12/17 15:00:00","101640908","25014","bgm_MC022","10","101640904","10","0","10","bgm_MC022","bgm_MC022","119252","215","103201","0","2030/12/31 14:59:59","90","100760","101640910","103202","0","103202","110640092","110640091","0","阿帕雷尤街道‧東側 64-9","0","bgm_MC022","-50","11064009","119612","119582","101640903","bgm_MC022","211001000","658","0","0","0","0","110640091","103203","0","11064","0","bgm_MC022","2","110640093","101640906","0"
"82","1","9064155","2015/12/17 15:00:00","0","25015","bgm_MC023","10","101641009","10","0","10","bgm_MC023","bgm_MC023","119222","215","103181","0","2030/12/31 14:59:59","90","100750","0","103182","9064156","103182","110640102","110640101","0","阿帕雷尤街道‧東側 64-10","0","bgm_MC023","-50","11064010","119552","119612","101641010","bgm_MC023","211001000","726","0","0","0","0","110640101","103183","0","11064","0","bgm_MC023","2","110640103","101641008","0"
"-163","1","0","2015/12/17 15:00:00","101650109","0","bgm_MC022","10","101650103","10","0","10","bgm_MC022","bgm_MC022","119612","215","103201","0","2030/12/31 14:59:59","90","100760","101650110","103202","0","103202","110650012","110650011","0","芭菲之城城鎮 65-1","0","bgm_MC022","-50","11065001","119552","119432","101650101","bgm_MC022","211001000","-806","0","0","0","0","110650011","103203","0","11065","0","bgm_MC022","2","110650013","101650105","0"
"-63","1","0","2015/12/17 15:00:00","101650209","0","bgm_MC022","10","101650205","10","0","10","bgm_MC022","bgm_MC022","119552","215","103201","0","2030/12/31 14:59:59","90","100760","101650210","103202","0","103202","110650022","110650021","0","芭菲之城城鎮 65-2","0","bgm_MC022","-50","11065002","129312","129402","101650203","bgm_MC022","211001000","-665","0","0","0","0","110650021","103203","0","11065","0","bgm_MC022","2","110650023","101650208","0"
"123","1","0","2015/12/17 15:00:00","101650308","0","bgm_MC022","10","101650304","10","0","10","bgm_MC022","bgm_MC022","119552","215","103201","0","2030/12/31 14:59:59","90","100760","101650310","103202","0","103202","110650032","110650031","0","芭菲之城城鎮 65-3","0","bgm_MC022","-50","11065003","119432","119522","101650301","bgm_MC022","211001000","-580","0","0","0","0","110650031","103203","0","11065","0","bgm_MC022","2","110650033","101650306","0"
"56","1","0","2015/12/17 15:00:00","101650408","0","bgm_MC022","10","101650404","10","0","10","bgm_MC022","bgm_MC022","119582","215","103201","0","2030/12/31 14:59:59","90","100760","101650410","103202","0","103202","110650042","110650041","0","芭菲之城城鎮 65-4","0","bgm_MC022","-50","11065004","129282","129312","101650403","bgm_MC022","211001000","-432","0","0","0","0","110650041","103203","0","11065","0","bgm_MC022","2","110650043","101650407","0"
"-75","1","0","2015/12/17 15:00:00","101650509","0","bgm_MC022","10","101650504","10","0","10","bgm_MC022","bgm_MC022","119612","215","103171","0","2030/12/31 14:59:59","90","100750","101650510","103172","0","103172","110650052","110650051","0","芭菲之城城鎮 65-5","0","bgm_MC022","-50","11065005","119522","119372","101650501","bgm_MC022","211001000","-289","0","0","0","0","110650051","103173","0","11065","0","bgm_MC022","2","110650053","101650507","0"
"37","1","0","2015/12/17 15:00:00","101650609","25011","bgm_MC022","10","101650605","10","0","10","bgm_MC022","bgm_MC022","129402","215","103171","0","2030/12/31 14:59:59","90","100750","101650610","103172","0","103172","110650062","110650061","0","芭菲之城城鎮 65-6","0","bgm_MC022","-50","11065006","129282","129043","101650603","bgm_MC022","211001000","-111","0","0","0","0","110650061","103173","0","11065","0","bgm_MC022","2","110650063","101650606","0"
"100","1","0","2015/12/17 15:00:00","101650709","25012","bgm_MC022","10","101650705","10","0","10","bgm_MC022","bgm_MC022","119432","215","103171","0","2030/12/31 14:59:59","90","100750","101650710","103172","0","103172","110650072","110650071","0","芭菲之城城鎮 65-7","0","bgm_MC022","-50","11065007","119103","119013","101650703","bgm_MC022","211001000","57","0","0","0","0","110650071","103173","0","11065","0","bgm_MC022","2","110650073","101650706","0"
"-77","1","0","2015/12/17 15:00:00","101650809","25013","bgm_MC022","10","101650804","10","0","10","bgm_MC022","bgm_MC022","119522","215","103171","0","2030/12/31 14:59:59","90","100750","101650810","103172","0","103172","110650082","110650081","0","芭菲之城城鎮 65-8","0","bgm_MC022","-50","11065008","119163","119073","101650803","bgm_MC022","211001000","0","0","0","0","0","110650081","103173","0","11065","0","bgm_MC022","2","110650083","101650806","0"
"78","1","0","2015/12/17 15:00:00","101650908","25014","bgm_MC022","10","101650903","10","0","10","bgm_MC022","bgm_MC022","129312","215","103201","0","2030/12/31 14:59:59","90","100760","101650910","103202","0","103202","110650092","110650091","0","芭菲之城城鎮 65-9","0","bgm_MC022","-50","11065009","129193","129133","101650901","bgm_MC022","211001000","214","0","0","0","0","110650091","103203","0","11065","0","bgm_MC022","2","110650093","101650906","0"
"-15","1","9065155","2015/12/17 15:00:00","0","25015","bgm_MC023","10","0","10","0","10","bgm_MC023","bgm_MC023","119372","215","103181","0","2030/12/31 14:59:59","90","100750","0","103182","9065156","103182","110650102","110650101","0","芭菲之城城鎮 65-10","0","bgm_MC023","-50","11065010","119253","119223","101651010","bgm_MC023","211001000","502","0","0","0","0","110650101","103183","0","11065","0","bgm_MC023","2","110650103","0","0"
"109","1","0","2015/12/17 15:00:00","101660109","0","bgm_MC022","10","101660105","10","0","10","bgm_MC022","bgm_MC022","119103","215","103201","0","2030/12/31 14:59:59","90","100760","101660110","103202","0","103202","110660012","110660011","0","拉摩利爾平原 66-1","0","bgm_MC022","-50","11066001","119073","119163","101660102","bgm_MC022","211001000","-742","0","0","0","0","110660011","103203","0","11066","0","bgm_MC022","2","110660013","101660107","0"
"-34","1","0","2015/12/17 15:00:00","101660208","0","bgm_MC022","10","101660204","10","0","10","bgm_MC022","bgm_MC022","129043","215","103201","0","2030/12/31 14:59:59","90","100760","101660209","103202","0","103202","110660022","110660021","0","拉摩利爾平原 66-2","0","bgm_MC022","-50","11066002","129133","129193","101660203","bgm_MC022","211001000","-882","0","0","0","0","110660021","103203","0","11066","0","bgm_MC022","2","110660023","101660207","0"
"-193","1","0","2015/12/17 15:00:00","101660307","0","bgm_MC022","10","101660304","10","0","10","bgm_MC022","bgm_MC022","119013","215","103201","0","2030/12/31 14:59:59","90","100760","101660310","103202","0","103202","110660032","110660031","0","拉摩利爾平原 66-3","0","bgm_MC022","-50","11066003","119583","119553","101660301","bgm_MC022","211001000","-822","0","0","0","0","110660031","103203","0","11066","0","bgm_MC022","2","110660033","101660305","0"
"90","1","0","2015/12/17 15:00:00","101660407","0","bgm_MC022","10","101660404","10","0","10","bgm_MC022","bgm_MC022","119253","215","103171","0","2030/12/31 14:59:59","90","100750","101660409","103172","0","103172","110660042","110660041","0","拉摩利爾平原 66-4","0","bgm_MC022","-50","11066004","119613","119583","101660401","bgm_MC022","211001000","-575","0","0","0","0","110660041","103173","0","11066","0","bgm_MC022","2","110660043","101660406","0"
"-94","1","0","2015/12/17 15:00:00","101660507","0","bgm_MC022","10","101660504","10","0","10","bgm_MC022","bgm_MC022","119223","215","103171","0","2030/12/31 14:59:59","90","100750","101660510","103172","0","103172","110660052","110660051","0","拉摩利爾平原 66-5","0","bgm_MC022","-50","11066005","119553","119613","101660503","bgm_MC022","211001000","-408","0","0","0","0","110660051","103173","0","11066","0","bgm_MC022","2","110660053","101660506","0"
"-158","1","0","2015/12/17 15:00:00","101660609","25011","bgm_MC022","10","101660604","10","0","10","bgm_MC022","bgm_MC022","119613","215","103171","0","2030/12/31 14:59:59","90","100750","101660610","103172","0","103172","110660062","110660061","0","拉摩利爾平原 66-6","0","bgm_MC022","-50","11066006","119553","119343","101660603","bgm_MC022","211001000","-279","0","0","0","0","110660061","103173","0","11066","0","bgm_MC022","2","110660063","101660605","0"
"50","1","0","2015/12/17 15:00:00","101660708","25012","bgm_MC022","10","101660704","10","0","10","bgm_MC022","bgm_MC022","119553","215","103171","0","2030/12/31 14:59:59","90","100750","101660710","103172","0","103172","110660072","110660071","0","拉摩利爾平原 66-7","0","bgm_MC022","-50","11066007","119463","119493","101660702","bgm_MC022","211001000","-281","0","0","0","0","110660071","103173","0","11066","0","bgm_MC022","2","110660073","101660707","0"
"-93","1","0","2015/12/17 15:00:00","101660809","25013","bgm_MC022","10","101660804","10","0","10","bgm_MC022","bgm_MC022","119553","215","103171","0","2030/12/31 14:59:59","90","100750","101660810","103172","0","103172","110660082","110660081","0","拉摩利爾平原 66-8","0","bgm_MC022","-50","11066008","119493","119343","101660803","bgm_MC022","211001000","-35","0","0","0","0","110660081","103173","0","11066","0","bgm_MC022","2","110660083","101660806","0"
"82","1","0","2015/12/17 15:00:00","101660909","25014","bgm_MC022","10","101660904","10","0","10","bgm_MC022","bgm_MC022","119583","215","103171","0","2030/12/31 14:59:59","90","100750","101660910","103172","0","103172","110660092","110660091","0","拉摩利爾平原 66-9","0","bgm_MC022","-50","11066009","129313","129283","101660903","bgm_MC022","211001000","-18","0","0","0","0","110660091","103173","0","11066","0","bgm_MC022","2","110660093","101660906","0"
"104","1","9066155","2015/12/17 15:00:00","0","25015","bgm_MC023","10","101661008","10","0","10","bgm_MC023","bgm_MC023","119613","215","103181","0","2030/12/31 14:59:59","90","100750","0","103182","9066156","103182","110660102","110660101","0","拉摩利爾平原 66-10","0","bgm_MC023","-50","11066010","129373","119463","101661010","bgm_MC023","211001000","270","0","0","0","0","110660101","103183","0","11066","0","bgm_MC023","2","110660103","101661009","0"
"-191","1","0","2015/12/17 15:00:00","101670107","0","bgm_MC086","10","101670104","10","0","10","bgm_MC086","bgm_MC086","129313","215","103331","0","2030/12/31 14:59:59","90","100800","101670110","103332","0","103332","110670012","110670011","0","渦炎密林 67-1","0","bgm_MC086","-50","11067001","129283","129044","101670103","bgm_MC086","211001000","-561","0","0","0","0","110670011","103333","0","11067","0","bgm_MC086","2","110670013","101670105","0"
"-138","1","0","2015/12/17 15:00:00","101670208","0","bgm_MC086","10","101670204","10","0","10","bgm_MC086","bgm_MC086","119493","215","103331","0","2030/12/31 14:59:59","90","100800","101670210","103332","0","103332","110670022","110670021","0","渦炎密林 67-2","0","bgm_MC086","-50","11067002","119104","119014","101670202","bgm_MC086","211001000","-414","0","0","0","0","110670021","103333","0","11067","0","bgm_MC086","2","110670023","101670207","0"
"-187","1","0","2015/12/17 15:00:00","101670309","0","bgm_MC086","10","101670305","10","0","10","bgm_MC086","bgm_MC086","119343","215","103361","0","2030/12/31 14:59:59","90","100790","101670310","103362","0","103362","110670032","110670031","0","渦炎密林 67-3","0","bgm_MC086","-50","11067003","119074","119164","101670302","bgm_MC086","211001000","-280","0","0","0","0","110670031","103363","0","11067","0","bgm_MC086","2","110670033","101670307","0"
"-32","1","0","2015/12/17 15:00:00","101670407","0","bgm_MC086","10","101670405","10","0","10","bgm_MC086","bgm_MC086","129373","215","103331","0","2030/12/31 14:59:59","90","100800","101670410","103332","0","103332","110670042","110670041","0","渦炎密林 67-4","0","bgm_MC086","-50","11067004","129194","129134","101670403","bgm_MC086","211001000","-326","0","0","0","0","110670041","103333","0","11067","0","bgm_MC086","2","110670043","101670406","0"
"-141","1","0","2015/12/17 15:00:00","101670508","0","bgm_MC086","10","101670505","10","0","10","bgm_MC086","bgm_MC086","119463","215","103361","0","2030/12/31 14:59:59","90","100790","101670510","103362","0","103362","110670052","110670051","0","渦炎密林 67-5","0","bgm_MC086","-50","11067005","119254","119224","101670501","bgm_MC086","211001000","55","0","0","0","0","110670051","103363","0","11067","0","bgm_MC086","2","110670053","101670507","0"
"7","1","0","2015/12/17 15:00:00","101670608","25011","bgm_MC086","10","101670606","10","0","10","bgm_MC086","bgm_MC086","129044","215","103331","0","2030/12/31 14:59:59","90","100800","101670610","103332","0","103332","110670062","110670061","0","渦炎密林 67-6","0","bgm_MC086","-50","11067006","129134","129194","101670601","bgm_MC086","211001000","136","0","0","0","0","110670061","103333","0","11067","0","bgm_MC086","2","110670063","101670607","0"
"-146","1","0","2015/12/17 15:00:00","101670709","25012","bgm_MC086","10","101670704","10","0","10","bgm_MC086","bgm_MC086","119164","215","103331","0","2030/12/31 14:59:59","90","100800","101670710","103332","0","103332","110670072","110670071","0","渦炎密林 67-7","0","bgm_MC086","-50","11067007","119074","119104","101670703","bgm_MC086","211001000","190","0","0","0","0","110670071","103333","0","11067","0","bgm_MC086","2","110670073","101670707","0"
"-116","1","0","2015/12/17 15:00:00","101670809","25013","bgm_MC086","10","101670804","10","0","10","bgm_MC086","bgm_MC086","119014","215","103361","0","2030/12/31 14:59:59","90","100790","101670808","103362","0","103362","110670082","110670081","0","渦炎密林 67-8","0","bgm_MC086","-50","11067008","119584","119554","101670803","bgm_MC086","211001000","325","0","0","0","0","110670081","103363","0","11067","0","bgm_MC086","2","110670083","101670806","0"
"39","1","0","2015/12/17 15:00:00","101670908","25014","bgm_MC086","10","101670904","10","0","10","bgm_MC086","bgm_MC086","119254","215","103331","0","2030/12/31 14:59:59","90","100800","101670910","103332","0","103332","110670092","110670091","0","渦炎密林 67-9","0","bgm_MC086","-50","11067009","119614","119584","101670903","bgm_MC086","211001000","292","0","0","0","0","110670091","103333","0","11067","0","bgm_MC086","2","110670093","101670906","0"
"-100","1","9067155","2015/12/17 15:00:00","0","25015","bgm_MC087","10","0","10","0","10","bgm_MC087","bgm_MC087","119224","215","103351","0","2030/12/31 14:59:59","90","100800","0","103352","9067156","103352","110670102","110670101","0","渦炎密林 67-10","0","bgm_MC087","-50","11067010","119554","119614","101671010","bgm_MC087","211001000","462","0","0","0","0","110670101","103353","0","11067","0","bgm_MC087","2","110670103","0","0"
"-20","1","0","2015/12/17 15:00:00","101680109","0","bgm_MC086","10","101680104","10","0","10","bgm_MC086","bgm_MC086","119554","215","103361","0","2030/12/31 14:59:59","90","100800","101680110","103362","0","103362","110680012","110680011","0","思索樹海 68-1","0","bgm_MC086","-50","11068001","119614","119524","101680103","bgm_MC086","211001000","-389","0","0","0","0","110680011","103363","0","11068","0","bgm_MC086","2","110680013","101680105","0"
"-171","1","0","2015/12/17 15:00:00","101680208","0","bgm_MC086","10","101680205","10","0","10","bgm_MC086","bgm_MC086","119554","215","103361","0","2030/12/31 14:59:59","90","100800","101680210","103362","0","103362","110680022","110680021","0","思索樹海 68-2","0","bgm_MC086","-50","11068002","119494","119434","101680202","bgm_MC086","211001000","-216","0","0","0","0","110680021","103363","0","11068","0","bgm_MC086","2","110680023","101680207","0"
"4","1","0","2015/12/17 15:00:00","101680306","0","bgm_MC086","10","101680303","10","0","10","bgm_MC086","bgm_MC086","119584","215","103361","0","2030/12/31 14:59:59","90","100800","101680310","103362","0","103362","110680032","110680031","0","思索樹海 68-3","0","bgm_MC086","-50","11068003","129314","129284","101680301","bgm_MC086","211001000","-174","0","0","0","0","110680031","103363","0","11068","0","bgm_MC086","2","110680033","101680305","0"
"-179","1","0","2015/12/17 15:00:00","101680405","0","bgm_MC086","10","101680403","10","0","10","bgm_MC086","bgm_MC086","119614","215","103361","0","2030/12/31 14:59:59","90","100800","101680410","103362","0","103362","110680042","110680041","0","思索樹海 68-4","0","bgm_MC086","-50","11068004","119524","129374","101680401","bgm_MC086","211001000","-59","0","0","0","0","110680041","103363","0","11068","0","bgm_MC086","2","110680043","101680407","0"
"-8","1","0","2015/12/17 15:00:00","101680508","0","bgm_MC086","10","101680504","10","0","10","bgm_MC086","bgm_MC086","119614","215","103361","0","2030/12/31 14:59:59","90","100800","101680510","103362","0","103362","110680052","110680051","0","思索樹海 68-5","0","bgm_MC086","-50","11068005","129374","119434","101680502","bgm_MC086","211001000","139","0","0","0","0","110680051","103363","0","11068","0","bgm_MC086","2","110680053","101680507","0"
"16","1","0","2015/12/17 15:00:00","101680609","25011","bgm_MC086","10","101680606","10","0","10","bgm_MC086","bgm_MC086","129284","215","103331","0","2030/12/31 14:59:59","90","100790","101680610","103332","0","103332","110680062","110680061","0","思索樹海 68-6","0","bgm_MC086","-50","11068006","129314","12004032","101680602","bgm_MC086","211001000","288","0","0","0","0","110680061","103333","0","11068","0","bgm_MC086","2","110680063","101680607","0"
"-100","1","0","2015/12/17 15:00:00","101680708","25012","bgm_MC086","10","101680704","10","0","10","bgm_MC086","bgm_MC086","119494","215","103331","0","2030/12/31 14:59:59","90","100790","101680710","103332","0","103332","110680072","110680071","0","思索樹海 68-7","0","bgm_MC086","-50","11068007","11010032","11001032","101680701","bgm_MC086","211001000","397","0","0","0","0","110680071","103333","0","11068","0","bgm_MC086","2","110680073","101680707","0"
"80","1","0","2015/12/17 15:00:00","101680809","25013","bgm_MC086","10","101680804","10","0","10","bgm_MC086","bgm_MC086","119434","215","103331","0","2030/12/31 14:59:59","90","100790","101680810","103332","0","103332","110680082","110680081","0","思索樹海 68-8","0","bgm_MC086","-50","11068008","11019032","11007032","101680803","bgm_MC086","211001000","502","0","0","0","0","110680081","103333","0","11068","0","bgm_MC086","2","110680083","101680806","0"
"-125","1","0","2015/12/17 15:00:00","101680908","25014","bgm_MC086","10","101680903","10","0","10","bgm_MC086","bgm_MC086","129374","215","103331","0","2030/12/31 14:59:59","90","100790","101680910","103332","0","103332","110680092","110680091","0","思索樹海 68-9","0","bgm_MC086","-50","11068009","12013032","12016032","101680901","bgm_MC086","211001000","602","0","0","0","0","110680091","103333","0","11068","0","bgm_MC086","2","110680093","101680906","0"
"-71","1","9068155","2015/12/17 15:00:00","0","25015","bgm_MC087","10","101681008","10","0","10","bgm_MC087","bgm_MC087","119524","215","103351","0","2030/12/31 14:59:59","90","100800","0","103352","9068156","103352","110680102","110680101","0","思索樹海 68-10","0","bgm_MC087","-50","11068010","11025032","11022032","101681010","bgm_MC087","211001000","942","0","0","0","0","110680101","103353","0","11068","0","bgm_MC087","2","110680103","101681009","0"
"-113","1","0","2015/12/17 15:00:00","101690108","0","bgm_MC086","10","101690105","10","0","10","bgm_MC086","bgm_MC086","12004032","215","103361","0","2030/12/31 14:59:59","90","100800","101690110","103362","0","103362","110690012","110690011","0","鬼的跟前 69-1","0","bgm_MC086","-50","11069001","12013032","12016032","101690103","bgm_MC086","211001000","-867","0","0","0","0","110690011","103363","0","11069","0","bgm_MC086","2","110690013","101690107","0"
"-167","1","0","2015/12/17 15:00:00","101690209","0","bgm_MC086","10","101690204","10","0","10","bgm_MC086","bgm_MC086","11019032","215","103361","0","2030/12/31 14:59:59","90","100800","101690210","103362","0","103362","110690022","110690021","0","鬼的跟前 69-2","0","bgm_MC086","-50","11069002","11007032","11010032","101690203","bgm_MC086","211001000","-715","0","0","0","0","110690021","103363","0","11069","0","bgm_MC086","2","110690023","101690206","0"
"-150","1","0","2015/12/17 15:00:00","101690308","0","bgm_MC086","10","101690305","10","0","10","bgm_MC086","bgm_MC086","11001032","215","103361","0","2030/12/31 14:59:59","90","100800","101690310","103362","0","103362","110690032","110690031","0","鬼的跟前 69-3","0","bgm_MC086","-50","11069003","11058032","11055032","101690302","bgm_MC086","211001000","-565","0","0","0","0","110690031","103363","0","11069","0","bgm_MC086","2","110690033","101690306","0"
"-67","1","0","2015/12/17 15:00:00","101690407","0","bgm_MC086","10","101690404","10","0","10","bgm_MC086","bgm_MC086","11025032","215","103361","0","2030/12/31 14:59:59","90","100800","101690409","103362","0","103362","110690042","110690041","0","鬼的跟前 69-4","0","bgm_MC086","-50","11069004","11061032","11058032","101690403","bgm_MC086","211001000","-446","0","0","0","0","110690041","103363","0","11069","0","bgm_MC086","2","110690043","101690405","0"
"91","1","0","2015/12/17 15:00:00","101690508","0","bgm_MC086","10","101690504","10","0","10","bgm_MC086","bgm_MC086","11022032","215","103331","0","2030/12/31 14:59:59","90","100790","101690510","103332","0","103332","110690052","110690051","0","鬼的跟前 69-5","0","bgm_MC086","-50","11069005","11055032","11061032","101690503","bgm_MC086","211001000","-45","0","0","0","0","110690051","103333","0","11069","0","bgm_MC086","2","110690053","101690505","0"
"78","1","0","2015/12/17 15:00:00","101690608","25011","bgm_MC086","10","101690605","10","0","10","bgm_MC086","bgm_MC086","11058032","215","103361","0","2030/12/31 14:59:59","90","100800","101690610","103362","0","103362","110690062","110690061","0","鬼的跟前 69-6","0","bgm_MC086","-50","11069006","11055032","11040032","101690601","bgm_MC086","211001000","100","0","0","0","0","110690061","103363","0","11069","0","bgm_MC086","2","110690063","101690607","0"
"81","1","0","2015/12/17 15:00:00","101690708","25012","bgm_MC086","10","101690704","10","0","10","bgm_MC086","bgm_MC086","11061032","215","103331","0","2030/12/31 14:59:59","90","100790","101690710","103332","0","103332","110690072","110690071","0","鬼的跟前 69-7","0","bgm_MC086","-50","11069007","11046032","12037032","101690701","bgm_MC086","211001000","251","0","0","0","0","110690071","103333","0","11069","0","bgm_MC086","2","110690073","101690706","0"
"-94","1","0","2015/12/17 15:00:00","101690808","25013","bgm_MC086","10","101690804","10","0","10","bgm_MC086","bgm_MC086","11058032","215","103331","0","2030/12/31 14:59:59","90","100790","101690810","103332","0","103332","110690082","110690081","0","鬼的跟前 69-8","0","bgm_MC086","-50","11069008","11040032","11034032","101690803","bgm_MC086","211001000","151","0","0","0","0","110690081","103333","0","11069","0","bgm_MC086","2","110690083","101690807","0"
"-145","1","0","2015/12/17 15:00:00","101690908","25014","bgm_MC086","10","101690906","10","0","10","bgm_MC086","bgm_MC086","11061032","215","103331","0","2030/12/31 14:59:59","90","100790","101690910","103332","0","103332","110690092","110690091","0","鬼的跟前 69-9","0","bgm_MC086","-50","11069009","11034032","11046032","101690901","bgm_MC086","211001000","290","0","0","0","0","110690091","103333","0","11069","0","bgm_MC086","2","110690093","101690907","0"
"-140","1","9069155","2015/12/17 15:00:00","0","25015","bgm_MC087","10","0","10","0","10","bgm_MC087","bgm_MC087","11055032","215","103511","0","2030/12/31 14:59:59","90","100790","0","103512","9069156","103471","110690102","110690101","0","鬼的跟前 69-10","0","bgm_MC142","-50","11069010","12031032","12028032","101691010","bgm_MC142","211001000","709","0","1.5","0","0","110690101","103471","0","11069","0","bgm_MC087","2","110690103","0","0"
"28","1","0","2015/12/17 15:00:00","101700108","0","bgm_MC086","10","101700103","10","0","10","bgm_MC086","bgm_MC086","12037032","215","103361","0","2030/12/31 14:59:59","90","100800","101700110","103362","0","103362","110700012","110700011","0","炎繩河 70-1","0","bgm_MC086","-50","11070001","11034032","11001033","101700101","bgm_MC086","211001000","-734","0","0","0","0","110700011","103363","0","11070","0","bgm_MC086","2","110700013","101700105","0"
"149","1","0","2015/12/17 15:00:00","101700208","0","bgm_MC086","10","101700204","10","0","10","bgm_MC086","bgm_MC086","11040032","215","103331","0","2030/12/31 14:59:59","90","100790","101700210","103332","0","103332","110700022","110700021","0","炎繩河 70-2","0","bgm_MC086","-50","11070002","11007033","11010033","101700202","bgm_MC086","211001000","-505","0","0","0","0","110700021","103333","0","11070","0","bgm_MC086","2","110700023","101700206","0"
"-38","1","0","2015/12/17 15:00:00","101700308","0","bgm_MC086","10","101700304","10","0","10","bgm_MC086","bgm_MC086","11046032","215","103331","0","2030/12/31 14:59:59","90","100790","101700309","103332","0","103332","110700032","110700031","0","炎繩河 70-3","0","bgm_MC086","-50","11070003","11025033","11022033","101700302","bgm_MC086","211001000","-505","0","0","0","0","110700031","103333","0","11070","0","bgm_MC086","2","110700033","101700307","0"
"-16","1","0","2015/12/17 15:00:00","101700408","0","bgm_MC086","10","101700403","10","0","10","bgm_MC086","bgm_MC086","12031032","215","103331","0","2030/12/31 14:59:59","90","100790","101700410","103332","0","103332","110700042","110700041","0","炎繩河 70-4","0","bgm_MC086","-50","11070004","12004033","12013033","101700401","bgm_MC086","211001000","-362","0","0","0","0","110700041","103333","0","11070","0","bgm_MC086","2","110700043","101700406","0"
"-116","1","0","2015/12/17 15:00:00","101700508","0","bgm_MC086","10","101700505","10","0","10","bgm_MC086","bgm_MC086","12028032","215","103331","0","2030/12/31 14:59:59","90","100790","101700509","103332","0","103332","110700052","110700051","0","炎繩河 70-5","0","bgm_MC086","-50","11070005","12016033","12019033","101700502","bgm_MC086","211001000","-159","0","0","0","0","110700051","103333","0","11070","0","bgm_MC086","2","110700053","101700507","0"
"-193","1","0","2015/12/17 15:00:00","101700608","25011","bgm_MC086","10","101700605","10","0","10","bgm_MC086","bgm_MC086","11007033","215","103331","0","2030/12/31 14:59:59","90","100790","101700610","103332","0","103332","110700062","110700061","0","炎繩河 70-6","0","bgm_MC086","-50","11070006","11010033","11001033","101700601","bgm_MC086","211001000","61","0","0","0","0","110700061","103333","0","11070","0","bgm_MC086","2","110700063","101700607","0"
"-180","1","0","2015/12/17 15:00:00","101700708","25012","bgm_MC086","10","101700704","10","0","10","bgm_MC086","bgm_MC086","12004033","215","103361","0","2030/12/31 14:59:59","90","100800","101700710","103362","0","103362","110700072","110700071","0","炎繩河 70-7","0","bgm_MC086","-50","11070007","11025033","11022033","101700702","bgm_MC086","211001000","223","0","0","0","0","110700071","103363","0","11070","0","bgm_MC086","2","110700073","101700706","0"
"0","1","0","2015/12/17 15:00:00","101700808","25013","bgm_MC086","10","101700804","10","0","10","bgm_MC086","bgm_MC086","12019033","215","103361","0","2030/12/31 14:59:59","90","100800","101700810","103362","0","103362","110700082","110700081","0","炎繩河 70-8","0","bgm_MC086","-50","11070008","11058033","11055033","101700802","bgm_MC086","211001000","171","0","0","0","0","110700081","103363","0","11070","0","bgm_MC086","2","110700083","101700805","0"
"-36","1","0","2015/12/17 15:00:00","101700908","25014","bgm_MC086","10","101700905","10","0","10","bgm_MC086","bgm_MC086","12016033","215","103361","0","2030/12/31 14:59:59","90","100800","101700910","103362","0","103362","110700092","110700091","0","炎繩河 70-9","0","bgm_MC086","-50","11070009","11061033","11058033","101700901","bgm_MC086","211001000","311","0","0","0","0","110700091","103363","0","11070","0","bgm_MC086","2","110700093","101700907","0"
"-180","1","9070155","2015/12/17 15:00:00","0","25015","bgm_MC087","10","101701008","10","0","10","bgm_MC087","bgm_MC087","12013033","215","103511","0","2030/12/31 14:59:59","90","100790","0","103512","9070156","103471","110700102","110700101","0","炎繩河 70-10","0","bgm_MC142","-50","11070010","11055033","11061033","101701010","bgm_MC142","211001000","393","0","1.5","0","0","110700101","103471","0","11070","0","bgm_MC087","2","110700103","101701009","0"
"86","1","0","2015/12/17 15:00:00","101710109","0","bgm_MC086","10","101710104","10","0","10","bgm_MC086","bgm_MC086","11058033","215","103361","0","2030/12/31 14:59:59","90","100800","101710110","103362","0","103362","110710012","110710011","0","崩豹山巔 71-1","0","bgm_MC086","-50","11071001","11055033","11043033","101710103","bgm_MC086","211001000","-601","0","0","0","0","110710011","103363","0","11071","0","bgm_MC086","2","110710013","101710107","0"
"138","1","0","2015/12/17 15:00:00","101710208","0","bgm_MC086","10","101710204","10","0","10","bgm_MC086","bgm_MC086","11061033","215","103361","0","2030/12/31 14:59:59","90","100800","101710210","103362","0","103362","110710022","110710021","0","崩豹山巔 71-2","0","bgm_MC086","-50","11071002","12037033","11046033","101710203","bgm_MC086","211001000","-454","0","0","0","0","110710021","103363","0","11071","0","bgm_MC086","2","110710023","101710207","0"
"82","1","0","2015/12/17 15:00:00","101710308","0","bgm_MC086","10","101710304","10","0","10","bgm_MC086","bgm_MC086","11055033","215","103361","0","2030/12/31 14:59:59","90","100800","101710310","103362","0","103362","110710032","110710031","0","崩豹山巔 71-3","0","bgm_MC086","-50","11071003","11046033","11043033","101710303","bgm_MC086","211001000","-308","0","0","0","0","110710031","103363","0","11071","0","bgm_MC086","2","110710033","101710306","0"
"53","1","0","2015/12/17 15:00:00","101710409","0","bgm_MC086","10","101710404","10","0","10","bgm_MC086","bgm_MC086","11061033","215","103331","0","2030/12/31 14:59:59","90","100790","101710410","103332","0","103332","110710042","110710041","0","崩豹山巔 71-4","0","bgm_MC086","-50","11071004","12040033","12037033","101710401","bgm_MC086","211001000","-158","0","0","0","0","110710041","103333","0","11071","0","bgm_MC086","2","110710043","101710406","0"
"-154","1","0","2015/12/17 15:00:00","101710508","0","bgm_MC086","10","101710504","10","0","10","bgm_MC086","bgm_MC086","11058033","215","103361","0","2030/12/31 14:59:59","90","100800","101710510","103362","0","103362","110710052","110710051","0","崩豹山巔 71-5","0","bgm_MC086","-50","11071005","12031033","12028033","101710503","bgm_MC086","211001000","-217","0","0","0","0","110710051","103363","0","11071","0","bgm_MC086","2","110710053","101710507","0"
"-181","1","0","2015/12/17 15:00:00","101710609","25011","bgm_MC086","10","101710605","10","0","10","bgm_MC086","bgm_MC086","12031033","215","103361","0","2030/12/31 14:59:59","90","100800","101710610","103362","0","103362","110710062","110710061","0","崩豹山巔 71-6","0","bgm_MC086","-50","11071006","11043033","11001034","101710603","bgm_MC086","211001000","51","0","0","0","0","110710061","103363","0","11071","0","bgm_MC086","2","110710063","101710608","0"
"-35","1","0","2015/12/17 15:00:00","101710707","25012","bgm_MC086","10","101710705","10","0","10","bgm_MC086","bgm_MC086","11046033","215","103361","0","2030/12/31 14:59:59","90","100800","101710710","103362","0","103362","110710072","110710071","0","崩豹山巔 71-7","0","bgm_MC086","-50","11071007","11025034","11022034","101710703","bgm_MC086","211001000","115","0","0","0","0","110710071","103363","0","11071","0","bgm_MC086","2","110710073","101710706","0"
"100","1","0","2015/12/17 15:00:00","101710808","25013","bgm_MC086","10","101710804","10","0","10","bgm_MC086","bgm_MC086","12040033","215","103331","0","2030/12/31 14:59:59","90","100790","101710810","103332","0","103332","110710082","110710081","0","崩豹山巔 71-8","0","bgm_MC086","-50","11071008","11007034","11010034","101710801","bgm_MC086","211001000","208","0","0","0","0","110710081","103333","0","11071","0","bgm_MC086","2","110710083","101710807","0"
"100","1","0","2015/12/17 15:00:00","101710908","25014","bgm_MC086","10","101710904","10","0","10","bgm_MC086","bgm_MC086","12028033","215","103361","0","2030/12/31 14:59:59","90","100800","101710910","103362","0","103362","110710092","110710091","0","崩豹山巔 71-9","0","bgm_MC086","-50","11071009","12013034","12004034","101710901","bgm_MC086","211001000","371","0","0","0","0","110710091","103363","0","11071","0","bgm_MC086","2","110710093","101710909","0"
"-28","1","9071155","2015/12/17 15:00:00","0","25015","bgm_MC087","10","0","10","0","10","bgm_MC087","bgm_MC087","12037033","215","103351","0","2030/12/31 14:59:59","90","100790","0","103352","9071156","103352","110710102","110710101","0","崩豹山巔 71-10","0","bgm_MC087","-50","11071010","12016034","12019034","101711010","bgm_MC087","211001000","490","0","0","0","0","110710101","103353","0","11071","0","bgm_MC087","2","110710103","0","0"
"74","1","0","2015/12/17 15:00:00","101720108","0","bgm_MC086","10","101720104","10","0","10","bgm_MC086","bgm_MC086","12013034","215","103361","0","2030/12/31 14:59:59","90","100800","101720110","103362","0","103362","110720012","110720011","0","怒錐山岳 72-1","0","bgm_MC086","-50","11072001","12019034","11010034","101720102","bgm_MC086","211001000","-687","0","0","0","0","110720011","103363","0","11072","0","bgm_MC086","2","110720013","101720106","0"
"-10","1","0","2015/12/17 15:00:00","101720208","0","bgm_MC086","10","101720204","10","0","10","bgm_MC086","bgm_MC086","12004034","215","103361","0","2030/12/31 14:59:59","90","100800","101720210","103362","0","103362","110720022","110720021","0","怒錐山岳 72-2","0","bgm_MC086","-50","11072002","12016034","11007034","101720201","bgm_MC086","211001000","-557","0","0","0","0","110720021","103363","0","11072","0","bgm_MC086","2","110720023","101720206","0"
"79","1","0","2015/12/17 15:00:00","101720308","0","bgm_MC086","10","101720305","10","0","10","bgm_MC086","bgm_MC086","11001034","215","103361","0","2030/12/31 14:59:59","90","100800","101720310","103362","0","103362","110720032","110720031","0","怒錐山岳 72-3","0","bgm_MC086","-50","11072003","11058034","11055034","101720303","bgm_MC086","211001000","-423","0","0","0","0","110720031","103363","0","11072","0","bgm_MC086","2","110720033","101720306","0"
"-59","1","0","2015/12/17 15:00:00","101720408","0","bgm_MC086","10","101720404","10","0","10","bgm_MC086","bgm_MC086","11025034","215","103361","0","2030/12/31 14:59:59","90","100800","101720410","103362","0","103362","110720042","110720041","0","怒錐山岳 72-4","0","bgm_MC086","-50","11072004","11061034","11058034","101720403","bgm_MC086","211001000","-323","0","0","0","0","110720041","103363","0","11072","0","bgm_MC086","2","110720043","101720406","0"
"104","1","0","2015/12/17 15:00:00","101720508","0","bgm_MC086","10","101720504","10","0","10","bgm_MC086","bgm_MC086","11022034","215","103331","0","2030/12/31 14:59:59","90","100790","101720510","103332","0","103332","110720052","110720051","0","怒錐山岳 72-5","0","bgm_MC086","-50","11072005","11055034","11061034","101720502","bgm_MC086","211001000","-93","0","0","0","0","110720051","103333","0","11072","0","bgm_MC086","2","110720053","101720507","0"
"-79","1","0","2015/12/17 15:00:00","101720609","25011","bgm_MC086","10","101720605","10","0","10","bgm_MC086","bgm_MC086","11058034","215","103361","0","2030/12/31 14:59:59","90","100800","101720610","103362","0","103362","110720062","110720061","0","怒錐山岳 72-6","0","bgm_MC086","-50","11072006","11055034","11034034","101720602","bgm_MC086","211001000","-31","0","0","0","0","110720061","103363","0","11072","0","bgm_MC086","2","110720063","101720606","0"
"-106","1","0","2015/12/17 15:00:00","101720709","25012","bgm_MC086","10","101720705","10","0","10","bgm_MC086","bgm_MC086","11061034","215","103361","0","2030/12/31 14:59:59","90","100800","101720710","103362","0","103362","110720072","110720071","0","怒錐山岳 72-7","0","bgm_MC086","-50","11072007","12037034","11052034","101720702","bgm_MC086","211001000","137","0","0","0","0","110720071","103363","0","11072","0","bgm_MC086","2","110720073","101720707","0"
"90","1","0","2015/12/17 15:00:00","101720808","25013","bgm_MC086","10","101720804","10","0","10","bgm_MC086","bgm_MC086","11055034","215","103331","0","2030/12/31 14:59:59","90","100790","101720809","103332","0","103332","110720082","110720081","0","怒錐山岳 72-8","0","bgm_MC086","-50","11072008","11052034","11034034","101720801","bgm_MC086","211001000","249","0","0","0","0","110720081","103333","0","11072","0","bgm_MC086","2","110720083","101720806","0"
"76","1","0","2015/12/17 15:00:00","101720908","25014","bgm_MC086","10","101720905","10","0","10","bgm_MC086","bgm_MC086","11061034","215","103331","0","2030/12/31 14:59:59","90","100790","101720910","103332","0","103332","110720092","110720091","0","怒錐山岳 72-9","0","bgm_MC086","-50","11072009","12049034","12037034","101720903","bgm_MC086","211001000","410","0","0","0","0","110720091","103333","0","11072","0","bgm_MC086","2","110720093","101720907","0"
"59","1","9072155","2015/12/17 15:00:00","0","25015","bgm_MC087","10","101721008","10","0","10","bgm_MC087","bgm_MC087","11058034","215","103351","0","2030/12/31 14:59:59","90","100790","0","103352","9072156","103352","110720102","110720101","0","怒錐山岳 72-10","0","bgm_MC087","-50","11072010","12031034","12028034","101721010","bgm_MC087","211001000","603","0","0","0","0","110720101","103353","0","11072","0","bgm_MC087","2","110720103","101721009","0"
"-85","1","0","2015/12/17 15:00:00","101730108","0","bgm_MC202","10","101730104","10","0","10","bgm_MC202","bgm_MC202","12028034","215","103601","0","2030/12/31 14:59:59","90","100890","101730109","103602","0","103602","110730012","110730011","0","久遠冰河‧南端 73-1","0","bgm_MC202","-50","11073001","11034034","11001035","101730102","bgm_MC202","211001000","-677","0","0","0","0","110730011","103603","0","11073","0","bgm_MC202","2","110730013","101730106","0"
"68","1","0","2015/12/17 15:00:00","101730207","0","bgm_MC202","10","101730204","10","0","10","bgm_MC202","bgm_MC202","11052034","215","103581","0","2030/12/31 14:59:59","90","100900","101730209","103582","0","103582","110730022","110730021","0","久遠冰河‧南端 73-2","0","bgm_MC202","-50","11073002","11025035","11022035","101730201","bgm_MC202","211001000","-507","0","0","0","0","110730021","103583","0","11073","0","bgm_MC202","2","110730023","101730206","0"
"48","1","0","2015/12/17 15:00:00","101730308","0","bgm_MC202","10","101730305","10","0","10","bgm_MC202","bgm_MC202","12031034","215","103601","0","2030/12/31 14:59:59","90","100890","101730310","103602","0","103602","110730032","110730031","0","久遠冰河‧南端 73-3","0","bgm_MC202","-50","11073003","11007035","11010035","101730303","bgm_MC202","211001000","-347","0","0","0","0","110730031","103603","0","11073","0","bgm_MC202","2","110730033","101730306","0"
"-97","1","0","2015/12/17 15:00:00","101730408","0","bgm_MC202","10","101730404","10","0","10","bgm_MC202","bgm_MC202","12037034","215","103581","0","2030/12/31 14:59:59","90","100900","101730409","103582","0","103582","110730042","110730041","0","久遠冰河‧南端 73-4","0","bgm_MC202","-50","11073004","12013035","12004035","101730402","bgm_MC202","211001000","-358","0","0","0","0","110730041","103583","0","11073","0","bgm_MC202","2","110730043","101730405","0"
"-171","1","0","2015/12/17 15:00:00","101730508","0","bgm_MC202","10","101730505","10","0","10","bgm_MC202","bgm_MC202","12049034","215","103601","0","2030/12/31 14:59:59","90","100890","101730509","103602","0","103602","110730052","110730051","0","久遠冰河‧南端 73-5","0","bgm_MC202","-50","11073005","12016035","12019035","101730501","bgm_MC202","211001000","-42","0","0","0","0","110730051","103603","0","11073","0","bgm_MC202","2","110730053","101730506","0"
"-8","1","0","2015/12/17 15:00:00","101730608","25011","bgm_MC202","10","101730606","10","0","10","bgm_MC202","bgm_MC202","11007035","215","103581","0","2030/12/31 14:59:59","90","100900","101730609","103582","0","103582","110730062","110730061","0","久遠冰河‧南端 73-6","0","bgm_MC202","-50","11073006","11010035","11001035","101730603","bgm_MC202","211001000","53","0","0","0","0","110730061","103583","0","11073","0","bgm_MC202","2","110730063","101730606","0"
"-137","1","0","2015/12/17 15:00:00","101730707","25012","bgm_MC202","10","101730703","10","0","10","bgm_MC202","bgm_MC202","12019035","215","103601","0","2030/12/31 14:59:59","90","100890","101730709","103602","0","103602","110730072","110730071","0","久遠冰河‧南端 73-7","0","bgm_MC202","-50","11073007","11025035","11022035","101730702","bgm_MC202","211001000","189","0","0","0","0","110730071","103603","0","11073","0","bgm_MC202","2","110730073","101730706","0"
"-76","1","0","2015/12/17 15:00:00","101730808","25013","bgm_MC202","10","101730805","10","0","10","bgm_MC202","bgm_MC202","12016035","215","103581","0","2030/12/31 14:59:59","90","100900","101730809","103582","0","103582","110730082","110730081","0","久遠冰河‧南端 73-8","0","bgm_MC202","-50","11073008","11058035","11055035","101730801","bgm_MC202","211001000","314","0","0","0","0","110730081","103583","0","11073","0","bgm_MC202","2","110730083","101730806","0"
"80","1","0","2015/12/17 15:00:00","101730907","25014","bgm_MC202","10","101730903","10","0","10","bgm_MC202","bgm_MC202","12013035","215","103601","0","2030/12/31 14:59:59","90","100890","101730910","103602","0","103602","110730092","110730091","0","久遠冰河‧南端 73-9","0","bgm_MC202","-50","11073009","11061035","11058035","101730901","bgm_MC202","211001000","346","0","0","0","0","110730091","103603","0","11073","0","bgm_MC202","2","110730093","101730905","0"
"-171","1","9073155","2015/12/17 15:00:00","0","25015","bgm_MC203","10","0","10","0","10","bgm_MC203","bgm_MC203","12004035","215","103581","0","2030/12/31 14:59:59","90","100900","0","103582","9073156","103582","110730102","110730101","0","久遠冰河‧南端 73-10","0","bgm_MC203","-50","11073010","11055035","11061035","101731010","bgm_MC203","211001000","499","0","0","0","0","110730101","103583","0","11073","0","bgm_MC203","2","110730103","0","0"
"58","1","0","2015/12/17 15:00:00","101740108","0","bgm_MC202","10","101740104","10","0","10","bgm_MC202","bgm_MC202","11058035","215","103581","0","2030/12/31 14:59:59","90","100900","101740109","103582","0","103582","110740012","110740011","0","幽魂濕地 74-1","0","bgm_MC202","-50","11074001","11055035","11043035","101740103","bgm_MC202","211001000","-459","0","0","0","0","110740011","103583","0","11074","0","bgm_MC202","2","110740013","101740107","0"
"-84","1","0","2015/12/17 15:00:00","101740207","0","bgm_MC202","10","101740204","10","0","10","bgm_MC202","bgm_MC202","11061035","215","103581","0","2030/12/31 14:59:59","90","100900","101740210","103582","0","103582","110740022","110740021","0","幽魂濕地 74-2","0","bgm_MC202","-50","11074002","12037035","11052035","101740201","bgm_MC202","211001000","-531","0","0","0","0","110740021","103583","0","11074","0","bgm_MC202","2","110740023","101740206","0"
"-170","1","0","2015/12/17 15:00:00","101740307","0","bgm_MC202","10","101740302","10","0","10","bgm_MC202","bgm_MC202","11055035","215","103601","0","2030/12/31 14:59:59","90","100890","101740310","103602","0","103602","110740032","110740031","0","幽魂濕地 74-3","0","bgm_MC202","-50","11074003","11052035","11043035","101740301","bgm_MC202","211001000","-338","0","0","0","0","110740031","103603","0","11074","0","bgm_MC202","2","110740033","101740306","0"
"62","1","0","2015/12/17 15:00:00","101740408","0","bgm_MC202","10","101740404","10","0","10","bgm_MC202","bgm_MC202","11061035","215","103581","0","2030/12/31 14:59:59","90","100900","101740410","103582","0","103582","110740042","110740041","0","幽魂濕地 74-4","0","bgm_MC202","-50","11074004","12040035","12037035","101740401","bgm_MC202","211001000","-298","0","0","0","0","110740041","103583","0","11074","0","bgm_MC202","2","110740043","101740406","0"
"90","1","0","2015/12/17 15:00:00","101740507","0","bgm_MC202","10","101740504","10","0","10","bgm_MC202","bgm_MC202","11058035","215","103581","0","2030/12/31 14:59:59","90","100900","101740510","103582","0","103582","110740052","110740051","0","幽魂濕地 74-5","0","bgm_MC202","-50","11074005","12031035","12028035","101740501","bgm_MC202","211001000","-58","0","0","0","0","110740051","103583","0","11074","0","bgm_MC202","2","110740053","101740506","0"
"-135","1","0","2015/12/17 15:00:00","101740607","25011","bgm_MC202","10","101740605","10","0","10","bgm_MC202","bgm_MC202","12031035","215","103601","0","2030/12/31 14:59:59","90","100890","101740608","103602","0","103602","110740062","110740061","0","幽魂濕地 74-6","0","bgm_MC202","-50","11074006","11043035","11001036","101740603","bgm_MC202","211001001","95","0","0","0","0","110740061","103603","0","11074","0","bgm_MC202","2","110740063","101740606","0"
"-82","1","0","2015/12/17 15:00:00","101740707","25012","bgm_MC202","10","101740705","10","0","10","bgm_MC202","bgm_MC202","12037035","215","103601","0","2030/12/31 14:59:59","90","100890","101740709","103602","0","103602","110740072","110740071","0","幽魂濕地 74-7","0","bgm_MC202","-50","11074007","11025036","11022036","101740701","bgm_MC202","211001001","250","0","0","0","0","110740071","103603","0","11074","0","bgm_MC202","2","110740073","101740706","0"
"73","1","0","2015/12/17 15:00:00","101740807","25013","bgm_MC202","10","101740804","10","0","10","bgm_MC202","bgm_MC202","12040035","215","103601","0","2030/12/31 14:59:59","90","100890","101740809","103602","0","103602","110740082","110740081","0","幽魂濕地 74-8","0","bgm_MC202","-50","11074008","11007036","11010036","101740801","bgm_MC202","211001001","324","0","0","0","0","110740081","103603","0","11074","0","bgm_MC202","2","110740083","101740806","0"
"44","1","0","2015/12/17 15:00:00","101740908","25014","bgm_MC202","10","101740905","10","0","10","bgm_MC202","bgm_MC202","12028035","215","103581","0","2030/12/31 14:59:59","90","100900","101740909","103582","0","103582","110740092","110740091","0","幽魂濕地 74-9","0","bgm_MC202","-50","11074009","12013036","12004036","101740904","bgm_MC202","211001001","497","0","0","0","0","110740091","103583","0","11074","0","bgm_MC202","2","110740093","101740906","0"
"-116","1","9074155","2015/12/17 15:00:00","0","25015","bgm_MC203","10","101741008","10","0","10","bgm_MC203","bgm_MC203","11052035","215","103581","0","2030/12/31 14:59:59","90","100900","0","103582","9074156","103582","110740102","110740101","0","幽魂濕地 74-10","0","bgm_MC203","-50","11074010","12016036","12019036","101741010","bgm_MC203","211001001","570","0","0","0","0","110740101","103583","0","11074","0","bgm_MC203","2","110740103","101741009","0"
"108","1","0","2015/12/17 15:00:00","101750108","0","bgm_MC202","10","101750103","10","0","10","bgm_MC202","bgm_MC202","12013036","215","103581","0","2030/12/31 14:59:59","90","100900","101750110","103582","0","103582","110750012","110750011","0","巨鯨城‧近郊 75-1","0","bgm_MC202","-50","11075001","12019036","11010036","101750104","bgm_MC202","211001001","-550","0","0","0","0","110750011","103583","0","11075","0","bgm_MC202","2","110750013","101750105","0"
"-100","1","0","2015/12/17 15:00:00","101750207","0","bgm_MC202","10","101750202","10","0","10","bgm_MC202","bgm_MC202","12004036","215","103581","0","2030/12/31 14:59:59","90","100900","101750209","103582","0","103582","110750022","110750021","0","巨鯨城‧近郊 75-2","0","bgm_MC202","-50","11075002","12016036","11007036","101750203","bgm_MC202","211001001","-527","0","0","0","0","110750021","103583","0","11075","0","bgm_MC202","2","110750023","101750205","0"
"-183","1","0","2015/12/17 15:00:00","101750307","0","bgm_MC202","10","101750305","10","0","10","bgm_MC202","bgm_MC202","11001036","215","103581","0","2030/12/31 14:59:59","90","100900","101750310","103582","0","103582","110750032","110750031","0","巨鯨城‧近郊 75-3","0","bgm_MC202","-50","11075003","11058036","11055036","101750302","bgm_MC202","211001001","-323","0","0","0","0","110750031","103583","0","11075","0","bgm_MC202","2","110750033","101750308","0"
"28","1","0","2015/12/17 15:00:00","101750408","0","bgm_MC202","10","101750406","10","0","10","bgm_MC202","bgm_MC202","11025036","215","103581","0","2030/12/31 14:59:59","90","100900","101750410","103582","0","103582","110750042","110750041","0","巨鯨城‧近郊 75-4","0","bgm_MC202","-50","11075004","11061036","11058036","101750405","bgm_MC202","211001001","-372","0","0","0","0","110750041","103583","0","11075","0","bgm_MC202","2","110750043","101750407","0"
"62","1","0","2015/12/17 15:00:00","101750507","0","bgm_MC202","10","101750505","10","0","10","bgm_MC202","bgm_MC202","11022036","215","103581","0","2030/12/31 14:59:59","90","100900","101750508","103582","0","103582","110750052","110750051","0","巨鯨城‧近郊 75-5","0","bgm_MC202","-50","11075005","11055036","11061036","101750504","bgm_MC202","211001001","-64","0","0","0","0","110750051","103583","0","11075","0","bgm_MC202","2","110750053","101750506","0"
"-129","0","0","2015/12/17 15:00:00","0","0","0","0","0","0","0","0","0","0","0","0","103601","0","2030/12/31 14:59:59","0","100890","0","0","0","0","0","0","0","巨鯨城‧近郊 75-6","0","0","0","11075006","0","0","0","0","0","66","0","0","0","0","0","0","0","11075","0","0","0","0","0","0"
"-156","0","0","2015/12/17 15:00:00","0","0","0","0","0","0","0","0","0","0","0","0","103601","0","2030/12/31 14:59:59","0","100890","0","0","0","0","0","0","0","巨鯨城‧近郊 75-7","0","0","0","11075007","0","0","0","0","0","257","0","0","0","0","0","0","0","11075","0","0","0","0","0","0"
"82","0","0","2015/12/17 15:00:00","0","0","0","0","0","0","0","0","0","0","0","0","103601","0","2030/12/31 14:59:59","0","100890","0","0","0","0","0","0","0","巨鯨城‧近郊 75-8","0","0","0","11075008","0","0","0","0","0","288","0","0","0","0","0","0","0","11075","0","0","0","0","0","0"
"-106","0","0","2015/12/17 15:00:00","0","0","0","0","0","0","0","0","0","0","0","0","103601","0","2030/12/31 14:59:59","0","100890","0","0","0","0","0","0","0","巨鯨城‧近郊 75-9","0","0","0","11075009","0","0","0","0","0","433","0","0","0","0","0","0","0","11075","0","0","0","0","0","0"
"-95","0","0","2015/12/17 15:00:00","0","0","0","0","0","0","0","0","0","0","0","0","103581","0","2030/12/31 14:59:59","0","100900","0","0","0","0","0","0","0","巨鯨城‧近郊 75-10","0","0","0","11075010","0","0","0","0","0","753","0","0","0","0","0","0","0","11075","0","0","0","0","0","0"
"-100","2","9101015","2015/12/17 15:00:00","102010106","101431","bgm_M06","16","102010105","16","0","16","bgm_M06","bgm_M06","101281","240","100911","0","2030/12/31 14:59:59","90","100010","0","100912","9101016","100912","120010012","120010011","0","朱諾平原 1-1","0","bgm_M06","-50","12001001","101161","31059","102010107","bgm_M06","211001000","-310","3","0","0","0","120010011","100913","0","12001","0","bgm_M06","0","120010013","102010105","0"
"0","2","0","2015/12/17 15:00:00","102010204","101551","bgm_M06","16","102010206","16","0","16","bgm_M06","bgm_M06","101581","240","100917","0","2030/12/31 14:59:59","90","100010","0","100918","0","100918","120010022","120010021","0","朱諾平原 1-2","0","bgm_M06","0","12001002","101281","31021","102010207","bgm_M06","211001000","-20","3","0","0","0","120010021","100919","0","12001","0","bgm_M06","0","120010023","102010205","0"
"-75","2","0","2015/12/17 15:00:00","0","102581","bgm_M17_02","16","102010309","16","0","16","bgm_M17","bgm_M17_02","101431","240","100367","0","2030/12/31 14:59:59","90","100020","0","100368","0","100368","120010032","120010031","0","朱諾平原 1-3","0","bgm_M63","0","12001003","102131","31040","102010301","bgm_M63","211001000","285","3","0","0","0","120010031","100369","0","12001","0","bgm_M17","0","120010033","0","0"
"-5","2","0","2015/12/17 15:00:00","0","102551","bgm_M06","16","102020101","16","0","16","bgm_M06","bgm_M06","122311","260","100891","0","2030/12/31 14:59:59","90","100010","0","100892","0","100892","120020012","120020011","0","帕拉斯高原 2-1","0","bgm_M06","0","12002001","102011","31003","102020107","bgm_M06","211001000","-265","3","0","0","0","120020011","100893","0","12002","0","bgm_M06","0","120020013","102020102","0"
"-130","2","0","2015/12/17 15:00:00","102020207","102611","bgm_M06","16","102020204","16","0","16","bgm_M06","bgm_M06","122371","260","100731","0","2030/12/31 14:59:59","90","100030","0","100732","0","100732","120020022","120020021","0","帕拉斯高原 2-2","0","bgm_M06","0","12002002","102251","31002","102020208","bgm_M06","211001000","-15","3","0","0","0","120020021","100733","0","12002","0","bgm_M06","0","120020023","102020204","0"
"-95","2","0","2015/12/17 15:00:00","0","102582","bgm_M17_02","16","102020308","16","0","16","bgm_M17","bgm_M17_02","102071","260","100381","0","2030/12/31 14:59:59","90","100030","0","100382","0","100382","120020032","120020031","0","帕拉斯高原 2-3","0","bgm_M63","0","12002003","122493","31028","102020301","bgm_M63","211001000","330","3","0","0","0","120020031","100383","0","12002","0","bgm_M17","0","120020033","102020305","0"
"10","2","0","2015/12/17 15:00:00","102030104","101581","bgm_M06","16","102030108","16","0","16","bgm_M06","bgm_M06","122311","280","100911","0","2030/12/31 14:59:59","90","100010","0","100912","0","100912","120030012","120030011","0","赫柏丘陵 3-1","0","bgm_M06","0","12003001","102013","31058","102030110","bgm_M06","211001000","-300","3","0","0","0","120030011","100913","0","12003","0","bgm_M06","0","120030013","102030105","0"
"-110","2","0","2015/12/17 15:00:00","102030204","102582","bgm_M06","16","102030201","16","0","16","bgm_M06","bgm_M06","122312","280","100511","0","2030/12/31 14:59:59","90","100020","0","100512","0","100512","120030022","120030021","0","赫柏丘陵 3-2","0","bgm_M06","0","12003002","102163","31052","102030209","bgm_M06","211001000","-10","3","0","0","0","120030021","100513","0","12003","0","bgm_M06","0","120030023","102030203","0"
"-10","2","0","2015/12/17 15:00:00","0","102552","bgm_M17_02","16","102030308","16","0","16","bgm_M17","bgm_M17_02","102192","280","100391","0","2030/12/31 14:59:59","90","100080","0","100392","0","100392","120030032","120030031","0","赫柏丘陵 3-3","0","bgm_M63","0","12003003","113191","31020","102030307","bgm_M63","211001000","315","3","0","0","0","120030031","100393","0","12003","0","bgm_M17","0","120030033","102030304","0"
"-10","2","0","2015/12/17 15:00:00","102040102","102552","bgm_M06","18","102040101","18","0","18","bgm_M06","bgm_M06","102162","300","100601","0","2030/12/31 14:59:59","90","100100","102040105","100602","0","100602","120040012","120040011","0","維斯塔溪谷 4-1","0","bgm_M06","0","12004001","123161","31059","102040110","bgm_M06","211001000","-310","3","0","0","0","120040011","100603","0","12004","0","bgm_M06","0","120040013","102040107","0"
"40","2","0","2015/12/17 15:00:00","102040203","122613","bgm_M06","18","102040202","18","0","18","bgm_M06","bgm_M06","113522","300","100731","0","2030/12/31 14:59:59","90","100070","102040201","100732","0","100732","120040022","120040021","0","維斯塔溪谷 4-2","0","bgm_M06","0","12004002","113252","31050","102040208","bgm_M06","211001000","0","3","0","0","0","120040021","100733","0","12004","0","bgm_M06","0","120040023","102040205","0"
"20","2","0","2015/12/17 15:00:00","0","102041","bgm_M17_02","18","102040308","18","0","18","bgm_M17","bgm_M17_02","123281","300","100471","0","2030/12/31 14:59:59","90","100110","0","100472","0","100472","120040032","120040031","0","維斯塔溪谷 4-3","0","bgm_M63","0","12004003","113401","31030","102040301","bgm_M63","211001000","375","3","0","0","0","120040031","100473","0","12004","0","bgm_M17","0","120040033","102040306","0"
"-70","2","0","2015/12/17 15:00:00","102050105","122401","bgm_M06","18","102050108","18","0","18","bgm_M06","bgm_M06","113581","330","100364","0","2030/12/31 14:59:59","90","100020","0","100365","0","100365","120050012","120050011","0","刻瑞斯森林 5-1","0","bgm_M06","0","12005001","123282","31021","102050110","bgm_M06","211001000","-315","3","0","0","0","120050011","100366","0","12005","0","bgm_M06","0","120050013","102050107","0"
"35","2","0","2015/12/17 15:00:00","102050205","113431","bgm_M06","18","102050201","18","0","18","bgm_M06","bgm_M06","123281","330","100751","0","2030/12/31 14:59:59","90","100040","0","100752","0","100752","120050022","120050021","0","刻瑞斯森林 5-2","0","bgm_M06","0","12005002","123192","31048","102050208","bgm_M06","211001000","-40","3","0","0","0","120050021","100753","0","12005","0","bgm_M06","0","120050023","102050204","0"
"0","2","0","2015/12/17 15:00:00","102050303","123341","bgm_M17_02","18","102050311","18","0","18","bgm_M17","bgm_M17_02","113551","330","100931","0","2030/12/31 14:59:59","90","100080","0","100932","0","100932","120050032","120050031","0","刻瑞斯森林 5-3","0","bgm_M63","0","12005003","113131","31038","102050301","bgm_M63","211001000","290","3","0","0","0","120050031","100933","0","12005","0","bgm_M17","0","120050033","102050303","0"
"-45","2","0","2015/12/17 15:00:00","102060107","123612","bgm_M06","18","102060101","18","0","18","bgm_M06","bgm_M06","123371","360","100491","0","2030/12/31 14:59:59","90","100040","102060102","100492","0","100492","120060012","120060011","0","佛洛拉湖畔 6-1","0","bgm_M06","0","12006001","113222","31002","102060110","bgm_M06","211001000","-285","3","0","0","0","120060011","100493","0","12006","0","bgm_M06","0","120060013","102060101","0"
"-55","2","0","2015/12/17 15:00:00","102060208","113581","bgm_M06","18","102060206","18","0","18","bgm_M06","bgm_M06","123491","360","100431","0","2030/12/31 14:59:59","90","100050","0","100432","0","100432","120060022","120060021","0","佛洛拉湖畔 6-2","0","bgm_M06","0","12006002","123193","31033","102060209","bgm_M06","211001000","20","3","0","0","0","120060021","100433","0","12006","0","bgm_M06","0","120060023","102060207","0"
"20","2","0","2015/12/17 15:00:00","0","113552","bgm_M17_02","18","102060310","18","0","18","bgm_M17","bgm_M17_02","113283","360","100711","0","2030/12/31 14:59:59","90","100120","0","100712","0","100712","120060032","120060031","0","佛洛拉湖畔 6-3","0","bgm_M63","0","12006003","113013","31049","102060301","bgm_M63","211001000","315","3","0","0","0","120060031","100713","0","12006","0","bgm_M17","0","120060033","102060304","0"
"40","2","0","2015/12/17 15:00:00","102070101","113581","bgm_M06","20","102070105","20","0","20","bgm_M06","bgm_M06","113012","380","100381","0","2030/12/31 14:59:59","90","100030","102070107","100382","0","100382","120070012","120070011","0","墨提斯大瀑布 7-1","0","bgm_M06","0","12007001","123583","31058","102070108","bgm_M06","211001000","-275","3","0","0","0","120070011","100383","0","12007","0","bgm_M06","0","120070013","102070104","0"
"-95","2","0","2015/12/17 15:00:00","102070206","123282","bgm_M06","20","102070208","20","0","20","bgm_M06","bgm_M06","113552","380","100811","0","2030/12/31 14:59:59","90","100070","0","100812","0","100812","120070022","120070021","0","墨提斯大瀑布 7-2","0","bgm_M06","0","12007002","114191","31027","102070209","bgm_M06","211001000","-5","3","0","0","0","120070021","100813","0","12007","0","bgm_M06","0","120070023","102070201","0"
"-25","2","0","2015/12/17 15:00:00","0","113401","bgm_M17_02","20","102070311","20","0","20","bgm_M17","bgm_M17_02","123042","380","100791","0","2030/12/31 14:59:59","90","100120","0","100792","0","100792","120070032","120070031","0","墨提斯大瀑布 7-3","0","bgm_M63","0","12007003","114041","31031","102070301","bgm_M63","211001000","355","3","0","0","0","120070031","100793","0","12007","0","bgm_M17","0","120070033","102070305","0"
"-160","2","0","2015/12/17 15:00:00","102080103","123582","bgm_M06","20","102080107","20","0","20","bgm_M06","bgm_M06","123282","400","100511","0","2030/12/31 14:59:59","90","100020","102080109","100512","0","100512","120080012","120080011","0","伊麗絲樹海 8-1","0","bgm_M06","0","12008001","114011","31003","102080110","bgm_M06","211001000","-350","3","0","0","0","120080011","100513","0","12008","0","bgm_M06","0","120080013","102080109","0"
"-110","2","0","2015/12/17 15:00:00","102080207","113614","bgm_M06","20","102080205","20","0","20","bgm_M06","bgm_M06","114371","400","100771","0","2030/12/31 14:59:59","90","100060","0","100772","0","100772","120080022","120080021","0","伊麗絲樹海 8-2","0","bgm_M06","0","12008002","124251","31008","102080209","bgm_M06","211001000","0","3","0","0","0","120080021","100773","0","12008","0","bgm_M06","0","120080023","102080202","0"
"-30","2","0","2015/12/17 15:00:00","0","113553","bgm_M17_02","20","102080309","20","0","20","bgm_M17","bgm_M17_02","113401","400","100451","0","2030/12/31 14:59:59","90","100090","0","100452","0","100452","120080032","120080031","0","伊麗絲樹海 8-3","0","bgm_M63","0","12008003","114011","31032","102080301","bgm_M63","211001000","310","3","0","0","0","120080031","100453","0","12008","0","bgm_M17","0","120080033","102080305","0"
"0","2","0","2015/12/17 15:00:00","102090101","113553","bgm_M06","20","102090102","20","0","20","bgm_M06","bgm_M06","124431","410","100851","0","2030/12/31 14:59:59","90","100130","102090106","100852","0","100852","120090012","120090011","0","弗麗嘉雪原 9-1","0","bgm_M06","-50","12009001","114132","31040","102090107","bgm_M06","211001000","-350","3","0","0","0","120090011","100853","0","12009","0","bgm_M06","0","120090013","102090101","0"
"-110","2","0","2015/12/17 15:00:00","102090205","123583","bgm_M06","20","102090201","20","0","20","bgm_M06","bgm_M06","124491","410","100931","0","2030/12/31 14:59:59","90","100140","102090206","100932","0","100932","120090022","120090021","0","弗麗嘉雪原 9-2","0","bgm_M06","0","12009002","124192","31020","102090207","bgm_M06","211001000","0","3","0","0","0","120090021","100933","0","12009","0","bgm_M06","0","120090023","102090201","0"
"-30","2","0","2015/12/17 15:00:00","0","113614","bgm_M17_02","20","102090307","20","0","20","bgm_M17","bgm_M17_02","124401","410","100961","0","2030/12/31 14:59:59","90","100140","0","100962","0","100962","120090032","120090031","0","弗麗嘉雪原 9-3","0","bgm_M63","0","12009003","114012","31028","102090301","bgm_M63","211001000","380","3","0","0","0","120090031","100963","0","12009","0","bgm_M17","0","120090033","102090302","0"
"-120","2","0","2018/10/05 16:00:00","102100102","114222","bgm_M06","20","102100101","20","0","20","bgm_M06","bgm_M06","114611","420","100751","0","2030/12/31 14:59:59","90","100020","102100103","100752","0","100752","120100012","120100011","0","洛麗泰海岸 10-1","0","bgm_M06","0","12010001","124522","31050","102100108","bgm_M06","211001000","-350","3","0","0","0","120100011","100753","0","12010","0","bgm_M06","0","120100013","102100107","0"
"30","2","0","2018/10/05 16:00:00","102100206","124192","bgm_M06","20","102100201","20","0","20","bgm_M06","bgm_M06","114581","420","100891","0","2030/12/31 14:59:59","90","100040","0","100892","0","100892","120100022","120100021","0","洛麗泰海岸 10-2","0","bgm_M06","0","12010002","124432","31048","102100207","bgm_M06","211001000","0","3","0","0","0","120100021","100893","0","12010","0","bgm_M06","0","120100023","102100204","0"
"-80","2","0","2018/10/05 16:00:00","0","124042","bgm_M17_02","20","102100305","20","0","20","bgm_M17","bgm_M17_02","114551","420","100471","0","2030/12/31 14:59:59","90","100110","0","100472","0","100472","120100032","120100031","0","洛麗泰海岸 10-3","0","bgm_M63","0","12010003","124312","31030","102100304","bgm_M63","211001000","380","3","0","0","0","120100031","100473","0","12010","0","bgm_M17","0","120100033","102100302","0"
"-120","2","0","2018/11/07 16:00:00","102110103","114581","bgm_M06","20","102110104","20","0","20","bgm_M06","bgm_M06","124312","430","101101","0","2030/12/31 14:59:59","90","100150","0","101102","0","101102","120110012","120110011","0","蓋奴亞荒漠 11-1","0","bgm_M06","0","12011001","124163","31052","102110107","bgm_M06","211001000","-350","3","0","0","0","120110011","101103","0","12011","0","bgm_M06","0","120110013","102110106","0"
"30","2","0","2018/11/07 16:00:00","102110208","114551","bgm_M06","20","102110207","20","0","20","bgm_M06","bgm_M06","124192","430","100931","0","2030/12/31 14:59:59","90","100080","0","100932","0","100932","120110022","120110021","0","蓋奴亞荒漠 11-2","0","bgm_M06","0","12011002","114193","31027","102110209","bgm_M06","211001000","0","3","0","0","0","120110021","100933","0","12011","0","bgm_M06","0","120110023","102110204","0"
"-80","2","0","2018/11/07 16:00:00","102110303","114551","bgm_M17_02","20","102110308","20","0","20","bgm_M17","bgm_M17_02","124432","430","100661","0","2030/12/31 14:59:59","90","100150","0","100662","0","100662","120110032","120110031","0","蓋奴亞荒漠 11-3","0","bgm_M63","0","12011003","114013","31049","102110307","bgm_M63","211001000","380","3","0","0","0","120110031","100663","0","12011","0","bgm_M17","0","120110033","102110304","0"
"20","2","0","2018/12/07 16:00:00","102120102","124163","bgm_M06","20","102120101","20","0","20","bgm_M06","bgm_M06","114582","430","101101","0","2030/12/31 14:59:59","90","100150","102120105","101102","0","101102","120120012","120120011","0","波諾尼亞砂丘 12-1","0","bgm_M06","0","12012001","124283","31033","102120107","bgm_M06","211001000","-350","3","0","0","0","120120011","101103","0","12012","0","bgm_M06","0","120120013","102120104","0"
"-120","2","0","2018/12/07 16:00:00","102120204","114133","bgm_M06","20","102120203","20","0","20","bgm_M06","bgm_M06","114552","430","101071","0","2030/12/31 14:59:59","90","100150","102120206","101072","0","101072","120120022","120120021","0","波諾尼亞砂丘 12-2","0","bgm_M06","0","12012002","124343","31038","102120209","bgm_M06","211001000","0","3","0","0","0","120120021","101073","0","12012","0","bgm_M06","0","120120023","102120201","0"
"40","2","0","2018/12/07 16:00:00","102120303","114013","bgm_M17_02","20","102120308","20","0","20","bgm_M17","bgm_M17_02","114582","430","101131","0","2030/12/31 14:59:59","90","100150","0","101132","0","101132","120120032","120120031","0","波諾尼亞砂丘 12-3","0","bgm_M63","0","12012003","124313","31032","102120307","bgm_M63","211001000","380","3","0","0","0","120120031","101133","0","12012","0","bgm_M17","0","120120033","102120302","0"
"20","2","0","2019/01/03 16:00:00","102130107","114582","bgm_M06","20","102130108","20","0","20","bgm_M06","bgm_M06","124343","430","101101","0","2030/12/31 14:59:59","90","100150","0","101102","0","101102","120130012","120130011","0","朵羅西亞溼地 13-1","0","bgm_M06","0","12013001","114164","31059","102130109","bgm_M06","211001000","-350","3","0","0","0","120130011","101103","0","12013","0","bgm_M06","0","120130013","102130105","0"
"-120","2","0","2019/01/03 16:00:00","102130206","114612","bgm_M06","20","102130208","20","0","20","bgm_M06","bgm_M06","124462","430","100811","0","2030/12/31 14:59:59","90","100100","0","100812","0","100812","120130022","120130021","0","朵羅西亞溼地 13-2","0","bgm_M06","0","12013002","114254","31008","102130209","bgm_M06","211001000","0","3","0","0","0","120130021","100813","0","12013","0","bgm_M06","0","120130023","102130202","0"
"-100","2","0","2019/01/03 16:00:00","102130303","114552","bgm_M17_02","20","102130310","20","0","20","bgm_M17","bgm_M17_02","114013","430","100752","0","2030/12/31 14:59:59","90","100040","0","100753","0","100753","120130032","120130031","0","朵羅西亞溼地 13-3","0","bgm_M63","0","12013003","114014","31057","102130309","bgm_M63","211001000","380","3","0","0","0","120130031","100754","0","12013","0","bgm_M17","0","120130033","102130307","0"
"-100","2","0","2019/01/30 16:00:00","102140102","114582","bgm_M06","20","102140104","20","0","20","bgm_M06","bgm_M06","114194","430","100361","0","2030/12/31 14:59:59","90","100020","102140105","100362","0","100362","120140012","120140011","0","尤金尼亞熱地 14-1","0","bgm_M06","0","12014001","114583","31021","102140108","bgm_M06","211001000","-350","3","0","0","0","120140011","100363","0","12014","0","bgm_M06","0","120140013","102140107","0"
"20","2","0","2019/01/30 16:00:00","102140208","114552","bgm_M06","20","102140204","20","0","20","bgm_M06","bgm_M06","124044","430","101231","0","2030/12/31 14:59:59","90","100170","102140207","101232","0","101232","120140022","120140021","0","尤金尼亞熱地 14-2","0","bgm_M06","-50","12014002","114554","31031","102140209","bgm_M06","211001000","0","3","0","0","0","120140021","101233","0","12014","0","bgm_M06","0","120140023","102140202","0"
"-90","2","0","2019/01/30 16:00:00","102140308","124402","bgm_M17_02","20","102140307","20","0","20","bgm_M17","bgm_M17_02","114014","430","100871","0","2030/12/31 14:59:59","90","100060","0","100872","0","100872","120140032","120140031","0","尤金尼亞熱地 14-3","0","bgm_M63","0","12014003","114553","31047","102140309","bgm_M63","211001000","380","3","0","0","0","120140031","100873","0","12014","0","bgm_M17","0","120140033","102140306","0"
"50","2","0","2019/02/18 16:00:00","102150104","114254","bgm_M06","20","102150103","20","0","20","bgm_M06","bgm_M06","114613","430","100381","0","2030/12/31 14:59:59","90","100030","102150106","100382","0","100382","120150012","120150011","0","塔利亞火山 15-1","0","bgm_M06","-50","12015001","124373","31002","102150108","bgm_M06","211001000","-350","3","0","0","0","120150011","100383","0","12015","0","bgm_M06","0","120150013","102150101","0"
"-130","2","0","2019/02/18 16:00:00","102150205","114194","bgm_M06","20","102150201","20","0","20","bgm_M06","bgm_M06","114553","430","100191","0","2030/12/31 14:59:59","90","100160","102150206","100192","0","100192","120150022","120150021","0","塔利亞火山 15-2","0","bgm_M06","-50","12015002","124284","31020","102150209","bgm_M06","211001000","0","3","0","0","0","120150021","100193","0","12015","0","bgm_M06","0","120150023","102150204","0"
"-30","2","0","2019/02/18 16:00:00","0","114134","bgm_M17_02","20","102150307","20","0","20","bgm_M17","bgm_M17_02","114554","430","100197","0","2030/12/31 14:59:59","90","100170","0","100198","0","100198","120150032","120150031","0","塔利亞火山 15-3","0","bgm_M63","-50","12015003","124433","31063","102150309","bgm_M63","211001000","380","3","0","0","0","120150031","100199","0","12015","0","bgm_M17","0","120150033","102150306","0"
"-130","2","0","2019/03/21 16:00:00","102160107","114553","bgm_M06","20","102160102","20","0","20","bgm_M06","bgm_M06","114134","430","100991","0","2030/12/31 14:59:59","90","100240","102160103","100992","0","100992","120160012","120160011","0","泰美斯銀嶺 16-1","0","bgm_M06","-50","12016001","125131","31040","102160108","bgm_M06","211001000","-350","3","0","0","0","120160011","100993","0","12016","0","bgm_M06","0","120160013","102160101","0"
"0","2","0","2019/03/21 16:00:00","102160205","124314","bgm_M06","20","102160201","20","0","20","bgm_M06","bgm_M06","124433","430","100961","0","2030/12/31 14:59:59","90","100140","102160206","100962","0","100962","120160022","120160021","0","泰美斯銀嶺 16-2","0","bgm_M06","-50","12016002","115161","31048","102160207","bgm_M06","211001000","0","3","0","0","0","120160021","100963","0","12016","0","bgm_M06","0","120160023","102160204","0"
"-30","2","0","2019/03/21 16:00:00","102160310","124224","bgm_M17_02","20","102160307","20","0","20","bgm_M17","bgm_M17_02","124463","430","100231","0","2030/12/31 14:59:59","90","100080","0","100232","0","100232","120160032","120160031","0","泰美斯銀嶺 16-3","0","bgm_M63","-50","12016003","115221","31036","102160309","bgm_M63","211001000","380","3","0","0","0","120160031","100233","0","12016","0","bgm_M17","0","120160033","102160304","0"
"-30","2","0","2019/04/19 16:00:00","102170107","124433","bgm_M06","20","102170101","20","0","20","bgm_M06","bgm_M06","115011","430","100991","0","2030/12/31 14:59:59","90","100240","102170107","100992","0","100992","120170012","120170011","0","菲得斯冰原 17-1","0","bgm_M06","-50","12017001","115581","31058","102170108","bgm_M06","211001000","-350","3","0","0","0","120170011","100993","0","12017","0","bgm_M06","0","120170013","102170102","0"
"-110","2","0","2019/04/19 16:00:00","102170205","114553","bgm_M06","20","102170206","20","0","20","bgm_M06","bgm_M06","125191","430","100961","0","2030/12/31 14:59:59","90","100140","102170207","100962","0","100962","120170022","120170021","0","菲得斯冰原 17-2","0","bgm_M06","-50","12017002","115551","31027","102170209","bgm_M06","211001000","0","3","0","0","0","120170021","100963","0","12017","0","bgm_M06","0","120170023","102170203","0"
"-10","2","0","2019/04/19 16:00:00","102170310","114613","bgm_M17_02","20","102170307","20","0","20","bgm_M17","bgm_M17_02","115221","430","100991","0","2030/12/31 14:59:59","90","100240","0","100992","0","100992","120170032","120170031","0","菲得斯冰原 17-3","0","bgm_M63","-50","12017003","115611","31044","102170309","bgm_M63","211001000","380","3","0","0","0","120170031","100993","0","12017","0","bgm_M17","0","120170033","102170304","0"
"0","2","0","2019/05/21 16:00:00","102180101","124284","bgm_M169","20","102180104","20","0","20","bgm_M169","bgm_M169","115011","430","101401","0","2030/12/31 14:59:59","90","100050","102180107","101402","0","101402","120180012","120180011","0","法艾頓草原‧北部 18-1","0","bgm_M169","-50","12018001","125281","31003","102180108","bgm_M169","211001000","-350","3","0","0","0","120180011","101403","0","12018","0","bgm_M169","0","120180013","102180103","0"
"-130","2","0","2019/05/21 16:00:00","102180205","114134","bgm_M169","20","102180203","20","0","20","bgm_M169","bgm_M169","125131","430","100691","0","2030/12/31 14:59:59","90","100020","102180206","100692","0","100692","120180022","120180021","0","法艾頓草原‧北部 18-2","0","bgm_M169","-50","12018002","125341","31038","102180207","bgm_M169","211001000","0","3","0","0","0","120180021","100693","0","12018","0","bgm_M169","0","120180023","102180204","0"
"-30","2","0","2019/05/21 16:00:00","102180302","115011","bgm_M170","20","102180307","20","0","20","bgm_M170","bgm_M170","115551","430","101431","0","2030/12/31 14:59:59","90","100050","0","101432","0","101432","120180032","120180031","0","法艾頓草原‧北部 18-3","0","bgm_M170","-50","12018003","125401","31028","102180305","bgm_M170","211001000","380","3","0","0","0","120180031","101433","0","12018","0","bgm_M170","0","120180033","102180301","0"
"-90","2","0","2019/06/17 16:00:00","102190103","115611","bgm_M169","20","102190104","20","0","20","bgm_M169","bgm_M169","125521","430","101401","0","2030/12/31 14:59:59","90","100050","102190107","101402","0","101402","120190012","120190011","0","法艾頓草原‧南部 19-1","0","bgm_M169","-50","12019001","115222","31050","102190108","bgm_M169","211001000","-350","3","0","0","0","120190011","101403","0","12019","0","bgm_M169","0","120190013","102190105","0"
"-10","2","0","2019/06/17 16:00:00","102190207","125191","bgm_M169","20","102190206","20","0","20","bgm_M169","bgm_M169","125281","430","101401","0","2030/12/31 14:59:59","90","100050","102190201","101402","0","101402","120190022","120190021","0","法艾頓草原‧南部 19-2","0","bgm_M169","-50","12019002","125162","31033","102190209","bgm_M169","211001000","0","3","0","0","0","120190021","101403","0","12019","0","bgm_M169","0","120190023","102190202","0"
"-75","2","0","2019/06/17 16:00:00","102190307","115551","bgm_M170","20","102190309","20","0","20","bgm_M170","bgm_M170","115011","430","101431","0","2030/12/31 14:59:59","90","100020","0","101432","0","101432","120190032","120190031","0","法艾頓草原‧南部 19-3","0","bgm_M170","-50","12019003","125012","31057","102190308","bgm_M170","211001000","380","3","0","0","0","120190031","101433","0","12019","0","bgm_M170","0","120190033","102190302","0"
"-10","2","0","2019/08/15 16:00:00","102200108","115581","bgm_M169","20","102200104","20","0","20","bgm_M169","bgm_M169","125162","430","101401","0","2030/12/31 14:59:59","90","100010","102200107","101402","0","101402","120200012","120200011","0","卡斯塔利亞樹林‧西部 20-1","0","bgm_M169","-50","12020001","115582","31052","102200109","bgm_M169","211001000","-350","3","0","0","0","120200011","101403","0","12020","0","bgm_M169","0","120200013","102200106","0"
"-90","2","0","2019/08/15 16:00:00","102200207","125521","bgm_M169","20","102200206","20","0","20","bgm_M169","bgm_M169","125252","430","100931","0","2030/12/31 14:59:59","90","100080","102200205","100932","0","100932","120200022","120200021","0","卡斯塔利亞樹林‧西部 20-2","0","bgm_M169","-50","12020002","115612","31008","102200208","bgm_M169","211001000","0","3","0","0","0","120200021","100933","0","12020","0","bgm_M169","0","120200023","102200204","0"
"0","2","0","2019/08/15 16:00:00","0","125311","bgm_M170","20","102200310","20","0","20","bgm_M170","bgm_M170","115042","430","100367","0","2030/12/31 14:59:59","90","100020","0","100368","0","100368","120200032","120200031","0","卡斯塔利亞樹林‧西部 20-3","0","bgm_M170","-50","12020003","115552","31030","102200309","bgm_M170","211001000","380","3","0","0","0","120200031","100369","0","12020","0","bgm_M170","0","120200033","102200311","0"
"-10","2","0","2019/08/15 16:00:00","102210107","125252","bgm_M169","20","102210106","20","0","20","bgm_M169","bgm_M169","125371","430","101401","0","2030/12/31 14:59:59","90","100050","102210104","101402","0","101402","120210012","120210011","0","卡斯塔利亞樹林‧東部 21-1","0","bgm_M169","-50","12021001","125522","31002","102210109","bgm_M169","211001000","-350","3","0","0","0","120210011","101403","0","12021","0","bgm_M169","0","120210013","102210106","0"
"-90","2","0","2019/08/15 16:00:00","102210205","125401","bgm_M169","20","102210206","20","0","20","bgm_M169","bgm_M169","115042","430","100931","0","2030/12/31 14:59:59","90","100080","0","100932","0","100932","120210022","120210021","0","卡斯塔利亞樹林‧東部 21-2","0","bgm_M169","-50","12021002","125312","31031","102210208","bgm_M169","211001000","0","3","0","0","0","120210021","100933","0","12021","0","bgm_M169","0","120210023","102210207","0"
"0","2","0","2019/08/15 16:00:00","102210308","115551","bgm_M170","20","102210310","20","0","20","bgm_M170","bgm_M170","125072","430","100367","0","2030/12/31 14:59:59","90","100020","0","100368","0","100368","120210032","120210031","0","卡斯塔利亞樹林‧東部 21-3","0","bgm_M170","-50","12021003","125282","31037","102210309","bgm_M170","211001000","380","3","0","0","0","120210031","100369","0","12021","0","bgm_M170","0","120210033","102210311","0"
"-90","2","0","2019/09/17 16:00:00","102220108","115551","bgm_M169","20","102220106","20","0","20","bgm_M169","bgm_M169","125342","430","100431","0","2030/12/31 14:59:59","90","100050","102220104","100432","0","100432","120220012","120220011","0","馬提爾德岩峰‧南部 22-1","0","bgm_M169","-50","12022001","125193","31021","102220109","bgm_M169","211001000","-350","3","0","0","0","120220011","100433","0","12022","0","bgm_M169","0","120220013","102220107","0"
"-10","2","0","2019/09/17 16:00:00","102220205","115192","bgm_M169","20","102220206","20","0","20","bgm_M169","bgm_M169","115582","430","100361","0","2030/12/31 14:59:59","90","100080","102220208","100362","0","100362","120220022","120220021","0","馬提爾德岩峰‧南部 22-2","0","bgm_M169","-50","12022002","115163","31048","102220209","bgm_M169","211001000","0","3","0","0","0","120220021","100363","0","12022","0","bgm_M169","0","120220023","102220207","0"
"-75","2","0","2019/09/17 16:00:00","102220307","125012","bgm_M170","20","102220309","20","0","20","bgm_M170","bgm_M170","125431","430","101641","0","2030/12/31 14:59:59","90","100020","0","101642","0","101642","120220032","120220031","0","馬提爾德岩峰‧南部 22-3","0","bgm_M170","-50","12022003","125013","31047","102220308","bgm_M170","211001000","380","3","0","0","0","120220031","101643","0","12022","0","bgm_M170","0","120220033","102220311","0"
"-20","2","0","2019/09/17 16:00:00","102230106","125342","bgm_M169","20","102230108","20","0","20","bgm_M169","bgm_M169","115163","430","100431","0","2030/12/31 14:59:59","90","100050","102230105","100432","0","100432","120230012","120230011","0","馬提爾德岩峰‧北部 23-1","0","bgm_M169","-50","12023001","115613","31059","102230109","bgm_M169","211001000","-350","3","0","0","0","120230011","100433","0","12023","0","bgm_M169","0","120230013","102230107","0"
"-90","2","0","2019/09/17 16:00:00","102230201","115552","bgm_M169","20","102230205","20","0","20","bgm_M169","bgm_M169","125193","430","100361","0","2030/12/31 14:59:59","90","100080","0","100362","0","100362","120230022","120230021","0","馬提爾德岩峰‧北部 23-2","0","bgm_M169","-50","12023002","115583","31020","102230209","bgm_M169","211001000","0","3","0","0","0","120230021","100363","0","12023","0","bgm_M169","0","120230023","102230206","0"
"10","2","0","2019/09/17 16:00:00","102230304","125431","bgm_M170","20","102230309","20","0","20","bgm_M170","bgm_M170","125013","430","101641","0","2030/12/31 14:59:59","90","100020","102230307","101642","0","101642","120230032","120230031","0","馬提爾德岩峰‧北部 23-3","0","bgm_M170","-50","12023003","115553","31049","102230308","bgm_M170","211001000","380","3","0","0","0","120230031","101643","0","12023","0","bgm_M170","0","120230033","102230311","0"
"-40","2","0","2019/10/15 16:00:00","102240107","115613","bgm_M169","20","102240108","20","0","20","bgm_M169","bgm_M169","125373","430","101641","0","2030/12/31 14:59:59","90","100450","102240105","101642","0","101642","120240012","120240011","0","雷蒂烏斯群峰‧西麓 24-1","0","bgm_M169","-50","12024001","125283","31040","102240109","bgm_M169","211001000","-350","3","0","0","0","120240011","101643","0","12024","0","bgm_M169","0","120240013","102240101","0"
"-120","2","0","2019/10/15 16:00:00","102240202","115553","bgm_M169","20","102240205","20","0","20","bgm_M169","bgm_M169","125343","430","101691","0","2030/12/31 14:59:59","90","100460","102240206","101692","0","101692","120240022","120240021","0","雷蒂烏斯群峰‧西麓 24-2","0","bgm_M169","-50","12024002","125462","31027","102240209","bgm_M169","211001000","0","3","0","0","0","120240021","101693","0","12024","0","bgm_M169","0","120240023","102240201","0"
"10","2","0","2019/10/15 16:00:00","0","115583","bgm_M170","20","102240309","20","0","20","bgm_M170","bgm_M170","125313","430","101801","0","2030/12/31 14:59:59","90","100450","0","101802","0","101802","120240032","120240031","0","雷蒂烏斯群峰‧西麓 24-3","0","bgm_M170","-50","12024003","125491","31056","102240308","bgm_M170","211001000","380","3","0","0","0","120240031","101803","0","12024","0","bgm_M170","0","120240033","102240311","0"
"-40","2","0","2019/11/15 16:00:00","102250101","115613","bgm_M169","20","102250104","20","0","20","bgm_M169","bgm_M169","125283","430","101641","0","2030/12/31 14:59:59","90","100450","102250105","101642","0","101642","120250012","120250011","0","雷蒂烏斯群峰‧東麓 25-1","0","bgm_M169","-50","12025001","125014","31058","102250109","bgm_M169","211001000","-350","3","0","0","0","120250011","101643","0","12025","0","bgm_M169","0","120250013","102250107","0"
"-120","2","0","2019/11/15 16:00:00","102250208","115553","bgm_M169","20","102250202","20","0","20","bgm_M169","bgm_M169","125373","430","101691","0","2030/12/31 14:59:59","90","100460","102250204","101692","0","101692","120250022","120250021","0","雷蒂烏斯群峰‧東麓 25-2","0","bgm_M169","-50","12025002","125224","31038","102250209","bgm_M169","211001000","0","3","0","0","0","120250021","101693","0","12025","0","bgm_M169","0","120250023","102250206","0"
"10","2","0","2019/11/15 16:00:00","0","115583","bgm_M170","20","102250309","20","0","20","bgm_M170","bgm_M170","125343","430","101801","0","2030/12/31 14:59:59","90","100450","0","101802","0","101802","120250032","120250031","0","雷蒂烏斯群峰‧東麓 25-3","0","bgm_M170","-50","12025003","115254","31014","102250308","bgm_M170","211001000","380","3","0","0","0","120250031","101803","0","12025","0","bgm_M170","0","120250033","102250304","0"
"-50","2","0","2019/12/13 16:00:00","102260101","125491","bgm_M169","20","102260108","20","0","20","bgm_M169","bgm_M169","115254","430","101641","0","2030/12/31 14:59:59","90","100450","102260105","101642","0","101642","120260012","120260011","0","佩特羅大森林‧西部 26-1","0","bgm_M169","-50","12026001","115614","31003","102260109","bgm_M169","211001000","-350","3","0","0","0","120260011","101643","0","12026","0","bgm_M169","0","120260013","102260107","0"
"25","2","0","2019/12/13 16:00:00","102260208","125283","bgm_M169","20","102260201","20","0","20","bgm_M169","bgm_M169","125224","430","101691","0","2030/12/31 14:59:59","90","100460","102260204","101692","0","101692","120260022","120260021","0","佩特羅大森林‧西部 26-2","0","bgm_M169","-50","12026002","115584","31033","102260209","bgm_M169","211001000","0","3","0","0","0","120260021","101693","0","12026","0","bgm_M169","0","120260023","102260206","0"
"-110","2","0","2019/12/13 16:00:00","0","125343","bgm_M170","20","102260309","20","0","20","bgm_M170","bgm_M170","125014","430","101841","0","2030/12/31 14:59:59","90","100500","0","101842","0","101842","120260032","120260031","0","佩特羅大森林‧西部 26-3","0","bgm_M170","-50","12026003","115554","31092","102260308","bgm_M170","211001000","380","3","0","0","0","120260031","101843","0","12026","0","bgm_M170","0","120260033","102260307","0"
"-30","2","0","2020/01/10 16:00:00","102270101","125044","bgm_M169","20","102270107","20","0","20","bgm_M169","bgm_M169","115614","430","100691","0","2030/12/31 14:59:59","90","100020","102270105","100692","0","100692","120270012","120270011","0","佩特羅大森林‧東部 27-1","0","bgm_M169","-50","12027001","125523","31052","102270109","bgm_M169","211001000","-350","3","0","0","0","120270011","100693","0","12027","0","bgm_M169","0","120270013","102270106","0"
"-130","2","0","2020/01/10 16:00:00","102270203","115104","bgm_M169","20","102270206","20","0","20","bgm_M169","bgm_M169","115584","430","101691","0","2030/12/31 14:59:59","90","100460","102270207","101692","0","101692","120270022","120270021","0","佩特羅大森林‧東部 27-2","0","bgm_M169","-50","12027002","115284","31031","102270209","bgm_M169","211001000","0","3","0","0","0","120270021","101693","0","12027","0","bgm_M169","0","120270023","102270208","0"
"-40","2","0","2020/01/10 16:00:00","0","115254","bgm_M170","20","102270309","20","0","20","bgm_M170","bgm_M170","115554","430","101841","0","2030/12/31 14:59:59","90","100500","0","101842","0","101842","120270032","120270031","0","佩特羅大森林‧東部 27-3","0","bgm_M170","-50","12027003","115344","31094","102270308","bgm_M170","211001000","380","3","0","0","0","120270031","101843","0","12027","0","bgm_M170","0","120270033","102270301","0"
"40","2","0","2020/01/14 16:00:00","102280105","115614","bgm_M169","20","102280108","20","0","20","bgm_M169","bgm_M169","115344","430","100691","0","2030/12/31 14:59:59","90","100020","102280103","100692","0","100692","120280012","120280011","0","迪茲塔爾河蝕岸‧北部 28-1","0","bgm_M169","-50","12028001","125015","31050","102280109","bgm_M169","211001000","-310","3","0","0","0","120280011","100693","0","12028","0","bgm_M169","0","120280013","102280101","0"
"-110","2","0","2020/01/14 16:00:00","102280203","115584","bgm_M169","20","102280201","20","0","20","bgm_M169","bgm_M169","125523","430","101641","0","2030/12/31 14:59:59","90","100450","102280205","101642","0","101642","120280022","120280021","0","迪茲塔爾河蝕岸‧北部 28-2","0","bgm_M169","-50","12028002","115165","31008","102280209","bgm_M169","211001000","20","3","0","0","0","120280021","101643","0","12028","0","bgm_M169","0","120280023","102280206","0"
"-20","2","0","2020/01/14 16:00:00","0","115554","bgm_M170","20","102280309","20","0","20","bgm_M170","bgm_M170","115284","430","102041","0","2030/12/31 14:59:59","90","100560","0","102042","0","102042","120280032","120280031","0","迪茲塔爾河蝕岸‧北部 28-3","0","bgm_M170","-50","12028003","115225","31095","102280308","bgm_M170","211001000","400","3","0","0","0","120280031","102043","0","12028","0","bgm_M170","0","120280033","102280304","0"
"-110","2","0","2020/03/13 16:00:00","102290103","125523","bgm_M169","20","102290106","20","0","20","bgm_M169","bgm_M169","115165","430","100691","0","2030/12/31 14:59:59","90","100020","102290105","100692","0","100692","120290012","120290011","0","迪茲塔爾河蝕岸‧南部 29-1","0","bgm_M169","-50","12029001","115615","31059","102290109","bgm_M169","211001000","-400","3","0","0","0","120290011","100693","0","12029","0","bgm_M169","0","120290013","102290102","0"
"60","2","0","2020/03/13 16:00:00","102290203","115344","bgm_M169","20","102290202","20","0","20","bgm_M169","bgm_M169","125015","430","101641","0","2030/12/31 14:59:59","90","100450","102290207","101642","0","101642","120290022","120290021","0","迪茲塔爾河蝕岸‧南部 29-2","0","bgm_M169","-50","12029002","115585","31048","102290209","bgm_M169","211001000","-40","3","0","0","0","120290021","101643","0","12029","0","bgm_M169","0","120290023","102290204","0"
"-100","2","0","2020/03/13 16:00:00","0","115284","bgm_M170","20","102290309","20","0","20","bgm_M170","bgm_M170","115225","430","102041","0","2030/12/31 14:59:59","90","100560","0","102042","0","102042","120290032","120290031","0","迪茲塔爾河蝕岸‧南部 29-3","0","bgm_M170","-50","12029003","115555","31096","102290308","bgm_M170","211001000","400","3","0","0","0","120290031","102043","0","12029","0","bgm_M170","0","120290033","102290306","0"
"0","2","0","2020/04/14 16:00:00","102300105","115165","bgm_M169","20","102300108","20","0","20","bgm_M169","bgm_M169","115615","430","101641","0","2030/12/31 14:59:59","90","100560","102300103","101642","0","101642","120300012","120300011","0","弗泰拉斷崖‧北部 30-1","0","bgm_M169","-50","12030001","125345","31002","102300109","bgm_M169","211001000","-400","3","0","0","0","120300011","101643","0","12030","0","bgm_M169","0","120300013","102300104","0"
"30","2","0","2020/04/14 16:00:00","102300204","125015","bgm_M169","20","102300207","20","0","20","bgm_M169","bgm_M169","115585","430","100931","0","2030/12/31 14:59:59","90","100080","102300203","100932","0","100932","120300022","120300021","0","弗泰拉斷崖‧北部 30-2","0","bgm_M169","-50","12030002","125285","31027","102300209","bgm_M169","211001000","0","3","0","0","0","120300021","100933","0","12030","0","bgm_M169","0","120300023","102300208","0"
"-100","2","0","2020/04/14 16:00:00","0","115225","bgm_M170","20","102300309","20","0","20","bgm_M170","bgm_M170","115555","430","102201","0","2030/12/31 14:59:59","90","100110","0","102202","0","102202","120300032","120300031","0","弗泰拉斷崖‧北部 30-3","0","bgm_M170","-50","12030003","115375","31063","102300308","bgm_M170","211001000","400","3","0","0","0","120300031","102203","0","12030","0","bgm_M170","0","120300033","102300302","0"
"45","2","0","2020/05/15 16:00:00","102310107","115615","bgm_M169","20","102310101","20","0","20","bgm_M169","bgm_M169","125345","430","101691","0","2030/12/31 14:59:59","90","100560","102310104","101692","0","101692","120310012","120310011","0","弗泰拉斷崖‧南部 31-1","0","bgm_M169","-50","12031001","125076","31021","102310109","bgm_M169","211001000","-400","3","0","0","0","120310011","101693","0","12031","0","bgm_M169","0","120310013","102310102","0"
"-105","2","0","2020/05/15 16:00:00","102310207","115585","bgm_M169","20","102310202","20","0","20","bgm_M169","bgm_M169","115375","430","101641","0","2030/12/31 14:59:59","90","100450","102310205","101642","0","101642","120310022","120310021","0","弗泰拉斷崖‧南部 31-2","0","bgm_M169","-50","12031002","125046","31020","102310209","bgm_M169","211001000","10","3","0","0","0","120310021","101643","0","12031","0","bgm_M169","0","120310023","102310208","0"
"-95","2","0","2020/05/15 16:00:00","0","115555","bgm_M170","20","102310309","20","0","20","bgm_M170","bgm_M170","125285","430","102201","0","2030/12/31 14:59:59","90","100110","0","102202","0","102202","120310032","120310031","0","弗泰拉斷崖‧南部 31-3","0","bgm_M170","-50","12031003","125016","31044","102310308","bgm_M170","211001000","400","3","0","0","0","120310031","102203","0","12031","0","bgm_M170","0","120310033","102310302","0"
"-105","2","0","2020/06/15 16:00:00","102320103","115315","bgm_M169","20","102320104","20","0","20","bgm_M169","bgm_M169","125256","430","102041","0","2030/12/31 14:59:59","90","100560","102320106","102042","0","102042","120320012","120320011","0","法斯奇亞森林‧南部 32-1","0","bgm_M169","-50","12032001","115616","31058","102320109","bgm_M169","211001000","-400","3","0","0","0","120320011","102043","0","12032","0","bgm_M169","0","120320013","102320101","0"
"30","2","0","2020/06/15 16:00:00","102320202","115375","bgm_M169","20","102320201","20","0","20","bgm_M169","bgm_M169","125016","430","101841","0","2030/12/31 14:59:59","90","100500","102320203","101842","0","101842","120320022","120320021","0","法斯奇亞森林‧南部 32-2","0","bgm_M169","-50","12032002","115586","31038","102320209","bgm_M169","211001000","10","3","0","0","0","120320021","101843","0","12032","0","bgm_M169","0","120320023","102320204","0"
"-95","2","0","2020/06/15 16:00:00","0","115402","bgm_M170","20","102320309","20","0","20","bgm_M170","bgm_M170","125226","430","102111","0","2030/12/31 14:59:59","90","100020","0","102112","0","102112","120320032","120320031","0","法斯奇亞森林‧南部 32-3","0","bgm_M170","-50","12032003","115556","31107","102320308","bgm_M170","211001000","400","3","0","0","0","120320031","102113","0","12032","0","bgm_M170","0","120320033","102320301","0"
"50","2","0","2020/07/13 16:00:00","102330104","115166","bgm_M169","20","102330101","20","0","20","bgm_M169","bgm_M169","115616","430","101841","0","2030/12/31 14:59:59","90","100500","102330102","101842","0","101842","120330012","120330011","0","法斯奇亞森林‧東部 33-1","0","bgm_M169","-50","12033001","125286","31040","102330107","bgm_M169","211001000","-400","3","0","0","0","120330011","101843","0","12033","0","bgm_M169","0","120330013","102330103","0"
"-135","2","0","2020/07/13 16:00:00","102330202","125016","bgm_M169","20","102330201","20","0","20","bgm_M169","bgm_M169","115586","430","100931","0","2030/12/31 14:59:59","90","100080","102330203","100932","0","100932","120330022","120330021","0","法斯奇亞森林‧東部 33-2","0","bgm_M169","-50","12033002","125376","31033","102330207","bgm_M169","211001000","10","3","0","0","0","120330021","100933","0","12033","0","bgm_M169","0","120330023","102330202","0"
"10","2","0","2020/07/13 16:00:00","0","125226","bgm_M170","20","102330307","20","0","20","bgm_M170","bgm_M170","115556","430","102111","0","2030/12/31 14:59:59","90","100020","0","102112","0","102112","120330032","120330031","0","法斯奇亞森林‧東部 33-3","0","bgm_M170","-50","12033003","115346","31108","102330306","bgm_M170","211001000","400","3","0","0","0","120330031","102113","0","12033","0","bgm_M170","0","120330033","102330305","0"
"-135","2","0","2020/08/17 16:00:00","102340102","115616","bgm_M169","20","102340104","20","0","20","bgm_M169","bgm_M169","115433","430","101641","0","2030/12/31 14:59:59","90","100450","102340105","101642","0","101642","120340012","120340011","0","迪克斯提亞岩崖‧西壁 34-1","0","bgm_M169","-50","12034001","125257","31003","102340108","bgm_M169","211001000","-400","3","0","0","0","120340011","101643","0","12034","0","bgm_M169","0","120340013","102340107","0"
"15","2","0","2020/08/17 16:00:00","102340208","115556","bgm_M169","20","102340207","20","0","20","bgm_M169","bgm_M169","115316","430","101641","0","2030/12/31 14:59:59","90","100450","102340206","101642","0","101642","120340022","120340021","0","迪克斯提亞岩崖‧西壁 34-2","0","bgm_M169","-50","12034002","125017","31031","102340209","bgm_M169","211001000","10","3","0","0","0","120340021","101643","0","12034","0","bgm_M169","0","120340023","102340205","0"
"-65","2","0","2020/08/17 16:00:00","0","115616","bgm_M170","20","102340307","20","0","20","bgm_M170","bgm_M170","125524","430","100361","0","2030/12/31 14:59:59","90","100020","0","100362","0","100362","120340032","120340031","0","迪克斯提亞岩崖‧西壁 34-3","0","bgm_M170","-50","12034003","125227","31113","102340306","bgm_M170","211001000","400","3","0","0","0","120340031","100363","0","12034","0","bgm_M170","0","120340033","102340302","0"
"35","2","0","2015/12/17 15:00:00","102350102","115433","bgm_M169","20","102350106","20","0","20","bgm_M169","bgm_M169","125107","430","101641","0","2030/12/31 14:59:59","90","100450","102350103","101642","0","101642","120350012","120350011","0","迪克斯提亞岩崖‧東壁 35-1","0","bgm_M169","-50","12035001","115587","31052","102350108","bgm_M169","211001000","-375","3","0","0","0","120350011","101643","0","12035","0","bgm_M169","0","120350013","102350107","0"
"-75","2","0","2015/12/17 15:00:00","102350202","115346","bgm_M169","20","102350204","20","0","20","bgm_M169","bgm_M169","125257","430","101841","0","2030/12/31 14:59:59","90","100500","102350209","101842","0","101842","120350022","120350021","0","迪克斯提亞岩崖‧東壁 35-2","0","bgm_M169","-50","12035002","115617","31008","102350210","bgm_M169","211001000","-15","3","0","0","0","120350021","101843","0","12035","0","bgm_M169","0","120350023","102350202","0"
"-100","2","0","2015/12/17 15:00:00","0","125524","bgm_M170","20","102350308","20","0","20","bgm_M170","bgm_M170","125227","430","100361","0","2030/12/31 14:59:59","90","100020","0","100362","0","100362","120350032","120350031","0","迪克斯提亞岩崖‧東壁 35-3","0","bgm_M170","-50","12035003","115557","31114","102350307","bgm_M170","211001000","365","3","0","0","0","120350031","100363","0","12035","0","bgm_M170","0","120350033","102350306","0"
"-50","2","0","2020/11/13 16:00:00","102360108","125257","bgm_M169","20","102360101","20","0","20","bgm_M169","bgm_M169","115587","430","101641","0","2030/12/31 14:59:59","90","100450","102360103","101642","0","101642","120360012","120360011","0","維娜湖畔道‧南部 36-1","0","bgm_M169","-50","12036001","125347","31050","102360110","bgm_M169","211001000","-375","3","0","0","0","120360011","101643","0","12036","0","bgm_M169","0","120360013","102360106","0"
"-80","2","0","2020/11/13 16:00:00","102360205","125227","bgm_M169","20","102360206","20","0","20","bgm_M169","bgm_M169","115617","430","101841","0","2030/12/31 14:59:59","90","100500","102360208","101842","0","101842","120360022","120360021","0","維娜湖畔道‧南部 36-2","0","bgm_M169","-50","12036002","125377","31048","102360210","bgm_M169","211001000","40","3","0","0","0","120360021","101843","0","12036","0","bgm_M169","0","120360023","102360207","0"
"30","2","0","2020/11/13 16:00:00","0","125017","bgm_M170","20","102360308","20","0","20","bgm_M170","bgm_M170","115557","430","101841","0","2030/12/31 14:59:59","90","100500","0","101842","0","101842","120360032","120360031","0","維娜湖畔道‧南部 36-3","0","bgm_M170","-50","12036003","125287","31065","102360307","bgm_M170","211001000","430","3","0","0","0","120360031","101843","0","12036","0","bgm_M170","0","120360033","102360302","0"
"55","2","0","2020/12/14 16:00:00","102370108","115617","bgm_M169","20","102370102","20","0","20","bgm_M169","bgm_M169","125377","430","100691","0","2030/12/31 14:59:59","90","100020","102370109","100692","0","100692","120370012","120370011","0","維娜湖畔道‧北部 37-1","0","bgm_M169","-50","12037001","126251","31059","102370110","bgm_M169","211001000","-345","3","0","0","0","120370011","100693","0","12037","0","bgm_M169","1","120370013","102370103","0"
"35","2","0","2020/12/14 16:00:00","102370204","115587","bgm_M169","20","102370203","20","0","20","bgm_M169","bgm_M169","125287","430","100931","0","2030/12/31 14:59:59","90","100080","102370208","100932","0","100932","120370022","120370021","0","維娜湖畔道‧北部 37-2","0","bgm_M169","-50","12037002","126011","31027","102370210","bgm_M169","211001000","40","3","0","0","0","120370021","100933","0","12037","0","bgm_M169","1","120370023","102370202","0"
"-125","2","0","2020/12/14 16:00:00","0","115557","bgm_M170","20","102370309","20","0","20","bgm_M170","bgm_M170","115464","430","101841","0","2030/12/31 14:59:59","90","100500","0","101842","0","101842","120370032","120370031","0","維娜湖畔道‧北部 37-3","0","bgm_M170","-50","12037003","126221","31117","102370310","bgm_M170","211001000","370","3","0","0","0","120370031","101843","0","12037","0","bgm_M170","1","120370033","102370301","0"
"-35","2","0","2021/01/15 16:00:00","102380105","115317","bgm_M169","20","102380101","20","0","20","bgm_M169","bgm_M169","126251","430","102111","0","2030/12/31 14:59:59","90","100020","102380109","102112","0","102112","120380012","120380011","0","拉圖斯斷崖‧南部 38-1","0","bgm_M169","-50","12038001","116581","31021","102380110","bgm_M169","211001000","-370","3","0","0","0","120380011","102113","0","12038","0","bgm_M169","1","120380013","102380103","0"
"-135","2","0","2021/01/15 16:00:00","102380210","115403","bgm_M169","20","102380206","20","0","20","bgm_M169","bgm_M169","126221","430","101691","0","2030/12/31 14:59:59","90","100460","102380209","101692","0","101692","120380022","120380021","0","拉圖斯斷崖‧南部 38-2","0","bgm_M169","-50","12038002","116611","31033","102380208","bgm_M169","211001000","10","3","0","0","0","120380021","101693","0","12038","0","bgm_M169","1","120380023","102380206","0"
"0","2","0","2021/01/15 16:00:00","0","125347","bgm_M170","20","102380309","20","0","20","bgm_M170","bgm_M170","126011","430","102371","0","2030/12/31 14:59:59","90","100030","0","102372","0","102372","120380032","120380031","0","拉圖斯斷崖‧南部 38-3","0","bgm_M170","-50","12038003","116551","31122","102380310","bgm_M170","211001000","370","3","0","0","0","120380031","102373","0","12038","0","bgm_M170","1","120380033","0","0"
"-35","2","0","2021/02/09 16:00:00","102390108","126221","bgm_M169","20","102390106","20","0","20","bgm_M169","bgm_M169","116611","430","102111","0","2030/12/31 14:59:59","90","100050","102390109","102112","0","102112","120390012","120390011","0","拉圖斯斷崖‧北部 39-1","0","bgm_M169","-50","12039001","126371","31002","102390110","bgm_M169","211001000","-370","3","0","0","0","120390011","102113","0","12039","0","bgm_M169","1","120390013","102390107","0"
"-135","2","0","2021/02/09 16:00:00","102390208","126011","bgm_M169","20","102390206","20","0","20","bgm_M169","bgm_M169","116551","430","101691","0","2030/12/31 14:59:59","90","100020","102390209","101692","0","101692","120390022","120390021","0","拉圖斯斷崖‧北部 39-2","0","bgm_M169","-50","12039002","126281","31031","102390210","bgm_M169","211001000","10","3","0","0","0","120390021","101693","0","12039","0","bgm_M169","1","120390023","102390207","0"
"0","2","0","2021/02/09 16:00:00","102390307","126251","bgm_M170","20","102390309","20","0","20","bgm_M170","bgm_M170","116581","430","101641","0","2030/12/31 14:59:59","90","100030","0","101642","0","101642","120390032","120390031","0","拉圖斯斷崖‧北部 39-3","0","bgm_M170","-50","12039003","116461","31110","102390310","bgm_M170","211001000","370","3","0","0","0","120390031","101643","0","12039","0","bgm_M170","1","120390033","102390308","0"
"-35","2","0","2021/03/15 16:00:00","102400106","116551","bgm_M169","20","102400107","20","0","20","bgm_M169","bgm_M169","126341","430","101641","0","2030/12/31 14:59:59","90","100030","102400109","101642","0","101642","120400012","120400011","0","斯卡普山系‧西麓 40-1","0","bgm_M169","-50","12040001","126012","31058","102400110","bgm_M169","211001000","-370","3","0","0","0","120400011","101643","0","12040","0","bgm_M169","1","120400013","102400108","0"
"-135","2","0","2021/03/15 16:00:00","102400209","116611","bgm_M169","20","102400207","20","0","20","bgm_M169","bgm_M169","126371","430","102111","0","2030/12/31 14:59:59","90","100050","102400208","102112","0","102112","120400022","120400021","0","斯卡普山系‧西麓 40-2","0","bgm_M169","-50","12040002","126222","31008","102400210","bgm_M169","211001000","10","3","0","0","0","120400021","102113","0","12040","0","bgm_M169","1","120400023","102400209","0"
"0","2","0","2021/03/15 16:00:00","0","116551","bgm_M170","20","102400309","20","0","20","bgm_M170","bgm_M170","126281","430","100961","0","2030/12/31 14:59:59","90","100140","0","100962","0","100962","120400032","120400031","0","斯卡普山系‧西麓 40-3","0","bgm_M170","-50","12040003","116132","31109","102400310","bgm_M170","211001000","370","3","0","0","0","120400031","100963","0","12040","0","bgm_M170","1","120400033","0","0"
"-35","2","0","2021/04/16 16:00:00","102410108","126281","bgm_M169","20","102410106","20","0","20","bgm_M169","bgm_M169","126012","430","101641","0","2030/12/31 14:59:59","90","100030","102410109","101642","0","101642","120410012","120410011","0","斯卡普山系‧東麓 41-1","0","bgm_M169","-50","12041001","116582","31050","102410110","bgm_M169","211001000","-370","3","0","0","0","120410011","101643","0","12041","0","bgm_M169","1","120410013","102410107","0"
"-135","2","0","2021/04/16 16:00:00","102410208","126371","bgm_M169","20","102410207","20","0","20","bgm_M169","bgm_M169","126252","430","102111","0","2030/12/31 14:59:59","90","100050","102410209","102112","0","102112","120410022","120410021","0","斯卡普山系‧東麓 41-2","0","bgm_M169","-50","12041002","116612","31020","102410210","bgm_M169","211001000","10","3","0","0","0","120410021","102113","0","12041","0","bgm_M169","1","120410023","102410208","0"
"0","2","0","2021/04/16 16:00:00","0","126341","bgm_M170","20","102410309","20","0","20","bgm_M170","bgm_M170","116072","430","100961","0","2030/12/31 14:59:59","90","100140","0","100962","0","100962","120410032","120410031","0","斯卡普山系‧東麓 41-3","0","bgm_M170","-50","12041003","116552","31127","102410310","bgm_M170","211001000","370","3","0","0","0","120410031","100963","0","12041","0","bgm_M170","1","120410033","0","0"
"-215","2","0","2021/05/17 16:00:00","102420108","116042","bgm_M169","20","102420106","20","0","20","bgm_M169","bgm_M169","116582","430","100731","0","2030/12/31 14:59:59","90","100030","102420109","100732","0","100732","120420012","120420011","0","佩克托斯冰峰‧西壁 42-1","0","bgm_M169","-50","12042001","116431","31052","102420110","bgm_M169","211001000","-370","3","0","0","0","120420011","100733","0","12042","0","bgm_M169","1","120420013","102420107","0"
"-315","2","0","2021/05/17 16:00:00","102420208","126012","bgm_M169","20","102420206","20","0","20","bgm_M169","bgm_M169","116552","430","100231","0","2030/12/31 14:59:59","90","100080","102420209","100232","0","100232","120420022","120420021","0","佩克托斯冰峰‧西壁 42-2","0","bgm_M169","-50","12042002","126282","31038","102420210","bgm_M169","211001000","10","3","0","0","0","120420021","100233","0","12042","0","bgm_M169","1","120420023","102420207","0"
"-180","2","0","2021/05/17 16:00:00","0","126252","bgm_M170","20","102420309","20","0","20","bgm_M170","bgm_M170","116612","430","100961","0","2030/12/31 14:59:59","90","100140","0","100962","0","100962","120420032","120420031","0","佩克托斯冰峰‧西壁 42-3","0","bgm_M170","-50","12042003","126521","31128","102420310","bgm_M170","211001000","370","3","0","0","0","120420031","100963","0","12042","0","bgm_M170","1","120420033","0","0"
"-350","2","0","2015/12/17 15:00:00","102430108","116612","bgm_M169","20","102430107","20","0","20","bgm_M169","bgm_M169","126521","430","100731","0","2030/12/31 14:59:59","90","100030","102430109","100732","0","100732","120430012","120430011","0","佩克托斯冰峰‧東壁 43-1","0","bgm_M169","-50","12043001","116133","31040","102430110","bgm_M169","211001000","-370","3","0","0","0","120430011","100733","0","12043","0","bgm_M169","1","120430013","102430108","0"
"-450","2","0","2015/12/17 15:00:00","102430208","116552","bgm_M169","20","102430206","20","0","20","bgm_M169","bgm_M169","116431","430","100961","0","2030/12/31 14:59:59","90","100140","102430209","100962","0","100962","120430022","120430021","0","佩克托斯冰峰‧東壁 43-2","0","bgm_M169","-50","12043002","126013","31033","102430210","bgm_M169","211001000","10","3","0","0","0","120430021","100963","0","12043","0","bgm_M169","1","120430023","102430207","0"
"-315","2","0","2015/12/17 15:00:00","102430308","116582","bgm_M170","20","102430309","20","0","20","bgm_M170","bgm_M170","116312","430","100231","0","2030/12/31 14:59:59","90","100080","0","100232","0","100232","120430032","120430031","0","佩克托斯冰峰‧東壁 43-3","0","bgm_M170","-50","12043003","116193","31129","102430310","bgm_M170","211001000","370","3","0","0","0","120430031","100233","0","12043","0","bgm_M170","1","120430033","102430307","0"
"170","2","0","2015/12/17 15:00:00","102440108","116431","bgm_M169","20","102440106","20","0","20","bgm_M169","bgm_M169","126163","430","100731","0","2030/12/31 14:59:59","90","100030","102440109","100732","0","100732","120440012","120440011","0","斯夸瑪冰脈‧西壁 44-1","0","bgm_M169","-50","12044001","116583","31021","102440110","bgm_M169","211001000","-370","3","0","0","0","120440011","100733","0","12044","0","bgm_M169","1","120440013","102440107","0"
"70","2","0","2015/12/17 15:00:00","102440208","126342","bgm_M169","20","102440206","20","0","20","bgm_M169","bgm_M169","126253","430","100961","0","2030/12/31 14:59:59","90","100140","102440209","100962","0","100962","120440022","120440021","0","斯夸瑪冰脈‧西壁 44-2","0","bgm_M169","-50","12044002","116613","31031","102440210","bgm_M169","211001000","10","3","0","0","0","120440021","100963","0","12044","0","bgm_M169","1","120440023","102440207","0"
"205","2","0","2015/12/17 15:00:00","0","126282","bgm_M170","20","102440309","20","0","20","bgm_M170","bgm_M170","116043","430","100231","0","2030/12/31 14:59:59","90","100080","0","100232","0","100232","120440032","120440031","0","斯夸瑪冰脈‧西壁 44-3","0","bgm_M170","-50","12044003","116553","31066","102440310","bgm_M170","211001000","370","3","0","0","0","120440031","100233","0","12044","0","bgm_M170","1","120440033","0","0"
"380","2","0","2021/08/17 16:00:00","102450108","116073","bgm_M169","20","102450106","20","0","20","bgm_M169","bgm_M169","116583","430","100731","0","2030/12/31 14:59:59","90","100030","102450109","100732","0","100732","120450012","120450011","0","斯夸瑪冰脈‧東壁 45-1","0","bgm_M169","-50","12045001","116313","31059","102450110","bgm_M169","211001000","-370","3","0","0","0","120450011","100733","0","12045","0","bgm_M169","1","120450013","102450107","0"
"280","2","0","2021/08/17 16:00:00","102450209","126013","bgm_M169","20","102450206","20","0","20","bgm_M169","bgm_M169","116553","430","100961","0","2030/12/31 14:59:59","90","100140","102450207","100962","0","100962","120450022","120450021","0","斯夸瑪冰脈‧東壁 45-2","0","bgm_M169","-50","12045002","126343","31048","102450210","bgm_M169","211001000","10","3","0","0","0","120450021","100963","0","12045","0","bgm_M169","1","120450023","102450208","0"
"415","2","0","2021/08/17 16:00:00","0","126223","bgm_M170","20","102450309","20","0","20","bgm_M170","bgm_M170","116613","430","100231","0","2030/12/31 14:59:59","90","100080","0","100232","0","100232","120450032","120450031","0","斯夸瑪冰脈‧東壁 45-3","0","bgm_M170","-50","12045003","126373","31133","102450310","bgm_M170","211001000","370","3","0","0","0","120450031","100233","0","12045","0","bgm_M170","1","120450033","0","0"
"380","2","0","2021/09/16 16:00:00","102460108","116553","bgm_M169","20","102460106","20","0","20","bgm_M169","bgm_M169","126343","430","100231","0","2030/12/31 14:59:59","90","100080","102460109","100232","0","100232","120460012","120460011","0","拉泰里山脈‧崖上 46-1","0","bgm_M169","-50","12046001","117041","31003","102460110","bgm_M169","211001000","-370","3","0","0","0","120460011","100233","0","12046","0","bgm_M169","1","120460013","102460107","0"
"280","2","0","2021/09/16 16:00:00","102460209","116613","bgm_M169","20","102460207","20","0","20","bgm_M169","bgm_M169","126373","430","100731","0","2030/12/31 14:59:59","90","100030","102460209","100732","0","100732","120460022","120460021","0","拉泰里山脈‧崖上 46-2","0","bgm_M169","-50","12046002","127221","31008","102460210","bgm_M169","211001000","10","3","0","0","0","120460021","100733","0","12046","0","bgm_M169","1","120460023","102460208","0"
"415","2","0","2021/09/16 16:00:00","0","116583","bgm_M170","20","102460309","20","0","20","bgm_M170","bgm_M170","116313","430","101131","0","2030/12/31 14:59:59","90","100150","0","101132","0","101132","120460032","120460031","0","拉泰里山脈‧崖上 46-3","0","bgm_M170","-50","12046003","127011","31136","102460310","bgm_M170","211001000","370","3","0","0","0","120460031","101133","0","12046","0","bgm_M170","1","120460033","0","0"
"-35","2","0","2021/10/15 16:00:00","102470108","116491","bgm_M169","20","102470106","20","0","20","bgm_M169","bgm_M169","117071","430","100731","0","2030/12/31 14:59:59","90","100030","102470109","100732","0","100732","120470012","120470011","0","拉泰里山脈‧崖下 47-1","0","bgm_M169","-50","12047001","117581","31002","102470110","bgm_M169","211001000","-370","3","0","0","0","120470011","100733","0","12047","0","bgm_M169","1","120470013","102470107","0"
"-135","2","0","2021/10/15 16:00:00","102470208","126283","bgm_M169","20","102470206","20","0","20","bgm_M169","bgm_M169","127011","430","101641","0","2030/12/31 14:59:59","90","100450","102470209","101642","0","101642","120470022","120470021","0","拉泰里山脈‧崖下 47-2","0","bgm_M169","-50","12047002","117551","31027","102470210","bgm_M169","211001000","10","3","0","0","0","120470021","101643","0","12047","0","bgm_M169","1","120470023","102470207","0"
"-20","2","0","2021/10/15 16:00:00","0","116462","bgm_M170","20","102470309","20","0","20","bgm_M170","bgm_M170","127251","430","101101","0","2030/12/31 14:59:59","90","100150","0","101102","0","101102","120470032","120470031","0","拉泰里山脈‧崖下 47-3","0","bgm_M170","-50","12047003","117611","31137","102470310","bgm_M170","211001000","370","3","0","0","0","120470031","101103","0","12047","0","bgm_M170","1","120470033","0","0"
"-35","2","0","2021/11/15 16:00:00","102480107","117041","bgm_M169","20","102480106","20","0","20","bgm_M169","bgm_M169","117581","430","101641","0","2030/12/31 14:59:59","90","100450","102480109","101642","0","101642","120480012","120480011","0","埃斯塔荒野‧南部 48-1","0","bgm_M169","-50","12048001","127281","31040","102480110","bgm_M169","211001000","-370","3","0","0","0","120480011","101643","0","12048","0","bgm_M169","2","120480013","102480108","0"
"-135","2","0","2021/11/15 16:00:00","102480208","127011","bgm_M169","20","102480206","20","0","20","bgm_M169","bgm_M169","117551","430","101641","0","2030/12/31 14:59:59","90","100450","102480209","101642","0","101642","120480022","120480021","0","埃斯塔荒野‧南部 48-2","0","bgm_M169","-50","12048002","117491","31038","102480210","bgm_M169","211001000","10","3","0","0","0","120480021","101643","0","12048","0","bgm_M169","2","120480023","102480207","0"
"-20","2","0","2021/11/15 16:00:00","0","127251","bgm_M170","20","102480309","20","0","20","bgm_M170","bgm_M170","117611","430","101101","0","2030/12/31 14:59:59","90","100150","0","101102","0","101102","120480032","120480031","0","埃斯塔荒野‧南部 48-3","0","bgm_M170","-50","12048003","117461","31138","102480310","bgm_M170","211001000","370","3","0","0","0","120480031","101103","0","12048","0","bgm_M170","2","120480033","0","0"
"-35","2","0","2021/12/15 16:00:00","102490108","117551","bgm_M169","20","102490106","20","0","20","bgm_M169","bgm_M169","127281","430","101641","0","2030/12/31 14:59:59","90","100450","102490109","101642","0","101642","120490012","120490011","0","埃斯塔荒野‧北部 49-1","0","bgm_M169","-50","12049001","127012","31058","102490110","bgm_M169","211001000","-370","3","0","0","0","120490011","101643","0","12049","0","bgm_M169","2","120490013","102490107","0"
"-135","2","0","2021/12/15 16:00:00","102490208","117611","bgm_M169","20","102490206","20","0","20","bgm_M169","bgm_M169","127341","430","101101","0","2030/12/31 14:59:59","90","100150","102490209","101102","0","101102","120490022","120490021","0","埃斯塔荒野‧北部 49-2","0","bgm_M169","-50","12049002","117192","31020","102490210","bgm_M169","211001000","10","3","0","0","0","120490021","101103","0","12049","0","bgm_M169","2","120490023","102490207","0"
"-20","2","0","2022/01/17 16:00:00","102490308","127281","bgm_M170","20","102490309","20","0","20","bgm_M170","bgm_M170","117042","430","101101","0","2030/12/31 14:59:59","90","100150","0","101102","0","101102","120490032","120490031","0","埃斯塔荒野‧北部 49-3","0","bgm_M170","-50","12049003","117552","31140","102490310","bgm_M170","211001000","370","3","0","0","0","120490031","101103","0","12049","0","bgm_M170","2","120490033","102490308","0"
"-35","2","0","2022/02/15 16:00:00","102500108","127222","bgm_M169","20","102500106","20","0","20","bgm_M169","bgm_M169","117612","430","101641","0","2030/12/31 14:59:59","90","100450","102500109","101642","0","101642","120500012","120500011","0","涅羅礁岩‧西部 50-1","0","bgm_M169","-50","12050001","117372","31050","102500110","bgm_M169","211001000","-370","3","0","0","0","120500011","101643","0","12050","0","bgm_M169","2","120500013","102500107","0"
"-135","2","0","2022/02/15 16:00:00","102500208","127012","bgm_M169","20","102500206","20","0","20","bgm_M169","bgm_M169","117582","430","101841","0","2030/12/31 14:59:59","90","100500","102500209","101842","0","101842","120500022","120500021","0","涅羅礁岩‧西部 50-2","0","bgm_M169","-50","12050002","117312","31048","102500210","bgm_M169","211001000","10","3","0","0","0","120500021","101843","0","12050","0","bgm_M169","2","120500023","102500207","0"
"-20","2","0","2022/02/15 16:00:00","102500308","117612","bgm_M170","20","102500309","20","0","20","bgm_M170","bgm_M170","127282","430","101131","0","2030/12/31 14:59:59","90","100150","0","101132","0","101132","120500032","120500031","0","涅羅礁岩‧西部 50-3","0","bgm_M170","-50","12050003","127043","31142","102500310","bgm_M170","211001000","370","3","0","0","0","120500031","101133","0","12050","0","bgm_M170","2","120500033","102500307","0"
"50","2","0","2022/04/15 16:00:00","102510108","117312","bgm_M169","20","102510106","20","0","20","bgm_M169","bgm_M169","117163","430","101841","0","2030/12/31 14:59:59","90","100500","102510109","101842","0","101842","120510012","120510011","0","涅羅礁岩‧東部 51-1","0","bgm_M169","-50","12051001","117583","31052","102510110","bgm_M169","211001000","-370","3","0","0","0","120510011","101843","0","12051","0","bgm_M169","2","120510013","102510107","0"
"-135","2","0","2022/04/15 16:00:00","102510208","127342","bgm_M169","20","102510206","20","0","20","bgm_M169","bgm_M169","127193","430","101071","0","2030/12/31 14:59:59","90","100110","102510209","101072","0","101072","120510022","120510021","0","涅羅礁岩‧東部 51-2","0","bgm_M169","-50","12051002","117553","31033","102510210","bgm_M169","211001000","10","3","0","0","0","120510021","101073","0","12051","0","bgm_M169","2","120510023","102510207","0"
"-20","2","0","2022/05/16 16:00:00","102510308","127043","bgm_M170","20","102510309","20","0","20","bgm_M170","bgm_M170","117553","430","101131","0","2030/12/31 14:59:59","90","100150","0","101132","0","101132","120510032","120510031","0","涅羅礁岩‧東部 51-3","0","bgm_M170","-50","12051003","117493","31143","102510310","bgm_M170","211001000","370","3","0","0","0","120510031","101133","0","12051","0","bgm_M170","2","120510033","102510307","0"
"50","2","0","2022/06/15 16:00:00","102520107","117553","bgm_M169","20","102520109","20","0","20","bgm_M169","bgm_M169","127283","430","101841","0","2030/12/31 14:59:59","90","100500","102520106","101842","0","101842","120520012","120520011","0","皮尼翁沿岸堤‧西岸 52-1","0","bgm_M169","-50","12052001","118011","31003","102520110","bgm_M169","211001000","-370","3","0","0","0","120520011","101843","0","12052","0","bgm_M169","2","120520013","102520108","0"
"-50","2","0","2022/06/15 16:00:00","102520207","117583","bgm_M169","20","102520209","20","0","20","bgm_M169","bgm_M169","117343","430","101071","0","2030/12/31 14:59:59","90","100110","102520206","101072","0","101072","120520022","120520021","0","皮尼翁沿岸堤‧西岸 52-2","0","bgm_M169","-50","12052002","118071","31020","102520210","bgm_M169","211001000","10","3","0","0","0","120520021","101073","0","12052","0","bgm_M169","2","120520023","102520208","0"
"130","2","0","2022/07/15 16:00:00","102520308","117493","bgm_M170","20","102520309","20","0","20","bgm_M170","bgm_M170","118011","430","101131","0","2030/12/31 14:59:59","90","100150","0","101132","0","101132","120520032","120520031","0","皮尼翁沿岸堤‧西岸 52-3","0","bgm_M170","-50","12052003","118551","31064","102520310","bgm_M170","211001000","370","3","0","0","0","120520031","101133","0","12052","0","bgm_M170","2","120520033","102520307","0"
"30","2","0","2022/08/15 16:00:00","102530107","128131","bgm_M169","20","102530109","20","0","20","bgm_M169","bgm_M169","118581","430","101131","0","2030/12/31 14:59:59","90","100150","102530106","101132","0","101132","120530012","120530011","0","皮尼翁沿岸堤‧東岸 53-1","0","bgm_M169","-50","12053001","128281","31040","102530110","bgm_M169","211001000","-370","3","0","0","0","120530011","101133","0","12053","0","bgm_M169","2","120530013","102530108","0"
"-70","2","0","2022/08/15 16:00:00","102530209","128041","bgm_M169","20","102530207","20","0","20","bgm_M169","bgm_M169","118551","430","101071","0","2030/12/31 14:59:59","90","100110","102530208","101072","0","101072","120530022","120530021","0","皮尼翁沿岸堤‧東岸 53-2","0","bgm_M169","-50","12053002","128401","31031","102530210","bgm_M169","211001000","10","3","0","0","0","120530021","101073","0","12053","0","bgm_M169","2","120530023","102530206","0"
"20","2","0","2022/09/15 16:00:00","102530308","118611","bgm_M170","20","102530309","20","0","20","bgm_M170","bgm_M170","118371","430","101131","0","2030/12/31 14:59:59","90","100150","0","101132","0","101132","120530032","120530031","0","皮尼翁沿岸堤‧東岸 53-3","0","bgm_M170","-50","12053003","118222","31157","102530310","bgm_M170","211001000","370","3","0","0","0","120530031","101133","0","12053","0","bgm_M170","2","120530033","102530307","0"
"30","2","0","2022/10/14 16:00:00","102540108","118521","bgm_M169","20","102540106","20","0","20","bgm_M169","bgm_M169","118222","430","101131","0","2030/12/31 14:59:59","90","100150","102540109","101132","0","101132","120540012","120540011","0","托塔提斯沙岸‧西部 54-1","0","bgm_M169","-50","12054001","118582","31002","102540110","bgm_M169","211001000","-370","3","0","0","0","120540011","101133","0","12054","0","bgm_M169","2","120540013","102540107","0"
"-70","2","0","2022/10/14 16:00:00","102540208","118371","bgm_M169","20","102540206","20","0","20","bgm_M169","bgm_M169","118252","430","101071","0","2030/12/31 14:59:59","90","100110","102540209","101072","0","101072","120540022","120540021","0","托塔提斯沙岸‧西部 54-2","0","bgm_M169","-50","12054002","118612","31008","102540210","bgm_M169","211001000","10","3","0","0","0","120540021","101073","0","12054","0","bgm_M169","2","120540023","102540207","0"
"-30","2","0","2022/10/14 16:00:00","102540308","118252","bgm_M170","20","102540309","20","0","20","bgm_M170","bgm_M170","118612","430","101131","0","2030/12/31 14:59:59","90","100150","0","101132","0","101132","120540032","120540031","0","托塔提斯沙岸‧西部 54-3","0","bgm_M170","-50","12054003","128372","31160","102540310","bgm_M170","211001000","370","3","0","0","0","120540031","101133","0","12054","0","bgm_M170","2","120540033","102540307","0"
"30","2","0","2022/12/15 16:00:00","102550108","118582","bgm_M169","20","102550106","20","0","20","bgm_M169","bgm_M169","128282","430","101131","0","2030/12/31 14:59:59","90","100150","102550109","101132","0","101132","120550012","120550011","0","托塔提斯沙岸‧東部 55-1","0","bgm_M169","-50","12055001","118193","31021","102550110","bgm_M169","211001000","-370","3","0","0","0","120550011","101133","0","12055","0","bgm_M169","2","120550013","102550107","0"
"-70","2","0","2022/12/15 16:00:00","102550207","118552","bgm_M169","20","102550206","20","0","20","bgm_M169","bgm_M169","118342","430","101071","0","2030/12/31 14:59:59","90","100110","102550209","101072","0","101072","120550022","120550021","0","托塔提斯沙岸‧東部 55-2","0","bgm_M169","-50","12055002","118193","31027","102550210","bgm_M169","211001000","10","3","0","0","0","120550021","101073","0","12055","0","bgm_M169","2","120550023","102550208","0"
"-30","2","0","2022/12/15 16:00:00","102550308","118342","bgm_M170","20","102550309","20","0","20","bgm_M170","bgm_M170","118103","430","100811","0","2030/12/31 14:59:59","90","100100","0","100812","0","100812","120550032","120550031","0","托塔提斯沙岸‧東部 55-3","0","bgm_M170","-50","12055003","118553","31163","102550310","bgm_M170","211001000","370","3","0","0","0","120550031","100813","0","12055","0","bgm_M170","2","120550033","102550307","0"
"30","2","0","2015/12/17 15:00:00","102560108","118013","bgm_M169","20","102560106","20","0","20","bgm_M169","bgm_M169","118583","430","101131","0","2030/12/31 14:59:59","90","100150","102560109","101132","0","101132","120560012","120560011","0","歐呂克斯沙島‧北部 56-1","0","bgm_M169","-50","12056001","128313","31058","102560110","bgm_M169","211001000","-370","3","0","0","0","120560011","101133","0","12056","0","bgm_M169","2","120560013","102560107","0"
"-70","2","0","2015/12/17 15:00:00","102560208","128133","bgm_M169","20","102560206","20","0","20","bgm_M169","bgm_M169","118553","430","101071","0","2030/12/31 14:59:59","90","100110","102560209","101072","0","101072","120560022","120560021","0","歐呂克斯沙島‧北部 56-2","0","bgm_M169","-50","12056002","118343","31038","102560210","bgm_M169","211001000","10","3","0","0","0","120560021","101073","0","12056","0","bgm_M169","2","120560023","102560207","0"
"-30","2","0","2015/12/17 15:00:00","102560307","118553","bgm_M170","20","102560309","20","0","20","bgm_M170","bgm_M170","128283","430","100811","0","2030/12/31 14:59:59","90","100100","0","100812","0","100812","120560032","120560031","0","歐呂克斯沙島‧北部 56-3","0","bgm_M170","-50","12056003","128194","31165","102560310","bgm_M170","211001000","370","3","0","0","0","120560031","100813","0","12056","0","bgm_M170","2","120560033","102560308","0"
"30","2","0","2015/12/17 15:00:00","102570108","118523","bgm_M169","20","102570106","20","0","20","bgm_M169","bgm_M169","118224","430","100811","0","2030/12/31 14:59:59","90","100100","102570109","100812","0","100812","120570012","120570011","0","歐呂克斯沙島‧南部 57-1","0","bgm_M169","-50","12057001","118614","31050","102570110","bgm_M169","211001000","-370","3","0","0","0","120570011","100813","0","12057","0","bgm_M169","2","120570013","102570107","0"
"-70","2","0","2015/12/17 15:00:00","102570208","128283","bgm_M169","20","102570206","20","0","20","bgm_M169","bgm_M169","118164","430","101131","0","2030/12/31 14:59:59","90","100150","102570209","101132","0","101132","120570022","120570021","0","歐呂克斯沙島‧南部 57-2","0","bgm_M169","-50","12057002","118584","31048","102570210","bgm_M169","211001000","10","3","0","0","0","120570021","101133","0","12057","0","bgm_M169","2","120570023","102570207","0"
"-30","2","0","2015/12/17 15:00:00","102570308","118104","bgm_M170","20","102570309","20","0","20","bgm_M170","bgm_M170","118554","430","101071","0","2030/12/31 14:59:59","90","100110","0","101072","0","101072","120570032","120570031","0","歐呂克斯沙島‧南部 57-3","0","bgm_M170","-50","12057003","128314","31166","102570310","bgm_M170","211001000","370","3","0","0","0","120570031","101073","0","12057","0","bgm_M170","2","120570033","102570307","0"
"30","2","0","2015/12/17 15:00:00","102580108","118554","bgm_M169","20","102580106","20","0","20","bgm_M169","bgm_M169","118494","430","100811","0","2030/12/31 14:59:59","90","100100","102580109","100812","0","100812","120580012","120580011","0","克魯斯密林‧東部 58-1","0","bgm_M169","-50","12058001","119011","31003","102580110","bgm_M169","211001000","-370","3","0","0","0","120580011","100813","0","12058","0","bgm_M169","2","120580013","102580107","0"
"-70","2","0","2015/12/17 15:00:00","102580208","118554","bgm_M169","20","102580206","20","0","20","bgm_M169","bgm_M169","118494","430","101131","0","2030/12/31 14:59:59","90","100150","102580209","101132","0","101132","120580022","120580021","0","克魯斯密林‧東部 58-2","0","bgm_M169","-50","12058002","129041","31031","102580210","bgm_M169","211001000","10","3","0","0","0","120580021","101133","0","12058","0","bgm_M169","2","120580023","102580207","0"
"-30","2","0","2015/12/17 15:00:00","102580308","118494","bgm_M170","20","102580309","20","0","20","bgm_M170","bgm_M170","119161","430","101071","0","2030/12/31 14:59:59","90","100110","0","101072","0","101072","120580032","120580031","0","克魯斯密林‧東部 58-3","0","bgm_M170","-50","12058003","119551","31169","102580310","bgm_M170","211001000","370","3","0","0","0","120580031","101073","0","12058","0","bgm_M170","2","120580033","102580307","0"
"30","2","0","2015/12/17 15:00:00","102630108","119161","bgm_MC022","20","102630106","20","0","20","bgm_MC022","bgm_MC022","119581","430","103191","0","2030/12/31 14:59:59","90","100750","102630109","103192","0","103192","120630012","120630011","0","阿帕雷尤街道‧西側 63-1","0","bgm_MC022","-50","12063001","129311","31052","102630110","bgm_MC022","211001000","-370","3","0","0","0","120630011","103193","0","12063","0","bgm_MC022","2","120630013","102630107","0"
"-70","2","0","2015/12/17 15:00:00","102630208","119251","bgm_MC022","20","102630206","20","0","20","bgm_MC022","bgm_MC022","119611","430","103191","0","2030/12/31 14:59:59","90","100750","102630209","103192","0","103192","120630022","120630021","0","阿帕雷尤街道‧西側 63-2","0","bgm_MC022","-50","12063002","119371","31008","102630210","bgm_MC022","211001000","10","3","0","0","0","120630021","103193","0","12063","0","bgm_MC022","2","120630023","102630207","0"
"-30","2","0","2015/12/17 15:00:00","102630307","119581","bgm_MC023","20","102630309","20","0","20","bgm_MC023","bgm_MC023","129311","430","103191","0","2030/12/31 14:59:59","90","100750","0","103192","0","103192","120630032","120630031","0","阿帕雷尤街道‧西側 63-3","0","bgm_MC023","-50","12063003","119012","31171","102630310","bgm_MC023","211001000","370","3","0","0","0","120630031","103193","0","12063","0","bgm_MC023","2","120630033","102630304","0"
"30","2","0","2015/12/17 15:00:00","102640108","129281","bgm_MC022","20","102640106","20","0","20","bgm_MC022","bgm_MC022","129162","430","103191","0","2030/12/31 14:59:59","90","100750","102640109","103192","0","103192","120640012","120640011","0","阿帕雷尤街道‧東側 64-1","0","bgm_MC022","-50","12064001","119582","31059","102640110","bgm_MC022","211001000","-370","3","0","0","0","120640011","103193","0","12064","0","bgm_MC022","2","120640013","102640107","0"
"-70","2","0","2015/12/17 15:00:00","102640208","129401","bgm_MC022","20","102640206","20","0","20","bgm_MC022","bgm_MC022","119012","430","103191","0","2030/12/31 14:59:59","90","100750","102640209","103192","0","103192","120640022","120640021","0","阿帕雷尤街道‧東側 64-2","0","bgm_MC022","-50","12064002","119552","31020","102640210","bgm_MC022","211001000","10","3","0","0","0","120640021","103193","0","12064","0","bgm_MC022","2","120640023","102640207","0"
"-30","2","0","2015/12/17 15:00:00","102640308","119012","bgm_MC023","20","102640309","20","0","20","bgm_MC023","bgm_MC023","119552","430","103191","0","2030/12/31 14:59:59","90","100750","0","103192","0","103192","120640032","120640031","0","阿帕雷尤街道‧東側 64-3","0","bgm_MC023","-50","12064003","129402","31175","102640310","bgm_MC023","211001000","370","3","0","0","0","120640031","103193","0","12064","0","bgm_MC023","2","120640033","102640307","0"
"30","2","0","2015/12/17 15:00:00","102650109","119552","bgm_MC022","20","102650106","20","0","20","bgm_MC022","bgm_MC022","129282","430","103191","0","2030/12/31 14:59:59","90","100750","102650108","103192","0","103192","120650012","120650011","0","芭菲之城城鎮 65-1","0","bgm_MC022","-50","12065001","129133","31040","102650110","bgm_MC022","211001000","-370","3","0","0","0","120650011","103193","0","12065","0","bgm_MC022","2","120650013","102650107","0"
"-70","2","0","2015/12/17 15:00:00","102650208","119552","bgm_MC022","20","102650206","20","0","20","bgm_MC022","bgm_MC022","119432","430","103191","0","2030/12/31 14:59:59","90","100750","102650209","103192","0","103192","120650022","120650021","0","芭菲之城城鎮 65-2","0","bgm_MC022","-50","12065002","129193","31027","102650210","bgm_MC022","211001000","10","3","0","0","0","120650021","103193","0","12065","0","bgm_MC022","2","120650023","102650207","0"
"-30","2","0","2015/12/17 15:00:00","102650308","119372","bgm_MC023","20","102650309","20","0","20","bgm_MC023","bgm_MC023","119253","430","103191","0","2030/12/31 14:59:59","90","100750","0","103192","0","103192","120650032","120650031","0","芭菲之城城鎮 65-3","0","bgm_MC023","-50","12065003","119613","31176","102650310","bgm_MC023","211001000","370","3","0","0","0","120650031","103193","0","12065","0","bgm_MC023","2","120650033","102650307","0"
"30","2","0","2015/12/17 15:00:00","102660108","119253","bgm_MC022","20","102660106","20","0","20","bgm_MC022","bgm_MC022","119583","430","103191","0","2030/12/31 14:59:59","90","100750","102660109","103192","0","103192","120660012","120660011","0","拉摩利爾平原 66-1","0","bgm_MC022","-50","12066001","129373","31002","102660110","bgm_MC022","211001000","-370","3","0","0","0","120660011","103193","0","12066","0","bgm_MC022","2","120660013","102660107","0"
"-70","2","0","2015/12/17 15:00:00","102660208","129193","bgm_MC022","20","102660206","20","0","20","bgm_MC022","bgm_MC022","119553","430","103191","0","2030/12/31 14:59:59","90","100750","102660209","103192","0","103192","120660022","120660021","0","拉摩利爾平原 66-2","0","bgm_MC022","-50","12066002","119343","31033","102660210","bgm_MC022","211001000","10","3","0","0","0","120660021","103193","0","12066","0","bgm_MC022","2","120660023","102660207","0"
"-30","2","0","2015/12/17 15:00:00","102660308","119583","bgm_MC023","20","102660309","20","0","20","bgm_MC023","bgm_MC023","129373","430","103191","0","2030/12/31 14:59:59","90","100750","0","103192","0","103192","120660032","120660031","0","拉摩利爾平原 66-3","0","bgm_MC023","-50","12066003","119254","31190","102660310","bgm_MC023","211001000","370","3","0","0","0","120660031","103193","0","12066","0","bgm_MC023","2","120660033","102660307","0"
"-110","2","0","2015/12/17 15:00:00","102670108","129283","bgm_MC086","20","102670106","20","0","20","bgm_MC086","bgm_MC086","129194","430","103341","0","2030/12/31 14:59:59","90","100800","102670109","103342","0","103342","120670012","120670011","0","渦炎密林 67-1","0","bgm_MC086","-50","12067001","119584","31021","102670110","bgm_MC086","211001000","-326","3","0","0","0","120670011","103343","0","12067","0","bgm_MC086","2","120670013","102670107","0"
"-70","2","0","2015/12/17 15:00:00","102670208","119493","bgm_MC086","20","102670206","20","0","20","bgm_MC086","bgm_MC086","129134","430","103341","0","2030/12/31 14:59:59","90","100800","102670209","103342","0","103342","120670022","120670021","0","渦炎密林 67-2","0","bgm_MC086","-50","12067002","119554","31038","102670210","bgm_MC086","211001000","10","3","0","0","0","120670021","103343","0","12067","0","bgm_MC086","2","120670023","102670207","0"
"-20","2","0","2015/12/17 15:00:00","102670308","119254","bgm_MC087","20","102670309","20","0","20","bgm_MC087","bgm_MC087","119584","430","103341","0","2030/12/31 14:59:59","90","100800","0","103342","0","103342","120670032","120670031","0","渦炎密林 67-3","0","bgm_MC087","-50","12067003","129314","31191","102670310","bgm_MC087","211001000","290","3","0","0","0","120670031","103343","0","12067","0","bgm_MC087","2","120670033","102670307","0"
"-125","2","0","2015/12/17 15:00:00","102680108","119584","bgm_MC086","20","102680106","20","0","20","bgm_MC086","bgm_MC086","129314","430","103341","0","2030/12/31 14:59:59","90","100800","102680109","103342","0","103342","120680012","120680011","0","思索樹海 68-1","0","bgm_MC086","-50","12068001","11001032","31058","102680110","bgm_MC086","211001000","-83","3","0","0","0","120680011","103343","0","12068","0","bgm_MC086","2","120680013","102680107","0"
"-41","2","0","2015/12/17 15:00:00","102680208","119584","bgm_MC086","20","102680206","20","0","20","bgm_MC086","bgm_MC086","129284","430","103341","0","2030/12/31 14:59:59","90","100800","102680209","103342","0","103342","120680022","120680021","0","思索樹海 68-2","0","bgm_MC086","-50","12068002","12016032","31048","102680210","bgm_MC086","211001000","145","3","0","0","0","120680021","103343","0","12068","0","bgm_MC086","2","120680023","102680207","0"
"-90","2","0","2015/12/17 15:00:00","102680308","129374","bgm_MC087","20","102680309","20","0","20","bgm_MC087","bgm_MC087","11025032","430","103341","0","2030/12/31 14:59:59","90","100800","0","103342","0","103342","120680032","120680031","0","思索樹海 68-3","0","bgm_MC087","-50","12068003","11058032","31164","102680310","bgm_MC087","211001000","377","3","0","0","0","120680031","103343","0","12068","0","bgm_MC087","2","120680033","102680307","0"
"-34","2","0","2015/12/17 15:00:00","102690108","11022032","bgm_MC086","20","102690106","20","0","20","bgm_MC086","bgm_MC086","11061032","430","103341","0","2030/12/31 14:59:59","90","100800","102690109","103342","0","103342","120690012","120690011","0","鬼的跟前 69-1","0","bgm_MC086","-50","12069001","11046032","31050","102690110","bgm_MC086","211001000","-400","3","0","0","0","120690011","103343","0","12069","0","bgm_MC086","2","120690013","102690107","0"
"58","2","0","2015/12/17 15:00:00","102690208","12004032","bgm_MC086","20","102690206","20","0","20","bgm_MC086","bgm_MC086","11055032","430","103341","0","2030/12/31 14:59:59","90","100800","102690209","103342","0","103342","120690022","120690021","0","鬼的跟前 69-2","0","bgm_MC086","-50","12069002","11040032","31031","102690210","bgm_MC086","211001000","0","3","0","0","0","120690021","103343","0","12069","0","bgm_MC086","2","120690023","102690207","0"
"-88","2","0","2015/12/17 15:00:00","102690308","11058032","bgm_MC087","20","102690309","20","0","20","bgm_MC087","bgm_MC087","12028032","430","103521","0","2030/12/31 14:59:59","90","100800","0","103522","0","103472","120690032","120690031","0","鬼的跟前 69-3","0","bgm_MC142","-50","12069003","12019033","31213","102690310","bgm_MC142","211001000","350","3","1.5","0","0","120690031","103472","0","12069","0","bgm_MC087","2","120690033","102690307","0"
"-34","2","0","2015/12/17 15:00:00","102700108","12031032","bgm_MC086","20","102700106","20","0","20","bgm_MC086","bgm_MC086","12016033","430","103341","0","2030/12/31 14:59:59","90","100800","102700109","103342","0","103342","120700012","120700011","0","炎繩河 70-1","0","bgm_MC086","-50","12070001","11058033","31052","102700110","bgm_MC086","211001000","-400","3","0","0","0","120700011","103343","0","12070","0","bgm_MC086","2","120700013","102700107","0"
"58","2","0","2015/12/17 15:00:00","102700208","11040032","bgm_MC086","20","102700206","20","0","20","bgm_MC086","bgm_MC086","11001033","430","103341","0","2030/12/31 14:59:59","90","100800","102700209","103342","0","103342","120700022","120700021","0","炎繩河 70-2","0","bgm_MC086","-50","12070002","11055033","31020","102700210","bgm_MC086","211001000","0","3","0","0","0","120700021","103343","0","12070","0","bgm_MC086","2","120700023","102700207","0"
"-88","2","0","2015/12/17 15:00:00","102700308","12019033","bgm_MC087","20","102700309","20","0","20","bgm_MC087","bgm_MC087","11055033","430","103521","0","2030/12/31 14:59:59","90","100800","0","103522","0","103472","120700032","120700031","0","炎繩河 70-3","0","bgm_MC142","-50","12070003","11043033","31216","102700310","bgm_MC142","211001000","350","3","1.5","0","0","120700031","103472","0","12070","0","bgm_MC087","2","120700033","102700307","0"
"-168","2","0","2015/12/17 15:00:00","102710108","11055033","bgm_MC086","20","102710106","20","0","20","bgm_MC086","bgm_MC086","12040033","430","103341","0","2030/12/31 14:59:59","90","100800","102710109","103342","0","103342","120710012","120710011","0","崩豹山巔 71-1","0","bgm_MC086","-50","12071001","11001034","31003","102710110","bgm_MC086","211001000","-308","3","0","0","0","120710011","103343","0","12071","0","bgm_MC086","2","120710013","102710107","0"
"58","2","0","2015/12/17 15:00:00","102710208","11055033","bgm_MC086","20","102710206","20","0","20","bgm_MC086","bgm_MC086","11043033","430","103341","0","2030/12/31 14:59:59","90","100800","102710209","103342","0","103342","120710022","120710021","0","崩豹山巔 71-2","0","bgm_MC086","-50","12071002","12013034","31038","102710210","bgm_MC086","211001000","0","3","0","0","0","120710021","103343","0","12071","0","bgm_MC086","2","120710023","102710207","0"
"-88","2","0","2015/12/17 15:00:00","102710302","11043033","bgm_MC087","20","102710309","20","0","20","bgm_MC087","bgm_MC087","12019034","430","103341","0","2030/12/31 14:59:59","90","100800","0","103342","0","103342","120710032","120710031","0","崩豹山巔 71-3","0","bgm_MC087","-50","12071003","11055034","31220","102710310","bgm_MC087","211001000","350","3","0","0","0","120710031","103343","0","12071","0","bgm_MC087","2","120710033","102710307","0"
"-1","2","0","2015/12/17 15:00:00","102720108","12016034","bgm_MC086","20","102720106","20","0","20","bgm_MC086","bgm_MC086","11058034","430","103341","0","2030/12/31 14:59:59","90","100800","102720105","103342","0","103342","120720012","120720011","0","怒錐山岳 72-1","0","bgm_MC086","-50","12072001","12028034","31059","102720110","bgm_MC086","211001000","-323","3","0","0","0","120720011","103343","0","12072","0","bgm_MC086","2","120720013","102720107","0"
"-75","2","0","2015/12/17 15:00:00","102720209","11025034","bgm_MC086","20","102720206","20","0","20","bgm_MC086","bgm_MC086","11061034","430","103341","0","2030/12/31 14:59:59","90","100800","102720204","103342","0","103342","120720022","120720021","0","怒錐山岳 72-2","0","bgm_MC086","-50","12072002","12037034","31008","102720210","bgm_MC086","211001000","7","3","0","0","0","120720021","103343","0","12072","0","bgm_MC086","2","120720023","102720202","0"
"34","2","0","2015/12/17 15:00:00","102720308","11055034","bgm_MC087","20","102720309","20","0","20","bgm_MC087","bgm_MC087","11034034","430","103341","0","2030/12/31 14:59:59","90","100800","0","103342","0","103342","120720032","120720031","0","怒錐山岳 72-3","0","bgm_MC087","-50","12072003","11001035","31222","102720310","bgm_MC087","211001000","307","3","0","0","0","120720031","103343","0","12072","0","bgm_MC087","2","120720033","102720307","0"
"-34","2","0","2015/12/17 15:00:00","102730104","11052034","bgm_MC202","20","102730101","20","0","20","bgm_MC202","bgm_MC202","11022035","430","103591","0","2030/12/31 14:59:59","90","100900","102730109","103592","0","103592","120730012","120730011","0","久遠冰河‧南端 73-1","0","bgm_MC202","-50","12073001","11061035","31050","102730110","bgm_MC202","211001000","-400","3","0","0","0","120730011","103593","0","12073","0","bgm_MC202","2","120730013","102730103","0"
"58","2","0","2015/12/17 15:00:00","102730203","11034034","bgm_MC202","20","102730201","20","0","20","bgm_MC202","bgm_MC202","12019035","430","103591","0","2030/12/31 14:59:59","90","100900","102730209","103592","0","103592","120730022","120730021","0","久遠冰河‧南端 73-2","0","bgm_MC202","-50","12073002","11055035","31027","102730210","bgm_MC202","211001000","0","3","0","0","0","120730021","103593","0","12073","0","bgm_MC202","2","120730023","102730207","0"
"46","2","0","2015/12/17 15:00:00","102730307","11022035","bgm_MC203","20","102730309","20","0","20","bgm_MC203","bgm_MC203","11061035","430","103591","0","2030/12/31 14:59:59","90","100900","102730308","103592","0","103592","120730032","120730031","0","久遠冰河‧南端 73-3","0","bgm_MC203","-50","12073003","11052035","31223","102730310","bgm_MC203","211001000","330","3","0","0","0","120730031","103593","0","12073","0","bgm_MC203","2","120730033","102730301","0"
"-34","2","0","2015/12/17 15:00:00","102740104","11055035","bgm_MC202","20","102740107","20","0","20","bgm_MC202","bgm_MC202","12028035","430","103591","0","2030/12/31 14:59:59","90","100900","102740109","103592","0","103592","120740012","120740011","0","幽魂濕地 74-1","0","bgm_MC202","-50","12074001","12013036","31040","102740110","bgm_MC202","211001000","-400","3","0","0","0","120740011","103593","0","12074","0","bgm_MC202","2","120740013","102740108","0"
"58","2","0","2015/12/17 15:00:00","102740208","11055035","bgm_MC202","20","102740201","20","0","20","bgm_MC202","bgm_MC202","12040035","430","103591","0","2030/12/31 14:59:59","90","100900","102740209","103592","0","103592","120740022","120740021","0","幽魂濕地 74-2","0","bgm_MC202","-50","12074002","12016036","31033","102740210","bgm_MC202","211001000","0","3","0","0","0","120740021","103593","0","12074","0","bgm_MC202","2","120740023","102740207","0"
"-88","2","0","2015/12/17 15:00:00","102740308","11052035","bgm_MC203","20","102740309","20","0","20","bgm_MC203","bgm_MC203","11022036","430","103591","0","2030/12/31 14:59:59","90","100900","0","103592","0","103592","120740032","120740031","0","幽魂濕地 74-3","0","bgm_MC203","-50","12074003","11061036","31227","102740310","bgm_MC203","211001000","350","3","0","0","0","120740031","103593","0","12074","0","bgm_MC203","2","120740033","102740307","0"
"0","2","0","2020/01/02 16:00:00","103180107","125134","bgm_M169","20","103180103","20","0","20","bgm_M169","bgm_M169","115194","430","101401","0","2030/12/31 14:59:59","90","100050","103180105","101402","0","101402","130180012","130180011","0","法艾頓草原‧北部 18-1","0","bgm_M169","-50","13018001","115554","32058","103180108","bgm_M169","211001000","-350","3","0","0","0","130180011","101403","0","13018","125343","bgm_M169","0","130180013","103180102","0"
"-130","2","0","2020/01/02 16:00:00","103180205","115104","bgm_M169","20","103180203","20","0","20","bgm_M169","bgm_M169","125074","430","100691","0","2030/12/31 14:59:59","90","100020","103180206","100692","0","100692","130180022","130180021","0","法艾頓草原‧北部 18-2","0","bgm_M169","-50","13018002","115584","32059","103180207","bgm_M169","211001000","0","3","0","0","0","130180021","100693","0","13018","125373","bgm_M169","0","130180023","103180204","0"
"-30","2","0","2020/01/02 16:00:00","103180308","125044","bgm_M169","20","103180301","20","0","20","bgm_M169","bgm_M169","115254","430","101431","0","2030/12/31 14:59:59","90","100050","103180310","101432","0","101432","130180032","130180031","0","法艾頓草原‧北部 18-3","0","bgm_M169","-50","13018003","115614","32060","103180307","bgm_M169","211001000","380","3","0","0","0","130180031","101433","0","13018","125283","bgm_M169","0","130180033","103180304","0"
"-90","2","0","2020/02/04 16:00:00","103190103","125014","bgm_M169","20","103190104","20","0","20","bgm_M169","bgm_M169","125314","430","101401","0","2030/12/31 14:59:59","90","100050","103190107","101402","0","101402","130190012","130190011","0","法艾頓草原‧南部 19-1","0","bgm_M169","-50","13019001","115344","32011","103190110","bgm_M169","211001000","-350","3","0","0","0","130190011","101403","0","13019","125164","bgm_M169","0","130190013","103190101","0"
"-10","2","0","2020/03/04 16:00:00","103190204","125523","bgm_M169","20","103190208","20","0","20","bgm_M169","bgm_M169","125015","430","101401","0","2030/12/31 14:59:59","90","100050","103190207","101402","0","101402","130190022","130190021","0","法艾頓草原‧南部 19-2","0","bgm_M169","-50","13019002","115225","32052","103190210","bgm_M169","211001000","0","3","0","0","0","130190021","101403","0","13019","115284","bgm_M169","0","130190023","103190209","0"
"-75","2","0","2020/04/01 16:00:00","103190304","115165","bgm_M169","20","103190307","20","0","20","bgm_M169","bgm_M169","115585","430","101431","0","2030/12/31 14:59:59","90","100020","103190309","101432","0","101432","130190032","130190031","0","法艾頓草原‧南部 19-3","0","bgm_M169","-50","13019003","115555","32018","103190310","bgm_M169","211001000","380","3","0","0","0","130190031","101433","0","13019","125045","bgm_M169","0","130190033","103190305","0"
"-10","2","0","2020/05/05 16:00:00","103200102","115615","bgm_M169","20","103200104","20","0","20","bgm_M169","bgm_M169","115375","430","101401","0","2030/12/31 14:59:59","90","100010","103200109","101402","0","101402","130200012","130200011","0","卡斯塔利亞樹林‧西部 20-1","0","bgm_M169","-50","13020001","125285","32034","103200110","bgm_M169","211001000","-350","3","0","0","0","130200011","101403","0","13020","125255","bgm_M169","0","130200013","103200103","0"
"-90","2","0","2020/05/05 16:00:00","103200207","115402","bgm_M169","20","103200204","20","0","20","bgm_M169","bgm_M169","125016","430","100931","0","2030/12/31 14:59:59","90","100080","103200205","100932","0","100932","130200022","130200021","0","卡斯塔利亞樹林‧西部 20-2","0","bgm_M169","-50","13020002","125226","32010","103200210","bgm_M169","211001000","0","3","0","0","0","130200021","100933","0","13020","115315","bgm_M169","0","130200023","103200203","0"
"0","2","0","2020/05/05 16:00:00","103200304","115196","bgm_M169","20","103200301","20","0","20","bgm_M169","bgm_M169","125256","430","100367","0","2030/12/31 14:59:59","90","100020","103200309","100368","0","100368","130200032","130200031","0","卡斯塔利亞樹林‧西部 20-3","0","bgm_M169","-50","13020003","115616","32002","103200310","bgm_M169","211001000","380","3","0","0","0","130200031","100369","0","13020","125463","bgm_M169","0","130200033","103200302","0"
"-10","2","0","2020/07/02 16:00:00","103210105","115136","bgm_M169","20","103210104","20","0","20","bgm_M169","bgm_M169","115166","430","101401","0","2030/12/31 14:59:59","90","100050","103210109","101402","0","101402","130210012","130210011","0","卡斯塔利亞樹林‧東部 21-1","0","bgm_M169","-50","13021001","115556","32003","103210110","bgm_M169","211001000","-350","3","0","0","0","130210011","101403","0","13021","125345","bgm_M169","0","130210013","103210106","0"
"-90","2","0","2020/07/02 16:00:00","103210207","125226","bgm_M169","20","103210204","20","0","20","bgm_M169","bgm_M169","115106","430","100931","0","2030/12/31 14:59:59","90","100080","103210205","100932","0","100932","130210022","130210021","0","卡斯塔利亞樹林‧東部 21-2","0","bgm_M169","-50","13021002","115586","32001","103210210","bgm_M169","211001000","0","3","0","0","0","130210021","100933","0","13021","115315","bgm_M169","0","130210023","103210207","0"
"0","2","0","2020/07/02 16:00:00","103210302","115196","bgm_M169","20","103210304","20","0","20","bgm_M169","bgm_M169","115166","430","100367","0","2030/12/31 14:59:59","90","100020","103210303","100368","0","100368","130210032","130210031","0","卡斯塔利亞樹林‧東部 21-3","0","bgm_M169","-50","13021003","115556","32012","103210310","bgm_M169","211001000","380","3","0","0","0","130210031","100369","0","13021","115402","bgm_M169","0","130210033","103210307","0"
"-90","2","0","2020/09/04 16:00:00","103220103","115616","bgm_M169","20","103220104","20","0","20","bgm_M169","bgm_M169","115433","430","100431","0","2030/12/31 14:59:59","90","100050","103220108","100432","0","100432","130220012","130220011","0","馬提爾德岩峰‧南部 22-1","0","bgm_M169","-50","13022001","115316","32046","103220110","bgm_M169","211001000","-350","3","0","0","0","130220011","100433","0","13022","125016","bgm_M169","0","130220013","103220109","0"
"-10","2","0","2020/09/04 16:00:00","103220202","125286","bgm_M169","20","103220207","20","0","20","bgm_M169","bgm_M169","125017","430","100361","0","2030/12/31 14:59:59","90","100080","103220208","100362","0","100362","130220022","130220021","0","馬提爾德岩峰‧南部 22-2","0","bgm_M169","-50","13022002","125227","32048","103220210","bgm_M169","211001000","0","3","0","0","0","130220021","100363","0","13022","125376","bgm_M169","0","130220023","103220204","0"
"-75","2","0","2020/09/04 16:00:00","103220305","125257","bgm_M169","20","103220309","20","0","20","bgm_M169","bgm_M169","115587","430","101641","0","2030/12/31 14:59:59","90","100020","103220308","101642","0","101642","130220032","130220031","0","馬提爾德岩峰‧南部 22-3","0","bgm_M169","-50","13022003","115557","32049","103220310","bgm_M169","211001000","380","3","0","0","0","130220031","101643","0","13022","115346","bgm_M169","0","130220033","103220304","0"
"-20","2","0","2020/12/04 16:00:00","103230103","115557","bgm_M169","20","103230101","20","0","20","bgm_M169","bgm_M169","115464","430","100431","0","2030/12/31 14:59:59","90","100050","103230108","100432","0","100432","130230012","130230011","0","馬提爾德岩峰‧北部 23-1","0","bgm_M169","-50","13023001","125287","32023","103230110","bgm_M169","211001000","-350","3","0","0","0","130230011","100433","0","13023","125227","bgm_M169","0","130230013","103230102","0"
"-90","2","0","2020/12/04 16:00:00","103230205","115464","bgm_M169","20","103230203","20","0","20","bgm_M169","bgm_M169","126101","430","100361","0","2030/12/31 14:59:59","90","100080","103230208","100362","0","100362","130230022","130230021","0","馬提爾德岩峰‧北部 23-2","0","bgm_M169","-50","13023002","126251","32028","103230210","bgm_M169","211001000","0","3","0","0","0","130230021","100363","0","13023","115557","bgm_M169","1","130230023","103230204","0"
"10","2","0","2020/12/04 16:00:00","103230305","115403","bgm_M169","20","103230303","20","0","20","bgm_M169","bgm_M169","126011","430","101641","0","2030/12/31 14:59:59","90","100020","103230308","101642","0","101642","130230032","130230031","0","馬提爾德岩峰‧北部 23-3","0","bgm_M169","-50","13023003","126221","32032","103230310","bgm_M169","211001000","380","3","0","0","0","130230031","101643","0","13023","115617","bgm_M169","1","130230033","103230304","0"
"-40","2","0","2021/02/09 16:00:00","103240104","116041","bgm_M169","20","103240101","20","0","20","bgm_M169","bgm_M169","116581","430","101641","0","2030/12/31 14:59:59","90","100450","103240109","101642","0","101642","130240012","130240011","0","雷蒂烏斯群峰‧西麓 24-1","0","bgm_M169","-50","13024001","116551","32030","103240110","bgm_M169","211001000","-350","3","0","0","0","130240011","101643","0","13024","125287","bgm_M169","1","130240013","103240105","0"
"-120","2","0","2021/02/09 16:00:00","103240206","116551","bgm_M169","20","103240201","20","0","20","bgm_M169","bgm_M169","126341","430","101691","0","2030/12/31 14:59:59","90","100460","103240209","101692","0","101692","130240022","130240021","0","雷蒂烏斯群峰‧西麓 24-2","0","bgm_M169","-50","13024002","116311","32033","103240210","bgm_M169","211001000","0","3","0","0","0","130240021","101693","0","13024","116191","bgm_M169","1","130240023","103240204","0"
"10","2","0","2021/04/08 16:00:00","103240306","116401","bgm_M169","20","103240301","20","0","20","bgm_M169","bgm_M169","116072","430","101801","0","2030/12/31 14:59:59","90","100450","103240309","101802","0","101802","130240032","130240031","0","雷蒂烏斯群峰‧西麓 24-3","0","bgm_M169","-50","13024003","116042","32016","103240310","bgm_M169","211001000","380","3","0","0","0","130240031","101803","0","13024","116551","bgm_M169","1","130240033","103240304","0"
"-40","2","0","2021/05/11 16:00:00","103250106","126222","bgm_M169","20","103250101","20","0","20","bgm_M169","bgm_M169","116582","430","101641","0","2030/12/31 14:59:59","90","100450","103250109","101642","0","101642","130250012","130250011","0","雷蒂烏斯群峰‧東麓 25-1","0","bgm_M169","-50","13025001","116612","32006","103250110","bgm_M169","211001000","-350","3","0","0","0","130250011","101643","0","13025","126371","bgm_M169","1","130250013","103250103","0"
"-120","2","0","2015/12/17 15:00:00","103250205","116612","bgm_M169","20","103250202","20","0","20","bgm_M169","bgm_M169","116312","430","101691","0","2030/12/31 14:59:59","90","100460","103250207","101692","0","101692","130250022","130250021","0","雷蒂烏斯群峰‧東麓 25-2","0","bgm_M169","-50","13025002","116372","32022","103250210","bgm_M169","211001000","0","3","0","0","0","130250021","101693","0","13025","126252","bgm_M169","1","130250023","103250204","0"
"10","2","0","2021/05/11 16:00:00","103250304","116612","bgm_M169","20","103250301","20","0","20","bgm_M169","bgm_M169","116133","430","101801","0","2030/12/31 14:59:59","90","100450","103250307","101802","0","101802","130250032","130250031","0","雷蒂烏斯群峰‧東麓 25-3","0","bgm_M169","-50","13025003","126103","32004","103250310","bgm_M169","211001000","380","3","0","0","0","130250031","101803","0","13025","116431","bgm_M169","1","130250033","103250303","0"
"-50","2","0","2021/07/13 16:00:00","103260105","116552","bgm_M169","20","103260101","20","0","20","bgm_M169","bgm_M169","116043","430","101641","0","2030/12/31 14:59:59","90","100450","103260106","101642","0","101642","130260012","130260011","0","佩特羅大森林‧西部 26-1","0","bgm_M169","-50","13026001","126013","32020","103260110","bgm_M169","211001000","-350","3","0","0","0","130260011","101643","0","13026","116312","bgm_M169","1","130260013","103260103","0"
"25","2","0","2021/07/13 16:00:00","103260205","116582","bgm_M169","20","103260202","20","0","20","bgm_M169","bgm_M169","116193","430","101691","0","2030/12/31 14:59:59","90","100460","103260206","101692","0","101692","130260022","130260021","0","佩特羅大森林‧西部 26-2","0","bgm_M169","-50","13026002","126223","32036","103260210","bgm_M169","211001000","0","3","0","0","0","130260021","101693","0","13026","126521","bgm_M169","1","130260023","103260207","0"
"-110","2","0","2015/12/17 15:00:00","103260305","126013","bgm_M169","20","103260301","20","0","20","bgm_M169","bgm_M169","116553","430","101841","0","2030/12/31 14:59:59","90","100500","103260307","101842","0","101842","130260032","130260031","0","佩特羅大森林‧西部 26-3","0","bgm_M169","-50","13026003","116583","32029","103260310","bgm_M169","211001000","380","3","0","0","0","130260031","101843","0","13026","116431","bgm_M169","1","130260033","103260306","0"
"-30","2","0","2015/12/17 15:00:00","103270104","116613","bgm_M169","20","103270101","20","0","20","bgm_M169","bgm_M169","126373","430","100691","0","2030/12/31 14:59:59","90","100020","103270108","100692","0","100692","130270012","130270011","0","佩特羅大森林‧東部 27-1","0","bgm_M169","-50","13027001","116462","32025","103270110","bgm_M169","211001000","-350","3","0","0","0","130270011","100693","0","13027","126253","bgm_M169","1","130270013","103270102","0"
"-130","2","0","2015/12/17 15:00:00","103270205","116313","bgm_M169","20","103270202","20","0","20","bgm_M169","bgm_M169","127101","430","101691","0","2030/12/31 14:59:59","90","100460","103270207","101692","0","101692","130270022","130270021","0","佩特羅大森林‧東部 27-2","0","bgm_M169","-50","13027002","117191","32021","103270210","bgm_M169","211001000","0","3","0","0","0","130270021","101693","0","13027","116583","bgm_M169","1","130270023","103270206","0"
"-40","2","0","2015/12/17 15:00:00","103270307","127101","bgm_M169","20","103270301","20","0","20","bgm_M169","bgm_M169","117581","430","101841","0","2030/12/31 14:59:59","90","100500","103270303","101842","0","101842","130270032","130270031","0","佩特羅大森林‧東部 27-3","0","bgm_M169","-50","13027003","117551","32017","103270310","bgm_M169","211001000","380","3","0","0","0","130270031","101843","0","13027","126283","bgm_M169","1","130270033","103270305","0"
"40","2","0","2015/12/17 15:00:00","103280104","117581","bgm_M169","20","103280102","20","0","20","bgm_M169","bgm_M169","117461","430","100691","0","2030/12/31 14:59:59","90","100020","103280109","100692","0","100692","130280012","130280011","0","迪茲塔爾河蝕岸‧北部 28-1","0","bgm_M169","-50","13028001","127341","32040","103280110","bgm_M169","211001000","-310","3","0","0","0","130280011","100693","0","13028","117131","bgm_M169","2","130280013","103280108","0"
"-110","2","0","2015/12/17 15:00:00","103280206","127341","bgm_M169","20","103280201","20","0","20","bgm_M169","bgm_M169","127162","430","101641","0","2030/12/31 14:59:59","90","100450","103280207","101642","0","101642","130280022","130280021","0","迪茲塔爾河蝕岸‧北部 28-2","0","bgm_M169","-50","13028002","127012","32057","103280210","bgm_M169","211001000","20","3","0","0","0","130280021","101643","0","13028","117551","bgm_M169","2","130280023","103280202","0"
"-20","2","0","2015/12/17 15:00:00","103280305","127222","bgm_M169","20","103280302","20","0","20","bgm_M169","bgm_M169","117552","430","102041","0","2030/12/31 14:59:59","90","100560","103280307","102042","0","102042","130280032","130280031","0","迪茲塔爾河蝕岸‧北部 28-3","0","bgm_M169","-50","13028003","117612","32013","103280310","bgm_M169","211001000","400","3","0","0","0","130280031","102043","0","13028","127371","bgm_M169","2","130280033","103280301","0"
"-110","2","0","2015/12/17 15:00:00","103290108","117612","bgm_M169","20","103290102","20","0","20","bgm_M169","bgm_M169","127282","430","100691","0","2030/12/31 14:59:59","90","100020","103290105","100692","0","100692","130290012","130290011","0","迪茲塔爾河蝕岸‧南部 29-1","0","bgm_M169","-50","13029001","117492","32063","103290110","bgm_M169","211001000","-400","3","0","0","0","130290011","100693","0","13029","117132","bgm_M169","2","130290013","103290106","0"
"60","2","0","2015/12/17 15:00:00","103290207","117552","bgm_M169","20","103290201","20","0","20","bgm_M169","bgm_M169","127462","430","101641","0","2030/12/31 14:59:59","90","100450","103290202","101642","0","101642","130290022","130290021","0","迪茲塔爾河蝕岸‧南部 29-2","0","bgm_M169","-50","13029002","127342","32053","103290210","bgm_M169","211001000","-40","3","0","0","0","130290021","101643","0","13029","117072","bgm_M169","2","130290023","103290204","0"
"-100","2","0","2015/12/17 15:00:00","103290306","117372","bgm_M169","20","103290303","20","0","20","bgm_M169","bgm_M169","127193","430","102041","0","2030/12/31 14:59:59","90","100560","103290305","102042","0","102042","130290032","130290031","0","迪茲塔爾河蝕岸‧南部 29-3","0","bgm_M169","-50","13029003","117223","32050","103290310","bgm_M169","211001000","400","3","0","0","0","130290031","102043","0","13029","117612","bgm_M169","2","130290033","103290302","0"
"0","2","0","2015/12/17 15:00:00","103300104","117253","bgm_M169","20","103300103","20","0","20","bgm_M169","bgm_M169","117553","430","101641","0","2030/12/31 14:59:59","90","100560","103300105","101642","0","101642","130300012","130300011","0","弗泰拉斷崖‧北部 30-1","0","bgm_M169","-50","13030001","117583","32042","103300110","bgm_M169","211001000","-400","3","0","0","0","130300011","101643","0","13030","127462","bgm_M169","2","130300013","103300102","0"
"30","2","0","2015/12/17 15:00:00","103300207","127283","bgm_M169","20","103300202","20","0","20","bgm_M169","bgm_M169","118251","430","100931","0","2030/12/31 14:59:59","90","100080","103300206","100932","0","100932","130300022","130300021","0","弗泰拉斷崖‧北部 30-2","0","bgm_M169","-50","13030002","118011","32075","103300210","bgm_M169","211001000","0","3","0","0","0","130300021","100933","0","13030","117553","bgm_M169","2","130300023","103300205","0"
"-100","2","0","2015/12/17 15:00:00","103300307","117343","bgm_M169","20","103300305","20","0","20","bgm_M169","bgm_M169","118221","430","102201","0","2030/12/31 14:59:59","90","100110","103300306","102202","0","102202","130300032","130300031","0","弗泰拉斷崖‧北部 30-3","0","bgm_M169","-50","13030003","128161","32076","103300310","bgm_M169","211001000","400","3","0","0","0","130300031","102203","0","13030","117583","bgm_M169","2","130300033","103300309","0"
"45","2","0","2015/12/17 15:00:00","103310107","127373","bgm_M169","20","103310109","20","0","20","bgm_M169","bgm_M169","118251","430","101691","0","2030/12/31 14:59:59","90","100560","103310106","101692","0","101692","130310012","130310011","0","弗泰拉斷崖‧南部 31-1","0","bgm_M169","-50","13031001","118221","32078","103310110","bgm_M169","211001000","-400","3","0","0","0","130310011","101693","0","13031","117613","bgm_M169","2","130310013","103310108","0"
"-105","2","0","2015/12/17 15:00:00","103310207","118071","bgm_M169","20","103310209","20","0","20","bgm_M169","bgm_M169","118551","430","101641","0","2030/12/31 14:59:59","90","100450","103310206","101642","0","101642","130310022","130310021","0","弗泰拉斷崖‧南部 31-2","0","bgm_M169","-50","13031002","118581","32045","103310210","bgm_M169","211001000","10","3","0","0","0","130310021","101643","0","13031","117463","bgm_M169","2","130310023","103310208","0"
"-95","2","0","2015/12/17 15:00:00","103310307","118581","bgm_M169","20","103310308","20","0","20","bgm_M169","bgm_M169","118431","430","102201","0","2030/12/31 14:59:59","90","100110","103310306","102202","0","102202","130310032","130310031","0","弗泰拉斷崖‧南部 31-3","0","bgm_M169","-50","13031003","128281","32026","103310310","bgm_M169","211001000","400","3","0","0","0","130310031","102203","0","13031","128161","bgm_M169","2","130310033","103310309","0"
"-105","2","0","2015/12/17 15:00:00","103320107","118581","bgm_M169","20","103320109","20","0","20","bgm_M169","bgm_M169","118012","430","102041","0","2030/12/31 14:59:59","90","100560","103320106","102042","0","102042","130320012","130320011","0","法斯奇亞森林‧南部 32-1","0","bgm_M169","-50","13032001","128162","32007","103320110","bgm_M169","211001000","-400","3","0","0","0","130320011","102043","0","13032","128281","bgm_M169","2","130320013","103320108","0"
"30","2","0","2015/12/17 15:00:00","103320208","118252","bgm_M169","20","103320206","20","0","20","bgm_M169","bgm_M169","118552","430","101841","0","2030/12/31 14:59:59","90","100500","103320209","101842","0","101842","130320022","130320021","0","法斯奇亞森林‧南部 32-2","0","bgm_M169","-50","13032002","118582","32015","103320210","bgm_M169","211001000","10","3","0","0","0","130320021","101843","0","13032","118371","bgm_M169","2","130320023","103320207","0"
"-95","2","0","2015/12/17 15:00:00","103320307","118552","bgm_M169","20","103320306","20","0","20","bgm_M169","bgm_M169","118492","430","102111","0","2030/12/31 14:59:59","90","100020","103320309","102112","0","102112","130320032","130320031","0","法斯奇亞森林‧南部 32-3","0","bgm_M169","-50","13032003","118342","32027","103320310","bgm_M169","211001000","400","3","0","0","0","130320031","102113","0","13032","118192","bgm_M169","2","130320033","103320308","0"
"50","2","0","2015/12/17 15:00:00","103330108","118492","bgm_M169","20","103330106","20","0","20","bgm_M169","bgm_M169","118013","430","101841","0","2030/12/31 14:59:59","90","100500","103330109","101842","0","101842","130330012","130330011","0","法斯奇亞森林‧東部 33-1","0","bgm_M169","-50","13033001","128043","32031","103330110","bgm_M169","211001000","-400","3","0","0","0","130330011","101843","0","13033","118552","bgm_M169","2","130330013","103330107","0"
"-135","2","0","2015/12/17 15:00:00","103330208","118462","bgm_M169","20","103330206","20","0","20","bgm_M169","bgm_M169","118253","430","100931","0","2030/12/31 14:59:59","90","100080","103330209","100932","0","100932","130330022","130330021","0","法斯奇亞森林‧東部 33-2","0","bgm_M169","-50","13033002","118223","32044","103330210","bgm_M169","211001000","10","3","0","0","0","130330021","100933","0","13033","118612","bgm_M169","2","130330023","103330207","0"
"10","2","0","2015/12/17 15:00:00","103330308","128073","bgm_M169","20","103330307","20","0","20","bgm_M169","bgm_M169","118553","430","102111","0","2030/12/31 14:59:59","90","100020","103330309","102112","0","102112","130330032","130330031","0","法斯奇亞森林‧東部 33-3","0","bgm_M169","-50","13033003","118583","32037","103330310","bgm_M169","211001000","400","3","0","0","0","130330031","102113","0","13033","118342","bgm_M169","2","130330033","103330306","0"
"-135","2","0","2015/12/17 15:00:00","103340108","118553","bgm_M169","20","103340106","20","0","20","bgm_M169","bgm_M169","118403","430","101641","0","2030/12/31 14:59:59","90","100450","103340109","101642","0","101642","130340012","130340011","0","迪克斯提亞岩崖‧西壁 34-1","0","bgm_M169","-50","13034001","118343","32064","103340110","bgm_M169","211001000","-400","3","0","0","0","130340011","101643","0","13034","118013","bgm_M169","2","130340013","103340107","0"
"15","2","0","2015/12/17 15:00:00","103340208","118343","bgm_M169","20","103340206","20","0","20","bgm_M169","bgm_M169","118224","430","101641","0","2030/12/31 14:59:59","90","100450","103340209","101642","0","101642","130340022","130340021","0","迪克斯提亞岩崖‧西壁 34-2","0","bgm_M169","-50","13034002","118014","32051","103340210","bgm_M169","211001000","10","3","0","0","0","130340021","101643","0","13034","118553","bgm_M169","2","130340023","103340207","0"
"-65","2","0","2015/12/17 15:00:00","103340308","118014","bgm_M169","20","103340306","20","0","20","bgm_M169","bgm_M169","118554","430","100361","0","2030/12/31 14:59:59","90","100020","103340309","100362","0","100362","130340032","130340031","0","迪克斯提亞岩崖‧西壁 34-3","0","bgm_M169","-50","13034003","118584","32047","103340310","bgm_M169","211001000","400","3","0","0","0","130340031","100363","0","13034","128283","bgm_M169","2","130340033","103340307","0"
"35","2","0","2015/12/17 15:00:00","103350108","118584","bgm_M169","20","103350106","20","0","20","bgm_M169","bgm_M169","118494","430","101641","0","2030/12/31 14:59:59","90","100450","103350109","101642","0","101642","130350012","130350011","0","迪克斯提亞岩崖‧東壁 35-1","0","bgm_M169","-50","13035001","128314","32055","103350110","bgm_M169","211001000","-375","3","0","0","0","130350011","101643","0","13035","118164","bgm_M169","2","130350013","103350107","0"
"-75","2","0","2015/12/17 15:00:00","103350208","118494","bgm_M169","20","103350206","20","0","20","bgm_M169","bgm_M169","119221","430","101841","0","2030/12/31 14:59:59","90","100500","103350209","101842","0","101842","130350022","130350021","0","迪克斯提亞岩崖‧東壁 35-2","0","bgm_M169","-50","13035002","119011","32071","103350210","bgm_M169","211001000","-15","3","0","0","0","130350021","101843","0","13035","118554","bgm_M169","2","130350023","103350207","0"
"-100","2","0","2015/12/17 15:00:00","103350308","119221","bgm_M169","20","103350306","20","0","20","bgm_M169","bgm_M169","119551","430","100361","0","2030/12/31 14:59:59","90","100020","103350309","100362","0","100362","130350032","130350031","0","迪克斯提亞岩崖‧東壁 35-3","0","bgm_M169","-50","13035003","119611","32009","103350310","bgm_M169","211001000","365","3","0","0","0","130350031","100363","0","13035","118524","bgm_M169","2","130350033","103350307","0"
"30","2","0","2015/12/17 15:00:00","103630108","119551","bgm_MC022","20","103630106","20","0","20","bgm_MC022","bgm_MC022","119461","430","103191","0","2030/12/31 14:59:59","90","100750","103630109","103192","0","103192","130630012","130630011","0","阿帕雷尤街道‧西側 63-1","0","bgm_MC022","-50","13063001","119341","32061","103630110","bgm_MC022","211001000","-370","3","0","0","0","130630011","103193","0","13063","119071","bgm_MC022","2","130630013","103630107","0"
"-70","2","0","2015/12/17 15:00:00","103630208","119371","bgm_MC022","20","103630206","20","0","20","bgm_MC022","bgm_MC022","119012","430","103191","0","2030/12/31 14:59:59","90","100750","103630209","103192","0","103192","130630022","130630021","0","阿帕雷尤街道‧西側 63-2","0","bgm_MC022","-50","13063002","119252","32008","103630210","bgm_MC022","211001000","10","3","0","0","0","130630021","103193","0","13063","119611","bgm_MC022","2","130630023","103630207","0"
"-30","2","0","2015/12/17 15:00:00","103630308","119102","bgm_MC022","20","103630306","20","0","20","bgm_MC022","bgm_MC022","119552","430","103191","0","2030/12/31 14:59:59","90","100750","103630309","103192","0","103192","130630032","130630031","0","阿帕雷尤街道‧西側 63-3","0","bgm_MC022","-50","13063003","119582","32054","103630310","bgm_MC022","211001000","370","3","0","0","0","130630031","103193","0","13063","129401","bgm_MC022","2","130630033","103630307","0"
"30","2","0","2015/12/17 15:00:00","103640108","119582","bgm_MC022","20","103640106","20","0","20","bgm_MC022","bgm_MC022","119432","430","103191","0","2030/12/31 14:59:59","90","100750","103640109","103192","0","103192","130640012","130640011","0","阿帕雷尤街道‧東側 64-1","0","bgm_MC022","-50","13064001","129312","32005","103640110","bgm_MC022","211001000","-370","3","0","0","0","130640011","103193","0","13064","119072","bgm_MC022","2","130640013","103640107","0"
"-70","2","0","2015/12/17 15:00:00","103640208","119432","bgm_MC022","20","103640206","20","0","20","bgm_MC022","bgm_MC022","119013","430","103191","0","2030/12/31 14:59:59","90","100750","103640209","103192","0","103192","130640022","130640021","0","阿帕雷尤街道‧東側 64-2","0","bgm_MC022","-50","13064002","129043","32043","103640210","bgm_MC022","211001000","10","3","0","0","0","130640021","103193","0","13064","119552","bgm_MC022","2","130640023","103640207","0"
"-30","2","0","2015/12/17 15:00:00","103640308","119253","bgm_MC022","20","103640306","20","0","20","bgm_MC022","bgm_MC022","119553","430","103191","0","2030/12/31 14:59:59","90","100750","103640309","103192","0","103192","130640032","130640031","0","阿帕雷尤街道‧東側 64-3","0","bgm_MC022","-50","13064003","119613","32014","103640310","bgm_MC022","211001000","370","3","0","0","0","130640031","103193","0","13064","119372","bgm_MC022","2","130640033","103640307","0"
"30","2","0","2015/12/17 15:00:00","103650108","119553","bgm_MC022","20","103650106","20","0","20","bgm_MC022","bgm_MC022","119343","430","103191","0","2030/12/31 14:59:59","90","100750","103650109","103192","0","103192","130650012","130650011","0","芭菲之城城鎮 65-1","0","bgm_MC022","-50","13065001","119493","32038","103650110","bgm_MC022","211001000","-370","3","0","0","0","130650011","103193","0","13065","129133","bgm_MC022","2","130650013","103650107","0"
"-70","2","0","2015/12/17 15:00:00","103650208","119343","bgm_MC022","20","103650206","20","0","20","bgm_MC022","bgm_MC022","119014","430","103191","0","2030/12/31 14:59:59","90","100750","103650209","103192","0","103192","130650022","130650021","0","芭菲之城城鎮 65-2","0","bgm_MC022","-50","13065002","129194","32066","103650210","bgm_MC022","211001000","10","3","0","0","0","130650021","103193","0","13065","119553","bgm_MC022","2","130650023","103650207","0"
"-30","2","0","2015/12/17 15:00:00","103650308","119104","bgm_MC022","20","103650306","20","0","20","bgm_MC022","bgm_MC022","119584","430","103191","0","2030/12/31 14:59:59","90","100750","103650309","103192","0","103192","130650032","130650031","0","芭菲之城城鎮 65-3","0","bgm_MC022","-50","13065003","119554","32065","103650310","bgm_MC022","211001000","370","3","0","0","0","130650031","103193","0","13065","119493","bgm_MC022","2","130650033","103650307","0"
"-110","2","0","2015/12/17 15:00:00","103670108","129374","bgm_MC086","20","103670106","20","0","20","bgm_MC086","bgm_MC086","11022032","430","103341","0","2030/12/31 14:59:59","90","100800","103670109","103342","0","103342","130670012","130670011","0","渦炎密林 67-1","0","bgm_MC086","-50","13067001","11025032","32088","103670110","bgm_MC086","211001000","-326","3","0","0","0","130670011","103343","0","13067","119584","bgm_MC086","2","130670013","103670107","0"
"-70","2","0","2015/12/17 15:00:00","103670208","129314","bgm_MC086","20","103670206","20","0","20","bgm_MC086","bgm_MC086","11022032","430","103341","0","2030/12/31 14:59:59","90","100800","103670209","103342","0","103342","130670022","130670021","0","渦炎密林 67-2","0","bgm_MC086","-50","13067002","11001032","32089","103670210","bgm_MC086","211001000","10","3","0","0","0","130670021","103343","0","13067","119584","bgm_MC086","2","130670023","103670207","0"
"-20","2","0","2015/12/17 15:00:00","103670308","119494","bgm_MC086","20","103670306","20","0","20","bgm_MC086","bgm_MC086","11001032","430","103341","0","2030/12/31 14:59:59","90","100800","103670309","103342","0","103342","130670032","130670031","0","渦炎密林 67-3","0","bgm_MC086","-50","13067003","11010032","32087","103670310","bgm_MC086","211001000","290","3","0","0","0","130670031","103343","0","13067","119554","bgm_MC086","2","130670033","103670307","0"
"-125","2","0","2015/12/17 15:00:00","103680108","12031032","bgm_MC086","20","103680106","20","0","20","bgm_MC086","bgm_MC086","11001033","430","103341","0","2030/12/31 14:59:59","90","100800","103680109","103342","0","103342","130680012","130680011","0","思索樹海 68-1","0","bgm_MC086","-50","13068001","12004033","32056","103680110","bgm_MC086","211001000","-83","3","0","0","0","130680011","103343","0","13068","11058032","bgm_MC086","2","130680013","103680107","0"
"-41","2","0","2015/12/17 15:00:00","103680208","11052035","bgm_MC086","20","103680207","20","0","20","bgm_MC086","bgm_MC086","11001036","430","103341","0","2030/12/31 14:59:59","90","100800","103680209","103342","0","103342","130680022","130680021","0","思索樹海 68-2","0","bgm_MC086","-50","13068002","11022036","32223","103680210","bgm_MC086","211001000","145","3","0","0","0","130680021","103343","0","13068","11061035","bgm_MC086","2","130680023","103680206","0"
"-90","2","0","2015/12/17 15:00:00","0","0","0","0","0","0","0","20","0","0","0","0","0","0","2030/12/31 14:59:59","0","100800","0","0","0","0","0","0","0","思索樹海 68-3","0","0","0","13068003","0","0","0","0","0","377","0","0","0","0","0","0","0","13068","0","0","0","0","0","0"
"0","2","0","2019/03/06 16:00:00","0","0","bgm_M17_02","15","108010101","15","0","15","bgm_M17","bgm_M17_02","0","200","101331","0","2030/12/31 14:59:59","90","0","0","101332","0","101333","180010012","180010011","0","聖跡調查冒險Lv1","0","bgm_M63","-50","18001001","99002","140001","108010108","bgm_M63","211001000","0","5","0","1","0","180010011","101333","1","18001","0","bgm_M17","0","180010013","108010107","0"
"0","2","0","2019/03/06 16:00:00","108010207","0","bgm_M17_02","15","108010201","15","0","15","bgm_M17","bgm_M17_02","0","300","101341","0","2030/12/31 14:59:59","90","0","0","101342","0","101343","180010022","180010021","0","聖跡調查冒險Lv2","0","bgm_M63","-50","18001002","99002","140001","108010208","bgm_M63","211001000","0","5","0","1","0","180010021","101343","1","18001","0","bgm_M17","0","180010023","108010205","0"
"0","2","0","2021/02/09 05:00:00","0","0","bgm_M17_02","15","108010301","15","0","15","bgm_M17","bgm_M17_02","0","400","101341","0","2030/12/31 14:59:59","90","0","0","101342","0","101343","180010032","180010031","0","聖跡調查冒險Lv3","0","bgm_M63","-50","18001003","99002","140001","108010308","bgm_M63","211001000","0","5","0","1","0","180010031","101343","1","18001","0","bgm_M17","0","180010033","108010306","0"
"0","2","0","2022/02/01 16:00:00","108010404","0","bgm_M17_02","15","108010402","15","0","15","bgm_M17","bgm_M17_02","0","400","101341","0","2030/12/31 14:59:59","90","0","0","101342","0","101343","180010042","180010041","0","聖跡調查冒險Lv4","0","bgm_M63","-50","18001004","99002","140001","108010408","bgm_M63","211001000","0","5","0","1","0","180010041","101343","1","18001","0","bgm_M17","0","180010043","108010403","0"
"0","2","0","2023/01/20 16:00:00","108010507","0","bgm_M17_02","15","108010503","15","0","15","bgm_M17","bgm_M17_02","0","400","101341","0","2030/12/31 14:59:59","90","0","0","101342","0","101343","180010052","180010051","0","聖跡調查冒險Lv5","0","bgm_M63","-50","18001005","99002","140001","108010508","bgm_M63","211001000","0","5","0","1","0","180010051","101343","1","18001","0","bgm_M17","0","180010053","108010501","0"
"0","2","0","2023/08/01 16:00:00","108010605","0","bgm_M17_02","15","108010607","15","0","15","bgm_M17","bgm_M17_02","0","400","101341","0","2030/12/31 14:59:59","90","0","0","101342","0","101343","180010062","180010061","0","聖跡調查冒險Lv6","0","bgm_M63","-50","18001006","99002","140001","108010608","bgm_M63","211001000","0","5","0","1","0","180010061","101343","1","18001","0","bgm_M17","0","180010063","108010606","0"
"0","2","0","2015/12/17 15:00:00","108010707","0","bgm_M17_02","15","108010705","15","0","15","bgm_M17","bgm_M17_02","0","400","101341","0","2030/12/31 14:59:59","90","0","0","101342","0","101343","180010072","180010071","0","聖跡調查冒險Lv7","0","bgm_M63","-50","18001007","99002","140001","108010708","bgm_M63","211001000","0","5","0","1","0","180010071","101343","1","18001","0","bgm_M17","0","180010073","108010706","0"
"0","2","0","2015/12/17 15:00:00","108010807","0","bgm_M17_02","15","108010805","15","0","15","bgm_M17","bgm_M17_02","0","400","101341","0","2030/12/31 14:59:59","90","0","0","101342","0","101343","180010082","180010081","0","聖跡調查冒險Lv8","0","bgm_M63","-50","18001008","99002","140001","108010808","bgm_M63","211001000","0","5","0","1","0","180010081","101343","1","18001","0","bgm_M17","0","180010083","108010806","0"
"0","2","0","2020/01/02 16:00:00","0","0","bgm_M169","15","109010104","15","0","15","bgm_M169","bgm_M169","0","200","102001","0","2030/12/31 14:59:59","90","0","0","102002","0","102003","190010012","190010011","0","神殿調查冒險Lv1","0","bgm_M169","-50","19001001","99002","25001","109010108","bgm_M169","211001000","0","5","0","1","0","190010011","102003","1","19001","0","bgm_M169","0","190010013","109010106","0"
"0","2","0","2020/01/02 16:00:00","0","0","bgm_M169","15","109010203","15","0","15","bgm_M169","bgm_M169","0","300","102001","0","2030/12/31 14:59:59","90","0","0","102002","0","102003","190010022","190010021","0","神殿調查冒險Lv2","0","bgm_M169","-50","19001002","99002","25001","109010208","bgm_M169","211001000","0","5","0","1","0","190010021","102003","1","19001","0","bgm_M169","0","190010023","109010205","0"
"0","2","0","2025/02/01 16:00:00","0","0","bgm_M169","15","109010302","15","0","15","bgm_M169","bgm_M169","0","400","102001","0","2030/12/31 14:59:59","90","0","0","102002","0","102003","190010032","190010031","0","神殿調查冒險Lv3","0","bgm_M169","-50","19001003","99002","25001","109010308","bgm_M169","211001000","0","5","0","1","0","190010031","102003","1","19001","0","bgm_M169","0","190010033","109010304","0"