1741db1c718e9f96f899653f7bbba67ff901930f0b55a275a13c57a7991b8cd0,543b771a2feee9d8f4ca180116228963fbdbd4b05e29f22acb3e619317379700,1fa85ae63e4cd8a7209cb53e64f2890fa8eff27986502d8ec6a898f9a4410e27,91d1d5d452876a4643d3bfbc42d939d2f899beded6a2a3d3eae96d6ea9626199,43a3bd1ef32704547b108e65362acb72d2d2fc2413cd2a375f2a3b17c69e8f39,99d497db48a7236c9f6d7993c3732905f00403713cda7e57f5495300e9a89a5e,66fc924fcdd8ca98f61f49600f6c7df26e62710aed45266eeead5bbc50ba352d,6184c2a753557e831fadef38606b911b7528aa69ba928e5a8952f883cacf0e3d,de8ab571e004254d814da6410f188f5d59a09ddd1c46cf453414c60611ec5541,ec8630e00e0317fc09b233f09e8d3d5192656a859e8c3e24d2887c27dc8290fd,7f10cf02c2888d6fce412ffdd42eb82b36cf5a762952ddc7d617d402dfd39c06
"0","1","1009801","1.95","122711","1009801001","102","-495","lsv_idle_normal","-200","1"
"1","1","1009801","1.95","122811","1009801002","100","-480","lsv_idle_normal","100","1"
"1","1","1009801","1.95","122911","1009801003","101","-510","lsv_idle_normal","270","1"
"0","1","1009801","1","333","1009801004","0","0","lsv_white_loop","0","5"
"0","333","1009801","0","1","1009801005","1","0","","1","6"
"0","122711","1009801","0","1","1009801006","1","0","","1","6"
"0","122811","1009801","0","1","1009801007","1","0","","1","6"
"0","122911","1009801","0","1","1009801008","1","0","","1","6"
"","1","1009801","","0","1009801009","","","","","93"
"0","333","1009801","0.8","1","1009801010","1","0.4","","1","6"
"0.2","122711","1009801","0.2","lsv_jump1","1009801011","0","1","","lsv_idle_normal","3"
"0.2","122811","1009801","0.2","lsv_jump1","1009801012","0","1","","lsv_idle_normal","3"
"0.2","122911","1009801","0.2","lsv_jump1","1009801013","0","1","","lsv_idle_normal","3"
"","0.3","1009801","","","1009801014","","","","","93"
"","122711","1009801","","-200","1009801015","-235","0","","0.75","2"
"","122811","1009801","","100","1009801016","-220","0","","0.75","2"
"","122911","1009801","","270","1009801017","-250","0","","0.75","2"
"0","122711","1009801","0.4","1","1009801018","1","1","","1","6"
"0","122811","1009801","0.4","1","1009801019","1","1","","1","6"
"0","122911","1009801","0.4","1","1009801020","1","1","","1","6"
"","2","1009801","","0","1009801021","","","","","93"
"","122911","1009801","0.2","lsv_talk_joy1","1009801022","1","","","","3"
"","vo_lsv","1009801","","vo_lsv_0121","1009801023","0","","","0","21"
"0","122911","1009801","0","「小繆快快長大日記」♪\n開始囉開始囉～","1009801024","10","1","0","1","11"
"","0","1009801","","","1009801025","","","","","91"
"","122911","1009801","0.2","lsv_idle_normal_joyR","1009801026","1","","","","3"
"","122711","1009801","0.2","lsv_talk_normal","1009801027","1","","","","3"
"","vo_lsv","1009801","","vo_lsv_0122","1009801028","0","","","0","21"
"0","122711","1009801","0","大家一起寫這本日記，\n留下和小繆的\n回憶吧。","1009801029","10","1","0","1","11"
"","0","1009801","","","1009801030","","","","","91"
"","122711","1009801","0.2","lsv_idle_normal","1009801031","1","","","","3"
"","122911","1009801","0.2","lsv_idle_normal","1009801032","1","","","","3"
"0.2","122811","1009801","0","lsv_talk_cool","1009801033","0","1","","lsv_talk_cool_loop","3"
"","vo_lsv","1009801","","vo_lsv_0123","1009801034","0","","","0","21"
"0","122811","1009801","0","話說回來……\n鏡華連日記都很認真寫呢～\n像要給老師看的一樣！","1009801035","10","1","0","1","11"
"","0","1009801","","","1009801036","","","","","91"
"","122811","1009801","0.2","lsv_talk_bitter","1009801037","1","","","","3"
"","vo_lsv","1009801","","vo_lsv_0124","1009801038","0","","","0","21"
"0","122811","1009801","0","這只有我們會看而已，\n可以寫得再隨興一點嘛～♪","1009801039","10","1","0","1","11"
"","0","1009801","","","1009801040","","","","","91"
"","122811","1009801","0.2","lsv_idle_joy","1009801041","1","","","","3"
"","122711","1009801","0.2","lsv_talk_anger2","1009801042","1","","","","3"
"","vo_lsv","1009801","","vo_lsv_0125","1009801043","0","","","0","21"
"0","122711","1009801","0","寫、寫得隨興一點……！\n這我做不到。","1009801044","10","1","0","1","11"
"","0","1009801","","","1009801045","","","","","91"
"","122711","1009801","0.2","lsv_idle_anger2","1009801046","1","","","","3"
"","122911","1009801","0.2","lsv_talk_normal","1009801047","1","","","","3"
"","vo_lsv","1009801","","vo_lsv_0126","1009801048","0","","","0","21"
"0","122911","1009801","0","不要緊的～\n美美覺得鏡華的日記\n也很棒啊♪","1009801049","10","1","0","1","11"
"","0","1009801","","","1009801050","","","","","91"
"","122911","1009801","0.2","lsv_idle_normal_joyR","1009801051","1","","","","3"
"0.2","122711","1009801","0","lsv_talk_guts2_anger","1009801052","0","1","","lsv_talk_guts2_anger_loop","3"
"","vo_lsv","1009801","","vo_lsv_0127","1009801053","0","","","0","21"
"0","122711","1009801","0","總、總之！\n這本日記也是為了要\n更了解小繆而寫的喔？","1009801054","10","1","0","1","11"
"","0","1009801","","","1009801055","","","","","91"
"","122711","1009801","0.2","lsv_talk_normal_worry","1009801056","1","","","","3"
"","vo_lsv","1009801","","vo_lsv_0128","1009801057","0","","","0","21"
"0","122711","1009801","0","因為如果不曉得是什麼生物，\n養起來會很辛苦……\n可別忘了這點喔？","1009801058","10","1","0","1","11"
"","0","1009801","","","1009801059","","","","","91"
"","122711","1009801","0.2","lsv_idle_normal","1009801060","1","","","","3"
"0.2","122811","1009801","0","lsv_hello","1009801061","0","1","","lsv_idle_normal","3"
"0.2","122911","1009801","0","lsv_hello","1009801062","0","1","","lsv_idle_normal_joyR","3"
"","vo_lsv","1009801","","vo_lsv_0129","1009801063","0","","","0","21"
"0","122811","1009801","0","好──！","1009801064","10","1","0","1","11"
"0","122911","1009801","0","好──！","1009801065","10","1","0","1","11"
"","0","1009801","","","1009801066","","","","","91"
"","122711","1009801","0.2","lsv_idle_normal","1009801067","1","","","","3"
"","122911","1009801","0.2","lsv_talk_surprise","1009801068","1","","","","3"
"","vo_lsv","1009801","","vo_lsv_0130","1009801069","0","","","0","21"
"0","122911","1009801","0","小繆好不可思議喔～\n第一次見到時\n真的嚇了一跳！","1009801070","10","1","0","1","11"
"","0","1009801","","","1009801071","","","","","91"
"","122911","1009801","0.2","lsv_idle_normal_suprise1","1009801072","1","","","","3"
"0.2","122811","1009801","0","lsv_talk_cool","1009801073","0","1","","lsv_talk_cool_loop","3"
"","vo_lsv","1009801","","vo_lsv_0131","1009801074","0","","","0","21"
"0","122811","1009801","0","畢竟蛋也跟石頭很像嘛！\n吶，哥哥覺得\n牠是什麼生物？","1009801075","10","1","0","1","11"
"","0","1009801","","","1009801076","","","","","91"
"0.2","122711","1009801","0","lsv_choice","1009801077","0","1","","lsv_look_idle_normal","3"
"0.2","122811","1009801","0","lsv_choice","1009801078","0","1","","lsv_look_idle_normal","3"
"0.2","122911","1009801","0","lsv_choice","1009801079","0","1","","lsv_look_idle_normal","3"
"","0.1","1009801","","0","1009801080","","","","","93"
"0.2","122711","1009801","","-452","1009801081","-235","2","","0.33","2"
"0.2","122811","1009801","","420","1009801082","-220","2","","0.33","2"
"0.2","122911","1009801","","545","1009801083","-250","2","","0.33","2"
"","0","1009801","0.2","0","1009801084","1","","","","22"
"","怪獸的寶寶。","1009801","","1009801088","1009801085","0","","","","103"
"","大隻的蛞蝓。","1009801","","1009801102","1009801086","0","","","","103"
"","有毒的生物。","1009801","","1009801115","1009801087","0","","","","103"
"0.2","122711","1009801","0","lsv_choice","1009801088","0","1","","lsv_idle_normal","3"
"0.2","122811","1009801","0","lsv_choice","1009801089","0","1","","lsv_idle_normal","3"
"0.2","122911","1009801","0","lsv_choice","1009801090","0","1","","lsv_idle_normal","3"
"","0.1","1009801","","0","1009801091","","","","","93"
"0.2","122711","1009801","","-200","1009801092","-235","2","","0.33","2"
"0.2","122811","1009801","","100","1009801093","-220","2","","0.33","2"
"0.2","122911","1009801","","270","1009801094","-250","2","","0.33","2"
"","0.7","1009801","","0","1009801095","","","","","93"
"","122911","1009801","0.2","lsv_talk_wish_joy","1009801096","1","","","","3"
"","vo_lsv","1009801","","vo_lsv_0132","1009801097","0","","","0","21"
"0","122911","1009801","0","怪獸先生？\n那一定會長很大吧～♪\n會長得比城堡還要大嗎？","1009801098","10","1","0","1","11"
"","0","1009801","","","1009801099","","","","","91"
"","122911","1009801","0.2","lsv_idle_normal","1009801100","1","","","","3"
"","1009801129","1009801","","","1009801101","","","","","101"
"0.2","122711","1009801","0","lsv_choice","1009801102","0","1","","lsv_idle_normal","3"
"0.2","122811","1009801","0","lsv_choice","1009801103","0","1","","lsv_idle_normal","3"
"0.2","122911","1009801","0","lsv_choice","1009801104","0","1","","lsv_idle_normal","3"
"","0.1","1009801","","0","1009801105","","","","","93"
"0.2","122711","1009801","","-200","1009801106","-235","2","","0.33","2"
"0.2","122811","1009801","","100","1009801107","-220","2","","0.33","2"
"0.2","122911","1009801","","270","1009801108","-250","2","","0.33","2"
"","0.7","1009801","","0","1009801109","","","","","93"
"","122811","1009801","0.2","lsv_talk_bitter_sad","1009801110","1","","","","3"
"","vo_lsv","1009801","","vo_lsv_0133","1009801111","0","","","0","21"
"0","122811","1009801","0","咦──蛞蝓～？\n感覺不怎麼帥氣……\n那還是不要讓牠接近鹽好了？","1009801112","10","1","0","1","11"
"","0","1009801","","","1009801113","","","","","91"
"","1009801129","1009801","","","1009801114","","","","","101"
"0.2","122711","1009801","0","lsv_choice","1009801115","0","1","","lsv_idle_normal","3"
"0.2","122811","1009801","0","lsv_choice","1009801116","0","1","","lsv_idle_normal","3"
"0.2","122911","1009801","0","lsv_choice","1009801117","0","1","","lsv_idle_normal","3"
"","0.1","1009801","","0","1009801118","","","","","93"
"0.2","122711","1009801","","-200","1009801119","-235","2","","0.33","2"
"0.2","122811","1009801","","100","1009801120","-220","2","","0.33","2"
"0.2","122911","1009801","","270","1009801121","-250","2","","0.33","2"
"","0.7","1009801","","0","1009801122","","","","","93"
"","122711","1009801","0.2","lsv_talk_normal_worry","1009801123","1","","","","3"
"","vo_lsv","1009801","","vo_lsv_0134","1009801124","0","","","0","21"
"0","122711","1009801","0","大家都一起摸過牠了，\n這不可能啦。\n更何況……牠那麼可愛。","1009801125","10","1","0","1","11"
"","0","1009801","","","1009801126","","","","","91"
"","122711","1009801","0.2","lsv_idle_normal","1009801127","1","","","","3"
"","1009801129","1009801","","","1009801128","","","","","101"
"","0","1009801","","","1009801129","","","","","91"
"0.2","122811","1009801","0","lsv_talk_arm_crossed_joy","1009801130","0","1","","lsv_talk_arm_crossed_loop_joy","3"
"","vo_lsv","1009801","","vo_lsv_0135","1009801131","0","","","0","21"
"0","122811","1009801","0","哎，不管怎麼樣，\n養養看就知道啦！\n那麼，一起加油吧──！","1009801132","10","1","0","1","11"
"","0","1009801","","","1009801133","","","","","91"
"0.2","122811","1009801","0","lsv_handsup_joy","1009801134","0","1","","lsv_idle_normal_joy","3"
"0.2","122911","1009801","0","lsv_handsup_joy","1009801135","0","1","","lsv_idle_normal_joy","3"
"0.2","122711","1009801","0","lsv_handsup_joy2","1009801136","0","1","","lsv_idle_normal_joy","3"
"","vo_lsv","1009801","","vo_lsv_0136","1009801137","0","","","0","21"
"0","122811","1009801","0","喔──！","1009801138","10","1","0","1","11"
"0","122911","1009801","0","喔──！","1009801139","10","1","0","1","11"
"0","122711","1009801","0","喔──！","1009801140","10","1","0","1","11"
"","0","1009801","","","1009801141","","","","","91"
"","0","1009801","","0.2","1009801142","","","","","22"
"","0.2","1009801","","","1009801143","","","","","93"
"","","1009801","","","1009801144","","","","","102"
"0","122911","1009801","0","7","1009801145","1","0","0","0","12"
"","122911","1009801","0.2","lsv_talk_joy3","1009801146","1","","","","3"
"","3","1009801","","0","1009801147","","","","","93"
"","122911","1009801","0.2","lsv_idle_normal_joyR","1009801148","1","","","","3"
"0","122811","1009801","0","6","1009801149","1","0","0","0","12"
"0.2","122811","1009801","0","lsv_talk_guts1","1009801150","0","1","","lsv_talk_guts1_loop","3"
"","3","1009801","","0","1009801151","","","","","93"
"","122811","1009801","0.2","lsv_idle_joy","1009801152","1","","","","3"
"0","122711","1009801","0","10","1009801153","1","0","0","0","12"
"","122711","1009801","0.2","lsv_talk_joy1_normal","1009801154","1","","","","3"
"","3","1009801","","0","1009801155","","","","","93"
"","122711","1009801","0.2","lsv_idle_normal_joy","1009801156","1","","","","3"
"","1009801145","1009801","","","1009801157","","","","","101"
"0","333","1009801","1","1","1009801158","1","0","","1","6"
"","122711","1009801","","1","1009801159","","","","","4"
"","122711","1009801","0.2","lsv_run","1009801160","1","","","","3"
"","122711","1009801","","-750","1009801161","-235","0","","0.8","2"
"","122811","1009801","","0","1009801162","","","","","4"
"","122811","1009801","0.2","lsv_run","1009801163","1","","","","3"
"","122811","1009801","","750","1009801164","-220","0","","0.8","2"
"","122911","1009801","","0","1009801165","","","","","4"
"","122911","1009801","0.2","lsv_run","1009801166","1","","","","3"
"","122911","1009801","","850","1009801167","-250","0","","0.8","2"
"","0.6","1009801","","","1009801168","","","","","93"
"0","122711","1009801","0.2","1","1009801169","1","0","","1","6"
"0","122811","1009801","0.2","1","1009801170","1","0","","1","6"
"0","122911","1009801","0.2","1","1009801171","1","0","","1","6"
"","0","1009801","","","1009801172","","","","","91"
"0","1","1009802","1.95","122911","1009802001","102","-235","lsv_idle_normal","-650","1"
"1","1","1009802","1.95","122811","1009802002","100","-220","lsv_idle_normal","650","1"
"1","1","1009802","1.95","122711","1009802003","101","-250","lsv_idle_normal","750","1"
"0","1","1009802","1","333","1009802004","0","0","lsv_white_loop","0","5"
"0","333","1009802","0","1","1009802005","1","0","","1","6"
"0","122911","1009802","0","1","1009802006","1","0","","1","6"
"0","122811","1009802","0","1","1009802007","1","0","","1","6"
"0","122711","1009802","0","1","1009802008","1","0","","1","6"
"","1","1009802","","0","1009802009","","","","","93"
"0","333","1009802","0.8","1","1009802010","1","0.4","","1","6"
"","122911","1009802","0.2","lsv_walk","1009802011","1","","","","3"
"","122911","1009802","","-200","1009802012","-235","0","","2","2"
"0","122911","1009802","0.4","1","1009802013","1","1","","1","6"
"","122811","1009802","0.2","lsv_walk","1009802014","1","","","","3"
"","122811","1009802","","100","1009802015","-220","0","","2","2"
"0","122811","1009802","0.4","1","1009802016","1","1","","1","6"
"","122711","1009802","0.2","lsv_walk","1009802017","1","","","","3"
"","122711","1009802","","270","1009802018","-250","0","","2","2"
"0","122711","1009802","0.4","1","1009802019","1","1","","1","6"
"","2","1009802","","0","1009802020","","","","","93"
"","122911","1009802","0.2","lsv_idle_normal","1009802021","1","","","","3"
"","122811","1009802","0.2","lsv_idle_normal","1009802022","1","","","","3"
"","122711","1009802","0.2","lsv_idle_normal","1009802023","1","","","","3"
"","0.6","1009802","","0","1009802024","","","","","93"
"","122811","1009802","0.2","lsv_talk_sad_dead","1009802025","1","","","","3"
"","vo_lsv","1009802","","vo_lsv_0221","1009802026","0","","","0","21"
"0","122811","1009802","0","雖然又去了一次海邊，\n還是找不到\n小繆的家人耶。","1009802027","10","1","0","1","11"
"","0","1009802","","","1009802028","","","","","91"
"","122811","1009802","0.2","lsv_idle_sad_talk1","1009802029","1","","","","3"
"","122711","1009802","0.2","lsv_talk_thinking_sadR","1009802030","1","","","","3"
"","vo_lsv","1009802","","vo_lsv_0222","1009802031","0","","","0","21"
"0","122711","1009802","0","嗯，不僅如此，\n搞不懂的事\n又更多了呢。","1009802032","10","1","0","1","11"
"","0","1009802","","","1009802033","","","","","91"
"","122711","1009802","0.2","lsv_idle_normal_suprise1","1009802034","1","","","","3"
"","122811","1009802","0.2","lsv_idle_normal","1009802035","1","","","","3"
"","122911","1009802","0.2","lsv_talk_normal","1009802036","1","","","","3"
"","vo_lsv","1009802","","vo_lsv_0223","1009802037","0","","","0","21"
"0","122911","1009802","0","但知道小繆\n會吃什麼了呢～\n跟我們吃一樣的就行了♪","1009802038","10","1","0","1","11"
"","0","1009802","","","1009802039","","","","","91"
"","122911","1009802","0.2","lsv_idle_normal_joyR","1009802040","1","","","","3"
"","122711","1009802","0.2","lsv_talk_normal","1009802041","1","","","","3"
"","vo_lsv","1009802","","vo_lsv_0224","1009802042","0","","","0","21"
"0","122711","1009802","0","啊，確實如此。\n這件事有搞清楚\n真是太好了。","1009802043","10","1","0","1","11"
"","0","1009802","","","1009802044","","","","","91"
"","122711","1009802","0.2","lsv_idle_normal","1009802045","1","","","","3"
"","122911","1009802","0.2","lsv_talk_surprise","1009802046","1","","","","3"
"","vo_lsv","1009802","","vo_lsv_0225","1009802047","0","","","0","21"
"0","122911","1009802","0","小繆會喜歡\n哪種食物呢～？\n哥哥知道嗎？","1009802048","10","1","0","1","11"
"","0","1009802","","","1009802049","","","","","91"
"","122911","1009802","0.2","lsv_idle_surprise_talkjoy","1009802050","1","","","","3"
"0.2","122911","1009802","0","lsv_choice","1009802051","0","1","","lsv_look_idle_normal","3"
"0.2","122811","1009802","0","lsv_choice","1009802052","0","1","","lsv_look_idle_normal","3"
"0.2","122711","1009802","0","lsv_choice","1009802053","0","1","","lsv_look_idle_normal","3"
"","0.1","1009802","","0","1009802054","","","","","93"
"0.2","122911","1009802","","-452","1009802055","-235","2","","0.33","2"
"0.2","122811","1009802","","420","1009802056","-220","2","","0.33","2"
"0.2","122711","1009802","","545","1009802057","-250","2","","0.33","2"
"","0","1009802","0.2","0","1009802058","1","","","","22"
"","蛋糕。","1009802","","1009802062","1009802059","0","","","","103"
"","蘋果。","1009802","","1009802086","1009802060","0","","","","103"
"","麵包。","1009802","","1009802109","1009802061","0","","","","103"
"0.2","122911","1009802","0","lsv_choice","1009802062","0","1","","lsv_idle_normal","3"
"0.2","122811","1009802","0","lsv_choice","1009802063","0","1","","lsv_idle_normal","3"
"0.2","122711","1009802","0","lsv_choice","1009802064","0","1","","lsv_idle_normal","3"
"","0.1","1009802","","0","1009802065","","","","","93"
"0.2","122911","1009802","","-200","1009802066","-235","2","","0.33","2"
"0.2","122811","1009802","","100","1009802067","-220","2","","0.33","2"
"0.2","122711","1009802","","270","1009802068","-250","2","","0.33","2"
"","0.7","1009802","","0","1009802069","","","","","93"
"","122911","1009802","0.2","lsv_talk_joy3","1009802070","1","","","","3"
"","vo_lsv","1009802","","vo_lsv_0226","1009802071","0","","","0","21"
"0","122911","1009802","0","蛋糕很好吃嘛～\n美美也最～喜歡了♪","1009802072","10","1","0","1","11"
"","0","1009802","","","1009802073","","","","","91"
"","122911","1009802","0.2","lsv_idle_normal_joy","1009802074","1","","","","3"
"","122811","1009802","0.2","lsv_talk_wish_joy","1009802075","1","","","","3"
"","vo_lsv","1009802","","vo_lsv_0227","1009802076","0","","","0","21"
"0","122811","1009802","0","蛋糕……既然如此，\n也來調查牠喜歡哪種蛋糕吧！\n這樣一定更好！","1009802077","10","1","0","1","11"
"","0","1009802","","","1009802078","","","","","91"
"","122811","1009802","0.2","lsv_idle_wish_joy","1009802079","1","","","","3"
"0.2","122711","1009802","0","lsv_talk_doya_shy","1009802080","0","1","","lsv_talk_doya_shy_loop","3"
"","vo_lsv","1009802","","vo_lsv_0228","1009802081","0","","","0","21"
"0","122711","1009802","0","說是這麼說，其實只是\n妳自己想吃各種蛋糕吧……\n不過我也贊成♪","1009802082","10","1","0","1","11"
"","0","1009802","","","1009802083","","","","","91"
"","122711","1009802","0.2","lsv_idle_doya","1009802084","1","","","","3"
"","1009802133","1009802","","","1009802085","","","","","101"
"0.2","122911","1009802","0","lsv_choice","1009802086","0","1","","lsv_idle_normal","3"
"0.2","122811","1009802","0","lsv_choice","1009802087","0","1","","lsv_idle_normal","3"
"0.2","122711","1009802","0","lsv_choice","1009802088","0","1","","lsv_idle_normal","3"
"","0.1","1009802","","0","1009802089","","","","","93"
"0.2","122911","1009802","","-200","1009802090","-235","2","","0.33","2"
"0.2","122811","1009802","","100","1009802091","-220","2","","0.33","2"
"0.2","122711","1009802","","270","1009802092","-250","2","","0.33","2"
"","0.7","1009802","","0","1009802093","","","","","93"
"","122711","1009802","0.2","lsv_talk_thinking_joyR","1009802094","1","","","","3"
"","vo_lsv","1009802","","vo_lsv_0229","1009802095","0","","","0","21"
"0","122711","1009802","0","蘋果……水果啊。\n很健康，我覺得很不錯。","1009802096","10","1","0","1","11"
"","0","1009802","","","1009802097","","","","","91"
"","122711","1009802","0.2","lsv_idle_normal_joy","1009802098","1","","","","3"
"0.2","122911","1009802","0","lsv_talk_guts2_joy","1009802099","0","1","","lsv_talk_guts2_joy_loop","3"
"","vo_lsv","1009802","","vo_lsv_0230","1009802100","0","","","0","21"
"0","122911","1009802","0","美美喜歡切成\n兔子形狀的蘋果～♪","1009802101","10","1","0","1","11"
"","0","1009802","","","1009802102","","","","","91"
"","122911","1009802","0.2","lsv_idle_normal_joyR","1009802103","1","","","","3"
"0.2","122811","1009802","0","lsv_talk_guts2","1009802104","0","1","","lsv_talk_guts2_loop","3"
"","vo_lsv","1009802","","vo_lsv_0231","1009802105","0","","","0","21"
"0","122811","1009802","0","我們也切給牠吃吧！\n雖然好像很難，\n但總會有辦法的！","1009802106","10","1","0","1","11"
"","0","1009802","","","1009802107","","","","","91"
"","1009802133","1009802","","","1009802108","","","","","101"
"0.2","122911","1009802","0","lsv_choice","1009802109","0","1","","lsv_idle_normal","3"
"0.2","122811","1009802","0","lsv_choice","1009802110","0","1","","lsv_idle_normal","3"
"0.2","122711","1009802","0","lsv_choice","1009802111","0","1","","lsv_idle_normal","3"
"","0.1","1009802","","0","1009802112","","","","","93"
"0.2","122911","1009802","","-200","1009802113","-235","2","","0.33","2"
"0.2","122811","1009802","","100","1009802114","-220","2","","0.33","2"
"0.2","122711","1009802","","270","1009802115","-250","2","","0.33","2"
"","0.7","1009802","","0","1009802116","","","","","93"
"","122811","1009802","0.2","lsv_talk_normal_worry","1009802117","1","","","","3"
"","vo_lsv","1009802","","vo_lsv_0232","1009802118","0","","","0","21"
"0","122811","1009802","0","麵包啊……感覺好普通喔──\n我們也每天都在吃。","1009802119","10","1","0","1","11"
"","0","1009802","","","1009802120","","","","","91"
"","122811","1009802","0.2","lsv_idle_normal_suprise1","1009802121","1","","","","3"
"","122711","1009802","0.2","lsv_talk_normal","1009802122","1","","","","3"
"","vo_lsv","1009802","","vo_lsv_0233","1009802123","0","","","0","21"
"0","122711","1009802","0","不過，如果真的討厭\n是沒辦法每天吃的。\n而且也能換換口味。","1009802124","10","1","0","1","11"
"","0","1009802","","","1009802125","","","","","91"
"","122711","1009802","0.2","lsv_idle_normal","1009802126","1","","","","3"
"","122911","1009802","0.2","lsv_talk_wish_joy","1009802127","1","","","","3"
"","vo_lsv","1009802","","vo_lsv_0234","1009802128","0","","","0","21"
"0","122911","1009802","0","如果是三明治，\n我們或許也做得出來！\n來做做看吧～♪","1009802129","10","1","0","1","11"
"","0","1009802","","","1009802130","","","","","91"
"","122911","1009802","0.2","lsv_idle_wish_joyR","1009802131","1","","","","3"
"","1009802133","1009802","","","1009802132","","","","","101"
"","0","1009802","","","1009802133","","","","","91"
"","","1009802","","","1009802134","","","","","102"
"","0","1009802","","0.2","1009802135","","","","","22"
"","0.2","1009802","","","1009802136","","","","","93"
"0","122811","1009802","0","11","1009802137","1","0","0","0","12"
"0.2","122811","1009802","0.2","lsv_surprise3_kira","1009802138","0","1","","lsv_surprise3_kira_loop","3"
"","3","1009802","","0","1009802139","","","","","93"
"","122811","1009802","0.2","lsv_idle_normal_joy","1009802140","1","","","","3"
"0","122711","1009802","0","10","1009802141","1","0","0","0","12"
"","122711","1009802","0.2","lsv_talk_joy3_dere","1009802142","1","","","","3"
"","3","1009802","","0","1009802143","","","","","93"
"","122711","1009802","0.2","lsv_idle_normal_joy","1009802144","1","","","","3"
"0","122911","1009802","0","7","1009802145","1","0","0","0","12"
"","122911","1009802","0.2","lsv_talk_memory","1009802146","1","","","","3"
"","3","1009802","","0","1009802147","","","","","93"
"","122911","1009802","0.2","lsv_idle_normal_joyR","1009802148","1","","","","3"
"","1009802137","1009802","","","1009802149","","","","","101"
"0","333","1009802","1","1","1009802150","1","0","","1","6"
"","122911","1009802","","1","1009802151","","","","","4"
"","122911","1009802","0.2","lsv_run","1009802152","1","","","","3"
"","122911","1009802","","-750","1009802153","-235","0","","0.8","2"
"","122811","1009802","","0","1009802154","","","","","4"
"","122811","1009802","0.2","lsv_run","1009802155","1","","","","3"
"","122811","1009802","","750","1009802156","-220","0","","0.8","2"
"","122711","1009802","","0","1009802157","","","","","4"
"","122711","1009802","0.2","lsv_run","1009802158","1","","","","3"
"","122711","1009802","","850","1009802159","-250","0","","0.8","2"
"","0.6","1009802","","","1009802160","","","","","93"
"0","122911","1009802","0.2","1","1009802161","1","0","","1","6"
"0","122811","1009802","0.2","1","1009802162","1","0","","1","6"
"0","122711","1009802","0.2","1","1009802163","1","0","","1","6"
"","0","1009802","","","1009802164","","","","","91"
"0","1","1009803","1.95","100411","1009803001","101","-220","lsv_idle_normal","-700","1"
"0","1","1009803","1.95","103611","1009803002","100","-235","lsv_idle_normal","-550","1"
"0","1","1009803","1.95","102011","1009803003","102","-250","lsv_idle_normal","-800","1"
"0","1","1009803","1","333","1009803004","0","0","lsv_white_loop","0","5"
"0","333","1009803","0","1","1009803005","1","0","","1","6"
"","3","1009803","0","13","1009803006","-630","1.3","","110","31"
"0","100411","1009803","0","1","1009803007","1","0","","1","6"
"0","103611","1009803","0","1","1009803008","1","0","","1","6"
"0","102011","1009803","0","1","1009803009","1","0","","1","6"
"","1","1009803","","0","1009803010","","","","","93"
"0","333","1009803","0.8","1","1009803011","1","0.4","","1","6"
"","100411","1009803","0.2","lsv_walk_glad","1009803012","1","","","","3"
"","100411","1009803","","-100","1009803013","-220","0","","2","2"
"0","100411","1009803","0.4","1","1009803014","1","1","","1","6"
"","103611","1009803","0.2","lsv_walk_glad2","1009803015","1","","","","3"
"","103611","1009803","","100","1009803016","-235","0","","2.2","2"
"0","103611","1009803","0.4","1","1009803017","1","1","","1","6"
"","102011","1009803","0.2","lsv_walk_glad","1009803018","1","","","","3"
"","102011","1009803","","-270","1009803019","-250","0","","2","2"
"0","102011","1009803","0.4","1","1009803020","1","1","","1","6"
"","13","1009803","","1","1009803021","","","","","32"
"","13","1009803","","-180","1009803022","110","0","","2","33"
"","2","1009803","","","1009803023","","","","","93"
"","13","1009803","","0","1009803024","","","","","32"
"","100411","1009803","0.2","lsv_idle_normal","1009803025","1","","","","3"
"","102011","1009803","0.2","lsv_idle_normal","1009803026","1","","","","3"
"","0.2","1009803","","","1009803027","","","","","93"
"","103611","1009803","","1","1009803028","","","","","4"
"","103611","1009803","0.2","lsv_idle_normal","1009803029","1","","","","3"
"","0.5","1009803","","","1009803030","","","","","93"
"0","100411","1009803","0","10","1009803031","0.5","","","","12"
"0.2","100411","1009803","0","lsv_smile2","1009803032","0","1","","lsv_idle_normal","3"
"0","103611","1009803","0","10","1009803033","0.5","","","","12"
"0.2","103611","1009803","0","lsv_smile2","1009803034","0","1","","lsv_idle_normal","3"
"0","102011","1009803","0","10","1009803035","0.5","","","","12"
"0.2","102011","1009803","0","lsv_smile2","1009803036","0","1","","lsv_idle_normal","3"
"","2","1009803","","","1009803037","","","","","93"
"","103611","1009803","","0","1009803038","","","","","4"
"","103611","1009803","0.2","lsv_walk","1009803039","1","","","","3"
"","103611","1009803","","200","1009803040","-235","0","","0.5","2"
"","0.5","1009803","","","1009803041","","","","","93"
"","103611","1009803","0.2","lsv_idle_normal","1009803042","1","","","","3"
"","0","1009803","","","1009803043","","","","","93"
"","103611","1009803","","1","1009803044","","","","","4"
"","0.6","1009803","","","1009803045","","","","","93"
"","102011","1009803","0.2","lsv_talk_memory_dere2","1009803046","1","","","","3"
"","vo_lsv","1009803","","vo_lsv_0321","1009803047","0","","","0","21"
"0","102011","1009803","0","可麗餅好好吃喔～\n美美可能吃太多了……\n欸嘿嘿♪","1009803048","10","1","0","1","11"
"","0","1009803","","","1009803049","","","","","91"
"","102011","1009803","0.2","lsv_idle_memory","1009803050","1","","","","3"
"","100411","1009803","0.2","lsv_talk_normal","1009803051","1","","","","3"
"","vo_lsv","1009803","","vo_lsv_0322","1009803052","0","","","0","21"
"0","100411","1009803","0","一般程度的好吃呢！\n真的是一般程度！\n……啊，這是好的意思喔？","1009803053","10","1","0","1","11"
"","0","1009803","","","1009803054","","","","","91"
"","100411","1009803","0.2","lsv_idle_normal_joyR","1009803055","1","","","","3"
"","102011","1009803","0.2","lsv_idle_normal","1009803056","1","","","","3"
"","103611","1009803","0.2","lsv_talk_sad","1009803057","1","","","","3"
"","vo_lsv","1009803","","vo_lsv_0323","1009803058","0","","","0","21"
"0","103611","1009803","0","我就不仔細問了……\n話說回來，\n去圖書館什麼也沒找到呢。","1009803059","10","1","0","1","11"
"","0","1009803","","","1009803060","","","","","91"
"","103611","1009803","0.2","lsv_idle_sad","1009803061","1","","","","3"
"","100411","1009803","0.2","lsv_talk_cool_normal2_loop","1009803062","1","","","","3"
"","vo_lsv","1009803","","vo_lsv_0324","1009803063","0","","","0","21"
"0","100411","1009803","0","嗯，但既然有那麼多書，\n遲早會找到\n跟小繆有關的書的！","1009803064","10","1","0","1","11"
"","0","1009803","","","1009803065","","","","","91"
"","100411","1009803","0.2","lsv_idle_cool","1009803066","1","","","","3"
"","103611","1009803","0.2","lsv_talk_joy3_dere","1009803067","1","","","","3"
"","vo_lsv","1009803","","vo_lsv_0325","1009803068","0","","","0","21"
"0","103611","1009803","0","……嗯，妳說得對。\n大家下次再一起去吧。","1009803069","10","1","0","1","11"
"","0","1009803","","","1009803070","","","","","91"
"","103611","1009803","0.2","lsv_idle_normal","1009803071","1","","","","3"
"","102011","1009803","0.2","lsv_look_talk_normal","1009803072","1","","","","3"
"","vo_lsv","1009803","","vo_lsv_0326","1009803073","0","","","0","21"
"0","102011","1009803","0","啊，對了……\n哥哥在圖書館借了書吧？\n是什麼書？","1009803074","10","1","0","1","11"
"","0","1009803","","","1009803075","","","","","91"
"0.2","100411","1009803","0","lsv_choice","1009803076","0","1","","lsv_look_idle_normal","3"
"0.2","103611","1009803","0","lsv_choice","1009803077","0","1","","lsv_look_idle_normal","3"
"0.2","102011","1009803","0","lsv_choice","1009803078","0","1","","lsv_look_idle_normal","3"
"","0.1","1009803","","0","1009803079","","","","","93"
"0.2","100411","1009803","","-420","1009803080","-220","2","","0.33","2"
"0.2","103611","1009803","","452","1009803081","-235","2","","0.33","2"
"0.2","102011","1009803","","-545","1009803082","-250","2","","0.33","2"
"","0","1009803","0.2","0","1009803083","1","","","","22"
"","漫畫。","1009803","","1009803087","1009803084","0","","","","103"
"","繪本。","1009803","","1009803111","1009803085","0","","","","103"
"","小說。","1009803","","1009803135","1009803086","0","","","","103"
"0.2","100411","1009803","0","lsv_choice","1009803087","0","1","","lsv_idle_normal","3"
"0.2","103611","1009803","0","lsv_choice","1009803088","0","1","","lsv_idle_normal","3"
"0.2","102011","1009803","0","lsv_choice","1009803089","0","1","","lsv_idle_normal","3"
"","0.1","1009803","","0","1009803090","","","","","93"
"0.2","100411","1009803","","-100","1009803091","-220","2","","0.33","2"
"0.2","103611","1009803","","200","1009803092","-235","2","","0.33","2"
"0.2","102011","1009803","","-270","1009803093","-250","2","","0.33","2"
"","0.7","1009803","","0","1009803094","","","","","93"
"0.2","100411","1009803","0","lsv_surprise3_kira","1009803095","0","1","","lsv_surprise3_kira_loop","3"
"","vo_lsv","1009803","","vo_lsv_0327","1009803096","0","","","0","21"
"0","100411","1009803","0","咦？竟然有漫畫！？\n禊也想看──！\n哥哥，我們一起看吧！","1009803097","10","1","0","1","11"
"","0","1009803","","","1009803098","","","","","91"
"","100411","1009803","0.2","lsv_idle_joy_dere","1009803099","1","","","","3"
"0.2","102011","1009803","0","lsv_talk_guts2_joy2","1009803100","0","1","","lsv_talk_guts2_joy2_loop","3"
"","vo_lsv","1009803","","vo_lsv_0328","1009803101","0","","","0","21"
"0","102011","1009803","0","美美也想看～！","1009803102","10","1","0","1","11"
"","0","1009803","","","1009803103","","","","","91"
"","102011","1009803","0.2","lsv_idle_guts2_joy2","1009803104","1","","","","3"
"","103611","1009803","0.2","lsv_talk_joy3_shy","1009803105","1","","","","3"
"","vo_lsv","1009803","","vo_lsv_0329","1009803106","0","","","0","21"
"0","103611","1009803","0","大家都……\n……那個，我也可以一起看嗎？","1009803107","10","1","0","1","11"
"","0","1009803","","","1009803108","","","","","91"
"","103611","1009803","0.2","lsv_idle_joy_shy","1009803109","1","","","","3"
"","1009803161","1009803","","","1009803110","","","","","101"
"0.2","100411","1009803","0","lsv_choice","1009803111","0","1","","lsv_idle_normal","3"
"0.2","103611","1009803","0","lsv_choice","1009803112","0","1","","lsv_idle_normal","3"
"0.2","102011","1009803","0","lsv_choice","1009803113","0","1","","lsv_idle_normal","3"
"","0.1","1009803","","0","1009803114","","","","","93"
"0.2","100411","1009803","","-100","1009803115","-220","2","","0.33","2"
"0.2","103611","1009803","","200","1009803116","-235","2","","0.33","2"
"0.2","102011","1009803","","-270","1009803117","-250","2","","0.33","2"
"","0.7","1009803","","0","1009803118","","","","","93"
"","102011","1009803","0.2","lsv_talk_joy3_blink","1009803119","1","","","","3"
"","vo_lsv","1009803","","vo_lsv_0330","1009803120","0","","","0","21"
"0","102011","1009803","0","哇，繪本？\n是美美也看過的\n故事嗎～？","1009803121","10","1","0","1","11"
"","0","1009803","","","1009803122","","","","","91"
"","102011","1009803","0.2","lsv_idle_normal_joyR","1009803123","1","","","","3"
"0.2","103611","1009803","0","lsv_talk_doya","1009803124","0","1","","lsv_talk_doya_loop","3"
"","vo_lsv","1009803","","vo_lsv_0331","1009803125","0","","","0","21"
"0","103611","1009803","0","很多繪本故事中\n都含有教育寓意。\n一定能學到很多。","1009803126","10","1","0","1","11"
"","0","1009803","","","1009803127","","","","","91"
"","103611","1009803","0.2","lsv_idle_doya","1009803128","1","","","","3"
"0.2","100411","1009803","0","lsv_talk_guts2","1009803129","0","1","","lsv_talk_guts2_loop","3"
"","vo_lsv","1009803","","vo_lsv_0332","1009803130","0","","","0","21"
"0","100411","1009803","0","機會難得，\n也讀給小繆聽聽看吧！\n來比賽誰讀得最好──！","1009803131","10","1","0","1","11"
"","0","1009803","","","1009803132","","","","","91"
"","100411","1009803","0.2","lsv_idle_normal","1009803133","1","","","","3"
"","1009803161","1009803","","","1009803134","","","","","101"
"0.2","100411","1009803","0","lsv_choice","1009803135","0","1","","lsv_idle_normal_worry","3"
"0.2","103611","1009803","0","lsv_choice","1009803136","0","1","","lsv_idle_normal","3"
"0.2","102011","1009803","0","lsv_choice","1009803137","0","1","","lsv_idle_normal_joyR","3"
"","0.1","1009803","","0","1009803138","","","","","93"
"0.2","100411","1009803","","-100","1009803139","-220","2","","0.33","2"
"0.2","103611","1009803","","200","1009803140","-235","2","","0.33","2"
"0.2","102011","1009803","","-270","1009803141","-250","2","","0.33","2"
"","0.7","1009803","","0","1009803142","","","","","93"
"0.2","103611","1009803","0","lsv_talk_doya","1009803143","0","1","","lsv_talk_doya_loop","3"
"","vo_lsv","1009803","","vo_lsv_0333","1009803144","0","","","0","21"
"0","103611","1009803","0","難得來圖書館嘛。\n借閱能轉變為自己知識的書，\n我覺得很棒呢。","1009803145","10","1","0","1","11"
"","0","1009803","","","1009803146","","","","","91"
"","103611","1009803","0.2","lsv_idle_surprise","1009803147","1","","","","3"
"","102011","1009803","0.2","lsv_idle_surprise","1009803148","1","","","","3"
"","100411","1009803","0.2","lsv_talk_tsun_guru","1009803149","1","","","","3"
"","vo_lsv","1009803","","vo_lsv_0334","1009803150","0","","","0","21"
"0","100411","1009803","0","小說……\n文字、滿滿都是文字的書……！\n嗚嗚嗚……嗚～嗯……暈倒。","1009803151","10","1","0","1","11"
"","0","1009803","","","1009803152","","","","","91"
"0.2","100411","1009803","0.2","lsv_gaku","1009803153","0","1","","lsv_gaku_loop","3"
"","103611","1009803","0.2","lsv_idle_bitter_sad","1009803154","1","","","","3"
"","102011","1009803","0.2","lsv_talk_surprise2","1009803155","1","","","","3"
"","vo_lsv","1009803","","vo_lsv_0335","1009803156","0","","","0","21"
"0","102011","1009803","0","禊、禊～！\n振作一點～！","1009803157","10","1","0","1","11"
"","0","1009803","","","1009803158","","","","","91"
"","102011","1009803","0.2","lsv_idle_sad","1009803159","1","","","","3"
"","1009803161","1009803","","","1009803160","","","","","101"
"","0","1009803","","","1009803161","","","","","91"
"","","1009803","","","1009803162","","","","","102"
"","0","1009803","","0.2","1009803163","","","","","22"
"","0.2","1009803","","","1009803164","","","","","93"
"0","103611","1009803","0","1","1009803165","1","0","0","0","12"
"","103611","1009803","0.2","lsv_talk_tsun_shy","1009803166","1","","","","3"
"","3","1009803","","0","1009803167","","","","","93"
"","103611","1009803","0.2","lsv_idle_normal_bitter","1009803168","1","","","","3"
"0","100411","1009803","0","4","1009803169","1","0","0","0","12"
"0.2","100411","1009803","0","lsv_surprise3_surprise","1009803170","0","1","","lsv_surprise3_surprise_loop","3"
"","3","1009803","","0","1009803171","","","","","93"
"","100411","1009803","0.2","lsv_idle_sad_normal","1009803172","1","","","","3"
"0","102011","1009803","0","10","1009803173","1","0","0","0","12"
"","102011","1009803","0.2","lsv_talk_joy3_blink","1009803174","1","","","","3"
"","3","1009803","","0","1009803175","","","","","93"
"","102011","1009803","0.2","lsv_idle_joy","1009803176","1","","","","3"
"","1009803165","1009803","","","1009803177","","","","","101"
"0","333","1009803","1","1","1009803178","1","0","","1","6"
"","100411","1009803","","1","1009803179","","","","","4"
"","100411","1009803","0.2","lsv_run","1009803180","1","","","","3"
"","100411","1009803","","-750","1009803181","-220","0","","0.8","2"
"","103611","1009803","","0","1009803182","","","","","4"
"","103611","1009803","0.2","lsv_run","1009803183","1","","","","3"
"","103611","1009803","","750","1009803184","-235","0","","0.8","2"
"","102011","1009803","","1","1009803185","","","","","4"
"","102011","1009803","0.2","lsv_run","1009803186","1","","","","3"
"","102011","1009803","","-850","1009803187","-250","0","","0.8","2"
"","0.6","1009803","","","1009803188","","","","","93"
"0","100411","1009803","0.2","1","1009803189","1","0","","1","6"
"0","103611","1009803","0.2","1","1009803190","1","0","","1","6"
"0","102011","1009803","0.2","1","1009803191","1","0","","1","6"
"","0","1009803","","","1009803192","","","","","91"
"0","1","1009804","1.95","102011","1009804001","102","-495","lsv_idle_normal","-200","1"
"1","1","1009804","1.95","103611","1009804002","100","-480","lsv_idle_normal","100","1"
"1","1","1009804","1.95","100411","1009804003","101","-510","lsv_idle_normal","270","1"
"0","1","1009804","1","333","1009804004","0","0","lsv_white_loop","0","5"
"0","333","1009804","0","1","1009804005","1","0","","1","6"
"0","102011","1009804","0","1","1009804006","1","0","","1","6"
"0","103611","1009804","0","1","1009804007","1","0","","1","6"
"0","100411","1009804","0","1","1009804008","1","0","","1","6"
"","1","1009804","","0","1009804009","","","","","93"
"0","333","1009804","0.8","1","1009804010","1","0.4","","1","6"
"0.2","102011","1009804","0.2","lsv_jump2","1009804011","0","1","","lsv_idle_normal","3"
"0.2","103611","1009804","0.2","lsv_jump2","1009804012","0","1","","lsv_idle_normal","3"
"0.2","100411","1009804","0.2","lsv_jump2","1009804013","0","1","","lsv_idle_normal","3"
"","0.3","1009804","","","1009804014","","","","","93"
"","102011","1009804","","-200","1009804015","-235","0","","0.75","2"
"","103611","1009804","","100","1009804016","-220","0","","0.75","2"
"","100411","1009804","","270","1009804017","-250","0","","0.75","2"
"0","102011","1009804","0.4","1","1009804018","1","1","","1","6"
"0","103611","1009804","0.4","1","1009804019","1","1","","1","6"
"0","100411","1009804","0.4","1","1009804020","1","1","","1","6"
"0","102011","1009804","0","6","1009804021","0.2","","","0","12"
"0","103611","1009804","0","6","1009804022","0.2","","","0","12"
"0","100411","1009804","0","6","1009804023","0.2","","","0","12"
"","1.2","1009804","","0","1009804024","","","","","93"
"0.2","100411","1009804","0","lsv_talk_cool_normal2","1009804025","0","1","","lsv_talk_cool_normal2_loop","3"
"","vo_lsv","1009804","","vo_lsv_0421","1009804026","0","","","0","21"
"0","100411","1009804","0","今天作業做得好開心喔──\n如果讀書也能\n都這麼開心就好了。","1009804027","10","1","0","1","11"
"","0","1009804","","","1009804028","","","","","91"
"","100411","1009804","0.2","lsv_idle_cool","1009804029","1","","","","3"
"","102011","1009804","0.2","lsv_talk_wish_joy","1009804030","1","","","","3"
"","vo_lsv","1009804","","vo_lsv_0422","1009804031","0","","","0","21"
"0","102011","1009804","0","禊做的存錢筒\n很帥氣呢～♪","1009804032","10","1","0","1","11"
"","0","1009804","","","1009804033","","","","","91"
"","102011","1009804","0.2","lsv_idle_wish_joy","1009804034","1","","","","3"
"","103611","1009804","0.2","lsv_talk_thinking","1009804035","1","","","","3"
"","vo_lsv","1009804","","vo_lsv_0423","1009804036","0","","","0","21"
"0","103611","1009804","0","我煩惱了一下……\n因為想展現出\n知識與知性……","1009804037","10","1","0","1","11"
"","0","1009804","","","1009804038","","","","","91"
"","103611","1009804","0.2","lsv_idle_normal","1009804039","1","","","","3"
"0.2","100411","1009804","0","lsv_talk_arm_crossed2","1009804040","0","1","","lsv_talk_arm_crossed_loop2","3"
"","vo_lsv","1009804","","vo_lsv_0424","1009804041","0","","","0","21"
"0","100411","1009804","0","那樣就不是美勞，\n而是藝術了喔？\n鏡華還真認真耶──","1009804042","10","1","0","1","11"
"","0","1009804","","","1009804043","","","","","91"
"","100411","1009804","0.2","lsv_idle_arm_crossed","1009804044","1","","","","3"
"","102011","1009804","0.2","lsv_look_talk_sad","1009804045","1","","","","3"
"","vo_lsv","1009804","","vo_lsv_0425","1009804046","0","","","0","21"
"0","102011","1009804","0","說起來，\n哥哥因為幫忙我們，\n沒能做出自己的作品吧？","1009804047","10","1","0","1","11"
"","0","1009804","","","1009804048","","","","","91"
"","102011","1009804","0.2","lsv_look_idle_sad","1009804049","1","","","","3"
"","103611","1009804","0.2","lsv_look_idle_normal","1009804050","1","","","","3"
"","100411","1009804","0.2","lsv_talk_joy3_blink","1009804051","1","","","","3"
"","vo_lsv","1009804","","vo_lsv_0426","1009804052","0","","","0","21"
"0","100411","1009804","0","對耶！\n哥哥\n想做什麼呢？","1009804053","10","1","0","1","11"
"","0","1009804","","","1009804054","","","","","91"
"","100411","1009804","0.2","lsv_idle_joy","1009804055","1","","","","3"
"0.2","102011","1009804","0","lsv_choice","1009804056","0","1","","lsv_look_idle_normal","3"
"0.2","103611","1009804","0","lsv_choice","1009804057","0","1","","lsv_look_idle_normal","3"
"0.2","100411","1009804","0","lsv_choice","1009804058","0","1","","lsv_look_idle_normal","3"
"","0.1","1009804","","0","1009804059","","","","","93"
"0.2","102011","1009804","","-452","1009804060","-235","2","","0.33","2"
"0.2","103611","1009804","","420","1009804061","-220","2","","0.33","2"
"0.2","100411","1009804","","545","1009804062","-250","2","","0.33","2"
"","0","1009804","0.2","0","1009804063","1","","","","22"
"","想在米粒上畫圖。","1009804","","1009804067","1009804064","0","","","","103"
"","想做大玩具。","1009804","","1009804091","1009804065","0","","","","103"
"","想做布偶。","1009804","","1009804114","1009804066","0","","","","103"
"0.2","102011","1009804","0","lsv_choice","1009804067","0","1","","lsv_idle_normal","3"
"0.2","103611","1009804","0","lsv_choice","1009804068","0","1","","lsv_idle_normal","3"
"0.2","100411","1009804","0","lsv_choice","1009804069","0","1","","lsv_idle_normal","3"
"","0.1","1009804","","0","1009804070","","","","","93"
"0.2","102011","1009804","","-200","1009804071","-235","2","","0.33","2"
"0.2","103611","1009804","","100","1009804072","-220","2","","0.33","2"
"0.2","100411","1009804","","270","1009804073","-250","2","","0.33","2"
"","0.7","1009804","","0","1009804074","","","","","93"
"","102011","1009804","0.2","lsv_talk_surprise_R2","1009804075","1","","","","3"
"","vo_lsv","1009804","","vo_lsv_0427","1009804076","0","","","0","21"
"0","102011","1009804","0","咦咦？畫在那麼小的東西上？\n哥哥好厲害～！","1009804077","10","1","0","1","11"
"","0","1009804","","","1009804078","","","","","91"
"","102011","1009804","0.2","lsv_idle_normal_joyR","1009804079","1","","","","3"
"0.2","103611","1009804","0","lsv_talk_arm_crossed_joy","1009804080","0","1","","lsv_talk_arm_crossed_loop_joy","3"
"","vo_lsv","1009804","","vo_lsv_0428","1009804081","0","","","0","21"
"0","103611","1009804","0","這需要巧手，\n以及高度的集中力吧……\n這正是職人的技術啊。","1009804082","10","1","0","1","11"
"","0","1009804","","","1009804083","","","","","91"
"","103611","1009804","0.2","lsv_idle_arm_crossed","1009804084","1","","","","3"
"","100411","1009804","0.2","lsv_talk_bitter","1009804085","1","","","","3"
"","vo_lsv","1009804","","vo_lsv_0429","1009804086","0","","","0","21"
"0","100411","1009804","0","光想就覺得\n對禊來說太難了～\n……所以禊幫忙加油就好了♪","1009804087","10","1","0","1","11"
"","0","1009804","","","1009804088","","","","","91"
"","100411","1009804","0.2","lsv_idle_bitter","1009804089","1","","","","3"
"","1009804137","1009804","","","1009804090","","","","","101"
"0.2","102011","1009804","0","lsv_choice","1009804091","0","1","","lsv_idle_normal","3"
"0.2","103611","1009804","0","lsv_choice","1009804092","0","1","","lsv_idle_normal","3"
"0.2","100411","1009804","0","lsv_choice","1009804093","0","1","","lsv_idle_normal","3"
"","0.1","1009804","","0","1009804094","","","","","93"
"0.2","102011","1009804","","-200","1009804095","-235","2","","0.33","2"
"0.2","103611","1009804","","100","1009804096","-220","2","","0.33","2"
"0.2","100411","1009804","","270","1009804097","-250","2","","0.33","2"
"","0.7","1009804","","0","1009804098","","","","","93"
"0.2","100411","1009804","0","lsv_exactly_joy_in","1009804099","0","1","","lsv_exactly_joy_loop","3"
"","vo_lsv","1009804","","vo_lsv_0430","1009804100","0","","","0","21"
"0","100411","1009804","0","這個好！很好！\n哥哥真懂──！\n這種事很浪漫吧！","1009804101","10","1","0","1","11"
"","0","1009804","","","1009804102","","","","","91"
"","100411","1009804","0.2","lsv_idle_wish_joy","1009804103","1","","","","3"
"","103611","1009804","0.2","lsv_talk_thinking_anger","1009804104","1","","","","3"
"","vo_lsv","1009804","","vo_lsv_0431","1009804105","0","","","0","21"
"0","103611","1009804","0","禊好像很喜歡呢。\n……不過大\n是多大呢？","1009804106","10","1","0","1","11"
"","0","1009804","","","1009804107","","","","","91"
"","103611","1009804","0.2","lsv_idle_thinking_anger","1009804108","1","","","","3"
"","102011","1009804","0.2","lsv_talk_memory_dere2","1009804109","1","","","","3"
"","vo_lsv","1009804","","vo_lsv_0432","1009804110","0","","","0","21"
"0","102011","1009804","0","唔嗯……\n或許比城堡還要大！\n很酷呢～♪","1009804111","10","1","0","1","11"
"","0","1009804","","","1009804112","","","","","91"
"","1009804137","1009804","","","1009804113","","","","","101"
"0.2","102011","1009804","0","lsv_choice","1009804114","0","1","","lsv_idle_normal","3"
"0.2","103611","1009804","0","lsv_choice","1009804115","0","1","","lsv_idle_normal","3"
"0.2","100411","1009804","0","lsv_choice","1009804116","0","1","","lsv_idle_normal","3"
"","0.1","1009804","","0","1009804117","","","","","93"
"0.2","102011","1009804","","-200","1009804118","-235","2","","0.33","2"
"0.2","103611","1009804","","100","1009804119","-220","2","","0.33","2"
"0.2","100411","1009804","","270","1009804120","-250","2","","0.33","2"
"","0.7","1009804","","0","1009804121","","","","","93"
"0.2","103611","1009804","0","lsv_talk_arm_crossed_joy","1009804122","0","1","","lsv_talk_arm_crossed_loop_joy","3"
"","vo_lsv","1009804","","vo_lsv_0433","1009804123","0","","","0","21"
"0","103611","1009804","0","……\n這想法不錯呢。","1009804124","10","1","0","1","11"
"","0","1009804","","","1009804125","","","","","91"
"","103611","1009804","0.2","lsv_idle_arm_crossed_joy","1009804126","1","","","","3"
"0.2","100411","1009804","0","lsv_surprise","1009804127","0","1","","lsv_talk_surprise","3"
"","vo_lsv","1009804","","vo_lsv_0434","1009804128","0","","","0","21"
"0","100411","1009804","0","鏡華好像很同意！？\n嗯，但是可以理解\n布偶哪裡好啦──","1009804129","10","1","0","1","11"
"","0","1009804","","","1009804130","","","","","91"
"","100411","1009804","0.2","lsv_idle_surprise","1009804131","1","","","","3"
"","102011","1009804","0.2","lsv_talk_joy3","1009804132","1","","","","3"
"","vo_lsv","1009804","","vo_lsv_0435","1009804133","0","","","0","21"
"0","102011","1009804","0","那大家現在\n就來做嘛～\n做很可愛的布偶♪","1009804134","10","1","0","1","11"
"","0","1009804","","","1009804135","","","","","91"
"","1009804137","1009804","","","1009804136","","","","","101"
"","0","1009804","","","1009804137","","","","","91"
"","","1009804","","","1009804138","","","","","102"
"","0","1009804","","0.2","1009804139","","","","","22"
"","0.2","1009804","","","1009804140","","","","","93"
"0","102011","1009804","0","8","1009804141","1","0","0","0","12"
"","102011","1009804","0.2","lsv_talk_guts2_joy_loop","1009804142","1","","","","3"
"","3","1009804","","0","1009804143","","","","","93"
"","102011","1009804","0.2","lsv_idle_normal_joyR","1009804144","1","","","","3"
"0","103611","1009804","0","7","1009804145","1","0","0","0","12"
"","103611","1009804","0.2","lsv_talk_surprise_kira","1009804146","1","","","","3"
"","3","1009804","","0","1009804147","","","","","93"
"","103611","1009804","0.2","lsv_idle_joy","1009804148","1","","","","3"
"0","100411","1009804","0","2","1009804149","1","0","0","0","12"
"0.2","100411","1009804","0","lsv_talk_cool_bitter","1009804150","0","1","","lsv_talk_cool_bitter_loop","3"
"","3","1009804","","0","1009804151","","","","","93"
"","100411","1009804","0.2","lsv_idle_cool","1009804152","1","","","","3"
"","1009804141","1009804","","","1009804153","","","","","101"
"0","333","1009804","1","1","1009804154","1","0","","1","6"
"","102011","1009804","","1","1009804155","","","","","4"
"","102011","1009804","0.2","lsv_run","1009804156","1","","","","3"
"","102011","1009804","","-750","1009804157","-235","0","","0.8","2"
"","103611","1009804","","0","1009804158","","","","","4"
"","103611","1009804","0.2","lsv_run","1009804159","1","","","","3"
"","103611","1009804","","750","1009804160","-220","0","","0.8","2"
"","100411","1009804","","0","1009804161","","","","","4"
"","100411","1009804","0.2","lsv_run","1009804162","1","","","","3"
"","100411","1009804","","850","1009804163","-250","0","","0.8","2"
"","0.6","1009804","","","1009804164","","","","","93"
"0","102011","1009804","0.2","1","1009804165","1","0","","1","6"
"0","103611","1009804","0.2","1","1009804166","1","0","","1","6"
"0","100411","1009804","0.2","1","1009804167","1","0","","1","6"
"","0","1009804","","","1009804168","","","","","91"
"0","1","1009805","1.95","100411","1009805001","102","-235","lsv_idle_normal","-650","1"
"1","1","1009805","1.95","102011","1009805002","100","-220","lsv_idle_normal","650","1"
"1","1","1009805","1.95","103611","1009805003","101","-250","lsv_idle_normal","750","1"
"0","1","1009805","1","333","1009805004","0","0","lsv_white_loop","0","5"
"0","333","1009805","0","1","1009805005","1","0","","1","6"
"0","100411","1009805","0","1","1009805006","1","0","","1","6"
"0","102011","1009805","0","1","1009805007","1","0","","1","6"
"0","103611","1009805","0","1","1009805008","1","0","","1","6"
"","1","1009805","","0","1009805009","","","","","93"
"0","333","1009805","0.8","1","1009805010","1","0.4","","1","6"
"","100411","1009805","0.2","lsv_run","1009805011","1","","","","3"
"","100411","1009805","","-200","1009805012","-235","0","","1","2"
"0","100411","1009805","0.4","1","1009805013","1","1","","1","6"
"","102011","1009805","0.2","lsv_walk_surprise","1009805014","1","","","","3"
"","102011","1009805","","100","1009805015","-220","0","","2","2"
"0","102011","1009805","0.4","1","1009805016","1","1","","1","6"
"","103611","1009805","0.2","lsv_walk_surprise","1009805017","1","","","","3"
"","103611","1009805","","270","1009805018","-250","0","","2","2"
"0","103611","1009805","0.4","1","1009805019","1","1","","1","6"
"","1","1009805","","0","1009805020","","","","","93"
"","100411","1009805","0.2","lsv_idle_joy_normal","1009805021","1","","","","3"
"","1","1009805","","0","1009805022","","","","","93"
"","102011","1009805","0.2","lsv_idle_normal","1009805023","1","","","","3"
"","103611","1009805","0.2","lsv_idle_normal","1009805024","1","","","","3"
"","0.6","1009805","","0","1009805025","","","","","93"
"0.2","100411","1009805","0","lsv_talk_guts1","1009805026","0","1","","lsv_talk_guts1_loop","3"
"","vo_lsv","1009805","","vo_lsv_0521","1009805027","0","","","0","21"
"0","100411","1009805","0","來發表設置誘餌的成果──！\n結果是……？","1009805028","10","1","0","1","11"
"","0","1009805","","","1009805029","","","","","91"
"","100411","1009805","0.2","lsv_talk_anger_dead","1009805030","1","","","","3"
"","vo_lsv","1009805","","vo_lsv_0522","1009805031","0","","","0","21"
"0","100411","1009805","0","一隻也沒抓到！\n沮喪！","1009805032","10","1","0","1","11"
"","0","1009805","","","1009805033","","","","","91"
"","100411","1009805","0.2","lsv_idle_anger1","1009805034","1","","","","3"
"","102011","1009805","0.2","lsv_talk_normal_sad","1009805035","1","","","","3"
"","vo_lsv","1009805","","vo_lsv_0523","1009805036","0","","","0","21"
"0","102011","1009805","0","好可惜喔～\n果然是因為誘餌數量\n太少了嗎？","1009805037","10","1","0","1","11"
"","0","1009805","","","1009805038","","","","","91"
"","102011","1009805","0.2","lsv_idle_normal","1009805039","1","","","","3"
"","103611","1009805","0.2","lsv_talk_joy1_sad","1009805040","1","","","","3"
"","vo_lsv","1009805","","vo_lsv_0524","1009805041","0","","","0","21"
"0","103611","1009805","0","不過，抓到獨角仙後，\n要拿來做什麼啊？","1009805042","10","1","0","1","11"
"","0","1009805","","","1009805043","","","","","91"
"","103611","1009805","0.2","lsv_idle_normal","1009805044","1","","","","3"
"0.2","100411","1009805","0","lsv_talk_arm_crossed_anger","1009805045","0","1","","lsv_talk_arm_crossed_loop_anger","3"
"","vo_lsv","1009805","","vo_lsv_0525","1009805046","0","","","0","21"
"0","100411","1009805","0","哼、哼、哼……！\n那當然是！\n……沒想過這問題呢──","1009805047","10","1","0","1","11"
"","0","1009805","","","1009805048","","","","","91"
"","100411","1009805","0.2","lsv_idle_arm_crossed_anger","1009805049","1","","","","3"
"","102011","1009805","0.2","lsv_idle_bitter","1009805050","1","","","","3"
"","103611","1009805","0.2","lsv_talk_tsun_sad","1009805051","1","","","","3"
"","vo_lsv","1009805","","vo_lsv_0526","1009805052","0","","","0","21"
"0","103611","1009805","0","咦咦？\n因為禊說是為了自由研究，\n我才奉陪的耶……！","1009805053","10","1","0","1","11"
"","0","1009805","","","1009805054","","","","","91"
"","103611","1009805","0.2","lsv_idle_wish_sad","1009805055","1","","","","3"
"","100411","1009805","0.2","lsv_talk_cool_bitter_loop","1009805056","1","","","","3"
"","vo_lsv","1009805","","vo_lsv_0527","1009805057","0","","","0","21"
"0","100411","1009805","0","啊、啊哈哈哈──\n……順便問一下，\n哥哥會想拿來做什麼呢？","1009805058","10","1","0","1","11"
"","0","1009805","","","1009805059","","","","","91"
"","100411","1009805","0.2","lsv_idle_cool","1009805060","1","","","","3"
"0.2","100411","1009805","0","lsv_choice","1009805061","0","1","","lsv_look_idle_normal","3"
"0.2","102011","1009805","0","lsv_choice","1009805062","0","1","","lsv_look_idle_normal","3"
"0.2","103611","1009805","0","lsv_choice","1009805063","0","1","","lsv_look_idle_normal","3"
"","0.1","1009805","","0","1009805064","","","","","93"
"0.2","100411","1009805","","-452","1009805065","-235","2","","0.33","2"
"0.2","102011","1009805","","420","1009805066","-220","2","","0.33","2"
"0.2","103611","1009805","","545","1009805067","-250","2","","0.33","2"
"","0","1009805","0.2","0","1009805068","1","","","","22"
"","鬥獨角仙！","1009805","","1009805072","1009805069","0","","","","103"
"","寫觀察日記。","1009805","","1009805103","1009805070","0","","","","103"
"","抓它們就是一種浪漫。","1009805","","1009805127","1009805071","0","","","","103"
"0.2","100411","1009805","0","lsv_choice","1009805072","0","1","","lsv_idle_normal","3"
"0.2","102011","1009805","0","lsv_choice","1009805073","0","1","","lsv_idle_normal","3"
"0.2","103611","1009805","0","lsv_choice","1009805074","0","1","","lsv_idle_normal","3"
"","0.1","1009805","","0","1009805075","","","","","93"
"0.2","100411","1009805","","-200","1009805076","-235","2","","0.33","2"
"0.2","102011","1009805","","100","1009805077","-220","2","","0.33","2"
"0.2","103611","1009805","","270","1009805078","-250","2","","0.33","2"
"","0.7","1009805","","0","1009805079","","","","","93"
"0.2","100411","1009805","0","lsv_exactly_joy_in","1009805080","0","1","","lsv_exactly_joy_loop","3"
"","103611","1009805","0.2","lsv_idle_normal","1009805081","1","","","","3"
"","vo_lsv","1009805","","vo_lsv_0528","1009805082","0","","","0","21"
"0","100411","1009805","0","說到獨角仙，\n果然就是這個呢！","1009805083","10","1","0","1","11"
"","0","1009805","","","1009805084","","","","","91"
"","100411","1009805","0.2","lsv_idle_joy","1009805085","1","","","","3"
"","103611","1009805","0.2","lsv_talk_thinking_anger","1009805086","1","","","","3"
"","vo_lsv","1009805","","vo_lsv_0529","1009805087","0","","","0","21"
"0","103611","1009805","0","唔嗯……\n調查獨角仙有多強，\n或許能當自由研究的題目……？","1009805088","10","1","0","1","11"
"","0","1009805","","","1009805089","","","","","91"
"","103611","1009805","0.2","lsv_idle_sad_normal","1009805090","1","","","","3"
"","102011","1009805","0.2","lsv_talk_joy1_normal","1009805091","1","","","","3"
"","vo_lsv","1009805","","vo_lsv_0530","1009805092","0","","","0","21"
"0","102011","1009805","0","不過，可不能讓它們\n做太過分的戰鬥喔？\n跟美美約好囉。","1009805093","10","1","0","1","11"
"","0","1009805","","","1009805094","","","","","91"
"","102011","1009805","0.2","lsv_idle_normal_joyR","1009805095","1","","","","3"
"0.2","103611","1009805","0","lsv_handsup_joy2","1009805096","0","1","","lsv_idle_normal","3"
"0.2","100411","1009805","0","lsv_handsup_joy","1009805097","0","1","","lsv_idle_joy","3"
"","vo_lsv","1009805","","vo_lsv_0531","1009805098","0","","","0","21"
"0","103611","1009805","0","好──！","1009805099","10","1","0","1","11"
"0","100411","1009805","0","好──！","1009805100","10","1","0","1","11"
"","0","1009805","","","1009805101","","","","","91"
"","1009805152","1009805","","","1009805102","","","","","101"
"0.2","100411","1009805","0","lsv_choice","1009805103","0","1","","lsv_idle_normal","3"
"0.2","102011","1009805","0","lsv_choice","1009805104","0","1","","lsv_idle_normal","3"
"0.2","103611","1009805","0","lsv_choice","1009805105","0","1","","lsv_idle_normal","3"
"","0.1","1009805","","0","1009805106","","","","","93"
"0.2","100411","1009805","","-200","1009805107","-235","2","","0.33","2"
"0.2","102011","1009805","","100","1009805108","-220","2","","0.33","2"
"0.2","103611","1009805","","270","1009805109","-250","2","","0.33","2"
"","0.7","1009805","","0","1009805110","","","","","93"
"0.2","103611","1009805","0","lsv_talk_arm_crossed_joy","1009805111","0","1","","lsv_talk_arm_crossed_loop_joy","3"
"","vo_lsv","1009805","","vo_lsv_0532","1009805112","0","","","0","21"
"0","103611","1009805","0","這我能理解。\n因為若是仔細觀察，\n自然而然就會學到東西啊。","1009805113","10","1","0","1","11"
"","0","1009805","","","1009805114","","","","","91"
"","103611","1009805","0.2","lsv_idle_arm_crossed_joy","1009805115","1","","","","3"
"","102011","1009805","0.2","lsv_talk_joy3_blink","1009805116","1","","","","3"
"","vo_lsv","1009805","","vo_lsv_0533","1009805117","0","","","0","21"
"0","102011","1009805","0","我們去海邊時\n也有進行觀察吧。\n很開心呢～♪","1009805118","10","1","0","1","11"
"","0","1009805","","","1009805119","","","","","91"
"","102011","1009805","0.2","lsv_idle_normal_joyR","1009805120","1","","","","3"
"0.2","100411","1009805","0","lsv_talk_guts2_anger","1009805121","0","1","","lsv_talk_guts2_anger_loop","3"
"","vo_lsv","1009805","","vo_lsv_0534","1009805122","0","","","0","21"
"0","100411","1009805","0","這樣啊，那禊應該做得到！\n好──來寫觀察日記囉──！\n目標：稱霸所有獨角仙！","1009805123","10","1","0","1","11"
"","0","1009805","","","1009805124","","","","","91"
"","100411","1009805","0.2","lsv_idle_guts2_joy","1009805125","1","","","","3"
"","1009805152","1009805","","","1009805126","","","","","101"
"0.2","100411","1009805","0","lsv_choice","1009805127","0","1","","lsv_idle_normal","3"
"0.2","102011","1009805","0","lsv_choice","1009805128","0","1","","lsv_idle_normal","3"
"0.2","103611","1009805","0","lsv_choice","1009805129","0","1","","lsv_idle_normal","3"
"","0.1","1009805","","0","1009805130","","","","","93"
"0.2","100411","1009805","","-200","1009805131","-235","2","","0.33","2"
"0.2","102011","1009805","","100","1009805132","-220","2","","0.33","2"
"0.2","103611","1009805","","270","1009805133","-250","2","","0.33","2"
"","0.7","1009805","","0","1009805134","","","","","93"
"","102011","1009805","0.2","lsv_talk_surprise","1009805135","1","","","","3"
"","103611","1009805","0.2","lsv_idle_normal","1009805136","1","","","","3"
"","vo_lsv","1009805","","vo_lsv_0535","1009805137","0","","","0","21"
"0","102011","1009805","0","只要抓到就好了啊～？\n禊也是這樣覺得嗎？","1009805138","10","1","0","1","11"
"","0","1009805","","","1009805139","","","","","91"
"","102011","1009805","0.2","lsv_idle_surprise","1009805140","1","","","","3"
"0.2","100411","1009805","0","lsv_talk_arm_crossed_anger","1009805141","0","1","","lsv_talk_arm_crossed_loop_anger","3"
"","vo_lsv","1009805","","vo_lsv_0536","1009805142","0","","","0","21"
"0","100411","1009805","0","……哼，真有眼光。\n這樣才像\n禊的哥哥嘛。","1009805143","10","1","0","1","11"
"","0","1009805","","","1009805144","","","","","91"
"","100411","1009805","0.2","lsv_idle_arm_crossed_anger","1009805145","1","","","","3"
"","103611","1009805","0.2","lsv_talk_thinking_anger","1009805146","1","","","","3"
"","vo_lsv","1009805","","vo_lsv_0537","1009805147","0","","","0","21"
"0","103611","1009805","0","有種意氣相投的感覺……！\n……浪漫也能作為\n自由研究的主題嗎？","1009805148","10","1","0","1","11"
"","0","1009805","","","1009805149","","","","","91"
"","103611","1009805","0.2","lsv_idle_thinking_anger","1009805150","1","","","","3"
"","1009805152","1009805","","","1009805151","","","","","101"
"","0","1009805","","","1009805152","","","","","91"
"","","1009805","","","1009805153","","","","","102"
"","0","1009805","","0.2","1009805154","","","","","22"
"","0.2","1009805","","","1009805155","","","","","93"
"0","100411","1009805","0","7","1009805156","1","0","0","0","12"
"0.2","100411","1009805","0","lsv_surprise3_kira","1009805157","0","1","","lsv_surprise3_kira_loop","3"
"","3","1009805","","0","1009805158","","","","","93"
"","100411","1009805","0.2","lsv_idle_cool","1009805159","1","","","","3"
"0","103611","1009805","0","11","1009805160","1","0","0","0","12"
"0.2","103611","1009805","0","lsv_talk_guts1","1009805161","0","1","","lsv_talk_guts1_loop","3"
"","3","1009805","","0","1009805162","","","","","93"
"","103611","1009805","0.2","lsv_idle_joy","1009805163","1","","","","3"
"0","102011","1009805","0","5","1009805164","1","0","0","0","12"
"","102011","1009805","0.2","lsv_talk_wish_surprise","1009805165","1","","","","3"
"","3","1009805","","0","1009805166","","","","","93"
"","102011","1009805","0.2","lsv_idle_normal_joyR","1009805167","1","","","","3"
"","1009805156","1009805","","","1009805168","","","","","101"
"0","333","1009805","1","1","1009805169","1","0","","1","6"
"","100411","1009805","","1","1009805170","","","","","4"
"","100411","1009805","0.2","lsv_run","1009805171","1","","","","3"
"","100411","1009805","","-750","1009805172","-235","0","","0.8","2"
"","102011","1009805","","0","1009805173","","","","","4"
"","102011","1009805","0.2","lsv_run","1009805174","1","","","","3"
"","102011","1009805","","750","1009805175","-220","0","","0.8","2"
"","103611","1009805","","0","1009805176","","","","","4"
"","103611","1009805","0.2","lsv_run","1009805177","1","","","","3"
"","103611","1009805","","850","1009805178","-250","0","","0.8","2"
"","0.6","1009805","","","1009805179","","","","","93"
"0","100411","1009805","0.2","1","1009805180","1","0","","1","6"
"0","102011","1009805","0.2","1","1009805181","1","0","","1","6"
"0","103611","1009805","0.2","1","1009805182","1","0","","1","6"
"","0","1009805","","","1009805183","","","","","91"
"0","1","1009806","1.95","122711","1009806001","102","-495","lsv_idle_normal","-200","1"
"1","1","1009806","1.95","122911","1009806002","100","-480","lsv_idle_normal","100","1"
"1","1","1009806","1.95","122811","1009806003","101","-510","lsv_idle_normal","270","1"
"0","1","1009806","1","333","1009806004","0","0","lsv_white_loop","0","5"
"0","333","1009806","0","1","1009806005","1","0","","1","6"
"0","122711","1009806","0","1","1009806006","1","0","","1","6"
"0","122911","1009806","0","1","1009806007","1","0","","1","6"
"0","122811","1009806","0","1","1009806008","1","0","","1","6"
"","1","1009806","","0","1009806009","","","","","93"
"0","333","1009806","0.8","1","1009806010","1","0.4","","1","6"
"0.2","122711","1009806","0.2","lsv_jump2","1009806011","0","1","","lsv_idle_normal","3"
"0.2","122911","1009806","0.2","lsv_jump2","1009806012","0","1","","lsv_idle_normal","3"
"0.2","122811","1009806","0.2","lsv_jump2","1009806013","0","1","","lsv_idle_normal","3"
"","0.3","1009806","","","1009806014","","","","","93"
"","122711","1009806","","-200","1009806015","-235","0","","0.75","2"
"","122911","1009806","","100","1009806016","-220","0","","0.75","2"
"","122811","1009806","","270","1009806017","-250","0","","0.75","2"
"0","122711","1009806","0.4","1","1009806018","1","1","","1","6"
"0","122911","1009806","0.4","1","1009806019","1","1","","1","6"
"0","122811","1009806","0.4","1","1009806020","1","1","","1","6"
"0","122711","1009806","0","6","1009806021","0.2","","","0","12"
"0","122911","1009806","0","6","1009806022","0.2","","","0","12"
"0","122811","1009806","0","6","1009806023","0.2","","","0","12"
"","2","1009806","","0","1009806024","","","","","93"
"","122711","1009806","0.2","lsv_talk_normal","1009806025","1","","","","3"
"","vo_lsv","1009806","","vo_lsv_0621","1009806026","0","","","0","21"
"0","122711","1009806","0","雖然去海邊很棒，\n但在泳池玩也很開心呢。","1009806027","10","1","0","1","11"
"","0","1009806","","","1009806028","","","","","91"
"","122711","1009806","0.2","lsv_idle_normal","1009806029","1","","","","3"
"0.2","122811","1009806","0","lsv_agree1","1009806030","0","1","","lsv_idle_normal","3"
"0.2","122911","1009806","0","lsv_agree2","1009806031","0","1","","lsv_idle_normal_joyR","3"
"","vo_lsv","1009806","","vo_lsv_0622","1009806032","0","","","0","21"
"0","122811","1009806","0","對呀──♪","1009806033","10","1","0","1","11"
"0","122911","1009806","0","對呀──♪","1009806034","10","1","0","1","11"
"","0","1009806","","","1009806035","","","","","91"
"0.2","122711","1009806","0","lsv_talk_arm_crossed_joy","1009806036","0","1","","lsv_talk_arm_crossed_loop_joy","3"
"","vo_lsv","1009806","","vo_lsv_0623","1009806037","0","","","0","21"
"0","122711","1009806","0","既沒有危險性，\n而且也變涼爽了。\n這種程度剛剛好呢。","1009806038","10","1","0","1","11"
"","0","1009806","","","1009806039","","","","","91"
"","122711","1009806","0.2","lsv_idle_arm_crossed_joy","1009806040","1","","","","3"
"","122911","1009806","0.2","lsv_talk_wish_joy","1009806041","1","","","","3"
"","vo_lsv","1009806","","vo_lsv_0624","1009806042","0","","","0","21"
"0","122911","1009806","0","鏡華\n最喜歡泳池了呢～♪","1009806043","10","1","0","1","11"
"","0","1009806","","","1009806044","","","","","91"
"","122911","1009806","0.2","lsv_idle_wish_joy","1009806045","1","","","","3"
"0.2","122811","1009806","0","lsv_talk_cool_normal2","1009806046","0","1","","lsv_talk_cool_normal2_loop","3"
"","vo_lsv","1009806","","vo_lsv_0625","1009806047","0","","","0","21"
"0","122811","1009806","0","下次去大泳池裡\n盡情地游泳也不錯呢！\n那麼，游完泳後……","1009806048","10","1","0","1","11"
"","0","1009806","","","1009806049","","","","","91"
"","122811","1009806","0.2","lsv_idle_cool","1009806050","1","","","","3"
"0.2","122711","1009806","0","lsv_choice","1009806051","0","1","","lsv_look_idle_normal","3"
"0.2","122911","1009806","0","lsv_choice","1009806052","0","1","","lsv_look_idle_normal","3"
"0.2","122811","1009806","0","lsv_choice","1009806053","0","1","","lsv_look_idle_normal","3"
"","0.1","1009806","","0","1009806054","","","","","93"
"0.2","122711","1009806","","-452","1009806055","-235","2","","0.33","2"
"0.2","122911","1009806","","420","1009806056","-220","2","","0.33","2"
"0.2","122811","1009806","","545","1009806057","-250","2","","0.33","2"
"","0","1009806","0.2","0","1009806058","1","","","","22"
"","就來吃冰淇淋吧。","1009806","","1009806062","1009806059","0","","","","103"
"","就來吃炒麵吧。","1009806","","1009806086","1009806060","0","","","","103"
"","就來喝彈珠汽水吧。","1009806","","1009806109","1009806061","0","","","","103"
"0.2","122711","1009806","0","lsv_choice","1009806062","0","1","","lsv_idle_normal","3"
"0.2","122911","1009806","0","lsv_choice","1009806063","0","1","","lsv_idle_normal","3"
"0.2","122811","1009806","0","lsv_choice","1009806064","0","1","","lsv_idle_normal","3"
"","0.1","1009806","","0","1009806065","","","","","93"
"0.2","122711","1009806","","-200","1009806066","-235","2","","0.33","2"
"0.2","122911","1009806","","100","1009806067","-220","2","","0.33","2"
"0.2","122811","1009806","","270","1009806068","-250","2","","0.33","2"
"","0.7","1009806","","0","1009806069","","","","","93"
"","122711","1009806","0.2","lsv_talk_memory_dere2","1009806070","1","","","","3"
"","vo_lsv","1009806","","vo_lsv_0626","1009806071","0","","","0","21"
"0","122711","1009806","0","冰淇淋……！\n很好吃呢，\n冰淇淋……真的好好吃。","1009806072","10","1","0","1","11"
"","0","1009806","","","1009806073","","","","","91"
"","122711","1009806","0.2","lsv_idle_memory2","1009806074","1","","","","3"
"0.2","122811","1009806","0","lsv_talk_guts2_joy","1009806075","0","1","","lsv_talk_guts2_joy_loop","3"
"","vo_lsv","1009806","","vo_lsv_0627","1009806076","0","","","0","21"
"0","122811","1009806","0","啊──講了之後\n就變得好想吃喔！\n我們現在就去吃吧。","1009806077","10","1","0","1","11"
"","0","1009806","","","1009806078","","","","","91"
"","122811","1009806","0.2","lsv_idle_guts2_joy","1009806079","1","","","","3"
"","122911","1009806","0.2","lsv_talk_joy3","1009806080","1","","","","3"
"","vo_lsv","1009806","","vo_lsv_0628","1009806081","0","","","0","21"
"0","122911","1009806","0","嗯。\n小繆也要一起唷♪\n牠會喜歡什麼口味的呢～？","1009806082","10","1","0","1","11"
"","0","1009806","","","1009806083","","","","","91"
"","122911","1009806","0.2","lsv_idle_joy","1009806084","1","","","","3"
"","1009806133","1009806","","","1009806085","","","","","101"
"0.2","122711","1009806","0","lsv_choice","1009806086","0","1","","lsv_idle_normal","3"
"0.2","122911","1009806","0","lsv_choice","1009806087","0","1","","lsv_idle_normal","3"
"0.2","122811","1009806","0","lsv_choice","1009806088","0","1","","lsv_idle_normal","3"
"","0.1","1009806","","0","1009806089","","","","","93"
"0.2","122711","1009806","","-200","1009806090","-235","2","","0.33","2"
"0.2","122911","1009806","","100","1009806091","-220","2","","0.33","2"
"0.2","122811","1009806","","270","1009806092","-250","2","","0.33","2"
"","0.7","1009806","","0","1009806093","","","","","93"
"","122811","1009806","0.2","lsv_talk_memory_dere2","1009806094","1","","","","3"
"","vo_lsv","1009806","","vo_lsv_0629","1009806095","0","","","0","21"
"0","122811","1009806","0","啊～炒麵～！","1009806096","10","1","0","1","11"
"","0","1009806","","","1009806097","","","","","91"
"","122811","1009806","0.2","lsv_idle_memory","1009806098","1","","","","3"
"0.2","122911","1009806","0","lsv_smile2","1009806099","0","1","","lsv_idle_normal_joyR","3"
"","vo_lsv","1009806","","vo_lsv_0630","1009806100","0","","","0","21"
"0","122911","1009806","0","很好吃呢～♪","1009806101","10","1","0","1","11"
"","0","1009806","","","1009806102","","","","","91"
"","122711","1009806","0.2","lsv_talk_joy3_dere","1009806103","1","","","","3"
"","vo_lsv","1009806","","vo_lsv_0631","1009806104","0","","","0","21"
"0","122711","1009806","0","那醬汁的香氣……\n光是想到，\n肚子就餓起來了……！","1009806105","10","1","0","1","11"
"","0","1009806","","","1009806106","","","","","91"
"","122711","1009806","0.2","lsv_idle_joy_dere2","1009806107","1","","","","3"
"","1009806133","1009806","","","1009806108","","","","","101"
"0.2","122711","1009806","0","lsv_choice","1009806109","0","1","","lsv_idle_normal","3"
"0.2","122911","1009806","0","lsv_choice","1009806110","0","1","","lsv_idle_normal","3"
"0.2","122811","1009806","0","lsv_choice","1009806111","0","1","","lsv_idle_normal","3"
"","0.1","1009806","","0","1009806112","","","","","93"
"0.2","122711","1009806","","-200","1009806113","-235","2","","0.33","2"
"0.2","122911","1009806","","100","1009806114","-220","2","","0.33","2"
"0.2","122811","1009806","","270","1009806115","-250","2","","0.33","2"
"","0.7","1009806","","0","1009806116","","","","","93"
"0.2","122811","1009806","0","lsv_exactly_joy_in","1009806117","0","1","","lsv_exactly_joy_loop","3"
"","vo_lsv","1009806","","vo_lsv_0632","1009806118","0","","","0","21"
"0","122811","1009806","0","嗯嗯，就是這個！\n說到夏天，\n就會想到那個氣泡聲──♪","1009806119","10","1","0","1","11"
"","0","1009806","","","1009806120","","","","","91"
"","122811","1009806","0.2","lsv_idle_joy","1009806121","1","","","","3"
"","122911","1009806","0.2","lsv_talk_surprise_dere","1009806122","1","","","","3"
"","vo_lsv","1009806","","vo_lsv_0633","1009806123","0","","","0","21"
"0","122911","1009806","0","美美喜歡\n發出溫柔氣泡聲的\n彈珠汽水～","1009806124","10","1","0","1","11"
"","0","1009806","","","1009806125","","","","","91"
"","122911","1009806","0.2","lsv_idle_surprise_joy","1009806126","1","","","","3"
"","122711","1009806","0.2","lsv_talk_normal","1009806127","1","","","","3"
"","vo_lsv","1009806","","vo_lsv_0634","1009806128","0","","","0","21"
"0","122711","1009806","0","機會難得，\n大家一起去喝吧。\n說不定會覺得更涼快呢。","1009806129","10","1","0","1","11"
"","0","1009806","","","1009806130","","","","","91"
"","122711","1009806","0.2","lsv_idle_normal","1009806131","1","","","","3"
"","1009806133","1009806","","","1009806132","","","","","101"
"","0","1009806","","","1009806133","","","","","91"
"","","1009806","","","1009806134","","","","","102"
"","0","1009806","","0.2","1009806135","","","","","22"
"","0.2","1009806","","","1009806136","","","","","93"
"0","122711","1009806","0","10","1009806137","1","0","0","0","12"
"","122711","1009806","0.2","lsv_talk_bitter","1009806138","1","","","","3"
"","3","1009806","","0","1009806139","","","","","93"
"","122711","1009806","0.2","lsv_idle_surprise_talkjoy","1009806140","1","","","","3"
"0","122811","1009806","0","8","1009806141","1","0","0","0","12"
"","122811","1009806","0.2","lsv_talk_memory","1009806142","1","","","","3"
"","3","1009806","","0","1009806143","","","","","93"
"","122811","1009806","0.2","lsv_idle_joy","1009806144","1","","","","3"
"0","122911","1009806","0","6","1009806145","1","0","0","0","12"
"","122911","1009806","0.2","lsv_talk_wish_joy","1009806146","1","","","","3"
"","3","1009806","","0","1009806147","","","","","93"
"","122911","1009806","0.2","lsv_idle_normal_joyR","1009806148","1","","","","3"
"","1009806137","1009806","","","1009806149","","","","","101"
"0","333","1009806","1","1","1009806150","1","0","","1","6"
"","122711","1009806","","1","1009806151","","","","","4"
"","122711","1009806","0.2","lsv_run","1009806152","1","","","","3"
"","122711","1009806","","-750","1009806153","-235","0","","0.8","2"
"","122911","1009806","","0","1009806154","","","","","4"
"","122911","1009806","0.2","lsv_run","1009806155","1","","","","3"
"","122911","1009806","","750","1009806156","-220","0","","0.8","2"
"","122811","1009806","","0","1009806157","","","","","4"
"","122811","1009806","0.2","lsv_run","1009806158","1","","","","3"
"","122811","1009806","","850","1009806159","-250","0","","0.8","2"
"","0.6","1009806","","","1009806160","","","","","93"
"0","122711","1009806","0.2","1","1009806161","1","0","","1","6"
"0","122911","1009806","0.2","1","1009806162","1","0","","1","6"
"0","122811","1009806","0.2","1","1009806163","1","0","","1","6"
"","0","1009806","","","1009806164","","","","","91"
"0","1","1009807","1.95","102011","1009807001","102","-235","lsv_idle_normal","-650","1"
"1","1","1009807","1.95","100411","1009807002","100","-220","lsv_idle_normal","650","1"
"1","1","1009807","1.95","103611","1009807003","101","-250","lsv_idle_normal","750","1"
"0","1","1009807","1","333","1009807004","0","0","lsv_white_loop","0","5"
"0","333","1009807","0","1","1009807005","1","0","","1","6"
"0","102011","1009807","0","1","1009807006","1","0","","1","6"
"0","100411","1009807","0","1","1009807007","1","0","","1","6"
"0","103611","1009807","0","1","1009807008","1","0","","1","6"
"","1","1009807","","0","1009807009","","","","","93"
"0","333","1009807","0.8","1","1009807010","1","0.4","","1","6"
"","102011","1009807","0.2","lsv_walk_joy","1009807011","1","","","","3"
"","102011","1009807","","-200","1009807012","-235","0","","2","2"
"0","102011","1009807","0.4","1","1009807013","1","1","","1","6"
"","100411","1009807","0.2","lsv_walk","1009807014","1","","","","3"
"","100411","1009807","","100","1009807015","-220","0","","2","2"
"0","100411","1009807","0.4","1","1009807016","1","1","","1","6"
"","103611","1009807","0.2","lsv_walk","1009807017","1","","","","3"
"","103611","1009807","","270","1009807018","-250","0","","2","2"
"0","103611","1009807","0.4","1","1009807019","1","1","","1","6"
"","2","1009807","","0","1009807020","","","","","93"
"","102011","1009807","0.2","lsv_idle_wish_joyR","1009807021","1","","","","3"
"","100411","1009807","0.2","lsv_idle_normal","1009807022","1","","","","3"
"","103611","1009807","0.2","lsv_idle_normal","1009807023","1","","","","3"
"","0.6","1009807","","0","1009807024","","","","","93"
"","102011","1009807","0.2","lsv_talk_wish_joy","1009807025","1","","","","3"
"","vo_lsv","1009807","","vo_lsv_0721","1009807026","0","","","0","21"
"0","102011","1009807","0","小繆和\n和小小格里芬先生\n都很開心呢～♪","1009807027","10","1","0","1","11"
"","0","1009807","","","1009807028","","","","","91"
"","102011","1009807","0.2","lsv_idle_wish_joyR","1009807029","1","","","","3"
"","103611","1009807","0.2","lsv_talk_surprise_talkjoy","1009807030","1","","","","3"
"","vo_lsv","1009807","","vo_lsv_0722","1009807031","0","","","0","21"
"0","103611","1009807","0","小繆的適應性\n很強這一點，\n也是個大發現呢。","1009807032","10","1","0","1","11"
"","0","1009807","","","1009807033","","","","","91"
"","103611","1009807","0.2","lsv_idle_surprise_doya","1009807034","1","","","","3"
"0.2","100411","1009807","0","lsv_talk_arm_crossed2","1009807035","0","1","","lsv_talk_arm_crossed_loop2","3"
"","vo_lsv","1009807","","vo_lsv_0723","1009807036","0","","","0","21"
"0","100411","1009807","0","畢竟之前牠都只有\n跟我們說話而已，\n所以沒能發現呢。","1009807037","10","1","0","1","11"
"","0","1009807","","","1009807038","","","","","91"
"","100411","1009807","0.2","lsv_idle_arm_crossed","1009807039","1","","","","3"
"","103611","1009807","0.2","lsv_talk_joy1_normal","1009807040","1","","","","3"
"","vo_lsv","1009807","","vo_lsv_0724","1009807041","0","","","0","21"
"0","103611","1009807","0","果然改變蒐集情報的方法\n是正確的呢。","1009807042","10","1","0","1","11"
"","0","1009807","","","1009807043","","","","","91"
"","103611","1009807","0.2","lsv_idle_normal_suprise1","1009807044","1","","","","3"
"0.2","100411","1009807","0","lsv_talk_guts2","1009807045","0","1","","lsv_talk_guts2_loop","3"
"","vo_lsv","1009807","","vo_lsv_0725","1009807046","0","","","0","21"
"0","100411","1009807","0","啊，對了！順便也試著\n改變其他方面吧？比如說……\n裝小繆的包包之類的！","1009807047","10","1","0","1","11"
"","0","1009807","","","1009807048","","","","","91"
"","100411","1009807","0.2","lsv_idle_normal_joy","1009807049","1","","","","3"
"","102011","1009807","0.2","lsv_talk_joy3","1009807050","1","","","","3"
"","vo_lsv","1009807","","vo_lsv_0726","1009807051","0","","","0","21"
"0","102011","1009807","0","在外面走的時候，\n小繆一直都是待在\n鏡華的防水包包裡嘛～","1009807052","10","1","0","1","11"
"","0","1009807","","","1009807053","","","","","91"
"","102011","1009807","0.2","lsv_idle_normal_joyR","1009807054","1","","","","3"
"0.2","103611","1009807","0","lsv_talk_arm_crossed2","1009807055","0","1","","lsv_talk_arm_crossed_loop2","3"
"","vo_lsv","1009807","","vo_lsv_0727","1009807056","0","","","0","21"
"0","103611","1009807","0","我自己是無所謂……\n但對小繆來說或許有點窄呢。\n……你覺得呢？","1009807057","10","1","0","1","11"
"","0","1009807","","","1009807058","","","","","91"
"","103611","1009807","0.2","lsv_idle_arm_crossed","1009807059","1","","","","3"
"0.2","102011","1009807","0","lsv_choice","1009807060","0","1","","lsv_look_idle_normal","3"
"0.2","100411","1009807","0","lsv_choice","1009807061","0","1","","lsv_look_idle_normal","3"
"0.2","103611","1009807","0","lsv_choice","1009807062","0","1","","lsv_look_idle_normal","3"
"","0.1","1009807","","0","1009807063","","","","","93"
"0.2","102011","1009807","","-452","1009807064","-235","2","","0.33","2"
"0.2","100411","1009807","","420","1009807065","-220","2","","0.33","2"
"0.2","103611","1009807","","545","1009807066","-250","2","","0.33","2"
"","0","1009807","0.2","0","1009807067","1","","","","22"
"","繼續用防水包包就好。","1009807","","1009807071","1009807068","0","","","","103"
"","用籃子或許不錯。","1009807","","1009807095","1009807069","0","","","","103"
"","登山背包怎麼樣？","1009807","","1009807119","1009807070","0","","","","103"
"0.2","102011","1009807","0","lsv_choice","1009807071","0","1","","lsv_idle_normal","3"
"0.2","100411","1009807","0","lsv_choice","1009807072","0","1","","lsv_idle_normal","3"
"0.2","103611","1009807","0","lsv_choice","1009807073","0","1","","lsv_look_idle_normal","3"
"","0.1","1009807","","0","1009807074","","","","","93"
"0.2","102011","1009807","","-200","1009807075","-235","2","","0.33","2"
"0.2","100411","1009807","","100","1009807076","-220","2","","0.33","2"
"0.2","103611","1009807","","270","1009807077","-250","2","","0.33","2"
"","0.7","1009807","","0","1009807078","","","","","93"
"","103611","1009807","0.2","lsv_look_idle_sad","1009807079","1","","","","3"
"","vo_lsv","1009807","","vo_lsv_0728","1009807080","0","","","0","21"
"0","103611","1009807","0","是、是這樣嗎？\n嗯，既然你這麼說了……\n或許維持這樣就行了。","1009807081","10","1","0","1","11"
"","0","1009807","","","1009807082","","","","","91"
"","103611","1009807","0.2","lsv_idle_normal","1009807083","1","","","","3"
"","100411","1009807","0.2","lsv_talk_wish_surprise","1009807084","1","","","","3"
"","vo_lsv","1009807","","vo_lsv_0729","1009807085","0","","","0","21"
"0","100411","1009807","0","的確，而且小繆晚上\n也是睡在防水包包裡嘛。\n不改變可能比較好吧。","1009807086","10","1","0","1","11"
"","0","1009807","","","1009807087","","","","","91"
"","100411","1009807","0.2","lsv_idle_wish","1009807088","1","","","","3"
"","102011","1009807","0.2","lsv_talk_normal","1009807089","1","","","","3"
"","vo_lsv","1009807","","vo_lsv_0730","1009807090","0","","","0","21"
"0","102011","1009807","0","還有抱著牠的時候，\n要輪流也方便啊♪","1009807091","10","1","0","1","11"
"","0","1009807","","","1009807092","","","","","91"
"","102011","1009807","0.2","lsv_idle_normal","1009807093","1","","","","3"
"","1009807143","1009807","","","1009807094","","","","","101"
"0.2","102011","1009807","0","lsv_choice","1009807095","0","1","","lsv_idle_normal","3"
"0.2","100411","1009807","0","lsv_choice","1009807096","0","1","","lsv_idle_normal","3"
"0.2","103611","1009807","0","lsv_choice","1009807097","0","1","","lsv_idle_normal","3"
"","0.1","1009807","","0","1009807098","","","","","93"
"0.2","102011","1009807","","-200","1009807099","-235","2","","0.33","2"
"0.2","100411","1009807","","100","1009807100","-220","2","","0.33","2"
"0.2","103611","1009807","","270","1009807101","-250","2","","0.33","2"
"","0.7","1009807","","0","1009807102","","","","","93"
"","102011","1009807","0.2","lsv_talk_surprise_talkjoy","1009807103","1","","","","3"
"","vo_lsv","1009807","","vo_lsv_0731","1009807104","0","","","0","21"
"0","102011","1009807","0","改成籃子的話，\n變得像搖籃一樣，\n小繆或許也會覺得舒服呢♪","1009807105","10","1","0","1","11"
"","0","1009807","","","1009807106","","","","","91"
"","102011","1009807","0.2","lsv_idle_surprise_joy","1009807107","1","","","","3"
"","103611","1009807","0.2","lsv_talk_sad","1009807108","1","","","","3"
"","vo_lsv","1009807","","vo_lsv_0732","1009807109","0","","","0","21"
"0","103611","1009807","0","唔嗯……如果不好好拿穩，\n搖來搖去晃過頭，\n牠說不定會頭暈呢？","1009807110","10","1","0","1","11"
"","0","1009807","","","1009807111","","","","","91"
"","103611","1009807","0.2","lsv_idle_sad_normal","1009807112","1","","","","3"
"0.2","100411","1009807","0","lsv_talk_cool_joy","1009807113","0","1","","lsv_talk_cool_joy_loop","3"
"","vo_lsv","1009807","","vo_lsv_0733","1009807114","0","","","0","21"
"0","100411","1009807","0","總之先試試看嘛。\n牠要是不喜歡的話，\n再換回防水包包就行啦♪","1009807115","10","1","0","1","11"
"","0","1009807","","","1009807116","","","","","91"
"","100411","1009807","0.2","lsv_idle_cool","1009807117","1","","","","3"
"","1009807143","1009807","","","1009807118","","","","","101"
"0.2","102011","1009807","0","lsv_choice","1009807119","0","1","","lsv_idle_normal","3"
"0.2","100411","1009807","0","lsv_choice","1009807120","0","1","","lsv_idle_normal","3"
"0.2","103611","1009807","0","lsv_choice","1009807121","0","1","","lsv_idle_normal","3"
"","0.1","1009807","","0","1009807122","","","","","93"
"0.2","102011","1009807","","-200","1009807123","-235","2","","0.33","2"
"0.2","100411","1009807","","100","1009807124","-220","2","","0.33","2"
"0.2","103611","1009807","","270","1009807125","-250","2","","0.33","2"
"","0.7","1009807","","0","1009807126","","","","","93"
"0.2","100411","1009807","0","lsv_talk_guts2","1009807127","0","1","","lsv_talk_guts2_loop","3"
"","vo_lsv","1009807","","vo_lsv_0734","1009807128","0","","","0","21"
"0","100411","1009807","0","變成用背的啊！\n這或許也不錯？","1009807129","10","1","0","1","11"
"","0","1009807","","","1009807130","","","","","91"
"","100411","1009807","0.2","lsv_idle_normal","1009807131","1","","","","3"
"","102011","1009807","0.2","lsv_talk_joy3_shy","1009807132","1","","","","3"
"","vo_lsv","1009807","","vo_lsv_0735","1009807133","0","","","0","21"
"0","102011","1009807","0","唔嗯……背對背的話，\n小繆會不會\n覺得寂寞呀？","1009807134","10","1","0","1","11"
"","0","1009807","","","1009807135","","","","","91"
"","102011","1009807","0.2","lsv_idle_sad_normal","1009807136","1","","","","3"
"","103611","1009807","0.2","lsv_talk_thinking_anger","1009807137","1","","","","3"
"","vo_lsv","1009807","","vo_lsv_0736","1009807138","0","","","0","21"
"0","103611","1009807","0","……這點是有點讓人擔心。\n不過沒試過就不知道嘛。\n試試看吧！","1009807139","10","1","0","1","11"
"","0","1009807","","","1009807140","","","","","91"
"","103611","1009807","0.2","lsv_idle_normal_joyR","1009807141","1","","","","3"
"","1009807143","1009807","","","1009807142","","","","","101"
"","0","1009807","","","1009807143","","","","","91"
"","","1009807","","","1009807144","","","","","102"
"","0","1009807","","0.2","1009807145","","","","","22"
"","0.2","1009807","","","1009807146","","","","","93"
"0","102011","1009807","0","4","1009807147","1","0","0","0","12"
"","102011","1009807","0.2","lsv_talk_surprise","1009807148","1","","","","3"
"","3","1009807","","0","1009807149","","","","","93"
"","102011","1009807","0.2","lsv_idle_normal_joyR","1009807150","1","","","","3"
"0","100411","1009807","0","6","1009807151","1","0","0","0","12"
"","100411","1009807","0.2","lsv_talk_joy1_normal","1009807152","1","","","","3"
"","3","1009807","","0","1009807153","","","","","93"
"","100411","1009807","0.2","lsv_idle_normal_joy","1009807154","1","","","","3"
"0","103611","1009807","0","10","1009807155","1","0","0","0","12"
"","103611","1009807","0.2","lsv_talk_joy3_dere","1009807156","1","","","","3"
"","3","1009807","","0","1009807157","","","","","93"
"","103611","1009807","0.2","lsv_idle_wish","1009807158","1","","","","3"
"","1009807147","1009807","","","1009807159","","","","","101"
"0","333","1009807","1","1","1009807160","1","0","","1","6"
"","102011","1009807","","1","1009807161","","","","","4"
"","102011","1009807","0.2","lsv_run","1009807162","1","","","","3"
"","102011","1009807","","-750","1009807163","-235","0","","0.8","2"
"","100411","1009807","","0","1009807164","","","","","4"
"","100411","1009807","0.2","lsv_run","1009807165","1","","","","3"
"","100411","1009807","","750","1009807166","-220","0","","0.8","2"
"","103611","1009807","","0","1009807167","","","","","4"
"","103611","1009807","0.2","lsv_run","1009807168","1","","","","3"
"","103611","1009807","","850","1009807169","-250","0","","0.8","2"
"","0.6","1009807","","","1009807170","","","","","93"
"0","102011","1009807","0.2","1","1009807171","1","0","","1","6"
"0","100411","1009807","0.2","1","1009807172","1","0","","1","6"
"0","103611","1009807","0.2","1","1009807173","1","0","","1","6"
"","0","1009807","","","1009807174","","","","","91"
"0","1","1009808","1.95","100411","1009808001","101","-220","lsv_idle_normal","-700","1"
"0","1","1009808","1.95","102011","1009808002","100","-235","lsv_idle_normal","-550","1"
"0","1","1009808","1.95","103611","1009808003","102","-250","lsv_idle_normal","-800","1"
"0","1","1009808","1","333","1009808004","0","0","lsv_white_loop","0","5"
"0","333","1009808","0","1","1009808005","1","0","","1","6"
"","3","1009808","0","13","1009808006","-630","1.3","","110","31"
"0","100411","1009808","0","1","1009808007","1","0","","1","6"
"0","102011","1009808","0","1","1009808008","1","0","","1","6"
"0","103611","1009808","0","1","1009808009","1","0","","1","6"
"","1","1009808","","0","1009808010","","","","","93"
"0","333","1009808","0.8","1","1009808011","1","0.4","","1","6"
"","100411","1009808","0.2","lsv_walk_glad","1009808012","1","","","","3"
"","100411","1009808","","-100","1009808013","-220","0","","2","2"
"0","100411","1009808","0.4","1","1009808014","1","1","","1","6"
"","102011","1009808","0.2","lsv_walk_glad2","1009808015","1","","","","3"
"","102011","1009808","","100","1009808016","-235","0","","2.2","2"
"0","102011","1009808","0.4","1","1009808017","1","1","","1","6"
"","103611","1009808","0.2","lsv_walk_glad","1009808018","1","","","","3"
"","103611","1009808","","-270","1009808019","-250","0","","2","2"
"0","103611","1009808","0.4","1","1009808020","1","1","","1","6"
"","13","1009808","","1","1009808021","","","","","32"
"","13","1009808","","-180","1009808022","110","0","","2","33"
"","2","1009808","","","1009808023","","","","","93"
"","13","1009808","","0","1009808024","","","","","32"
"","100411","1009808","0.2","lsv_idle_normal","1009808025","1","","","","3"
"","103611","1009808","0.2","lsv_idle_normal","1009808026","1","","","","3"
"","0.2","1009808","","","1009808027","","","","","93"
"","102011","1009808","","1","1009808028","","","","","4"
"","102011","1009808","0.2","lsv_idle_normal","1009808029","1","","","","3"
"","0.5","1009808","","","1009808030","","","","","93"
"0","100411","1009808","0","10","1009808031","0.5","","","","12"
"0.2","100411","1009808","0","lsv_smile2","1009808032","0","1","","lsv_idle_normal","3"
"0","102011","1009808","0","10","1009808033","0.5","","","","12"
"0.2","102011","1009808","0","lsv_smile2","1009808034","0","1","","lsv_idle_normal","3"
"0","103611","1009808","0","10","1009808035","0.5","","","","12"
"0.2","103611","1009808","0","lsv_smile2","1009808036","0","1","","lsv_idle_normal","3"
"","1.5","1009808","","","1009808037","","","","","93"
"","102011","1009808","","0","1009808038","","","","","4"
"","102011","1009808","0.2","lsv_walk","1009808039","1","","","","3"
"","102011","1009808","","200","1009808040","-235","0","","1","2"
"","1","1009808","","","1009808041","","","","","93"
"","102011","1009808","0.2","lsv_idle_normal","1009808042","1","","","","3"
"","0","1009808","","","1009808043","","","","","93"
"","102011","1009808","","1","1009808044","","","","","4"
"","0.6","1009808","","","1009808045","","","","","93"
"0.2","100411","1009808","0","lsv_talk_arm_crossed_joy","1009808046","0","1","","lsv_talk_arm_crossed_loop_joy","3"
"","vo_lsv","1009808","","vo_lsv_0821","1009808047","0","","","0","21"
"0","100411","1009808","0","喵特\n好大隻好可愛喔──！","1009808048","10","1","0","1","11"
"","0","1009808","","","1009808049","","","","","91"
"","100411","1009808","0.2","lsv_idle_arm_crossed_joy","1009808050","1","","","","3"
"","102011","1009808","0.2","lsv_talk_memory_dere2","1009808051","1","","","","3"
"","vo_lsv","1009808","","vo_lsv_0822","1009808052","0","","","0","21"
"0","102011","1009808","0","嗯♪\n而且很溫柔……\n又鬆鬆軟軟的♪","1009808053","10","1","0","1","11"
"","0","1009808","","","1009808054","","","","","91"
"","102011","1009808","0.2","lsv_idle_memory","1009808055","1","","","","3"
"","103611","1009808","0.2","lsv_talk_thinking_joyR","1009808056","1","","","","3"
"","vo_lsv","1009808","","vo_lsv_0823","1009808057","0","","","0","21"
"0","103611","1009808","0","栞小姐也很溫柔，\n還知道了她願意幫忙我們……\n真是美好的一天。","1009808058","10","1","0","1","11"
"","0","1009808","","","1009808059","","","","","91"
"","103611","1009808","0.2","lsv_idle_normal","1009808060","1","","","","3"
"","102011","1009808","0.2","lsv_idle_normal","1009808061","1","","","","3"
"0.2","100411","1009808","0","lsv_talk_cool_normal2","1009808062","0","1","","lsv_talk_cool_normal2_loop","3"
"","vo_lsv","1009808","","vo_lsv_0824","1009808063","0","","","0","21"
"0","100411","1009808","0","就以這個步調，和小繆\n去各種地方，\n玩各種遊戲吧！","1009808064","10","1","0","1","11"
"","0","1009808","","","1009808065","","","","","91"
"","100411","1009808","0.2","lsv_idle_cool_joy","1009808066","1","","","","3"
"0.2","103611","1009808","0","lsv_talk_doya","1009808067","0","1","","lsv_talk_doya_anger_loop","3"
"","vo_lsv","1009808","","vo_lsv_0825","1009808068","0","","","0","21"
"0","103611","1009808","0","嗯！\n……啊，\n觀察也不能忘記喔？","1009808069","10","1","0","1","11"
"","0","1009808","","","1009808070","","","","","91"
"","103611","1009808","0.2","lsv_idle_doya","1009808071","1","","","","3"
"","100411","1009808","0.2","lsv_talk_bitter","1009808072","1","","","","3"
"","vo_lsv","1009808","","vo_lsv_0826","1009808073","0","","","0","21"
"0","100411","1009808","0","這、這是當然的啊～！\n啊哈哈哈哈～","1009808074","10","1","0","1","11"
"","0","1009808","","","1009808075","","","","","91"
"","100411","1009808","0.2","lsv_idle_bitter","1009808076","1","","","","3"
"","102011","1009808","0.2","lsv_talk_surprise_talkjoy","1009808077","1","","","","3"
"","vo_lsv","1009808","","vo_lsv_0827","1009808078","0","","","0","21"
"0","102011","1009808","0","欸欸，哥哥♪\n哥哥知道還有誰能和小繆\n成為好朋友嗎？","1009808079","10","1","0","1","11"
"","0","1009808","","","1009808080","","","","","91"
"","102011","1009808","0.2","lsv_idle_surprise_joy","1009808081","1","","","","3"
"0.2","100411","1009808","0","lsv_choice","1009808082","0","1","","lsv_look_idle_normal","3"
"0.2","102011","1009808","0","lsv_choice","1009808083","0","1","","lsv_look_idle_normal","3"
"0.2","103611","1009808","0","lsv_choice","1009808084","0","1","","lsv_look_idle_normal","3"
"","0.1","1009808","","0","1009808085","","","","","93"
"0.2","100411","1009808","","-420","1009808086","-220","2","","0.33","2"
"0.2","102011","1009808","","452","1009808087","-235","2","","0.33","2"
"0.2","103611","1009808","","-545","1009808088","-250","2","","0.33","2"
"","0","1009808","0.2","0","1009808089","1","","","","22"
"","牧場的牛群。","1009808","","1009808093","1009808090","0","","","","103"
"","噗吉。","1009808","","1009808117","1009808091","0","","","","103"
"","拉格。","1009808","","1009808141","1009808092","0","","","","103"
"0.2","100411","1009808","0","lsv_choice","1009808093","0","1","","lsv_idle_normal","3"
"0.2","102011","1009808","0","lsv_choice","1009808094","0","1","","lsv_idle_normal","3"
"0.2","103611","1009808","0","lsv_choice","1009808095","0","1","","lsv_idle_normal","3"
"","0.1","1009808","","0","1009808096","","","","","93"
"0.2","100411","1009808","","-100","1009808097","-220","2","","0.33","2"
"0.2","102011","1009808","","200","1009808098","-235","2","","0.33","2"
"0.2","103611","1009808","","-270","1009808099","-250","2","","0.33","2"
"","0.7","1009808","","0","1009808100","","","","","93"
"","103611","1009808","0.2","lsv_talk_thinking_joyR","1009808101","1","","","","3"
"","vo_lsv","1009808","","vo_lsv_0828","1009808102","0","","","0","21"
"0","103611","1009808","0","原來如此……這提議不錯耶。\n牧場的牛牛\n應該都習慣與人相處了。","1009808103","10","1","0","1","11"
"","0","1009808","","","1009808104","","","","","91"
"","103611","1009808","0.2","lsv_idle_thinking_joy1","1009808105","1","","","","3"
"","102011","1009808","0.2","lsv_talk_wish_joy","1009808106","1","","","","3"
"","vo_lsv","1009808","","vo_lsv_0829","1009808107","0","","","0","21"
"0","102011","1009808","0","所以也一定會溫柔地\n對待小繆吧♪","1009808108","10","1","0","1","11"
"","0","1009808","","","1009808109","","","","","91"
"","102011","1009808","0.2","lsv_idle_wish_joy","1009808110","1","","","","3"
"","100411","1009808","0.2","lsv_talk_normal","1009808111","1","","","","3"
"","vo_lsv","1009808","","vo_lsv_0830","1009808112","0","","","0","21"
"0","100411","1009808","0","牧場的話，\n因為栞姐姐也在，\n所以可以放心呢！","1009808113","10","1","0","1","11"
"","0","1009808","","","1009808114","","","","","91"
"","100411","1009808","0.2","lsv_idle_normal","1009808115","1","","","","3"
"","1009808166","1009808","","","1009808116","","","","","101"
"0.2","100411","1009808","0","lsv_choice","1009808117","0","1","","lsv_idle_normal","3"
"0.2","102011","1009808","0","lsv_choice","1009808118","0","1","","lsv_idle_normal","3"
"0.2","103611","1009808","0","lsv_choice","1009808119","0","1","","lsv_idle_normal","3"
"","0.1","1009808","","0","1009808120","","","","","93"
"0.2","100411","1009808","","-100","1009808121","-220","2","","0.33","2"
"0.2","102011","1009808","","200","1009808122","-235","2","","0.33","2"
"0.2","103611","1009808","","-270","1009808123","-250","2","","0.33","2"
"","0.7","1009808","","0","1009808124","","","","","93"
"","102011","1009808","0.2","lsv_talk_joy3_blink","1009808125","1","","","","3"
"","vo_lsv","1009808","","vo_lsv_0831","1009808126","0","","","0","21"
"0","102011","1009808","0","是說綾音的朋友？\n如果是噗吉，\n一定能跟小繆成為好朋友的♪","1009808127","10","1","0","1","11"
"","0","1009808","","","1009808128","","","","","91"
"","102011","1009808","0.2","lsv_idle_joy","1009808129","1","","","","3"
"","103611","1009808","0.2","lsv_talk_surprise","1009808130","1","","","","3"
"","vo_lsv","1009808","","vo_lsv_0832","1009808131","0","","","0","21"
"0","103611","1009808","0","是綾音的話，就不必\n擔心了呢……因為她應該已經\n習慣與奇妙的孩子相處了。","1009808132","10","1","0","1","11"
"","0","1009808","","","1009808133","","","","","91"
"","103611","1009808","0.2","lsv_idle_surprise","1009808134","1","","","","3"
"","100411","1009808","0.2","lsv_talk_thinking_talkR","1009808135","1","","","","3"
"","vo_lsv","1009808","","vo_lsv_0833","1009808136","0","","","0","21"
"0","100411","1009808","0","仔細想想，\n噗吉本身就\n很不可思議呢……","1009808137","10","1","0","1","11"
"","0","1009808","","","1009808138","","","","","91"
"","100411","1009808","0.2","lsv_idle_thinking_joy1","1009808139","1","","","","3"
"","1009808166","1009808","","","1009808140","","","","","101"
"0.2","100411","1009808","0","lsv_choice","1009808141","0","1","","lsv_idle_normal","3"
"0.2","102011","1009808","0","lsv_choice","1009808142","0","1","","lsv_idle_normal","3"
"0.2","103611","1009808","0","lsv_choice","1009808143","0","1","","lsv_idle_normal","3"
"","0.1","1009808","","0","1009808144","","","","","93"
"0.2","100411","1009808","","-100","1009808145","-220","2","","0.33","2"
"0.2","102011","1009808","","200","1009808146","-235","2","","0.33","2"
"0.2","103611","1009808","","-270","1009808147","-250","2","","0.33","2"
"","0.7","1009808","","0","1009808148","","","","","93"
"","100411","1009808","0.2","lsv_talk_surprise2","1009808149","1","","","","3"
"","vo_lsv","1009808","","vo_lsv_0834","1009808150","0","","","0","21"
"0","100411","1009808","0","咦咦，龍！？\n那是說龍嗎？","1009808151","10","1","0","1","11"
"","0","1009808","","","1009808152","","","","","91"
"","100411","1009808","0.2","lsv_idle_surprise","1009808153","1","","","","3"
"","102011","1009808","0.2","lsv_talk_normal_suprise1","1009808154","1","","","","3"
"","vo_lsv","1009808","","vo_lsv_0835","1009808155","0","","","0","21"
"0","102011","1009808","0","有位和厲害的魔物先生\n關係很好的人對吧～","1009808156","10","1","0","1","11"
"","0","1009808","","","1009808157","","","","","91"
"","102011","1009808","0.2","lsv_idle_normal","1009808158","1","","","","3"
"","103611","1009808","0.2","lsv_talk_sad","1009808159","1","","","","3"
"","vo_lsv","1009808","","vo_lsv_0836","1009808160","0","","","0","21"
"0","103611","1009808","0","有、有種危險的氣息呢……\n那個人的話，\n那個……我們再考慮一下吧。","1009808161","10","1","0","1","11"
"","0","1009808","","","1009808162","","","","","91"
"","103611","1009808","0.2","lsv_idle_sad","1009808163","1","","","","3"
"","100411","1009808","0.2","lsv_idle_surprise_talkR1","1009808164","1","","","","3"
"","1009808166","1009808","","","1009808165","","","","","101"
"","0","1009808","","","1009808166","","","","","91"
"","","1009808","","","1009808167","","","","","102"
"","0","1009808","","0.2","1009808168","","","","","22"
"","0.2","1009808","","","1009808169","","","","","93"
"0","102011","1009808","0","7","1009808170","1","0","0","0","12"
"","102011","1009808","0.2","lsv_talk_surprise_kira","1009808171","1","","","","3"
"","3","1009808","","0","1009808172","","","","","93"
"","102011","1009808","0.2","lsv_idle_surprise","1009808173","1","","","","3"
"0","100411","1009808","0","5","1009808174","1","0","0","0","12"
"","100411","1009808","0.2","lsv_talk_wish_surprise","1009808175","1","","","","3"
"","3","1009808","","0","1009808176","","","","","93"
"","100411","1009808","0.2","lsv_idle_wish","1009808177","1","","","","3"
"0","103611","1009808","0","1","1009808178","1","0","0","0","12"
"","103611","1009808","0.2","lsv_talk_normal_sad","1009808179","1","","","","3"
"","3","1009808","","0","1009808180","","","","","93"
"","103611","1009808","0.2","lsv_idle_normal","1009808181","1","","","","3"
"","1009808170","1009808","","","1009808182","","","","","101"
"0","333","1009808","1","1","1009808183","1","0","","1","6"
"","100411","1009808","","1","1009808184","","","","","4"
"","100411","1009808","0.2","lsv_run","1009808185","1","","","","3"
"","100411","1009808","","-750","1009808186","-220","0","","0.8","2"
"","102011","1009808","","0","1009808187","","","","","4"
"","102011","1009808","0.2","lsv_run","1009808188","1","","","","3"
"","102011","1009808","","750","1009808189","-235","0","","0.8","2"
"","103611","1009808","","1","1009808190","","","","","4"
"","103611","1009808","0.2","lsv_run","1009808191","1","","","","3"
"","103611","1009808","","-850","1009808192","-250","0","","0.8","2"
"","0.6","1009808","","","1009808193","","","","","93"
"0","100411","1009808","0.2","1","1009808194","1","0","","1","6"
"0","102011","1009808","0.2","1","1009808195","1","0","","1","6"
"0","103611","1009808","0.2","1","1009808196","1","0","","1","6"
"","0","1009808","","","1009808197","","","","","91"
"0","1","1009809","1.95","103611","1009809001","102","-235","lsv_idle_normal","-750","1"
"1","1","1009809","1.95","102011","1009809002","100","-220","lsv_idle_normal","650","1"
"1","1","1009809","1.95","100411","1009809003","101","-250","lsv_idle_normal","750","1"
"0","1","1009809","1","333","1009809004","0","0","lsv_white_loop","0","5"
"0","333","1009809","0","1","1009809005","1","0","","1","6"
"0","103611","1009809","0","1","1009809006","1","0","","1","6"
"0","102011","1009809","0","1","1009809007","1","0","","1","6"
"0","100411","1009809","0","1","1009809008","1","0","","1","6"
"","103611","1009809","","2","1009809009","0","","","0","7"
"","103611","1009809","","-750","1009809010","-235","0","","0.5","2"
"","2","1009809","0","16","1009809011","-140","0.8","","10","31"
"","16","1009809","","2","1009809012","0","","","0","34"
"","1","1009809","","0","1009809013","","","","","93"
"0","333","1009809","0.8","1","1009809014","1","0.4","","1","6"
"0","103611","1009809","0.2","lsv_see_sad_pre","1009809015","0","1","","lsv_see_sad","3"
"","103611","1009809","","-600","1009809016","-235","0","","1.1","2"
"0","103611","1009809","0.4","1","1009809017","1","1","","1","6"
"","1","1009809","","","1009809018","","","","","93"
"","16","1009809","","1","1009809019","","","","","32"
"","0","1009809","","","1009809020","","","","","91"
"","103611","1009809","","240","1009809021","260","80","","0","94"
"","16","1009809","","0","1009809022","","","","","32"
"0","103611","1009809","0","1","1009809023","1","","","","12"
"","103611","1009809","","0","1009809024","2","","","0","7"
"","103611","1009809","0.2","lsv_walk_sad","1009809025","1","","","","3"
"","103611","1009809","","-250","1009809026","-235","0","","2","2"
"","102011","1009809","0.2","lsv_walk","1009809027","1","","","","3"
"","102011","1009809","","100","1009809028","-220","0","","2","2"
"0","102011","1009809","0.4","1","1009809029","1","1","","1","6"
"","100411","1009809","0.2","lsv_walk_talkR","1009809030","1","","","","3"
"","100411","1009809","","270","1009809031","-250","0","","2","2"
"0","100411","1009809","0.4","1","1009809032","1","1","","1","6"
"","2","1009809","","","1009809033","","","","","93"
"","103611","1009809","0.2","lsv_idle_normal","1009809034","1","","","","3"
"","102011","1009809","0.2","lsv_idle_normal","1009809035","1","","","","3"
"","100411","1009809","0.2","lsv_idle_sad","1009809036","1","","","","3"
"","0.5","1009809","","","1009809037","","","","","93"
"","0","1009809","","","1009809038","","","","","91"
"","100411","1009809","0.2","lsv_talk_sad","1009809039","1","","","","3"
"","vo_lsv","1009809","","vo_lsv_0921","1009809040","0","","","0","21"
"0","100411","1009809","0","今天……\n發生了好多事情喔。","1009809041","10","1","0","1","11"
"","0","1009809","","","1009809042","","","","","91"
"","100411","1009809","0.2","lsv_idle_sad","1009809043","1","","","","3"
"","102011","1009809","0.2","lsv_talk_wish_nervous","1009809044","1","","","","3"
"","vo_lsv","1009809","","vo_lsv_0922","1009809045","0","","","0","21"
"0","102011","1009809","0","嗯……\n不過，能救出小繆\n真是太好了。","1009809046","10","1","0","1","11"
"","0","1009809","","","1009809047","","","","","91"
"","102011","1009809","0.2","lsv_idle_wish_nervous","1009809048","1","","","","3"
"","100411","1009809","0.2","lsv_talk_sad","1009809049","1","","","","3"
"","vo_lsv","1009809","","vo_lsv_0923","1009809050","0","","","0","21"
"0","100411","1009809","0","……雖然牠有點\n變小了。","1009809051","10","1","0","1","11"
"","0","1009809","","","1009809052","","","","","91"
"","100411","1009809","0.2","lsv_idle_sad","1009809053","1","","","","3"
"","102011","1009809","0.2","lsv_talk_sad","1009809054","1","","","","3"
"","vo_lsv","1009809","","vo_lsv_0924","1009809055","0","","","0","21"
"0","102011","1009809","0","……嗯。","1009809056","10","1","0","1","11"
"","0","1009809","","","1009809057","","","","","91"
"","102011","1009809","0.2","lsv_idle_normal","1009809058","1","","","","3"
"","100411","1009809","0.2","lsv_idle_normal_talkR","1009809059","1","","","","3"
"","103611","1009809","0.2","lsv_talk_thinking","1009809060","1","","","","3"
"","vo_lsv","1009809","","vo_lsv_0925","1009809061","0","","","0","21"
"0","103611","1009809","0","……小繆\n到底是什麼生物，\n雖然之前一直想不出來……","1009809062","10","1","0","1","11"
"","0","1009809","","","1009809063","","","","","91"
"","103611","1009809","0.2","lsv_idle_thinking","1009809064","1","","","","3"
"","100411","1009809","0.2","lsv_talk_normal_suprise1","1009809065","1","","","","3"
"","vo_lsv","1009809","","vo_lsv_0926","1009809066","0","","","0","21"
"0","100411","1009809","0","這下終於知道了呢。\n不過有點……\n不對，是非常令人驚訝呢。","1009809067","10","1","0","1","11"
"","0","1009809","","","1009809068","","","","","91"
"","100411","1009809","0.2","lsv_idle_normal_talkR","1009809069","1","","","","3"
"","103611","1009809","0.2","lsv_talk_thinking_anger","1009809070","1","","","","3"
"","vo_lsv","1009809","","vo_lsv_0927","1009809071","0","","","0","21"
"0","103611","1009809","0","能喚來幸福的生物……\n那就是小繆。","1009809072","10","1","0","1","11"
"","0","1009809","","","1009809073","","","","","91"
"","103611","1009809","0.2","lsv_idle_sad","1009809074","1","","","","3"
"","102011","1009809","0.2","lsv_talk_sad","1009809075","1","","","","3"
"","vo_lsv","1009809","","vo_lsv_0928","1009809076","0","","","0","21"
"0","102011","1009809","0","美美我們……\n接下來該怎麼辦呢？","1009809077","10","1","0","1","11"
"","0","1009809","","","1009809078","","","","","91"
"","102011","1009809","0.2","lsv_idle_normal","1009809079","1","","","","3"
"","100411","1009809","0.2","lsv_talk_anger_dead","1009809080","1","","","","3"
"","vo_lsv","1009809","","vo_lsv_0929","1009809081","0","","","0","21"
"0","100411","1009809","0","……不知道耶。","1009809082","10","1","0","1","11"
"","0","1009809","","","1009809083","","","","","91"
"","100411","1009809","0.2","lsv_idle_anger_sad","1009809084","1","","","","3"
"","103611","1009809","0.2","lsv_talk_normal_sad","1009809085","1","","","","3"
"","vo_lsv","1009809","","vo_lsv_0930","1009809086","0","","","0","21"
"0","103611","1009809","0","畢竟突然發生了\n這麼多事嘛。\n……冷靜不下來也是當然的。","1009809087","10","1","0","1","11"
"","0","1009809","","","1009809088","","","","","91"
"","vo_lsv","1009809","","vo_lsv_0931","1009809089","0","","","0","21"
"0","103611","1009809","0","總之，今天先休息吧。\n之後的事情，\n明天再來考慮吧。","1009809090","10","1","0","1","11"
"","0","1009809","","","1009809091","","","","","91"
"","103611","1009809","0.2","lsv_idle_normal","1009809092","1","","","","3"
"0.2","100411","1009809","0","lsv_agree_sad","1009809093","0","1","","lsv_idle_normal_sad","3"
"0.2","102011","1009809","0","lsv_agree_sad","1009809094","0","1","","lsv_idle_normal_sad","3"
"","vo_lsv","1009809","","vo_lsv_0932","1009809095","0","","","0","21"
"0","100411","1009809","0","……嗯。","1009809096","10","1","0","1","11"
"0","102011","1009809","0","……嗯。","1009809097","10","1","0","1","11"
"","0","1009809","","","1009809098","","","","","91"
"","0","1009809","0.2","0","1009809099","1","","","","22"
"","","1009809","","","1009809100","","","","","102"
"","0.2","1009809","","","1009809101","","","","","93"
"0","103611","1009809","0","1","1009809102","1","0","0","0","12"
"","103611","1009809","0.2","lsv_talk_normal_sad","1009809103","1","","","","3"
"","3","1009809","","0","1009809104","","","","","93"
"","103611","1009809","0.2","lsv_idle_normal","1009809105","1","","","","3"
"0","102011","1009809","0","2","1009809106","1","0","0","0","12"
"","102011","1009809","0.2","lsv_talk_bitter","1009809107","1","","","","3"
"","3","1009809","","0","1009809108","","","","","93"
"","102011","1009809","0.2","lsv_idle_sad_normal","1009809109","1","","","","3"
"0","100411","1009809","0","4","1009809110","1","0","0","0","12"
"","100411","1009809","0.2","lsv_idle_anger_sad","1009809111","1","","","","3"
"","3","1009809","","0","1009809112","","","","","93"
"","100411","1009809","0.2","lsv_idle_normal_sad","1009809113","1","","","","3"
"","1009809102","1009809","","","1009809114","","","","","101"
"0","333","1009809","1","1","1009809115","1","0","","1","6"
"","103611","1009809","","1","1009809116","","","","","4"
"","103611","1009809","0.2","lsv_run_sad","1009809117","1","","","","3"
"","103611","1009809","","-750","1009809118","-235","0","","0.8","2"
"","102011","1009809","","0","1009809119","","","","","4"
"","102011","1009809","0.2","lsv_run_sad","1009809120","1","","","","3"
"","102011","1009809","","750","1009809121","-220","0","","0.8","2"
"","100411","1009809","","0","1009809122","","","","","4"
"","100411","1009809","0.2","lsv_run_sad","1009809123","1","","","","3"
"","100411","1009809","","850","1009809124","-250","0","","0.8","2"
"","0.6","1009809","","","1009809125","","","","","93"
"0","103611","1009809","0.2","1","1009809126","1","0","","1","6"
"0","102011","1009809","0.2","1","1009809127","1","0","","1","6"
"0","100411","1009809","0.2","1","1009809128","1","0","","1","6"
"","0","1009809","","","1009809129","","","","","91"
"0","1","1009810","1.95","100411","1009810001","102","-235","lsv_idle_normal","-650","1"
"1","1","1009810","1.95","102011","1009810002","100","-220","lsv_idle_normal","650","1"
"1","1","1009810","1.95","103611","1009810003","101","-250","lsv_idle_normal","750","1"
"0","1","1009810","1","333","1009810004","0","0","lsv_white_loop","0","5"
"0","333","1009810","0","1","1009810005","1","0","","1","6"
"0","100411","1009810","0","1","1009810006","1","0","","1","6"
"0","102011","1009810","0","1","1009810007","1","0","","1","6"
"0","103611","1009810","0","1","1009810008","1","0","","1","6"
"","1","1009810","","0","1009810009","","","","","93"
"0","333","1009810","0.8","1","1009810010","1","0.4","","1","6"
"","100411","1009810","0.2","lsv_walk","1009810011","1","","","","3"
"","100411","1009810","","-200","1009810012","-235","0","","2","2"
"0","100411","1009810","0.4","1","1009810013","1","1","","1","6"
"","102011","1009810","0.2","lsv_walk","1009810014","1","","","","3"
"","102011","1009810","","100","1009810015","-220","0","","2","2"
"0","102011","1009810","0.4","1","1009810016","1","1","","1","6"
"","103611","1009810","0.2","lsv_walk","1009810017","1","","","","3"
"","103611","1009810","","270","1009810018","-250","0","","2","2"
"0","103611","1009810","0.4","1","1009810019","1","1","","1","6"
"","2","1009810","","0","1009810020","","","","","93"
"","100411","1009810","0.2","lsv_idle_normal","1009810021","1","","","","3"
"","102011","1009810","0.2","lsv_idle_normal","1009810022","1","","","","3"
"","103611","1009810","0.2","lsv_idle_normal","1009810023","1","","","","3"
"","0.6","1009810","","0","1009810024","","","","","93"
"0.2","103611","1009810","0","lsv_talk_guts2_anger","1009810025","0","1","","lsv_talk_guts2_anger_loop","3"
"","vo_lsv","1009810","","vo_lsv_1021","1009810026","0","","","0","21"
"0","103611","1009810","0","……都到這一步了，\n我們就負起責任到最後，\n讓牠好好地回去吧。","1009810027","10","1","0","1","11"
"","0","1009810","","","1009810028","","","","","91"
"","103611","1009810","0.2","lsv_idle_guts2_anger","1009810029","1","","","","3"
"","102011","1009810","0.2","lsv_talk_joy3_dere","1009810030","1","","","","3"
"","vo_lsv","1009810","","vo_lsv_1022","1009810031","0","","","0","21"
"0","102011","1009810","0","……說得沒錯。\n這是大家一起決定的嘛。","1009810032","10","1","0","1","11"
"","0","1009810","","","1009810033","","","","","91"
"","102011","1009810","0.2","lsv_idle_sad_joynormal","1009810034","1","","","","3"
"","100411","1009810","0.2","lsv_talk_thinking","1009810035","1","","","","3"
"","vo_lsv","1009810","","vo_lsv_1023","1009810036","0","","","0","21"
"0","100411","1009810","0","不過……\n在那之前還有事情要做喔。","1009810037","10","1","0","1","11"
"","0","1009810","","","1009810038","","","","","91"
"","100411","1009810","0.2","lsv_idle_normal","1009810039","1","","","","3"
"","102011","1009810","0.2","lsv_idle_normal","1009810040","1","","","","3"
"0.2","100411","1009810","0","lsv_talk_guts2","1009810041","0","1","","lsv_talk_guts2_loop","3"
"","vo_lsv","1009810","","vo_lsv_1024","1009810042","0","","","0","21"
"0","100411","1009810","0","要讓小繆恢復活力，\n還有要特訓！\n讓牠回到那邊也不會有問題♪","1009810043","10","1","0","1","11"
"","0","1009810","","","1009810044","","","","","91"
"","100411","1009810","0.2","lsv_idle_guts2_joy","1009810045","1","","","","3"
"0.2","103611","1009810","0","lsv_talk_doya","1009810046","0","1","","lsv_talk_doya_loop","3"
"","vo_lsv","1009810","","vo_lsv_1025","1009810047","0","","","0","21"
"0","103611","1009810","0","……還有很多很多\n該做的事情呢。\n我們也得加油才行。","1009810048","10","1","0","1","11"
"","0","1009810","","","1009810049","","","","","91"
"","103611","1009810","0.2","lsv_idle_doya","1009810050","1","","","","3"
"0.2","100411","1009810","0","lsv_talk_cool_joy","1009810051","0","1","","lsv_talk_cool_joy_loop","3"
"","vo_lsv","1009810","","vo_lsv_1026","1009810052","0","","","0","21"
"0","100411","1009810","0","沒錯沒錯，就是這樣！","1009810053","10","1","0","1","11"
"","0","1009810","","","1009810054","","","","","91"
"","100411","1009810","0.2","lsv_idle_cool_joy","1009810055","1","","","","3"
"","102011","1009810","0.2","lsv_talk_wish_joy","1009810056","1","","","","3"
"","vo_lsv","1009810","","vo_lsv_1027","1009810057","0","","","0","21"
"0","102011","1009810","0","那麼，\n首先要先讓小繆\n恢復活力才行！","1009810058","10","1","0","1","11"
"","0","1009810","","","1009810059","","","","","91"
"","102011","1009810","0.2","lsv_idle_wish_joy","1009810060","1","","","","3"
"","100411","1009810","0.2","lsv_talk_cool_loop","1009810061","1","","","","3"
"","vo_lsv","1009810","","vo_lsv_1028","1009810062","0","","","0","21"
"0","100411","1009810","0","活力啊──\n哥哥\n有什麼好點子嗎？","1009810063","10","1","0","1","11"
"","0","1009810","","","1009810064","","","","","91"
"","100411","1009810","0.2","lsv_idle_cool","1009810065","1","","","","3"
"0.2","100411","1009810","0","lsv_choice","1009810066","0","1","","lsv_look_idle_normal","3"
"0.2","102011","1009810","0","lsv_choice","1009810067","0","1","","lsv_look_idle_normal","3"
"0.2","103611","1009810","0","lsv_choice","1009810068","0","1","","lsv_look_idle_normal","3"
"","0.1","1009810","","0","1009810069","","","","","93"
"0.2","100411","1009810","","-452","1009810070","-235","2","","0.33","2"
"0.2","102011","1009810","","420","1009810071","-220","2","","0.33","2"
"0.2","103611","1009810","","545","1009810072","-250","2","","0.33","2"
"","0","1009810","0.2","0","1009810073","1","","","","22"
"","給牠吃很多東西。","1009810","","1009810077","1009810074","0","","","","103"
"","讓牠多睡一點。","1009810","","1009810101","1009810075","0","","","","103"
"","稍微玩一下。","1009810","","1009810125","1009810076","0","","","","103"
"0.2","100411","1009810","0","lsv_choice","1009810077","0","1","","lsv_idle_normal","3"
"0.2","102011","1009810","0","lsv_choice","1009810078","0","1","","lsv_idle_normal","3"
"0.2","103611","1009810","0","lsv_choice","1009810079","0","1","","lsv_idle_normal","3"
"","0.1","1009810","","0","1009810080","","","","","93"
"0.2","100411","1009810","","-200","1009810081","-235","2","","0.33","2"
"0.2","102011","1009810","","100","1009810082","-220","2","","0.33","2"
"0.2","103611","1009810","","270","1009810083","-250","2","","0.33","2"
"","0.7","1009810","","0","1009810084","","","","","93"
"","103611","1009810","0.2","lsv_talk_joy3_blink","1009810085","1","","","","3"
"","vo_lsv","1009810","","vo_lsv_1029","1009810086","0","","","0","21"
"0","103611","1009810","0","肚子餓了\n就會沒精神，\n也有這樣的俗語嘛。","1009810087","10","1","0","1","11"
"","0","1009810","","","1009810088","","","","","91"
"","103611","1009810","0.2","lsv_idle_normal_joy","1009810089","1","","","","3"
"","102011","1009810","0.2","lsv_talk_joy1","1009810090","1","","","","3"
"","vo_lsv","1009810","","vo_lsv_1030","1009810091","0","","","0","21"
"0","102011","1009810","0","我們來做很多會\n讓小繆開心的食物吧～♪","1009810092","10","1","0","1","11"
"","0","1009810","","","1009810093","","","","","91"
"","102011","1009810","0.2","lsv_idle_joy","1009810094","1","","","","3"
"0.2","100411","1009810","0","lsv_talk_guts2_joy","1009810095","0","1","","lsv_talk_guts2_joy_loop","3"
"","vo_lsv","1009810","","vo_lsv_1031","1009810096","0","","","0","21"
"0","100411","1009810","0","好──禊也要來做──！\n來做很多能恢復體力的\n料理吧──！","1009810097","10","1","0","1","11"
"","0","1009810","","","1009810098","","","","","91"
"","100411","1009810","0.2","lsv_idle_guts2_joy","1009810099","1","","","","3"
"","1009810149","1009810","","","1009810100","","","","","101"
"0.2","100411","1009810","0","lsv_choice","1009810101","0","1","","lsv_idle_normal","3"
"0.2","102011","1009810","0","lsv_choice","1009810102","0","1","","lsv_idle_normal","3"
"0.2","103611","1009810","0","lsv_choice","1009810103","0","1","","lsv_idle_normal","3"
"","0.1","1009810","","0","1009810104","","","","","93"
"0.2","100411","1009810","","-200","1009810105","-235","2","","0.33","2"
"0.2","102011","1009810","","100","1009810106","-220","2","","0.33","2"
"0.2","103611","1009810","","270","1009810107","-250","2","","0.33","2"
"","0.7","1009810","","0","1009810108","","","","","93"
"","100411","1009810","0.2","lsv_talk_normal_suprise1","1009810109","1","","","","3"
"","vo_lsv","1009810","","vo_lsv_1032","1009810110","0","","","0","21"
"0","100411","1009810","0","累了就會想睡嘛──\n那麼，就試著\n讓小繆好睡吧！","1009810111","10","1","0","1","11"
"","0","1009810","","","1009810112","","","","","91"
"","100411","1009810","0.2","lsv_idle_normal","1009810113","1","","","","3"
"","103611","1009810","0.2","lsv_talk_thinking_talkR","1009810114","1","","","","3"
"","vo_lsv","1009810","","vo_lsv_1033","1009810115","0","","","0","21"
"0","103611","1009810","0","讓牠好睡……\n像唱搖籃曲之類的嗎？","1009810116","10","1","0","1","11"
"","0","1009810","","","1009810117","","","","","91"
"","103611","1009810","0.2","lsv_idle_thinking_surprise","1009810118","1","","","","3"
"","102011","1009810","0.2","lsv_talk_joy3","1009810119","1","","","","3"
"","vo_lsv","1009810","","vo_lsv_1034","1009810120","0","","","0","21"
"0","102011","1009810","0","美美覺得讀繪本給牠聽\n應該也不錯～\n大家一起唸牠聽吧♪","1009810121","10","1","0","1","11"
"","0","1009810","","","1009810122","","","","","91"
"","102011","1009810","0.2","lsv_idle_joy","1009810123","1","","","","3"
"","1009810149","1009810","","","1009810124","","","","","101"
"0.2","100411","1009810","0","lsv_choice","1009810125","0","1","","lsv_idle_normal","3"
"0.2","102011","1009810","0","lsv_choice","1009810126","0","1","","lsv_idle_normal","3"
"0.2","103611","1009810","0","lsv_choice","1009810127","0","1","","lsv_idle_normal","3"
"","0.1","1009810","","0","1009810128","","","","","93"
"0.2","100411","1009810","","-200","1009810129","-235","2","","0.33","2"
"0.2","102011","1009810","","100","1009810130","-220","2","","0.33","2"
"0.2","103611","1009810","","270","1009810131","-250","2","","0.33","2"
"","0.7","1009810","","0","1009810132","","","","","93"
"","102011","1009810","0.2","lsv_talk_surprise","1009810133","1","","","","3"
"","vo_lsv","1009810","","vo_lsv_1035","1009810134","0","","","0","21"
"0","102011","1009810","0","咦？跟牠玩的話，\n不會變得更累嗎……？","1009810135","10","1","0","1","11"
"","0","1009810","","","1009810136","","","","","91"
"","102011","1009810","0.2","lsv_idle_surprise","1009810137","1","","","","3"
"","100411","1009810","0.2","lsv_talk_thinking_joyR","1009810138","1","","","","3"
"","vo_lsv","1009810","","vo_lsv_1036","1009810139","0","","","0","21"
"0","100411","1009810","0","但玩耍能讓心情\n變暢快呢──\n或許意外可行……？","1009810140","10","1","0","1","11"
"","0","1009810","","","1009810141","","","","","91"
"","100411","1009810","0.2","lsv_idle_thinking_joy1","1009810142","1","","","","3"
"","103611","1009810","0.2","lsv_talk_thinking_talkR","1009810143","1","","","","3"
"","vo_lsv","1009810","","vo_lsv_1037","1009810144","0","","","0","21"
"0","103611","1009810","0","可以提升睡眠品質……\n之類的，大人也這麼說嘛。\n那就真的「稍微」玩一下吧。","1009810145","10","1","0","1","11"
"","0","1009810","","","1009810146","","","","","91"
"","103611","1009810","0.2","lsv_idle_thinking_joy1","1009810147","1","","","","3"
"","1009810149","1009810","","","1009810148","","","","","101"
"","0","1009810","","","1009810149","","","","","91"
"","","1009810","","","1009810150","","","","","102"
"","0","1009810","","0.2","1009810151","","","","","22"
"","0.2","1009810","","","1009810152","","","","","93"
"0","102011","1009810","0","11","1009810153","1","0","0","0","12"
"","102011","1009810","0.2","lsv_talk_joy1","1009810154","1","","","","3"
"","3","1009810","","0","1009810155","","","","","93"
"","102011","1009810","0.2","lsv_idle_normal_joyR","1009810156","1","","","","3"
"0","100411","1009810","0","6","1009810157","1","0","0","0","12"
"0.2","100411","1009810","0","lsv_talk_guts1","1009810158","0","1","","lsv_talk_guts1_loop","3"
"","3","1009810","","0","1009810159","","","","","93"
"","100411","1009810","0.2","lsv_idle_joy_normal","1009810160","1","","","","3"
"0","103611","1009810","0","7","1009810161","1","0","0","0","12"
"0.2","103611","1009810","0","lsv_talk_cool_normal2","1009810162","0","1","","lsv_talk_cool_normal2_loop","3"
"","3","1009810","","0","1009810163","","","","","93"
"","103611","1009810","0.2","lsv_idle_normal_joy","1009810164","1","","","","3"
"","1009810153","1009810","","","1009810165","","","","","101"
"0","333","1009810","1","1","1009810166","1","0","","1","6"
"","100411","1009810","","1","1009810167","","","","","4"
"","100411","1009810","0.2","lsv_run","1009810168","1","","","","3"
"","100411","1009810","","-750","1009810169","-235","0","","0.8","2"
"","102011","1009810","","0","1009810170","","","","","4"
"","102011","1009810","0.2","lsv_run","1009810171","1","","","","3"
"","102011","1009810","","750","1009810172","-220","0","","0.8","2"
"","103611","1009810","","0","1009810173","","","","","4"
"","103611","1009810","0.2","lsv_run","1009810174","1","","","","3"
"","103611","1009810","","850","1009810175","-250","0","","0.8","2"
"","0.6","1009810","","","1009810176","","","","","93"
"0","100411","1009810","0.2","1","1009810177","1","0","","1","6"
"0","102011","1009810","0.2","1","1009810178","1","0","","1","6"
"0","103611","1009810","0.2","1","1009810179","1","0","","1","6"
"","0","1009810","","","1009810180","","","","","91"
"0","1","1009811","1.95","102011","1009811001","102","-495","lsv_idle_normal","-200","1"
"1","1","1009811","1.95","103611","1009811002","100","-480","lsv_idle_normal","100","1"
"1","1","1009811","1.95","100411","1009811003","101","-510","lsv_idle_normal","270","1"
"0","1","1009811","1","333","1009811004","0","0","lsv_white_loop","0","5"
"0","333","1009811","0","1","1009811005","1","0","","1","6"
"0","102011","1009811","0","1","1009811006","1","0","","1","6"
"0","103611","1009811","0","1","1009811007","1","0","","1","6"
"0","100411","1009811","0","1","1009811008","1","0","","1","6"
"","1","1009811","","0","1009811009","","","","","93"
"0","333","1009811","0.8","1","1009811010","1","0.4","","1","6"
"0.2","102011","1009811","0.2","lsv_jump1","1009811011","0","1","","lsv_idle_normal","3"
"0.2","103611","1009811","0.2","lsv_jump1","1009811012","0","1","","lsv_idle_normal","3"
"0.2","100411","1009811","0.2","lsv_jump1","1009811013","0","1","","lsv_idle_normal","3"
"","0.3","1009811","","","1009811014","","","","","93"
"","102011","1009811","","-200","1009811015","-235","0","","0.75","2"
"","103611","1009811","","100","1009811016","-220","0","","0.75","2"
"","100411","1009811","","270","1009811017","-250","0","","0.75","2"
"0","102011","1009811","0.4","1","1009811018","1","1","","1","6"
"0","103611","1009811","0.4","1","1009811019","1","1","","1","6"
"0","100411","1009811","0.4","1","1009811020","1","1","","1","6"
"","2","1009811","","0","1009811021","","","","","93"
"0.2","100411","1009811","0","lsv_talk_doya","1009811022","0","1","","lsv_talk_doya_loop","3"
"","vo_lsv","1009811","","vo_lsv_1121","1009811023","0","","","0","21"
"0","100411","1009811","0","小繆也恢復活力了，\n那就開始特訓囉！","1009811024","10","1","0","1","11"
"","0","1009811","","","1009811025","","","","","91"
"","100411","1009811","0.2","lsv_idle_doya","1009811026","1","","","","3"
"","103611","1009811","0.2","lsv_talk_surprise","1009811027","1","","","","3"
"","vo_lsv","1009811","","vo_lsv_1122","1009811028","0","","","0","21"
"0","103611","1009811","0","美美，\n學習聊天時，\n你們做了什麼呢？","1009811029","10","1","0","1","11"
"","0","1009811","","","1009811030","","","","","91"
"","103611","1009811","0.2","lsv_idle_surprise","1009811031","1","","","","3"
"","102011","1009811","0.2","lsv_talk_wish_joy","1009811032","1","","","","3"
"","vo_lsv","1009811","","vo_lsv_1123","1009811033","0","","","0","21"
"0","102011","1009811","0","欸嘿嘿♪\n妳們覺得呢～？","1009811034","10","1","0","1","11"
"","0","1009811","","","1009811035","","","","","91"
"","102011","1009811","0.2","lsv_idle_joy","1009811036","1","","","","3"
"","100411","1009811","0.2","lsv_talk_surprise_talkjoy","1009811037","1","","","","3"
"","vo_lsv","1009811","","vo_lsv_1124","1009811038","0","","","0","21"
"0","100411","1009811","0","喔，好像在猜謎唷！\n好──禊要猜囉──！\n我想想……","1009811039","10","1","0","1","11"
"","0","1009811","","","1009811040","","","","","91"
"","100411","1009811","0.2","lsv_idle_surprise","1009811041","1","","","","3"
"","103611","1009811","0.2","lsv_talk_thinking_talkR","1009811042","1","","","","3"
"","vo_lsv","1009811","","vo_lsv_1125","1009811043","0","","","0","21"
"0","103611","1009811","0","我也來猜猜看吧。\n學習聊天……\n學習聊天……","1009811044","10","1","0","1","11"
"","0","1009811","","","1009811045","","","","","91"
"","103611","1009811","0.2","lsv_idle_thinking","1009811046","1","","","","3"
"","100411","1009811","0.2","lsv_idle_thinking","1009811047","1","","","","3"
"","vo_lsv","1009811","","vo_lsv_1126","1009811048","0","","","0","21"
"0","103611","1009811","0","唔嗯……","1009811049","10","1","0","1","11"
"0","100411","1009811","0","唔嗯……","1009811050","10","1","0","1","11"
"","0","1009811","","","1009811051","","","","","91"
"0.2","102011","1009811","0","lsv_choice","1009811052","0","1","","lsv_look_idle_normal","3"
"0.2","103611","1009811","0","lsv_choice","1009811053","0","1","","lsv_look_idle_normal","3"
"0.2","100411","1009811","0","lsv_choice","1009811054","0","1","","lsv_look_idle_normal","3"
"","0.1","1009811","","0","1009811055","","","","","93"
"0.2","102011","1009811","","-452","1009811056","-235","2","","0.33","2"
"0.2","103611","1009811","","420","1009811057","-220","2","","0.33","2"
"0.2","100411","1009811","","545","1009811058","-250","2","","0.33","2"
"","0","1009811","0.2","0","1009811059","1","","","","22"
"","就只有聊天？","1009811","","1009811063","1009811060","0","","","","103"
"","就是聊天……吧？","1009811","","1009811063","1009811061","0","","","","103"
"","我覺得就是在聊天……","1009811","","1009811063","1009811062","0","","","","103"
"0.2","102011","1009811","0","lsv_choice","1009811063","0","1","","lsv_idle_normal_joyR","3"
"0.2","103611","1009811","0","lsv_choice","1009811064","0","1","","lsv_idle_normal","3"
"0.2","100411","1009811","0","lsv_choice","1009811065","0","1","","lsv_idle_normal","3"
"","0.1","1009811","","0","1009811066","","","","","93"
"0.2","102011","1009811","","-200","1009811067","-235","2","","0.33","2"
"0.2","103611","1009811","","100","1009811068","-220","2","","0.33","2"
"0.2","100411","1009811","","270","1009811069","-250","2","","0.33","2"
"","0.7","1009811","","0","1009811070","","","","","93"
"","0","1009811","","","1009811071","","","","","91"
"0.2","102011","1009811","0","lsv_handclap","1009811072","0","1","","lsv_talk_joy3","3"
"","vo_lsv","1009811","","vo_lsv_1127","1009811073","0","","","0","21"
"0","102011","1009811","0","哥哥答對了～！\n今天的學習時間，\n我們一直都在聊天喔♪","1009811074","10","1","0","1","11"
"","0","1009811","","","1009811075","","","","","91"
"","102011","1009811","0.2","lsv_idle_normal_joy","1009811076","1","","","","3"
"0.2","100411","1009811","0.2","lsv_talk_tsun_surprise2","1009811077","0","1","","lsv_talk_bitter","3"
"","vo_lsv","1009811","","vo_lsv_1128","1009811078","0","","","0","21"
"0","100411","1009811","0","這問題有意義嗎！？\n……不過很有美美的風格呢。","1009811079","10","1","0","1","11"
"","0","1009811","","","1009811080","","","","","91"
"","100411","1009811","0.2","lsv_idle_normal","1009811081","1","","","","3"
"","103611","1009811","0.2","lsv_talk_wish","1009811082","1","","","","3"
"","vo_lsv","1009811","","vo_lsv_1129","1009811083","0","","","0","21"
"0","103611","1009811","0","而且比起在課堂上學習，\n有時實際做做看\n會更好呢。","1009811084","10","1","0","1","11"
"","0","1009811","","","1009811085","","","","","91"
"","103611","1009811","0.2","lsv_idle_wish","1009811086","1","","","","3"
"","102011","1009811","0.2","lsv_talk_joy3","1009811087","1","","","","3"
"","vo_lsv","1009811","","vo_lsv_1130","1009811088","0","","","0","21"
"0","102011","1009811","0","當老師很有趣呢～\n欸嘿嘿♪","1009811089","10","1","0","1","11"
"","0","1009811","","","1009811090","","","","","91"
"","102011","1009811","0.2","lsv_idle_joy","1009811091","1","","","","3"
"","","1009811","","","1009811092","","","","","102"
"","0","1009811","","0.2","1009811093","","","","","22"
"","1","1009811","","","1009811094","","","","","93"
"0","100411","1009811","0","2","1009811095","1","0","0","0","12"
"","100411","1009811","0.2","lsv_talk_bitter","1009811096","1","","","","3"
"","3","1009811","","0","1009811097","","","","","93"
"","100411","1009811","0.2","lsv_idle_normal","1009811098","1","","","","3"
"0","103611","1009811","0","10","1009811099","1","0","0","0","12"
"","103611","1009811","0.2","lsv_talk_joy1_normal","1009811100","1","","","","3"
"","3","1009811","","0","1009811101","","","","","93"
"","103611","1009811","0.2","lsv_idle_wish","1009811102","1","","","","3"
"0","102011","1009811","0","6","1009811103","1","0","0","0","12"
"","102011","1009811","0.2","lsv_talk_memory_dere2","1009811104","1","","","","3"
"","3","1009811","","0","1009811105","","","","","93"
"","102011","1009811","0.2","lsv_idle_joy","1009811106","1","","","","3"
"","1009811095","1009811","","","1009811107","","","","","101"
"0","333","1009811","1","1","1009811108","1","0","","1","6"
"","102011","1009811","","1","1009811109","","","","","4"
"","102011","1009811","0.2","lsv_run","1009811110","1","","","","3"
"","102011","1009811","","-750","1009811111","-235","0","","0.8","2"
"","103611","1009811","","0","1009811112","","","","","4"
"","103611","1009811","0.2","lsv_run","1009811113","1","","","","3"
"","103611","1009811","","750","1009811114","-220","0","","0.8","2"
"","100411","1009811","","0","1009811115","","","","","4"
"","100411","1009811","0.2","lsv_run","1009811116","1","","","","3"
"","100411","1009811","","850","1009811117","-250","0","","0.8","2"
"","0.6","1009811","","","1009811118","","","","","93"
"0","102011","1009811","0.2","1","1009811119","1","0","","1","6"
"0","103611","1009811","0.2","1","1009811120","1","0","","1","6"
"0","100411","1009811","0.2","1","1009811121","1","0","","1","6"
"","0","1009811","","","1009811122","","","","","91"
"0","1","1009812","1.95","103611","1009812001","102","-235","lsv_idle_normal","-750","1"
"1","1","1009812","1.95","100411","1009812002","100","-220","lsv_idle_normal","650","1"
"1","1","1009812","1.95","102011","1009812003","101","-250","lsv_idle_normal","750","1"
"0","1","1009812","1","333","1009812004","0","0","lsv_white_loop","0","5"
"0","333","1009812","0","1","1009812005","1","0","","1","6"
"0","103611","1009812","0","1","1009812006","1","0","","1","6"
"0","100411","1009812","0","1","1009812007","1","0","","1","6"
"0","102011","1009812","0","1","1009812008","1","0","","1","6"
"","103611","1009812","","2","1009812009","0","","","0","7"
"","103611","1009812","","-750","1009812010","-235","0","","0.5","2"
"","1","1009812","0","16","1009812011","-140","0.8","","10","31"
"","16","1009812","","2","1009812012","0","","","0","34"
"","1","1009812","","0","1009812013","","","","","93"
"0","333","1009812","0.8","1","1009812014","1","0.4","","1","6"
"0","103611","1009812","0.2","lsv_see_think_pre","1009812015","0","1","","lsv_see_think","3"
"","103611","1009812","","-600","1009812016","-235","0","","1.1","2"
"0","103611","1009812","0.4","1","1009812017","1","1","","1","6"
"","1","1009812","","","1009812018","","","","","93"
"","16","1009812","","1","1009812019","","","","","32"
"","0","1009812","","","1009812020","","","","","91"
"","103611","1009812","","240","1009812021","260","80","","0","94"
"","16","1009812","","0","1009812022","","","","","32"
"","103611","1009812","","0","1009812023","2","","","0","7"
"","103611","1009812","0.2","lsv_walk","1009812024","1","","","","3"
"","103611","1009812","","-250","1009812025","-235","0","","2","2"
"","100411","1009812","0.2","lsv_walk_joy","1009812026","1","","","","3"
"","100411","1009812","","100","1009812027","-220","0","","2","2"
"0","100411","1009812","0.4","1","1009812028","1","1","","1","6"
"","102011","1009812","0.2","lsv_walk","1009812029","1","","","","3"
"","102011","1009812","","270","1009812030","-250","0","","2","2"
"0","102011","1009812","0.4","1","1009812031","1","1","","1","6"
"","2","1009812","","","1009812032","","","","","93"
"","103611","1009812","0.2","lsv_idle_normal","1009812033","1","","","","3"
"","100411","1009812","0.2","lsv_idle_joy","1009812034","1","","","","3"
"","102011","1009812","0.2","lsv_idle_normal","1009812035","1","","","","3"
"","0.5","1009812","","","1009812036","","","","","93"
"","0","1009812","","","1009812037","","","","","91"
"","103611","1009812","0.2","lsv_talk_normal_sad","1009812038","1","","","","3"
"","vo_lsv","1009812","","vo_lsv_1221","1009812039","0","","","0","21"
"0","103611","1009812","0","寫說是祕密……\n但答案已經畫出來了吧？","1009812040","10","1","0","1","11"
"","0","1009812","","","1009812041","","","","","91"
"","103611","1009812","0.2","lsv_idle_normal_sad","1009812042","1","","","","3"
"","102011","1009812","0.2","lsv_talk_sad","1009812043","1","","","","3"
"","vo_lsv","1009812","","vo_lsv_1222","1009812044","0","","","0","21"
"0","102011","1009812","0","禊\n對哥哥\n惡作劇了嗎？","1009812045","10","1","0","1","11"
"","0","1009812","","","1009812046","","","","","91"
"","102011","1009812","0.2","lsv_idle_sad","1009812047","1","","","","3"
"0.2","100411","1009812","0","lsv_talk_cool_joy","1009812048","0","1","","lsv_talk_cool_joy_loop","3"
"","vo_lsv","1009812","","vo_lsv_1223","1009812049","0","","","0","21"
"0","100411","1009812","0","嘖嘖嘖！\n這是想像的啦──！\n還只是教牠而已。","1009812050","10","1","0","1","11"
"","0","1009812","","","1009812051","","","","","91"
"","100411","1009812","0.2","lsv_talk_cool_joy_loop","1009812052","1","","","","3"
"","vo_lsv","1009812","","vo_lsv_1224","1009812053","0","","","0","21"
"0","100411","1009812","0","還有，禊教牠的事\n可不只一件喔？\n禊老師的課程可是很豐富的！","1009812054","10","1","0","1","11"
"","0","1009812","","","1009812055","","","","","91"
"","100411","1009812","0.2","lsv_idle_cool_joy","1009812056","1","","","","3"
"","103611","1009812","0.2","lsv_talk_bitter_sad","1009812057","1","","","","3"
"","vo_lsv","1009812","","vo_lsv_1225","1009812058","0","","","0","21"
"0","103611","1009812","0","禊到底教了些什麼啊？\n真叫人不安……","1009812059","10","1","0","1","11"
"","0","1009812","","","1009812060","","","","","91"
"","103611","1009812","0.2","lsv_idle_bitter_sad","1009812061","1","","","","3"
"0.2","103611","1009812","0","lsv_choice","1009812062","0","1","","lsv_look_idle_normal","3"
"0.2","100411","1009812","0","lsv_choice","1009812063","0","1","","lsv_look_idle_normal","3"
"0.2","102011","1009812","0","lsv_choice","1009812064","0","1","","lsv_look_idle_normal","3"
"","0.1","1009812","","0","1009812065","","","","","93"
"0.2","103611","1009812","","-452","1009812066","-235","2","","0.33","2"
"0.2","100411","1009812","","420","1009812067","-220","2","","0.33","2"
"0.2","102011","1009812","","545","1009812068","-250","2","","0.33","2"
"","0","1009812","0.2","0","1009812069","1","","","","22"
"","地洞陷阱的作法之類的？","1009812","","1009812073","1009812070","0","","","","103"
"","逃跑講座之類的？","1009812","","1009812097","1009812071","0","","","","103"
"","假哭的方法之類的？","1009812","","1009812121","1009812072","0","","","","103"
"0.2","103611","1009812","0","lsv_choice","1009812073","0","1","","lsv_idle_normal","3"
"0.2","100411","1009812","0","lsv_choice","1009812074","0","1","","lsv_idle_normal","3"
"0.2","102011","1009812","0","lsv_choice","1009812075","0","1","","lsv_idle_normal","3"
"","0.1","1009812","","0","1009812076","","","","","93"
"0.2","103611","1009812","","-200","1009812077","-235","2","","0.33","2"
"0.2","100411","1009812","","100","1009812078","-220","2","","0.33","2"
"0.2","102011","1009812","","270","1009812079","-250","2","","0.33","2"
"","0.7","1009812","","0","1009812080","","","","","93"
"0.2","102011","1009812","0","lsv_surprise_R2","1009812081","0","1","","lsv_talk_surprise_R2","3"
"","vo_lsv","1009812","","vo_lsv_1226","1009812082","0","","","0","21"
"0","102011","1009812","0","咦咦？\n地洞陷阱有點危險耶～","1009812083","10","1","0","1","11"
"","0","1009812","","","1009812084","","","","","91"
"","102011","1009812","0.2","lsv_idle_surprise","1009812085","1","","","","3"
"","100411","1009812","0.2","lsv_talk_bitter","1009812086","1","","","","3"
"","vo_lsv","1009812","","vo_lsv_1227","1009812087","0","","","0","21"
"0","100411","1009812","0","嗯……地洞陷阱呢──\n因為小繆拿不了鏟子，\n所以放棄了──","1009812088","10","1","0","1","11"
"","0","1009812","","","1009812089","","","","","91"
"","100411","1009812","0.2","lsv_idle_bitter","1009812090","1","","","","3"
"0.2","103611","1009812","0","lsv_talk_cool_sad","1009812091","0","1","","lsv_talk_cool_sad_loop","3"
"","vo_lsv","1009812","","vo_lsv_1228","1009812092","0","","","0","21"
"0","103611","1009812","0","所以有嘗試過啊……","1009812093","10","1","0","1","11"
"","0","1009812","","","1009812094","","","","","91"
"","103611","1009812","0.2","lsv_idle_normal_sad","1009812095","1","","","","3"
"","1009812145","1009812","","","1009812096","","","","","101"
"0.2","103611","1009812","0","lsv_choice","1009812097","0","1","","lsv_idle_normal","3"
"0.2","100411","1009812","0","lsv_choice","1009812098","0","1","","lsv_idle_normal","3"
"0.2","102011","1009812","0","lsv_choice","1009812099","0","1","","lsv_idle_normal","3"
"","0.1","1009812","","0","1009812100","","","","","93"
"0.2","103611","1009812","","-200","1009812101","-235","2","","0.33","2"
"0.2","100411","1009812","","100","1009812102","-220","2","","0.33","2"
"0.2","102011","1009812","","270","1009812103","-250","2","","0.33","2"
"","0.7","1009812","","0","1009812104","","","","","93"
"0.2","100411","1009812","0","lsv_exactly_joy_in","1009812105","0","1","","lsv_exactly_joy_loop","3"
"","vo_lsv","1009812","","vo_lsv_1229","1009812106","0","","","0","21"
"0","100411","1009812","0","喔！哥哥真敏銳！\n正確解答！\n因為逃跑很重要啊──","1009812107","10","1","0","1","11"
"","0","1009812","","","1009812108","","","","","91"
"","100411","1009812","0.2","lsv_idle_joy","1009812109","1","","","","3"
"","103611","1009812","0.2","lsv_talk_thinking","1009812110","1","","","","3"
"","vo_lsv","1009812","","vo_lsv_1230","1009812111","0","","","0","21"
"0","103611","1009812","0","逃跑……\n不過的確，在大自然中，\n逃跑或許真的很重要。","1009812112","10","1","0","1","11"
"","0","1009812","","","1009812113","","","","","91"
"","103611","1009812","0.2","lsv_idle_thinking_anger","1009812114","1","","","","3"
"","102011","1009812","0.2","lsv_talk_wish_joy","1009812115","1","","","","3"
"","vo_lsv","1009812","","vo_lsv_1231","1009812116","0","","","0","21"
"0","102011","1009812","0","擅長賽跑的小繆\n也很可愛呢～","1009812117","10","1","0","1","11"
"","0","1009812","","","1009812118","","","","","91"
"","102011","1009812","0.2","lsv_idle_wish_joy","1009812119","1","","","","3"
"","1009812145","1009812","","","1009812120","","","","","101"
"0.2","103611","1009812","0","lsv_choice","1009812121","0","1","","lsv_idle_normal","3"
"0.2","100411","1009812","0","lsv_choice","1009812122","0","1","","lsv_idle_normal","3"
"0.2","102011","1009812","0","lsv_choice","1009812123","0","1","","lsv_idle_normal","3"
"","0.1","1009812","","0","1009812124","","","","","93"
"0.2","103611","1009812","","-200","1009812125","-235","2","","0.33","2"
"0.2","100411","1009812","","100","1009812126","-220","2","","0.33","2"
"0.2","102011","1009812","","270","1009812127","-250","2","","0.33","2"
"","0.7","1009812","","0","1009812128","","","","","93"
"","100411","1009812","0.2","lsv_idle_sad3","1009812129","1","","","","3"
"","vo_lsv","1009812","","vo_lsv_1232","1009812130","0","","","0","21"
"0","100411","1009812","0","……抽泣。\n禊才沒有教牠\n假哭呢……嗚嗚……","1009812131","10","1","0","1","11"
"","0","1009812","","","1009812132","","","","","91"
"","100411","1009812","0.2","lsv_idle_sad3","1009812133","1","","","","3"
"","102011","1009812","0.2","lsv_talk_sad3","1009812134","1","","","","3"
"","vo_lsv","1009812","","vo_lsv_1233","1009812135","0","","","0","21"
"0","102011","1009812","0","哇哇……！\n禊，不要哭～","1009812136","10","1","0","1","11"
"","0","1009812","","","1009812137","","","","","91"
"","102011","1009812","0.2","lsv_idle_sad","1009812138","1","","","","3"
"0.2","103611","1009812","0","lsv_talk_cool_sad","1009812139","0","1","","lsv_talk_cool_sad_loop","3"
"","vo_lsv","1009812","","vo_lsv_1234","1009812140","0","","","0","21"
"0","103611","1009812","0","……這絕對是教了吧。\n真是的……","1009812141","10","1","0","1","11"
"","0","1009812","","","1009812142","","","","","91"
"","103611","1009812","0.2","lsv_idle_cool_sad","1009812143","1","","","","3"
"","1009812145","1009812","","","1009812144","","","","","101"
"","0","1009812","","","1009812145","","","","","91"
"","","1009812","","","1009812146","","","","","102"
"","0","1009812","","0.2","1009812147","","","","","22"
"","0.2","1009812","","","1009812148","","","","","93"
"0","100411","1009812","0","10","1009812149","1","0","0","0","12"
"0.2","100411","1009812","0","lsv_eieio","1009812150","0","1","","lsv_eieio_loop","3"
"","3","1009812","","0","1009812151","","","","","93"
"","100411","1009812","0.2","lsv_idle_cool_joy","1009812152","1","","","","3"
"0","102011","1009812","0","4","1009812153","1","0","0","0","12"
"0.2","102011","1009812","0","lsv_surprise","1009812154","0","1","","lsv_talk_surprise","3"
"","3","1009812","","0","1009812155","","","","","93"
"","102011","1009812","0.2","lsv_idle_wish_joyR","1009812156","1","","","","3"
"0","103611","1009812","0","2","1009812157","1","0","0","0","12"
"","103611","1009812","0.2","lsv_talk_sad","1009812158","1","","","","3"
"","3","1009812","","0","1009812159","","","","","93"
"","103611","1009812","0.2","lsv_idle_sad","1009812160","1","","","","3"
"","1009812149","1009812","","","1009812161","","","","","101"
"0","333","1009812","1","1","1009812162","1","0","","1","6"
"","103611","1009812","","1","1009812163","","","","","4"
"","103611","1009812","0.2","lsv_run","1009812164","1","","","","3"
"","103611","1009812","","-750","1009812165","-235","0","","0.8","2"
"","100411","1009812","","0","1009812166","","","","","4"
"","100411","1009812","0.2","lsv_run","1009812167","1","","","","3"
"","100411","1009812","","750","1009812168","-220","0","","0.8","2"
"","102011","1009812","","0","1009812169","","","","","4"
"","102011","1009812","0.2","lsv_run","1009812170","1","","","","3"
"","102011","1009812","","850","1009812171","-250","0","","0.8","2"
"","0.6","1009812","","","1009812172","","","","","93"
"0","103611","1009812","0.2","1","1009812173","1","0","","1","6"
"0","100411","1009812","0.2","1","1009812174","1","0","","1","6"
"0","102011","1009812","0.2","1","1009812175","1","0","","1","6"
"","0","1009812","","","1009812176","","","","","91"
"0","1","1009813","1.95","100411","1009813001","102","-235","lsv_idle_normal","-750","1"
"1","1","1009813","1.95","103611","1009813002","100","-220","lsv_idle_normal","650","1"
"1","1","1009813","1.95","102011","1009813003","101","-250","lsv_idle_normal","750","1"
"0","1","1009813","1","333","1009813004","0","0","lsv_white_loop","0","5"
"0","333","1009813","0","1","1009813005","1","0","","1","6"
"0","100411","1009813","0","1","1009813006","1","0","","1","6"
"0","103611","1009813","0","1","1009813007","1","0","","1","6"
"0","102011","1009813","0","1","1009813008","1","0","","1","6"
"","100411","1009813","","2","1009813009","0","","","0","7"
"","100411","1009813","","-750","1009813010","-235","0","","0.5","2"
"","1","1009813","0","16","1009813011","-140","0.8","","10","31"
"","16","1009813","","2","1009813012","0","","","0","34"
"","1","1009813","","0","1009813013","","","","","93"
"0","333","1009813","0.8","1","1009813014","1","0.4","","1","6"
"0","100411","1009813","0.2","lsv_see_think_pre","1009813015","0","1","","lsv_see_think","3"
"","100411","1009813","","-600","1009813016","-235","0","","1.1","2"
"0","100411","1009813","0.4","1","1009813017","1","1","","1","6"
"","1","1009813","","","1009813018","","","","","93"
"","16","1009813","","1","1009813019","","","","","32"
"","0","1009813","","","1009813020","","","","","91"
"","100411","1009813","","240","1009813021","260","80","","0","94"
"","16","1009813","","0","1009813022","","","","","32"
"","100411","1009813","","0","1009813023","2","","","0","7"
"","100411","1009813","0.2","lsv_walk","1009813024","1","","","","3"
"","100411","1009813","","-250","1009813025","-235","0","","2","2"
"","103611","1009813","0.2","lsv_walk_joy","1009813026","1","","","","3"
"","103611","1009813","","100","1009813027","-220","0","","2","2"
"0","103611","1009813","0.4","1","1009813028","1","1","","1","6"
"","102011","1009813","0.2","lsv_walk","1009813029","1","","","","3"
"","102011","1009813","","270","1009813030","-250","0","","2","2"
"0","102011","1009813","0.4","1","1009813031","1","1","","1","6"
"","2","1009813","","","1009813032","","","","","93"
"","100411","1009813","0.2","lsv_idle_normal_talkR","1009813033","1","","","","3"
"","103611","1009813","0.2","lsv_idle_joy","1009813034","1","","","","3"
"","102011","1009813","0.2","lsv_idle_normal","1009813035","1","","","","3"
"","0.5","1009813","","","1009813036","","","","","93"
"","0","1009813","","","1009813037","","","","","91"
"","100411","1009813","0.2","lsv_talk_sad","1009813038","1","","","","3"
"","vo_lsv","1009813","","vo_lsv_1321","1009813039","0","","","0","21"
"0","100411","1009813","0","唔唔……感覺好像真的是\n學校的老師\n會寫的東西呢……","1009813040","10","1","0","1","11"
"","0","1009813","","","1009813041","","","","","91"
"","100411","1009813","0.2","lsv_idle_surprise_talkR1","1009813042","1","","","","3"
"0.2","103611","1009813","0","lsv_talk_doya","1009813043","0","1","","lsv_talk_doya_loop","3"
"","vo_lsv","1009813","","vo_lsv_1322","1009813044","0","","","0","21"
"0","103611","1009813","0","因為今天我是老師啊。\n當然得像位老師才行！","1009813045","10","1","0","1","11"
"","0","1009813","","","1009813046","","","","","91"
"","103611","1009813","0.2","lsv_idle_doya","1009813047","1","","","","3"
"","102011","1009813","0.2","lsv_talk_wish_joy","1009813048","1","","","","3"
"","vo_lsv","1009813","","vo_lsv_1323","1009813049","0","","","0","21"
"0","102011","1009813","0","鏡華\n幹勁十足呢♪\n你們學了什麼呢？","1009813050","10","1","0","1","11"
"","0","1009813","","","1009813051","","","","","91"
"","102011","1009813","0.2","lsv_idle_wish_joy","1009813052","1","","","","3"
"","103611","1009813","0.2","lsv_talk_cool_joy_loop","1009813053","1","","","","3"
"","vo_lsv","1009813","","vo_lsv_1324","1009813054","0","","","0","21"
"0","103611","1009813","0","美美妳問得很好。\n那麼……\n在此要向各位提問。","1009813055","10","1","0","1","11"
"","0","1009813","","","1009813056","","","","","91"
"","103611","1009813","0.2","lsv_idle_cool_joy","1009813057","1","","","","3"
"0.2","100411","1009813","0","lsv_talk_cool_sad","1009813058","0","1","","lsv_talk_cool_sad_loop","3"
"","vo_lsv","1009813","","vo_lsv_1325","1009813059","0","","","0","21"
"0","100411","1009813","0","突然裝得好像老師……！\n……欸，\n哥哥也說點什麼吧。","1009813060","10","1","0","1","11"
"","0","1009813","","","1009813061","","","","","91"
"","100411","1009813","0.2","lsv_idle_cool_sad","1009813062","1","","","","3"
"0.2","100411","1009813","0","lsv_choice","1009813063","0","1","","lsv_look_idle_normal","3"
"0.2","103611","1009813","0","lsv_choice","1009813064","0","1","","lsv_look_idle_normal","3"
"0.2","102011","1009813","0","lsv_choice","1009813065","0","1","","lsv_look_idle_normal","3"
"","0.1","1009813","","0","1009813066","","","","","93"
"0.2","100411","1009813","","-452","1009813067","-235","2","","0.33","2"
"0.2","103611","1009813","","420","1009813068","-220","2","","0.33","2"
"0.2","102011","1009813","","545","1009813069","-250","2","","0.33","2"
"","0","1009813","0.2","0","1009813070","1","","","","22"
"","好的老師！","1009813","","1009813074","1009813071","0","","","","103"
"","裝睡吧。","1009813","","1009813096","1009813072","0","","","","103"
"","要問我們什麼呢？","1009813","","1009813119","1009813073","0","","","","103"
"0.2","100411","1009813","0","lsv_choice","1009813074","0","1","","lsv_idle_normal","3"
"0.2","103611","1009813","0","lsv_choice","1009813075","0","1","","lsv_idle_normal","3"
"0.2","102011","1009813","0","lsv_choice","1009813076","0","1","","lsv_idle_normal","3"
"","0.1","1009813","","0","1009813077","","","","","93"
"0.2","100411","1009813","","-200","1009813078","-235","2","","0.33","2"
"0.2","103611","1009813","","100","1009813079","-220","2","","0.33","2"
"0.2","102011","1009813","","270","1009813080","-250","2","","0.33","2"
"","0.7","1009813","","0","1009813081","","","","","93"
"0.2","100411","1009813","0","lsv_surprise3","1009813082","0","1","","lsv_surprise3_loop","3"
"","vo_lsv","1009813","","vo_lsv_1326","1009813083","0","","","0","21"
"0","100411","1009813","0","竟然躍躍欲試！？","1009813084","10","1","0","1","11"
"","0","1009813","","","1009813085","","","","","91"
"","103611","1009813","0.2","lsv_talk_thinking_joyR","1009813086","1","","","","3"
"","vo_lsv","1009813","","vo_lsv_1327","1009813087","0","","","0","21"
"0","103611","1009813","0","回答得很棒呢。\n那麼，大家\n一起來複習看看吧。","1009813088","10","1","0","1","11"
"","0","1009813","","","1009813089","","","","","91"
"","103611","1009813","0.2","lsv_idle_thinking_joy1","1009813090","1","","","","3"
"0.2","102011","1009813","0","lsv_handsup_joy","1009813091","0","1","","lsv_idle_joy","3"
"","vo_lsv","1009813","","vo_lsv_1328","1009813092","0","","","0","21"
"0","102011","1009813","0","好的～我知道了。\n鏡華老師♪","1009813093","10","1","0","1","11"
"","0","1009813","","","1009813094","","","","","91"
"","1009813143","1009813","","","1009813095","","","","","101"
"0.2","100411","1009813","0","lsv_choice","1009813096","0","1","","lsv_idle_normal","3"
"0.2","103611","1009813","0","lsv_choice","1009813097","0","1","","lsv_idle_normal","3"
"0.2","102011","1009813","0","lsv_choice","1009813098","0","1","","lsv_idle_normal","3"
"","0.1","1009813","","0","1009813099","","","","","93"
"0.2","100411","1009813","","-200","1009813100","-235","2","","0.33","2"
"0.2","103611","1009813","","100","1009813101","-220","2","","0.33","2"
"0.2","102011","1009813","","270","1009813102","-250","2","","0.33","2"
"","0.7","1009813","","0","1009813103","","","","","93"
"0.2","100411","1009813","0.2","lsv_look_idle_sad_wink","1009813104","0","1","","lsv_sleep","3"
"","vo_lsv","1009813","","vo_lsv_1329","1009813105","0","","","0","21"
"0","100411","1009813","0","就……\n就是這個！哥哥。\n……呼──呼──呼──","1009813106","10","1","0","1","11"
"","0","1009813","","","1009813107","","","","","91"
"","100411","1009813","0.2","lsv_sleep","1009813108","1","","","","3"
"0.2","103611","1009813","0","lsv_exactly_in","1009813109","0","1","","lsv_exactly_loop","3"
"","vo_lsv","1009813","","vo_lsv_1330","1009813110","0","","","0","21"
"0","103611","1009813","0","嘿，那邊兩位同學！\n別在上課時睡覺！","1009813111","10","1","0","1","11"
"","0","1009813","","","1009813112","","","","","91"
"","103611","1009813","0.2","lsv_idle_arm_crossed","1009813113","1","","","","3"
"0.2","102011","1009813","0","lsv_surprise3_pain","1009813114","0","1","","lsv_surprise3_pain_loop","3"
"","vo_lsv","1009813","","vo_lsv_1331","1009813115","0","","","0","21"
"0","102011","1009813","0","你們起來啦～！\n大家一起學習嘛～！","1009813116","10","1","0","1","11"
"","0","1009813","","","1009813117","","","","","91"
"","1009813143","1009813","","","1009813118","","","","","101"
"0.2","100411","1009813","0","lsv_choice","1009813119","0","1","","lsv_idle_normal","3"
"0.2","103611","1009813","0","lsv_choice","1009813120","0","1","","lsv_idle_normal","3"
"0.2","102011","1009813","0","lsv_choice","1009813121","0","1","","lsv_idle_normal","3"
"","0.1","1009813","","0","1009813122","","","","","93"
"0.2","100411","1009813","","-200","1009813123","-235","2","","0.33","2"
"0.2","103611","1009813","","100","1009813124","-220","2","","0.33","2"
"0.2","102011","1009813","","270","1009813125","-250","2","","0.33","2"
"","0.7","1009813","","0","1009813126","","","","","93"
"","100411","1009813","0.2","lsv_talk_bitter_sad","1009813127","1","","","","3"
"","vo_lsv","1009813","","vo_lsv_1332","1009813128","0","","","0","21"
"0","100411","1009813","0","啊，結果說這個？\n沒有要對扮演老師的鏡華\n吐槽啊……","1009813129","10","1","0","1","11"
"","0","1009813","","","1009813130","","","","","91"
"","100411","1009813","0.2","lsv_idle_bitter","1009813131","1","","","","3"
"0.2","103611","1009813","0","lsv_exactly_in","1009813132","0","1","","lsv_exactly_loop","3"
"","vo_lsv","1009813","","vo_lsv_1333","1009813133","0","","","0","21"
"0","103611","1009813","0","禊同學？\n不可以說老師\n是在扮演！","1009813134","10","1","0","1","11"
"","0","1009813","","","1009813135","","","","","91"
"","103611","1009813","0.2","lsv_idle_arm_crossed","1009813136","1","","","","3"
"","102011","1009813","0.2","lsv_talk_surprise_talkjoy","1009813137","1","","","","3"
"","vo_lsv","1009813","","vo_lsv_1334","1009813138","0","","","0","21"
"0","102011","1009813","0","哇啊……！\n好像真的老師喔～！\n要好好學習才行……！","1009813139","10","1","0","1","11"
"","0","1009813","","","1009813140","","","","","91"
"","102011","1009813","0.2","lsv_idle_surprise_joy","1009813141","1","","","","3"
"","1009813143","1009813","","","1009813142","","","","","101"
"","0","1009813","","","1009813143","","","","","91"
"","","1009813","","","1009813144","","","","","102"
"","0","1009813","","0.2","1009813145","","","","","22"
"","0.2","1009813","","","1009813146","","","","","93"
"0","102011","1009813","0","5","1009813147","1","0","0","0","12"
"","102011","1009813","0.2","lsv_talk_surprise","1009813148","1","","","","3"
"","3","1009813","","0","1009813149","","","","","93"
"","102011","1009813","0.2","lsv_idle_surprise","1009813150","1","","","","3"
"0","103611","1009813","0","10","1009813151","1","0","0","0","12"
"0.2","103611","1009813","0","lsv_talk_arm_crossed_joy","1009813152","0","1","","lsv_talk_arm_crossed_loop_joy","3"
"","3","1009813","","0","1009813153","","","","","93"
"","103611","1009813","0.2","lsv_idle_cool_joy","1009813154","1","","","","3"
"0","100411","1009813","0","2","1009813155","1","0","0","0","12"
"","100411","1009813","0.2","lsv_talk_bitter","1009813156","1","","","","3"
"","3","1009813","","0","1009813157","","","","","93"
"","100411","1009813","0.2","lsv_idle_normal_talkR","1009813158","1","","","","3"
"","1009813147","1009813","","","1009813159","","","","","101"
"0","333","1009813","1","1","1009813160","1","0","","1","6"
"","100411","1009813","","1","1009813161","","","","","4"
"","100411","1009813","0.2","lsv_run","1009813162","1","","","","3"
"","100411","1009813","","-750","1009813163","-235","0","","0.8","2"
"","103611","1009813","","0","1009813164","","","","","4"
"","103611","1009813","0.2","lsv_run","1009813165","1","","","","3"
"","103611","1009813","","750","1009813166","-220","0","","0.8","2"
"","102011","1009813","","0","1009813167","","","","","4"
"","102011","1009813","0.2","lsv_run","1009813168","1","","","","3"
"","102011","1009813","","850","1009813169","-250","0","","0.8","2"
"","0.6","1009813","","","1009813170","","","","","93"
"0","100411","1009813","0.2","1","1009813171","1","0","","1","6"
"0","103611","1009813","0.2","1","1009813172","1","0","","1","6"
"0","102011","1009813","0.2","1","1009813173","1","0","","1","6"
"","0","1009813","","","1009813174","","","","","91"
"0","1","1009814","1.95","122811","1009814001","102","-235","lsv_idle_normal","-650","1"
"1","1","1009814","1.95","122911","1009814002","100","-220","lsv_idle_normal","650","1"
"1","1","1009814","1.95","122711","1009814003","101","-250","lsv_idle_normal","750","1"
"0","1","1009814","1","333","1009814004","0","0","lsv_white_loop","0","5"
"0","333","1009814","0","1","1009814005","1","0","","1","6"
"0","122811","1009814","0","1","1009814006","1","0","","1","6"
"0","122911","1009814","0","1","1009814007","1","0","","1","6"
"0","122711","1009814","0","1","1009814008","1","0","","1","6"
"","bgm_M610","1009814","","bgm_M610","1009814009","0","","","0","25"
"","1","1009814","","0","1009814010","","","","","93"
"0","333","1009814","0.8","1","1009814011","1","0.4","","1","6"
"","122911","1009814","0.2","lsv_walk","1009814012","1","","","","3"
"","122911","1009814","","100","1009814013","-220","0","","2","2"
"0","122911","1009814","0.4","1","1009814014","1","1","","1","6"
"","122711","1009814","0.2","lsv_walk","1009814015","1","","","","3"
"","122711","1009814","","270","1009814016","-250","0","","2","2"
"0","122711","1009814","0.4","1","1009814017","1","1","","1","6"
"","2","1009814","","0","1009814018","","","","","93"
"","122911","1009814","0.2","lsv_idle_normal","1009814019","1","","","","3"
"","122711","1009814","0.2","lsv_idle_normal","1009814020","1","","","","3"
"","0.6","1009814","","0","1009814021","","","","","93"
"","122711","1009814","0.2","lsv_idle_sad","1009814022","1","","","","3"
"","122911","1009814","0.2","lsv_idle_sad","1009814023","1","","","","3"
"","vo_lsv","1009814","","vo_lsv_1421","1009814024","0","","","0","21"
"0","122711","1009814","0","…………","1009814025","10","1","0","1","11"
"0","122911","1009814","0","…………","1009814026","10","1","0","1","11"
"","0","1009814","","","1009814027","","","","","91"
"","122711","1009814","0.2","lsv_idle_normal","1009814028","1","","","","3"
"","122911","1009814","0.2","lsv_idle_normal","1009814029","1","","","","3"
"","122811","1009814","0.2","lsv_walk","1009814030","1","","","","3"
"","122811","1009814","","-200","1009814031","-235","0","","2","2"
"0","122811","1009814","0.4","1","1009814032","1","1","","1","6"
"","2","1009814","","0","1009814033","","","","","93"
"","122811","1009814","0.2","lsv_idle_normal","1009814034","1","","","","3"
"","0.6","1009814","","0","1009814035","","","","","93"
"","122811","1009814","0.2","lsv_talk_bitter","1009814036","1","","","","3"
"","vo_lsv","1009814","","vo_lsv_1422","1009814037","0","","","0","21"
"0","122811","1009814","0","啊……\n啊哈哈，對不起唷？\n觀察日記寫不太出來……","1009814038","10","1","0","1","11"
"","0","1009814","","","1009814039","","","","","91"
"","122811","1009814","0.2","lsv_talk_bitter_sad","1009814040","1","","","","3"
"","vo_lsv","1009814","","vo_lsv_1423","1009814041","0","","","0","21"
"0","122811","1009814","0","而且……\n禊還把真正的心情\n寫上去了。","1009814042","10","1","0","1","11"
"","0","1009814","","","1009814043","","","","","91"
"","122811","1009814","0.2","lsv_idle_sad2","1009814044","1","","","","3"
"","122711","1009814","0.2","lsv_talk_normal_suprise1","1009814045","1","","","","3"
"","vo_lsv","1009814","","vo_lsv_1424","1009814046","0","","","0","21"
"0","122711","1009814","0","不會，沒關係唷。\n……我懂的。","1009814047","10","1","0","1","11"
"","0","1009814","","","1009814048","","","","","91"
"","122711","1009814","0.2","lsv_idle_normal_talkR","1009814049","1","","","","3"
"","122911","1009814","0.2","lsv_talk_normal_bitter","1009814050","1","","","","3"
"","vo_lsv","1009814","","vo_lsv_1425","1009814051","0","","","0","21"
"0","122911","1009814","0","……美美也懂唷。\n禊，\n謝謝妳寫出來。","1009814052","10","1","0","1","11"
"","0","1009814","","","1009814053","","","","","91"
"","122911","1009814","0.2","lsv_idle_sad_normal","1009814054","1","","","","3"
"","122811","1009814","0.2","lsv_idle_sad","1009814055","1","","","","3"
"","vo_lsv","1009814","","vo_lsv_1426","1009814056","0","","","0","21"
"0","122811","1009814","0","……嗯。","1009814057","10","1","0","1","11"
"","0","1009814","","","1009814058","","","","","91"
"","122811","1009814","0.2","lsv_idle_normal_talkR","1009814059","1","","","","3"
"","122911","1009814","0.2","lsv_talk_wish_sad","1009814060","1","","","","3"
"","vo_lsv","1009814","","vo_lsv_1427","1009814061","0","","","0","21"
"0","122911","1009814","0","……為什麼\n一定要說掰掰了呢？","1009814062","10","1","0","1","11"
"","0","1009814","","","1009814063","","","","","91"
"","122911","1009814","0.2","lsv_idle_wish_sad","1009814064","1","","","","3"
"","122711","1009814","0.2","lsv_talk_normal_sad","1009814065","1","","","","3"
"","vo_lsv","1009814","","vo_lsv_1428","1009814066","0","","","0","21"
"0","122711","1009814","0","美美……","1009814067","10","1","0","1","11"
"","0","1009814","","","1009814068","","","","","91"
"","122711","1009814","0.2","lsv_idle_normal_talkR","1009814069","1","","","","3"
"","122911","1009814","0.2","lsv_talk_wish_surprise","1009814070","1","","","","3"
"","vo_lsv","1009814","","vo_lsv_1429","1009814071","0","","","0","21"
"0","122911","1009814","0","美美明白唷？\n理由美美很清楚。\n可是……","1009814072","10","1","0","1","11"
"","0","1009814","","","1009814073","","","","","91"
"","122911","1009814","0.2","lsv_talk_wish_sad","1009814074","1","","","","3"
"","vo_lsv","1009814","","vo_lsv_1430","1009814075","0","","","0","21"
"0","122911","1009814","0","怎麼會……\n為什麼……\n忍不住會這麼想。","1009814076","10","1","0","1","11"
"","0","1009814","","","1009814077","","","","","91"
"","122911","1009814","0.2","lsv_idle_normal","1009814078","1","","","","3"
"","122811","1009814","0.2","lsv_talk_anger_shy","1009814079","1","","","","3"
"","vo_lsv","1009814","","vo_lsv_1431","1009814080","0","","","0","21"
"0","122811","1009814","0","……為什麼呢。\n啊──真是的！\n好難喔～！！","1009814081","10","1","0","1","11"
"","0","1009814","","","1009814082","","","","","91"
"","122811","1009814","0.2","lsv_idle_normal_talkR","1009814083","1","","","","3"
"","122711","1009814","0.2","lsv_talk_joy3_blink2","1009814084","1","","","","3"
"","vo_lsv","1009814","","vo_lsv_1432","1009814085","0","","","0","21"
"0","122711","1009814","0","……對啊，\n真的好難喔。","1009814086","10","1","0","1","11"
"","0","1009814","","","1009814087","","","","","91"
"","122711","1009814","0.2","lsv_talk_sad","1009814088","1","","","","3"
"","vo_lsv","1009814","","vo_lsv_1433","1009814089","0","","","0","21"
"0","122711","1009814","0","一定比任何學習……\n都還來得困難……\n困難很多很多。","1009814090","10","1","0","1","11"
"","0","1009814","","","1009814091","","","","","91"
"","122711","1009814","0.2","lsv_idle_wish_angerR","1009814092","1","","","","3"
"","0","1009814","0.2","0","1009814093","1","","","","22"
"","0","1009814","","","1009814094","","","","","91"
"","bgm_M612","1009814","","bgm_M612","1009814095","0","","","0","25"
"","","1009814","","","1009814096","","","","","102"
"","0","1009814","","0.2","1009814097","","","","","22"
"","0.2","1009814","","","1009814098","","","","","93"
"0","122811","1009814","0","12","1009814099","1","0","0","0","12"
"","122811","1009814","0.2","lsv_talk_anger","1009814100","1","","","","3"
"","3","1009814","","0","1009814101","","","","","93"
"","122811","1009814","0.2","lsv_idle_anger1","1009814102","1","","","","3"
"0","122711","1009814","0","12","1009814103","1","0","0","0","12"
"","122711","1009814","0.2","lsv_talk_thinking","1009814104","1","","","","3"
"","3","1009814","","0","1009814105","","","","","93"
"","122711","1009814","0.2","lsv_idle_wish_angerR","1009814106","1","","","","3"
"0","122911","1009814","0","12","1009814107","1","0","0","0","12"
"","122911","1009814","0.2","lsv_idle_bitter","1009814108","1","","","","3"
"","3","1009814","","0","1009814109","","","","","93"
"","122911","1009814","0.2","lsv_idle_normal","1009814110","1","","","","3"
"","1009814099","1009814","","","1009814111","","","","","101"
"0","333","1009814","1","1","1009814112","1","0","","1","6"
"","122811","1009814","","1","1009814113","","","","","4"
"","122811","1009814","0.2","lsv_run_sad","1009814114","1","","","","3"
"","122811","1009814","","-750","1009814115","-235","0","","0.8","2"
"","122911","1009814","","0","1009814116","","","","","4"
"","122911","1009814","0.2","lsv_run_sad","1009814117","1","","","","3"
"","122911","1009814","","750","1009814118","-220","0","","0.8","2"
"","122711","1009814","","0","1009814119","","","","","4"
"","122711","1009814","0.2","lsv_run_sad","1009814120","1","","","","3"
"","122711","1009814","","850","1009814121","-250","0","","0.8","2"
"","0.6","1009814","","","1009814122","","","","","93"
"0","122811","1009814","0.2","1","1009814123","1","0","","1","6"
"0","122911","1009814","0.2","1","1009814124","1","0","","1","6"
"0","122711","1009814","0.2","1","1009814125","1","0","","1","6"
"","0","1009814","","","1009814126","","","","","91"
"0","1","1009815","1.95","122711","1009815001","102","-235","lsv_idle_normal","-650","1"
"1","1","1009815","1.95","122911","1009815002","100","-220","lsv_idle_normal","650","1"
"1","1","1009815","1.95","122811","1009815003","101","-250","lsv_idle_normal","750","1"
"0","1","1009815","1","333","1009815004","0","0","lsv_white_loop","0","5"
"0","333","1009815","0","1","1009815005","1","0","","1","6"
"0","122711","1009815","0","1","1009815006","1","0","","1","6"
"0","122911","1009815","0","1","1009815007","1","0","","1","6"
"0","122811","1009815","0","1","1009815008","1","0","","1","6"
"","1","1009815","","0","1009815009","","","","","93"
"0","333","1009815","0.8","1","1009815010","1","0.4","","1","6"
"","122711","1009815","0.2","lsv_walk","1009815011","1","","","","3"
"","122711","1009815","","-200","1009815012","-235","0","","2","2"
"0","122711","1009815","0.4","1","1009815013","1","1","","1","6"
"","122911","1009815","0.2","lsv_walk","1009815014","1","","","","3"
"","122911","1009815","","100","1009815015","-220","0","","2","2"
"0","122911","1009815","0.4","1","1009815016","1","1","","1","6"
"","122811","1009815","0.2","lsv_walk","1009815017","1","","","","3"
"","122811","1009815","","270","1009815018","-250","0","","2","2"
"0","122811","1009815","0.4","1","1009815019","1","1","","1","6"
"","2","1009815","","0","1009815020","","","","","93"
"","122711","1009815","0.2","lsv_idle_normal","1009815021","1","","","","3"
"","122911","1009815","0.2","lsv_idle_normal","1009815022","1","","","","3"
"","122811","1009815","0.2","lsv_idle_normal","1009815023","1","","","","3"
"","0.6","1009815","","0","1009815024","","","","","93"
"","122911","1009815","0.2","lsv_talk_surprise","1009815025","1","","","","3"
"","vo_lsv","1009815","","vo_lsv_1521","1009815026","0","","","0","21"
"0","122911","1009815","0","圖畫和日記\n累積了很多呢。","1009815027","10","1","0","1","11"
"","0","1009815","","","1009815028","","","","","91"
"","122911","1009815","0.2","lsv_idle_surprise","1009815029","1","","","","3"
"0.2","122811","1009815","0","lsv_talk_cool_joy","1009815030","0","1","","lsv_talk_cool_joy_loop","3"
"","vo_lsv","1009815","","vo_lsv_1522","1009815031","0","","","0","21"
"0","122811","1009815","0","這表示，\n我們和小繆的回憶\n就是有這麼多啊。","1009815032","10","1","0","1","11"
"","0","1009815","","","1009815033","","","","","91"
"","122811","1009815","0.2","lsv_idle_cool","1009815034","1","","","","3"
"","122911","1009815","0.2","lsv_talk_wish_dere","1009815035","1","","","","3"
"","vo_lsv","1009815","","vo_lsv_1523","1009815036","0","","","0","21"
"0","122911","1009815","0","……嗯。\n製造了很多回憶呢。\n和小繆一起的回憶……","1009815037","10","1","0","1","11"
"","0","1009815","","","1009815038","","","","","91"
"","122911","1009815","0.2","lsv_idle_normal_joyR","1009815039","1","","","","3"
"","122711","1009815","0.2","lsv_talk_wish_joy","1009815040","1","","","","3"
"","vo_lsv","1009815","","vo_lsv_1524","1009815041","0","","","0","21"
"0","122711","1009815","0","……很難忘記呢。\n不對……\n是不想忘記呢。","1009815042","10","1","0","1","11"
"","0","1009815","","","1009815043","","","","","91"
"","122711","1009815","0.2","lsv_idle_wish_joy","1009815044","1","","","","3"
"","122811","1009815","0.2","lsv_talk_joy3_blink2","1009815045","1","","","","3"
"","vo_lsv","1009815","","vo_lsv_1525","1009815046","0","","","0","21"
"0","122811","1009815","0","對啊……\n禊也是一樣的心情。","1009815047","10","1","0","1","11"
"","0","1009815","","","1009815048","","","","","91"
"","122811","1009815","0.2","lsv_idle_sad_normal","1009815049","1","","","","3"
"","122911","1009815","0.2","lsv_talk_wish_dere","1009815050","1","","","","3"
"","vo_lsv","1009815","","vo_lsv_1526","1009815051","0","","","0","21"
"0","122911","1009815","0","美美也是唷。\n一定永遠都……","1009815052","10","1","0","1","11"
"","0","1009815","","","1009815053","","","","","91"
"","122911","1009815","0.2","lsv_idle_normal","1009815054","1","","","","3"
"","122711","1009815","0.2","lsv_talk_joy1_normal","1009815055","1","","","","3"
"","vo_lsv","1009815","","vo_lsv_1527","1009815056","0","","","0","21"
"0","122711","1009815","0","那麼……下次再\n見到小繆時，\n再繼續寫這本日記吧。","1009815057","10","1","0","1","11"
"","0","1009815","","","1009815058","","","","","91"
"","122711","1009815","0.2","lsv_idle_normal","1009815059","1","","","","3"
"0.2","122811","1009815","0","lsv_exactly_in","1009815060","0","1","","lsv_exactly_loop","3"
"","vo_lsv","1009815","","vo_lsv_1528","1009815061","0","","","0","21"
"0","122811","1009815","0","好主意！\n禊贊成！","1009815062","10","1","0","1","11"
"","0","1009815","","","1009815063","","","","","91"
"","122811","1009815","0.2","lsv_idle_joy","1009815064","1","","","","3"
"0.2","122911","1009815","0.2","lsv_handsup_joy","1009815065","0","1","","lsv_idle_normal_joy","3"
"","vo_lsv","1009815","","vo_lsv_1529","1009815066","0","","","0","21"
"0","122911","1009815","0","美美也贊成～♪","1009815067","10","1","0","1","11"
"","0","1009815","","","1009815068","","","","","91"
"","122711","1009815","0.2","lsv_talk_wish_dere","1009815069","1","","","","3"
"","vo_lsv","1009815","","vo_lsv_1530","1009815070","0","","","0","21"
"0","122711","1009815","0","也要好好珍惜這本日記。\n……感覺期待的事\n好像又多了一件。呵呵。","1009815071","10","1","0","1","11"
"","0","1009815","","","1009815072","","","","","91"
"","122711","1009815","0.2","lsv_idle_wish_dere","1009815073","1","","","","3"
"","122811","1009815","0.2","lsv_talk_wish_joy","1009815074","1","","","","3"
"","vo_lsv","1009815","","vo_lsv_1531","1009815075","0","","","0","21"
"0","122811","1009815","0","那麼，\n就期待那一天的到來吧！","1009815076","10","1","0","1","11"
"","0","1009815","","","1009815077","","","","","91"
"","122811","1009815","0.2","lsv_idle_normal","1009815078","1","","","","3"
"0.2","122811","1009815","0","lsv_smile","1009815079","0","1","","lsv_idle_normal","3"
"0.2","122911","1009815","0","lsv_smile_mimi","1009815080","0","1","","lsv_idle_normal_joyR","3"
"0.2","122711","1009815","0","lsv_smile_kyouka","1009815081","0","1","","lsv_idle_normal_joy","3"
"","vo_lsv","1009815","","vo_lsv_1532","1009815082","0","","","0","21"
"0","122811","1009815","0","……再見囉！","1009815083","10","1","0","1","11"
"0","122911","1009815","0","……再見囉！","1009815084","10","1","0","1","11"
"0","122711","1009815","0","……再見囉！","1009815085","10","1","0","1","11"
"","0","1009815","","","1009815086","","","","","91"
"","0","1009815","0.2","0","1009815087","1","","","","22"
"","0","1009815","","","1009815088","","","","","91"
"","","1009815","","","1009815089","","","","","102"
"","0","1009815","","0.2","1009815090","","","","","22"
"","0.2","1009815","","","1009815091","","","","","93"
"0","122811","1009815","0","10","1009815092","1","0","0","0","12"
"","122811","1009815","0.2","lsv_talk_normal","1009815093","1","","","","3"
"","3","1009815","","0","1009815094","","","","","93"
"","122811","1009815","0.2","lsv_idle_normal","1009815095","1","","","","3"
"0","122911","1009815","0","6","1009815096","1","0","0","0","12"
"","122911","1009815","0.2","lsv_talk_joy3","1009815097","1","","","","3"
"","3","1009815","","0","1009815098","","","","","93"
"","122911","1009815","0.2","lsv_idle_normal_joyR","1009815099","1","","","","3"
"0","122711","1009815","0","7","1009815100","1","0","0","0","12"
"","122711","1009815","0.2","lsv_talk_surprise_dere","1009815101","1","","","","3"
"","3","1009815","","0","1009815102","","","","","93"
"","122711","1009815","0.2","lsv_idle_wish_joy","1009815103","1","","","","3"
"","1009815092","1009815","","","1009815104","","","","","101"
"0","333","1009815","1","1","1009815105","1","0","","1","6"
"","122711","1009815","","1","1009815106","","","","","4"
"","122711","1009815","0.2","lsv_run","1009815107","1","","","","3"
"","122711","1009815","","-750","1009815108","-235","0","","0.8","2"
"","122911","1009815","","0","1009815109","","","","","4"
"","122911","1009815","0.2","lsv_run","1009815110","1","","","","3"
"","122911","1009815","","750","1009815111","-220","0","","0.8","2"
"","122811","1009815","","0","1009815112","","","","","4"
"","122811","1009815","0.2","lsv_run","1009815113","1","","","","3"
"","122811","1009815","","850","1009815114","-250","0","","0.8","2"
"","0.6","1009815","","","1009815115","","","","","93"
"0","122711","1009815","0.2","1","1009815116","1","0","","1","6"
"0","122911","1009815","0.2","1","1009815117","1","0","","1","6"
"0","122811","1009815","0.2","1","1009815118","1","0","","1","6"
"","0","1009815","","","1009815119","","","","","91"