2c91b8aff5910d090ece010ac254e2d715eff7a1b07fb8aa0e5aeccb4e213bdb,683c084a7d82be5334af3549eb4b124f8432fa5368627f73cf8fca0e41dc7330,7717797f16b06a5302d80dbe7f13f77c0ce1faabfd7053f104ce336388751aa1,3be39494c2939f9cc6aa4ad132d3f0bcb14c9787f0a4b398534557745a20b530,f97f4c08088d65304039230cf637cdc03210cab42c0ad52c597edf72de9092f7,517380012855babaed73189a78c3d54987f806a6ff4bc4066722c3518725895d,7be83e134dfaf6c850e83c369d5a10f11fc0354bb9d635caa14b123891d27879,056fbde23af32ac586d463ebcee680816e9bfb18232782e395b5fdf4c2cd7cc2,b51840d77b429f8bb72c2150a75055d352a4e3c4d460ae4990e2758747380bf8
"100","93001","2018/01/01 05:00:00","18001001","6","2030/12/31 23:59:59","1","1","-1"
"100","93001","2018/01/01 05:00:00","18001002","6","2030/12/31 23:59:59","1","2","-1"
"30","0","2018/01/01 05:00:00","11001001","5","2021/02/09 04:59:59","1","3","-1"
"30000","94002","2018/01/01 05:00:00","11001001","12","2021/02/09 04:59:59","1","4","-1"
"10","91002","2018/01/01 05:00:00","11001001","8","2021/02/09 04:59:59","1","5","-1"
"40","0","2018/01/01 05:00:00","11003001","5","2021/02/09 04:59:59","1","6","-1"
"2","20002","2018/01/01 05:00:00","11003001","2","2021/02/09 04:59:59","1","7","-1"
"10","91002","2018/01/01 05:00:00","11003001","8","2021/02/09 04:59:59","1","8","-1"
"20","0","2018/01/01 05:00:00","13002001","5","2021/02/09 04:59:59","1","9","-1"
"20","0","2018/01/01 05:00:00","18004001","5","2021/02/09 04:59:59","1","10","-1"
"25","0","2018/01/01 05:00:00","16006001","5","2021/02/09 04:59:59","1","11","-1"
"25","0","2018/01/01 05:00:00","16007001","5","2021/02/09 04:59:59","1","12","-1"
"3","22001","2018/01/01 05:00:00","16007001","2","2021/02/09 04:59:59","1","13","-1"
"30","0","2018/01/01 05:00:00","11004001","5","2021/02/09 04:59:59","1","14","-1"
"2","20002","2018/01/01 05:00:00","11004001","2","2021/02/09 04:59:59","1","15","-1"
"500","90007","2018/01/01 05:00:00","11004001","2","2021/02/09 04:59:59","1","16","-1"
"40","0","2018/01/01 05:00:00","11005001","5","2021/02/09 04:59:59","1","17","-1"
"30000","94002","2018/01/01 05:00:00","11005001","12","2021/02/09 04:59:59","1","18","-1"
"500","90007","2018/01/01 05:00:00","11005001","2","2021/02/09 04:59:59","1","19","-1"
"30","0","2018/01/01 05:00:00","11006001","5","2030/12/31 23:59:59","1","20","-1"
"2","20003","2018/01/01 05:00:00","11006001","2","2030/12/31 23:59:59","1","21","-1"
"30","0","2018/01/01 05:00:00","15004001","5","2023/04/17 04:59:59","1","22","-1"
"100","90007","2018/01/01 05:00:00","15004001","2","2023/04/17 04:59:59","1","23","-1"
"40","0","2018/01/01 05:00:00","14001001","5","2021/02/09 04:59:59","1","24","-1"
"80000","94002","2018/01/01 05:00:00","14001001","12","2021/02/09 04:59:59","1","25","-1"
"2","20003","2018/01/01 05:00:00","14001001","2","2021/02/09 04:59:59","1","26","-1"
"50","0","2018/01/01 05:00:00","14003001","5","2021/02/09 04:59:59","1","27","-1"
"140000","94002","2018/01/01 05:00:00","14003001","12","2021/02/09 04:59:59","1","28","-1"
"4","22002","2018/01/01 05:00:00","14003001","2","2021/02/09 04:59:59","1","29","-1"
"30","91002","2018/01/01 05:00:00","21001001","8","2030/12/31 23:59:59","1","30","-1"
"2000","94002","2018/01/01 05:00:00","21001001","12","2030/12/31 23:59:59","1","31","-1"
"30","91002","2018/01/01 05:00:00","21001002","8","2030/12/31 23:59:59","1","33","-1"
"2","22001","2018/01/01 05:00:00","21001002","2","2030/12/31 23:59:59","1","34","-1"
"30","91002","2018/01/01 05:00:00","21001003","8","2030/12/31 23:59:59","1","36","-1"
"1","22002","2018/01/01 05:00:00","21001003","2","2030/12/31 23:59:59","1","37","-1"
"30","91002","2018/01/01 05:00:00","21001004","8","2030/12/31 23:59:59","1","39","-1"
"1","22003","2018/01/01 05:00:00","21001004","2","2030/12/31 23:59:59","1","40","-1"
"90","91002","2018/01/01 05:00:00","21001005","8","2030/12/31 23:59:59","1","42","-1"
"2","22003","2018/01/01 05:00:00","21001005","2","2030/12/31 23:59:59","1","43","-1"
"60","91002","2018/01/01 05:00:00","21002001","8","2030/12/31 23:59:59","1","45","-1"
"4000","94002","2018/01/01 05:00:00","21002001","12","2030/12/31 23:59:59","1","46","-1"
"60","91002","2018/01/01 05:00:00","21002002","8","2030/12/31 23:59:59","1","48","-1"
"4","22001","2018/01/01 05:00:00","21002002","2","2030/12/31 23:59:59","1","49","-1"
"60","91002","2018/01/01 05:00:00","21002003","8","2030/12/31 23:59:59","1","51","-1"
"2","22002","2018/01/01 05:00:00","21002003","2","2030/12/31 23:59:59","1","52","-1"
"60","91002","2018/01/01 05:00:00","21002004","8","2030/12/31 23:59:59","1","54","-1"
"2","22003","2018/01/01 05:00:00","21002004","2","2030/12/31 23:59:59","1","55","-1"
"50","91002","2018/01/01 05:00:00","21003001","8","2030/12/31 23:59:59","1","57","-1"
"100","91002","2018/01/01 05:00:00","28002001","8","2030/12/31 23:59:59","1","58","-1"
"1000","90007","2018/01/01 05:00:00","28002001","2","2030/12/31 23:59:59","1","59","-1"
"100","91002","2018/01/01 05:00:00","28002002","8","2030/12/31 23:59:59","1","60","-1"
"1500","90007","2018/01/01 05:00:00","28002002","2","2030/12/31 23:59:59","1","61","-1"
"100","91002","2018/01/01 05:00:00","28002003","8","2030/12/31 23:59:59","1","62","-1"
"1500","90007","2018/01/01 05:00:00","28002003","2","2030/12/31 23:59:59","1","63","-1"
"100","91002","2018/01/01 05:00:00","28002004","8","2030/12/31 23:59:59","1","64","-1"
"1500","90007","2018/01/01 05:00:00","28002004","2","2030/12/31 23:59:59","1","65","-1"
"100","91002","2018/01/01 05:00:00","28002005","8","2030/12/31 23:59:59","1","66","-1"
"1500","90007","2018/01/01 05:00:00","28002005","2","2030/12/31 23:59:59","1","67","-1"
"100","91002","2018/01/01 05:00:00","28002006","8","2030/12/31 23:59:59","1","68","-1"
"1500","90007","2018/01/01 05:00:00","28002006","2","2030/12/31 23:59:59","1","69","-1"
"100","91002","2018/01/01 05:00:00","28002007","8","2030/12/31 23:59:59","1","70","-1"
"1500","90007","2018/01/01 05:00:00","28002007","2","2030/12/31 23:59:59","1","71","-1"
"100","91002","2018/01/01 05:00:00","28002008","8","2030/12/31 23:59:59","1","72","-1"
"1500","90007","2018/01/01 05:00:00","28002008","2","2030/12/31 23:59:59","1","73","-1"
"100","91002","2018/01/01 05:00:00","28002009","8","2030/12/31 23:59:59","1","74","-1"
"1500","90007","2018/01/01 05:00:00","28002009","2","2030/12/31 23:59:59","1","75","-1"
"100","91002","2018/01/01 05:00:00","28002010","8","2030/12/31 23:59:59","1","76","-1"
"1500","90007","2018/01/01 05:00:00","28002010","2","2030/12/31 23:59:59","1","77","-1"
"100","91002","2018/01/01 05:00:00","28002011","8","2030/12/31 23:59:59","1","78","-1"
"1500","90007","2018/01/01 05:00:00","28002011","2","2030/12/31 23:59:59","1","79","-1"
"100","91002","2018/01/01 05:00:00","28002012","8","2030/12/31 23:59:59","1","80","-1"
"1500","90007","2018/01/01 05:00:00","28002012","2","2030/12/31 23:59:59","1","81","-1"
"100","91002","2018/01/01 05:00:00","28002013","8","2030/12/31 23:59:59","1","82","-1"
"1500","90007","2018/01/01 05:00:00","28002013","2","2030/12/31 23:59:59","1","83","-1"
"100","91002","2018/01/01 05:00:00","28002014","8","2030/12/31 23:59:59","1","84","-1"
"1500","90007","2018/01/01 05:00:00","28002014","2","2030/12/31 23:59:59","1","85","-1"
"30","91002","2018/01/01 05:00:00","26001001","8","2030/12/31 23:59:59","1","86","-1"
"50","91002","2018/01/01 05:00:00","26003001","8","2030/12/31 23:59:59","1","87","-1"
"50","91002","2018/01/01 05:00:00","26008001","8","2030/12/31 23:59:59","1","88","-1"
"50","91002","2018/01/01 05:00:00","24002001","8","2030/12/31 23:59:59","1","89","-1"
"50","91002","2018/01/01 05:00:00","24004001","8","2030/12/31 23:59:59","1","90","-1"
"100","91002","2018/01/01 05:00:00","21005001","8","2030/12/31 23:59:59","1","91","-1"
"100","91002","2018/01/01 05:00:00","21005002","8","2030/12/31 23:59:59","1","92","-1"
"100","91002","2018/01/01 05:00:00","21005003","8","2030/12/31 23:59:59","1","93","-1"
"100","91002","2018/01/01 05:00:00","21005004","8","2030/12/31 23:59:59","1","94","-1"
"100","91002","2018/01/01 05:00:00","21005005","8","2030/12/31 23:59:59","1","95","-1"
"100","91002","2018/01/01 05:00:00","21005006","8","2030/12/31 23:59:59","1","96","-1"
"100","91002","2018/01/01 05:00:00","21005007","8","2030/12/31 23:59:59","1","97","-1"
"30","91002","2018/01/01 05:00:00","21005018","8","2030/12/31 23:59:59","1","98","-1"
"30","91002","2018/01/01 05:00:00","21005028","8","2030/12/31 23:59:59","1","99","-1"
"40","91002","2018/01/01 05:00:00","21005038","8","2030/12/31 23:59:59","1","100","-1"
"50","91002","2018/01/01 05:00:00","26002001","8","2030/12/31 23:59:59","1","101","-1"
"50","91002","2018/01/01 05:00:00","26002002","8","2030/12/31 23:59:59","1","102","-1"
"50","91002","2018/01/01 05:00:00","26002003","8","2030/12/31 23:59:59","1","103","-1"
"50","91002","2018/01/01 05:00:00","26002004","8","2030/12/31 23:59:59","1","104","-1"
"50","91002","2018/01/01 05:00:00","26002005","8","2030/12/31 23:59:59","1","105","-1"
"50","91002","2018/01/01 05:00:00","26002006","8","2030/12/31 23:59:59","1","106","-1"
"50","91002","2018/01/01 05:00:00","26002007","8","2030/12/31 23:59:59","1","107","-1"
"50","91002","2018/01/01 05:00:00","26002008","8","2030/12/31 23:59:59","1","108","-1"
"50","91002","2018/01/01 05:00:00","26002009","8","2030/12/31 23:59:59","1","109","-1"
"50","91002","2018/01/01 05:00:00","26002010","8","2030/12/31 23:59:59","1","110","-1"
"100","91002","2018/01/01 05:00:00","26005001","8","2030/12/31 23:59:59","1","111","-1"
"100","91002","2018/01/01 05:00:00","26005002","8","2030/12/31 23:59:59","1","112","-1"
"50","91002","2018/01/01 05:00:00","21007001","8","2030/12/31 23:59:59","1","113","-1"
"1000","91002","2018/01/01 05:00:00","28006001","8","2030/12/31 23:59:59","1","115","-1"
"20","0","2018/01/01 05:00:00","28005001","5","2030/12/31 23:59:59","1","116","-1"
"10","20001","2018/01/01 05:00:00","28005001","2","2030/12/31 23:59:59","1","117","-1"
"1500","94002","2018/01/01 05:00:00","15005001","12","2030/12/31 23:59:59","1","118","-1"
"200","93001","2018/01/01 05:00:00","18001003","6","2030/12/31 23:59:59","1","119","-1"
"200","93001","2018/01/01 05:00:00","18001004","6","2030/12/31 23:59:59","1","120","-1"
"20","0","2018/01/01 05:00:00","11101001","5","2021/02/09 04:59:59","1","121","-1"
"2","20003","2018/01/01 05:00:00","11101001","2","2021/02/09 04:59:59","1","122","-1"
"50","91002","2018/01/01 05:00:00","21102001","8","2030/12/31 23:59:59","1","123","-1"
"100","91002","2018/01/01 05:00:00","21103001","8","2030/12/31 23:59:59","1","124","-1"
"30","0","2018/01/01 05:00:00","11001002","5","2021/02/09 04:59:59","1","128","-1"
"30000","94002","2018/01/01 05:00:00","11001002","12","2021/02/09 04:59:59","1","129","-1"
"6","23001","2018/01/01 05:00:00","11001002","2","2021/02/09 04:59:59","1","130","-1"
"100","93001","2018/01/01 05:00:00","28007001","6","2030/12/31 23:59:59","1","131","-1"
"100","93001","2018/01/01 05:00:00","28007002","6","2030/12/31 23:59:59","1","132","-1"
"100","93001","2018/01/01 05:00:00","28007003","6","2030/12/31 23:59:59","1","133","-1"
"30","91002","2018/01/01 05:00:00","26013001","8","2030/12/31 23:59:59","1","134","-1"
"50","91002","2018/01/01 05:00:00","26014001","8","2030/12/31 23:59:59","1","135","-1"
"80","91002","2018/01/01 05:00:00","21011001","8","2030/12/31 23:59:59","1","136","-1"
"2","22003","2018/01/01 05:00:00","21011001","2","2030/12/31 23:59:59","1","137","-1"
"50","91002","2018/01/01 05:00:00","26015001","8","2030/12/31 23:59:59","1","138","-1"
"10","91002","2018/01/01 05:00:00","26015002","8","2030/12/31 23:59:59","1","139","-1"
"100","91002","2018/01/01 05:00:00","21102002","8","2030/12/31 23:59:59","1","140","-1"
"400","91002","2018/01/01 05:00:00","28002015","8","2030/12/31 23:59:59","1","141","-1"
"500000","94002","2018/01/01 05:00:00","28002015","12","2030/12/31 23:59:59","1","142","-1"
"1500","90007","2018/01/01 05:00:00","28002015","2","2030/12/31 23:59:59","1","143","-1"
"400","91002","2018/01/01 05:00:00","28002016","8","2030/12/31 23:59:59","1","144","-1"
"500000","94002","2018/01/01 05:00:00","28002016","12","2030/12/31 23:59:59","1","145","-1"
"1500","90007","2018/01/01 05:00:00","28002016","2","2030/12/31 23:59:59","1","146","-1"
"400","91002","2018/01/01 05:00:00","28002017","8","2030/12/31 23:59:59","1","147","-1"
"3000000","94002","2018/01/01 05:00:00","28002017","12","2030/12/31 23:59:59","1","148","-1"
"1500","90007","2018/01/01 05:00:00","28002017","2","2030/12/31 23:59:59","1","149","-1"
"600","91002","2018/01/01 05:00:00","28002018","8","2030/12/31 23:59:59","1","150","-1"
"3000000","94002","2018/01/01 05:00:00","28002018","12","2030/12/31 23:59:59","1","151","-1"
"1500","90007","2018/01/01 05:00:00","28002018","2","2030/12/31 23:59:59","1","152","-1"
"600","91002","2018/01/01 05:00:00","28002019","8","2030/12/31 23:59:59","1","153","-1"
"3000000","94002","2018/01/01 05:00:00","28002019","12","2030/12/31 23:59:59","1","154","-1"
"1500","90007","2018/01/01 05:00:00","28002019","2","2030/12/31 23:59:59","1","155","-1"
"600","91002","2018/01/01 05:00:00","28002020","8","2030/12/31 23:59:59","1","156","-1"
"5000000","94002","2018/01/01 05:00:00","28002020","12","2030/12/31 23:59:59","1","157","-1"
"1500","90007","2018/01/01 05:00:00","28002020","2","2030/12/31 23:59:59","1","158","-1"
"600","91002","2018/01/01 05:00:00","28002021","8","2030/12/31 23:59:59","1","159","-1"
"5000000","94002","2018/01/01 05:00:00","28002021","12","2030/12/31 23:59:59","1","160","-1"
"1500","90007","2018/01/01 05:00:00","28002021","2","2030/12/31 23:59:59","1","161","-1"
"600","91002","2018/01/01 05:00:00","28002022","8","2030/12/31 23:59:59","1","162","-1"
"5000000","94002","2018/01/01 05:00:00","28002022","12","2030/12/31 23:59:59","1","163","-1"
"1500","90007","2018/01/01 05:00:00","28002022","2","2030/12/31 23:59:59","1","164","-1"
"600","91002","2018/01/01 05:00:00","28002023","8","2030/12/31 23:59:59","1","165","-1"
"5000000","94002","2018/01/01 05:00:00","28002023","12","2030/12/31 23:59:59","1","166","-1"
"1500","90007","2018/01/01 05:00:00","28002023","2","2030/12/31 23:59:59","1","167","-1"
"600","91002","2018/01/01 05:00:00","28002024","8","2030/12/31 23:59:59","1","168","-1"
"5000000","94002","2018/01/01 05:00:00","28002024","12","2030/12/31 23:59:59","1","169","-1"
"1500","90007","2018/01/01 05:00:00","28002024","2","2030/12/31 23:59:59","1","170","-1"
"1100","91002","2018/01/01 05:00:00","28002025","8","2030/12/31 23:59:59","1","171","-1"
"7500000","94002","2018/01/01 05:00:00","28002025","12","2030/12/31 23:59:59","1","172","-1"
"1500","90007","2018/01/01 05:00:00","28002025","2","2030/12/31 23:59:59","1","173","-1"
"1100","91002","2018/01/01 05:00:00","28002026","8","2030/12/31 23:59:59","1","174","-1"
"7500000","94002","2018/01/01 05:00:00","28002026","12","2030/12/31 23:59:59","1","175","-1"
"1500","90007","2018/01/01 05:00:00","28002026","2","2030/12/31 23:59:59","1","176","-1"
"1100","91002","2018/01/01 05:00:00","28002027","8","2030/12/31 23:59:59","1","177","-1"
"7500000","94002","2018/01/01 05:00:00","28002027","12","2030/12/31 23:59:59","1","178","-1"
"1500","90007","2018/01/01 05:00:00","28002027","2","2030/12/31 23:59:59","1","179","-1"
"1100","91002","2018/01/01 05:00:00","28002028","8","2030/12/31 23:59:59","1","180","-1"
"10000000","94002","2018/01/01 05:00:00","28002028","12","2030/12/31 23:59:59","1","181","-1"
"1500","90007","2018/01/01 05:00:00","28002028","2","2030/12/31 23:59:59","1","182","-1"
"1100","91002","2018/01/01 05:00:00","28002029","8","2030/12/31 23:59:59","1","183","-1"
"10000000","94002","2018/01/01 05:00:00","28002029","12","2030/12/31 23:59:59","1","184","-1"
"1500","90007","2018/01/01 05:00:00","28002029","2","2030/12/31 23:59:59","1","185","-1"
"1100","91002","2018/01/01 05:00:00","28002030","8","2030/12/31 23:59:59","1","186","-1"
"10000000","94002","2018/01/01 05:00:00","28002030","12","2030/12/31 23:59:59","1","187","-1"
"1500","90007","2018/01/01 05:00:00","28002030","2","2030/12/31 23:59:59","1","188","-1"
"1100","91002","2018/01/01 05:00:00","28002031","8","2030/12/31 23:59:59","1","189","-1"
"10000000","94002","2018/01/01 05:00:00","28002031","12","2030/12/31 23:59:59","1","190","-1"
"1500","90007","2018/01/01 05:00:00","28002031","2","2030/12/31 23:59:59","1","191","-1"
"1100","91002","2018/01/01 05:00:00","28002032","8","2030/12/31 23:59:59","1","192","-1"
"10000000","94002","2018/01/01 05:00:00","28002032","12","2030/12/31 23:59:59","1","193","-1"
"1500","90007","2018/01/01 05:00:00","28002032","2","2030/12/31 23:59:59","1","194","-1"
"1100","91002","2018/01/01 05:00:00","28002033","8","2030/12/31 23:59:59","1","195","-1"
"15000000","94002","2018/01/01 05:00:00","28002033","12","2030/12/31 23:59:59","1","196","-1"
"1500","90007","2018/01/01 05:00:00","28002033","2","2030/12/31 23:59:59","1","197","-1"
"1100","91002","2018/01/01 05:00:00","28002034","8","2030/12/31 23:59:59","1","198","-1"
"15000000","94002","2018/01/01 05:00:00","28002034","12","2030/12/31 23:59:59","1","199","-1"
"1500","90007","2018/01/01 05:00:00","28002034","2","2030/12/31 23:59:59","1","200","-1"
"1100","91002","2018/01/01 05:00:00","28002035","8","2030/12/31 23:59:59","1","201","-1"
"15000000","94002","2018/01/01 05:00:00","28002035","12","2030/12/31 23:59:59","1","202","-1"
"1500","90007","2018/01/01 05:00:00","28002035","2","2030/12/31 23:59:59","1","203","-1"
"1100","91002","2018/01/01 05:00:00","28002036","8","2030/12/31 23:59:59","1","204","-1"
"15000000","94002","2018/01/01 05:00:00","28002036","12","2030/12/31 23:59:59","1","205","-1"
"1500","90007","2018/01/01 05:00:00","28002036","2","2030/12/31 23:59:59","1","206","-1"
"1100","91002","2018/01/01 05:00:00","28002037","8","2030/12/31 23:59:59","1","207","-1"
"15000000","94002","2018/01/01 05:00:00","28002037","12","2030/12/31 23:59:59","1","208","-1"
"1500","90007","2018/01/01 05:00:00","28002037","2","2030/12/31 23:59:59","1","209","-1"
"1100","91002","2018/01/01 05:00:00","28002038","8","2030/12/31 23:59:59","1","210","-1"
"15000000","94002","2018/01/01 05:00:00","28002038","12","2030/12/31 23:59:59","1","211","-1"
"1500","90007","2018/01/01 05:00:00","28002038","2","2030/12/31 23:59:59","1","212","-1"
"50","91002","2018/01/01 05:00:00","26003002","8","2030/12/31 23:59:59","1","213","-1"
"10000","94002","2018/01/01 05:00:00","26003002","12","2030/12/31 23:59:59","1","214","-1"
"50","91002","2018/01/01 05:00:00","26003003","8","2030/12/31 23:59:59","1","215","-1"
"10000","94002","2018/01/01 05:00:00","26003003","12","2030/12/31 23:59:59","1","216","-1"
"50","91002","2018/01/01 05:00:00","26003004","8","2030/12/31 23:59:59","1","217","-1"
"10000","94002","2018/01/01 05:00:00","26003004","12","2030/12/31 23:59:59","1","218","-1"
"50","91002","2018/01/01 05:00:00","26003005","8","2030/12/31 23:59:59","1","219","-1"
"50000","94002","2018/01/01 05:00:00","26003005","12","2030/12/31 23:59:59","1","220","-1"
"50","91002","2018/01/01 05:00:00","26003006","8","2030/12/31 23:59:59","1","221","-1"
"50000","94002","2018/01/01 05:00:00","26003006","12","2030/12/31 23:59:59","1","222","-1"
"50","91002","2018/01/01 05:00:00","26003007","8","2030/12/31 23:59:59","1","223","-1"
"100000","94002","2018/01/01 05:00:00","26003007","12","2030/12/31 23:59:59","1","224","-1"
"50","91002","2018/01/01 05:00:00","26003008","8","2030/12/31 23:59:59","1","225","-1"
"100000","94002","2018/01/01 05:00:00","26003008","12","2030/12/31 23:59:59","1","226","-1"
"50","91002","2018/01/01 05:00:00","26003009","8","2030/12/31 23:59:59","1","227","-1"
"100000","94002","2018/01/01 05:00:00","26003009","12","2030/12/31 23:59:59","1","228","-1"
"50","91002","2018/01/01 05:00:00","26003010","8","2030/12/31 23:59:59","1","229","-1"
"100000","94002","2018/01/01 05:00:00","26003010","12","2030/12/31 23:59:59","1","230","-1"
"50","91002","2018/01/01 05:00:00","26003011","8","2030/12/31 23:59:59","1","231","-1"
"200000","94002","2018/01/01 05:00:00","26003011","12","2030/12/31 23:59:59","1","232","-1"
"50","91002","2018/01/01 05:00:00","26003012","8","2030/12/31 23:59:59","1","233","-1"
"200000","94002","2018/01/01 05:00:00","26003012","12","2030/12/31 23:59:59","1","234","-1"
"50","91002","2018/01/01 05:00:00","26003013","8","2030/12/31 23:59:59","1","235","-1"
"200000","94002","2018/01/01 05:00:00","26003013","12","2030/12/31 23:59:59","1","236","-1"
"50","91002","2018/01/01 05:00:00","26003014","8","2030/12/31 23:59:59","1","237","-1"
"500000","94002","2018/01/01 05:00:00","26003014","12","2030/12/31 23:59:59","1","238","-1"
"50","91002","2018/01/01 05:00:00","26003015","8","2030/12/31 23:59:59","1","239","-1"
"500000","94002","2018/01/01 05:00:00","26003015","12","2030/12/31 23:59:59","1","240","-1"
"50","91002","2018/01/01 05:00:00","26003016","8","2030/12/31 23:59:59","1","241","-1"
"500000","94002","2018/01/01 05:00:00","26003016","12","2030/12/31 23:59:59","1","242","-1"
"50","91002","2018/01/01 05:00:00","26003017","8","2030/12/31 23:59:59","1","243","-1"
"500000","94002","2018/01/01 05:00:00","26003017","12","2030/12/31 23:59:59","1","244","-1"
"50","91002","2018/01/01 05:00:00","26003018","8","2030/12/31 23:59:59","1","245","-1"
"500000","94002","2018/01/01 05:00:00","26003018","12","2030/12/31 23:59:59","1","246","-1"
"50","91002","2018/01/01 05:00:00","26003019","8","2030/12/31 23:59:59","1","247","-1"
"500000","94002","2018/01/01 05:00:00","26003019","12","2030/12/31 23:59:59","1","248","-1"
"50","91002","2018/01/01 05:00:00","26003020","8","2030/12/31 23:59:59","1","249","-1"
"500000","94002","2018/01/01 05:00:00","26003020","12","2030/12/31 23:59:59","1","250","-1"
"50","91002","2018/01/01 05:00:00","26003021","8","2030/12/31 23:59:59","1","251","-1"
"750000","94002","2018/01/01 05:00:00","26003021","12","2030/12/31 23:59:59","1","252","-1"
"50","91002","2018/01/01 05:00:00","26003022","8","2030/12/31 23:59:59","1","253","-1"
"750000","94002","2018/01/01 05:00:00","26003022","12","2030/12/31 23:59:59","1","254","-1"
"50","91002","2018/01/01 05:00:00","26003023","8","2030/12/31 23:59:59","1","255","-1"
"750000","94002","2018/01/01 05:00:00","26003023","12","2030/12/31 23:59:59","1","256","-1"
"50","91002","2018/01/01 05:00:00","26003024","8","2030/12/31 23:59:59","1","257","-1"
"750000","94002","2018/01/01 05:00:00","26003024","12","2030/12/31 23:59:59","1","258","-1"
"50","91002","2018/01/01 05:00:00","26003025","8","2030/12/31 23:59:59","1","259","-1"
"750000","94002","2018/01/01 05:00:00","26003025","12","2030/12/31 23:59:59","1","260","-1"
"50","91002","2018/01/01 05:00:00","26003026","8","2030/12/31 23:59:59","1","261","-1"
"750000","94002","2018/01/01 05:00:00","26003026","12","2030/12/31 23:59:59","1","262","-1"
"50","91002","2018/01/01 05:00:00","26003027","8","2030/12/31 23:59:59","1","263","-1"
"750000","94002","2018/01/01 05:00:00","26003027","12","2030/12/31 23:59:59","1","264","-1"
"350","91002","2018/01/01 05:00:00","26002011","8","2030/12/31 23:59:59","1","265","-1"
"350","91002","2018/01/01 05:00:00","26002012","8","2030/12/31 23:59:59","1","266","-1"
"350","91002","2018/01/01 05:00:00","26002013","8","2030/12/31 23:59:59","1","267","-1"
"350","91002","2018/01/01 05:00:00","26002014","8","2030/12/31 23:59:59","1","268","-1"
"550","91002","2018/01/01 05:00:00","26002015","8","2030/12/31 23:59:59","1","269","-1"
"550","91002","2018/01/01 05:00:00","26002016","8","2030/12/31 23:59:59","1","270","-1"
"550","91002","2018/01/01 05:00:00","26002017","8","2030/12/31 23:59:59","1","271","-1"
"550","91002","2018/01/01 05:00:00","26002018","8","2030/12/31 23:59:59","1","272","-1"
"550","91002","2018/01/01 05:00:00","26002019","8","2030/12/31 23:59:59","1","273","-1"
"800","91002","2018/01/01 05:00:00","26002020","8","2030/12/31 23:59:59","1","274","-1"
"800","91002","2018/01/01 05:00:00","26002021","8","2030/12/31 23:59:59","1","275","-1"
"800","91002","2018/01/01 05:00:00","26002022","8","2030/12/31 23:59:59","1","276","-1"
"800","91002","2018/01/01 05:00:00","26002023","8","2030/12/31 23:59:59","1","277","-1"
"800","91002","2018/01/01 05:00:00","26002024","8","2030/12/31 23:59:59","1","278","-1"
"800","91002","2018/01/01 05:00:00","26002025","8","2030/12/31 23:59:59","1","279","-1"
"800","91002","2018/01/01 05:00:00","26002026","8","2030/12/31 23:59:59","1","280","-1"
"800","91002","2018/01/01 05:00:00","26002027","8","2030/12/31 23:59:59","1","281","-1"
"800","91002","2018/01/01 05:00:00","26002028","8","2030/12/31 23:59:59","1","282","-1"
"800","91002","2018/01/01 05:00:00","26002029","8","2030/12/31 23:59:59","1","283","-1"
"1000","91002","2018/01/01 05:00:00","26002030","8","2030/12/31 23:59:59","1","284","-1"
"1000","91002","2018/01/01 05:00:00","26002031","8","2030/12/31 23:59:59","1","285","-1"
"100","0","2018/01/01 05:00:00","28012001","5","2030/12/31 23:59:59","1","286","-1"
"100000","94002","2018/01/01 05:00:00","28012001","12","2030/12/31 23:59:59","1","287","-1"
"100","0","2018/01/01 05:00:00","27004001","5","2030/12/31 23:59:59","1","288","-1"
"100000","94002","2018/01/01 05:00:00","27004001","12","2030/12/31 23:59:59","1","289","-1"
"100","0","2018/01/01 05:00:00","27004002","5","2030/12/31 23:59:59","1","290","-1"
"100000","94002","2018/01/01 05:00:00","27004002","12","2030/12/31 23:59:59","1","291","-1"
"10","91002","2018/01/01 05:00:00","11402001","8","2030/12/31 23:59:59","1","292","-1"
"60","0","2023/04/17 05:00:00","15004001","5","2030/12/31 23:59:59","1","293","199"
"100","90007","2023/04/17 05:00:00","15004001","2","2030/12/31 23:59:59","1","294","199"
"30","0","2023/04/17 05:00:00","15004001","5","2030/12/31 23:59:59","200","295","-1"
"100","90007","2023/04/17 05:00:00","15004001","2","2030/12/31 23:59:59","200","296","-1"
"100","91002","2018/01/01 05:00:00","21005039","8","2030/12/31 23:59:59","1","297","-1"
"1100","91002","2018/01/01 05:00:00","28002039","8","2030/12/31 23:59:59","1","298","-1"
"15000000","94002","2018/01/01 05:00:00","28002039","12","2030/12/31 23:59:59","1","299","-1"
"1500","90007","2018/01/01 05:00:00","28002039","2","2030/12/31 23:59:59","1","300","-1"
"50","91002","2018/01/01 05:00:00","26003028","8","2030/12/31 23:59:59","1","301","-1"
"750000","94002","2018/01/01 05:00:00","26003028","12","2030/12/31 23:59:59","1","302","-1"
"250","93001","2018/01/01 05:00:00","18001005","6","2030/12/31 23:59:59","1","303","-1"
"250","93001","2018/01/01 05:00:00","18001006","6","2030/12/31 23:59:59","1","304","-1"
"1000","91002","2018/01/01 05:00:00","26002032","8","2030/12/31 23:59:59","1","305","-1"
"1100","91002","2018/01/01 05:00:00","28002040","8","2030/12/31 23:59:59","1","306","-1"
"15000000","94002","2018/01/01 05:00:00","28002040","12","2030/12/31 23:59:59","1","307","-1"
"1500","90007","2018/01/01 05:00:00","28002040","2","2030/12/31 23:59:59","1","308","-1"
"50","91002","2018/01/01 05:00:00","26003029","8","2030/12/31 23:59:59","1","309","-1"
"750000","94002","2018/01/01 05:00:00","26003029","12","2030/12/31 23:59:59","1","310","-1"
"1000","91002","2018/01/01 05:00:00","26002033","8","2030/12/31 23:59:59","1","311","-1"
"1000","91002","2018/01/01 05:00:00","26002034","8","2030/12/31 23:59:59","1","312","-1"
"100","91002","2018/01/01 05:00:00","21003002","8","2030/12/31 23:59:59","1","313","-1"
"50","91002","2018/01/01 05:00:00","21103002","8","2030/12/31 23:59:59","1","314","-1"
"50","91002","2018/01/01 05:00:00","26003030","8","2030/12/31 23:59:59","1","315","-1"
"750000","94002","2018/01/01 05:00:00","26003030","12","2030/12/31 23:59:59","1","316","-1"
"1100","91002","2018/01/01 05:00:00","28002041","8","2030/12/31 23:59:59","1","317","-1"
"15000000","94002","2018/01/01 05:00:00","28002041","12","2030/12/31 23:59:59","1","318","-1"
"1500","90007","2018/01/01 05:00:00","28002041","2","2030/12/31 23:59:59","1","319","-1"
"50","91002","2018/01/01 05:00:00","26003031","8","2030/12/31 23:59:59","1","320","-1"
"750000","94002","2018/01/01 05:00:00","26003031","12","2030/12/31 23:59:59","1","321","-1"
"50","91002","2018/01/01 05:00:00","26003032","8","2030/12/31 23:59:59","1","322","-1"
"750000","94002","2018/01/01 05:00:00","26003032","12","2030/12/31 23:59:59","1","323","-1"
"50","91002","2018/01/01 05:00:00","26003033","8","2030/12/31 23:59:59","1","324","-1"
"750000","94002","2018/01/01 05:00:00","26003033","12","2030/12/31 23:59:59","1","325","-1"
"50","91002","2018/01/01 05:00:00","26003034","8","2030/12/31 23:59:59","1","326","-1"
"750000","94002","2018/01/01 05:00:00","26003034","12","2030/12/31 23:59:59","1","327","-1"
"1100","91002","2018/01/01 05:00:00","28002042","8","2030/12/31 23:59:59","1","328","-1"
"15000000","94002","2018/01/01 05:00:00","28002042","12","2030/12/31 23:59:59","1","329","-1"
"1500","90007","2018/01/01 05:00:00","28002042","2","2030/12/31 23:59:59","1","330","-1"
"1000","91002","2018/01/01 05:00:00","26002035","8","2030/12/31 23:59:59","1","331","-1"
"1000","91002","2018/01/01 05:00:00","26002036","8","2030/12/31 23:59:59","1","332","-1"
"1000","91002","2018/01/01 05:00:00","26002037","8","2030/12/31 23:59:59","1","333","-1"
"1000","91002","2018/01/01 05:00:00","26002038","8","2030/12/31 23:59:59","1","334","-1"
"100","91002","2018/01/01 05:00:00","21005040","8","2030/12/31 23:59:59","1","336","-1"
"1100","91002","2018/01/01 05:00:00","28002043","8","2030/12/31 23:59:59","1","337","-1"
"15000000","94002","2018/01/01 05:00:00","28002043","12","2030/12/31 23:59:59","1","338","-1"
"1500","90007","2018/01/01 05:00:00","28002043","2","2030/12/31 23:59:59","1","339","-1"
"1100","91002","2018/01/01 05:00:00","28002044","8","2030/12/31 23:59:59","1","340","-1"
"15000000","94002","2018/01/01 05:00:00","28002044","12","2030/12/31 23:59:59","1","341","-1"
"1500","90007","2018/01/01 05:00:00","28002044","2","2030/12/31 23:59:59","1","342","-1"
"1","4101404","2018/01/01 05:00:00","27004003","18","2030/12/31 23:59:59","1","343","-1"
"50","91002","2018/01/01 05:00:00","26003035","8","2030/12/31 23:59:59","1","1001","-1"
"750000","94002","2018/01/01 05:00:00","26003035","12","2030/12/31 23:59:59","1","1002","-1"
"10","31071","","20904001","2","","1","10001","-1"
"20","31071","","20904002","2","","1","10002","-1"
"30","31071","","20904003","2","","1","10003","-1"
"40","31071","","20904004","2","","1","10004","-1"
"200","90005","","20904005","2","","1","10005","-1"
"100","31071","","20904006","2","","1","10006","-1"
"135","31071","","20904007","2","","1","10007","-1"
"25","90005","","20903001","2","","1","10008","-1"
"25","90005","","20903002","2","","1","10009","-1"
"25","90005","","20903003","2","","1","10010","-1"
"25","90005","","20903004","2","","1","10011","-1"
"150","31071","","20903005","2","","1","10012","-1"
"15000","91002","","20905001","8","","1","10013","-1"
"25","90005","","20903006","2","","1","10014","-1"
"25","90005","","20903007","2","","1","10015","-1"
"25","90005","","20903008","2","","1","10016","-1"
"150","31081","","20903009","2","","1","10017","-1"
"10","31081","","20904008","2","","1","10018","-1"
"20","31081","","20904009","2","","1","10019","-1"
"30","31081","","20904010","2","","1","10020","-1"
"40","31081","","20904011","2","","1","10021","-1"
"50","31081","","20904012","2","","1","10022","-1"
"200","90005","","20904013","2","","1","10023","-1"
"10","31083","","20904014","2","","1","10024","-1"
"20","31083","","20904015","2","","1","10025","-1"
"30","31083","","20904016","2","","1","10026","-1"
"40","31083","","20904017","2","","1","10027","-1"
"50","31083","","20904018","2","","1","10028","-1"
"200","90005","","20904019","2","","1","10029","-1"
"25","90005","","20903010","2","","1","10030","-1"
"25","90005","","20903011","2","","1","10031","-1"
"25","90005","","20903012","2","","1","10032","-1"
"150","31083","","20903013","2","","1","10033","-1"
"150","31056","","20903014","2","","1","10034","-1"
"10","31056","","20904020","2","","1","10035","-1"
"20","31056","","20904021","2","","1","10036","-1"
"30","31056","","20904022","2","","1","10037","-1"
"40","31056","","20904023","2","","1","10038","-1"
"50","31056","","20904024","2","","1","10039","-1"
"150","31084","","20903015","2","","1","10040","-1"
"10","31084","","20904025","2","","1","10041","-1"
"20","31084","","20904026","2","","1","10042","-1"
"30","31084","","20904027","2","","1","10043","-1"
"40","31084","","20904028","2","","1","10044","-1"
"50","31084","","20904029","2","","1","10045","-1"
"30","20004","","20904030","2","","1","10046","-1"
"900","93001","","20904031","6","","1","10047","-1"
"3000000","94002","","20904032","12","","1","10048","-1"
"30","140001","","20904033","4","","1","10049","-1"
"50","90005","","20904034","2","","1","10050","-1"
"150","31086","","20903016","2","","1","10051","-1"
"10","31086","","20904035","2","","1","10052","-1"
"20","31086","","20904036","2","","1","10053","-1"
"30","31086","","20904037","2","","1","10054","-1"
"40","31086","","20904038","2","","1","10055","-1"
"50","31086","","20904039","2","","1","10056","-1"
"5000","91002","","20904040","8","","1","10057","-1"
"8000","91002","","20904041","8","","1","10058","-1"
"10000","91002","","20904042","8","","1","10059","-1"
"25","90005","","20903017","2","","1","10060","-1"
"150","31088","","20903018","2","","1","10061","-1"
"10","31088","","20904043","2","","1","10062","-1"
"20","31088","","20904044","2","","1","10063","-1"
"30","31088","","20904045","2","","1","10064","-1"
"40","31088","","20904046","2","","1","10065","-1"
"200","90005","","20904047","2","","1","10066","-1"
"100","31088","","20904048","2","","1","10067","-1"
"135","31088","","20904049","2","","1","10068","-1"
"3500","91002","","20904050","8","","1","10069","-1"
"30","140001","","20904050","4","","1","10070","-1"
"7000","91002","","20904051","8","","1","10071","-1"
"100","140001","","20904051","4","","1","10072","-1"
"10000","91002","","20904052","8","","1","10073","-1"
"150","140001","","20904052","4","","1","10074","-1"
"150","31087","","20903019","2","","1","10075","-1"
"10","31087","","20904053","2","","1","10076","-1"
"20","31087","","20904054","2","","1","10077","-1"
"30","31087","","20904055","2","","1","10078","-1"
"40","31087","","20904056","2","","1","10079","-1"
"50","31087","","20904057","2","","1","10080","-1"
"150","31091","","20903020","2","","1","10081","-1"
"10","31091","","20904058","2","","1","10082","-1"
"20","31091","","20904059","2","","1","10083","-1"
"30","31091","","20904060","2","","1","10084","-1"
"40","31091","","20904061","2","","1","10085","-1"
"50","31091","","20904062","2","","1","10086","-1"
"10","31061","","20904063","2","","1","10087","-1"
"20","31061","","20904064","2","","1","10088","-1"
"30","31061","","20904065","2","","1","10089","-1"
"40","31061","","20904066","2","","1","10090","-1"
"50","31061","","20904067","2","","1","10091","-1"
"115","31061","","20904068","2","","1","10092","-1"
"150","31061","","20904069","2","","1","10093","-1"
"1500","91002","","28006002","8","","1","10094","-1"
"500","91002","2019/07/01 16:00:00","28006003","8","2030/04/01 14:59:59","1","10095","-1"
"1","97504","","28006004","2","","1","10096","-1"
"3500","91002","","20904070","8","","1","10097","-1"
"100","90005","","20904070","2","","1","10098","-1"
"7000","91002","","20904071","8","","1","10099","-1"
"200","90005","","20904071","2","","1","10100","-1"
"10000","91002","","20904072","8","","1","10101","-1"
"300","90005","","20904072","2","","1","10102","-1"
"10","31014","","20904073","2","","1","10103","-1"
"20","31014","","20904074","2","","1","10104","-1"
"30","31014","","20904075","2","","1","10105","-1"
"40","31014","","20904076","2","","1","10106","-1"
"50","31014","","20904077","2","","1","10107","-1"
"115","31014","","20904078","2","","1","10108","-1"
"150","31014","","20904079","2","","1","10109","-1"
"10","31092","","20904080","2","","1","10110","-1"
"20","31092","","20904081","2","","1","10111","-1"
"30","31092","","20904082","2","","1","10112","-1"
"40","31092","","20904083","2","","1","10113","-1"
"50","31092","","20904084","2","","1","10114","-1"
"115","31092","","20904085","2","","1","10115","-1"
"150","31092","","20904086","2","","1","10116","-1"
"5000","91002","","20904087","8","","1","10117","-1"
"150","90005","","20904087","2","","1","10118","-1"
"10000","91002","","20904088","8","","1","10119","-1"
"300","90005","","20904088","2","","1","10120","-1"
"20000","91002","","20904089","8","","1","10121","-1"
"500","90005","","20904089","2","","1","10122","-1"
"20","31094","","20904090","2","","1","10123","-1"
"30","31094","","20904091","2","","1","10124","-1"
"40","31094","","20904092","2","","1","10125","-1"
"60","31094","","20904093","2","","1","10126","-1"
"115","31094","","20904094","2","","1","10127","-1"
"1000","90005","","20904095","2","","1","10128","-1"
"3500","91002","","20904097","8","","1","10130","-1"
"100","90005","","20904097","2","","1","10131","-1"
"900","93001","","20904097","6","","1","10132","-1"
"4500","91002","","20904098","8","","1","10133","-1"
"150","90005","","20904098","2","","1","10134","-1"
"900","93001","","20904098","6","","1","10135","-1"
"5500","91002","","20904099","8","","1","10136","-1"
"200","90005","","20904099","2","","1","10137","-1"
"900","93001","","20904099","6","","1","10138","-1"
"6500","91002","","20904100","8","","1","10139","-1"
"250","90005","","20904100","2","","1","10140","-1"
"900","93001","","20904100","6","","1","10141","-1"
"7500","91002","","20904101","8","","1","10142","-1"
"300","90005","","20904101","2","","1","10143","-1"
"900","93001","","20904101","6","","1","10144","-1"
"10","31036","","20904102","2","","1","10145","-1"
"10","31044","","20904102","2","","1","10146","-1"
"10","31014","","20904102","2","","1","10147","-1"
"20","31036","","20904103","2","","1","10148","-1"
"20","31044","","20904103","2","","1","10149","-1"
"20","31014","","20904103","2","","1","10150","-1"
"30","31036","","20904104","2","","1","10151","-1"
"30","31044","","20904104","2","","1","10152","-1"
"30","31014","","20904104","2","","1","10153","-1"
"40","31036","","20904105","2","","1","10154","-1"
"40","31044","","20904105","2","","1","10155","-1"
"40","31014","","20904105","2","","1","10156","-1"
"50","31036","","20904106","2","","1","10157","-1"
"50","31044","","20904106","2","","1","10158","-1"
"50","31014","","20904106","2","","1","10159","-1"
"115","31036","","20904107","2","","1","10160","-1"
"115","31044","","20904107","2","","1","10161","-1"
"115","31014","","20904107","2","","1","10162","-1"
"1000","90005","","20904108","2","","1","10163","-1"
"20","31095","","20904109","2","","1","10164","-1"
"30","31095","","20904110","2","","1","10165","-1"
"40","31095","","20904111","2","","1","10166","-1"
"60","31095","","20904112","2","","1","10167","-1"
"115","31095","","20904113","2","","1","10168","-1"
"4500","91002","","20904114","8","","1","10169","-1"
"30","140001","","20904114","4","","1","10170","-1"
"5500","91002","","20904115","8","","1","10171","-1"
"40","140001","","20904115","4","","1","10172","-1"
"6500","91002","","20904116","8","","1","10173","-1"
"50","140001","","20904116","4","","1","10174","-1"
"7500","91002","","20904117","8","","1","10175","-1"
"60","140001","","20904117","4","","1","10176","-1"
"8500","91002","","20904118","8","","1","10177","-1"
"70","140001","","20904118","4","","1","10178","-1"
"4000","91002","","20904119","8","","1","10179","-1"
"50","90005","","20904119","2","","1","10180","-1"
"900","93001","","20904119","6","","1","10181","-1"
"4500","91002","","20904120","8","","1","10182","-1"
"100","90005","","20904120","2","","1","10183","-1"
"900","93001","","20904120","6","","1","10184","-1"
"5000","91002","","20904121","8","","1","10185","-1"
"150","90005","","20904121","2","","1","10186","-1"
"900","93001","","20904121","6","","1","10187","-1"
"5500","91002","","20904122","8","","1","10188","-1"
"200","90005","","20904122","2","","1","10189","-1"
"900","93001","","20904122","6","","1","10190","-1"
"6000","91002","","20904123","8","","1","10191","-1"
"250","90005","","20904123","2","","1","10192","-1"
"900","93001","","20904123","6","","1","10193","-1"
"20","31096","","20904124","2","","1","10194","-1"
"30","31096","","20904125","2","","1","10195","-1"
"40","31096","","20904126","2","","1","10196","-1"
"60","31096","","20904127","2","","1","10197","-1"
"115","31096","","20904128","2","","1","10198","-1"
"1000","90005","","20904129","2","","1","10199","-1"
"20","31097","","20904130","2","","1","10200","-1"
"30","31097","","20904131","2","","1","10201","-1"
"40","31097","","20904132","2","","1","10202","-1"
"60","31097","","20904133","2","","1","10203","-1"
"115","31097","","20904134","2","","1","10204","-1"
"20","31099","","20904135","2","","1","10205","-1"
"30","31099","","20904136","2","","1","10206","-1"
"40","31099","","20904137","2","","1","10207","-1"
"60","31099","","20904138","2","","1","10208","-1"
"115","31099","","20904139","2","","1","10209","-1"
"20","31100","","20904140","2","","1","10210","-1"
"30","31100","","20904141","2","","1","10211","-1"
"40","31100","","20904142","2","","1","10212","-1"
"60","31100","","20904143","2","","1","10213","-1"
"115","31100","","20904144","2","","1","10214","-1"
"2500","91002","","20904145","8","","1","10215","-1"
"50","90005","","20904145","2","","1","10216","-1"
"500","93001","","20904145","6","","1","10217","-1"
"3000","91002","","20904146","8","","1","10218","-1"
"50","90005","","20904146","2","","1","10219","-1"
"500","93001","","20904146","6","","1","10220","-1"
"2500","91002","","20904147","8","","1","10221","-1"
"75","90005","","20904147","2","","1","10222","-1"
"500","93001","","20904147","6","","1","10223","-1"
"3000","91002","","20904148","8","","1","10224","-1"
"75","90005","","20904148","2","","1","10225","-1"
"500","93001","","20904148","6","","1","10226","-1"
"2500","91002","","20904149","8","","1","10227","-1"
"100","90005","","20904149","2","","1","10228","-1"
"500","93001","","20904149","6","","1","10229","-1"
"3000","91002","","20904150","8","","1","10230","-1"
"100","90005","","20904150","2","","1","10231","-1"
"500","93001","","20904150","6","","1","10232","-1"
"2500","91002","","20904151","8","","1","10233","-1"
"125","90005","","20904151","2","","1","10234","-1"
"500","93001","","20904151","6","","1","10235","-1"
"3000","91002","","20904152","8","","1","10236","-1"
"125","90005","","20904152","2","","1","10237","-1"
"500","93001","","20904152","6","","1","10238","-1"
"2500","91002","","20904153","8","","1","10239","-1"
"150","90005","","20904153","2","","1","10240","-1"
"500","93001","","20904153","6","","1","10241","-1"
"3000","91002","","20904154","8","","1","10242","-1"
"150","90005","","20904154","2","","1","10243","-1"
"500","93001","","20904154","6","","1","10244","-1"
"2500","91002","","20904155","8","","1","10245","-1"
"30","140001","","20904155","4","","1","10246","-1"
"500","93001","","20904155","6","","1","10247","-1"
"3000","91002","","20904156","8","","1","10248","-1"
"30","140001","","20904156","4","","1","10249","-1"
"500","93001","","20904156","6","","1","10250","-1"
"2500","91002","","20904157","8","","1","10251","-1"
"35","140001","","20904157","4","","1","10252","-1"
"500","93001","","20904157","6","","1","10253","-1"
"3000","91002","","20904158","8","","1","10254","-1"
"35","140001","","20904158","4","","1","10255","-1"
"500","93001","","20904158","6","","1","10256","-1"
"2500","91002","","20904159","8","","1","10257","-1"
"40","140001","","20904159","4","","1","10258","-1"
"500","93001","","20904159","6","","1","10259","-1"
"3000","91002","","20904160","8","","1","10260","-1"
"40","140001","","20904160","4","","1","10261","-1"
"500","93001","","20904160","6","","1","10262","-1"
"2500","91002","","20904161","8","","1","10263","-1"
"45","140001","","20904161","4","","1","10264","-1"
"500","93001","","20904161","6","","1","10265","-1"
"3000","91002","","20904162","8","","1","10266","-1"
"45","140001","","20904162","4","","1","10267","-1"
"500","93001","","20904162","6","","1","10268","-1"
"2500","91002","","20904163","8","","1","10269","-1"
"50","140001","","20904163","4","","1","10270","-1"
"500","93001","","20904163","6","","1","10271","-1"
"3000","91002","","20904164","8","","1","10272","-1"
"50","140001","","20904164","4","","1","10273","-1"
"500","93001","","20904164","6","","1","10274","-1"
"20","31103","","20904165","2","","1","10275","-1"
"30","31103","","20904166","2","","1","10276","-1"
"40","31103","","20904167","2","","1","10277","-1"
"60","31103","","20904168","2","","1","10278","-1"
"115","31103","","20904169","2","","1","10279","-1"
"20","31104","","20904170","2","","1","10280","-1"
"30","31104","","20904171","2","","1","10281","-1"
"40","31104","","20904172","2","","1","10282","-1"
"60","31104","","20904173","2","","1","10283","-1"
"115","31104","","20904174","2","","1","10284","-1"
"2500","91002","","20904175","8","","1","10285","-1"
"50","90005","","20904175","2","","1","10286","-1"
"30","140001","","20904175","4","","1","10287","-1"
"3000","91002","","20904176","8","","1","10288","-1"
"50","90005","","20904176","2","","1","10289","-1"
"30","140001","","20904176","4","","1","10290","-1"
"2500","91002","","20904177","8","","1","10291","-1"
"75","90005","","20904177","2","","1","10292","-1"
"35","140001","","20904177","4","","1","10293","-1"
"3000","91002","","20904178","8","","1","10294","-1"
"75","90005","","20904178","2","","1","10295","-1"
"35","140001","","20904178","4","","1","10296","-1"
"2500","91002","","20904179","8","","1","10297","-1"
"100","90005","","20904179","2","","1","10298","-1"
"40","140001","","20904179","4","","1","10299","-1"
"3000","91002","","20904180","8","","1","10300","-1"
"100","90005","","20904180","2","","1","10301","-1"
"40","140001","","20904180","4","","1","10302","-1"
"2500","91002","","20904181","8","","1","10303","-1"
"125","90005","","20904181","2","","1","10304","-1"
"45","140001","","20904181","4","","1","10305","-1"
"3000","91002","","20904182","8","","1","10306","-1"
"125","90005","","20904182","2","","1","10307","-1"
"45","140001","","20904182","4","","1","10308","-1"
"2500","91002","","20904183","8","","1","10309","-1"
"150","90005","","20904183","2","","1","10310","-1"
"50","140001","","20904183","4","","1","10311","-1"
"3000","91002","","20904184","8","","1","10312","-1"
"150","90005","","20904184","2","","1","10313","-1"
"50","140001","","20904184","4","","1","10314","-1"
"20","31106","","20904185","2","","1","10315","-1"
"30","31106","","20904186","2","","1","10316","-1"
"40","31106","","20904187","2","","1","10317","-1"
"60","31106","","20904188","2","","1","10318","-1"
"115","31106","","20904189","2","","1","10319","-1"
"20","31107","","20904190","2","","1","10320","-1"
"30","31107","","20904191","2","","1","10321","-1"
"40","31107","","20904192","2","","1","10322","-1"
"60","31107","","20904193","2","","1","10323","-1"
"115","31107","","20904194","2","","1","10324","-1"
"20","31108","","20904195","2","","1","10325","-1"
"30","31108","","20904196","2","","1","10326","-1"
"40","31108","","20904197","2","","1","10327","-1"
"60","31108","","20904198","2","","1","10328","-1"
"115","31108","","20904199","2","","1","10329","-1"
"3000","91002","","20904200","8","","1","10330","-1"
"30","25001","","20904200","2","","1","10331","-1"
"600","93001","","20904200","6","","1","10332","-1"
"3000","91002","","20904201","8","","1","10333","-1"
"150","90005","","20904201","2","","1","10334","-1"
"600","93001","","20904201","6","","1","10335","-1"
"20","31070","","20904202","2","","1","10336","-1"
"1","97501","","20904202","2","","1","10337","-1"
"30","31070","","20904203","2","","1","10338","-1"
"1","97501","","20904203","2","","1","10339","-1"
"1","97501","","20904204","2","","1","10340","-1"
"40","31070","","20904205","2","","1","10341","-1"
"1","97501","","20904205","2","","1","10342","-1"
"1","97501","","20904206","2","","1","10343","-1"
"60","31070","","20904207","2","","1","10344","-1"
"2","97501","","20904207","2","","1","10345","-1"
"2","97501","","20904208","2","","1","10346","-1"
"115","31070","","20904209","2","","1","10347","-1"
"2","97501","","20904209","2","","1","10348","-1"
"2","97501","","20904210","2","","1","10349","-1"
"1000","90005","","20904211","2","","1","10350","-1"
"2","97501","","20904211","2","","1","10351","-1"
"30","0","2021/02/09 05:00:00","11001001","5","2023/04/17 04:59:59","1","10001003","39"
"30000","94002","2021/02/09 05:00:00","11001001","12","2023/04/17 04:59:59","1","10001004","39"
"10","91002","2021/02/09 05:00:00","11001001","8","2023/04/17 04:59:59","1","10001005","39"
"40","0","2021/02/09 05:00:00","11003001","5","2023/04/17 04:59:59","1","10001006","39"
"2","20002","2021/02/09 05:00:00","11003001","2","2023/04/17 04:59:59","1","10001007","39"
"10","91002","2021/02/09 05:00:00","11003001","8","2023/04/17 04:59:59","1","10001008","39"
"20","0","2021/02/09 05:00:00","13002001","5","2023/04/17 04:59:59","1","10001009","39"
"20","0","2021/02/09 05:00:00","18004001","5","2023/04/17 04:59:59","1","10001010","39"
"25","0","2021/02/09 05:00:00","16006001","5","2023/04/17 04:59:59","1","10001011","39"
"25","0","2021/02/09 05:00:00","16007001","5","2023/04/17 04:59:59","1","10001012","39"
"3","22001","2021/02/09 05:00:00","16007001","2","2023/04/17 04:59:59","1","10001013","39"
"30","0","2021/02/09 05:00:00","11004001","5","2023/04/17 04:59:59","1","10001014","39"
"2","20002","2021/02/09 05:00:00","11004001","2","2023/04/17 04:59:59","1","10001015","39"
"500","90007","2021/02/09 05:00:00","11004001","2","2023/04/17 04:59:59","1","10001016","39"
"40","0","2021/02/09 05:00:00","11005001","5","2023/04/17 04:59:59","1","10001017","39"
"30000","94002","2021/02/09 05:00:00","11005001","12","2023/04/17 04:59:59","1","10001018","39"
"500","90007","2021/02/09 05:00:00","11005001","2","2023/04/17 04:59:59","1","10001019","39"
"60","0","2023/04/17 05:00:00","11001001","5","2030/12/31 23:59:59","1","10001023","39"
"40","0","2021/02/09 05:00:00","14001001","5","2023/04/17 04:59:59","1","10001024","39"
"80000","94002","2021/02/09 05:00:00","14001001","12","2023/04/17 04:59:59","1","10001025","39"
"2","20003","2021/02/09 05:00:00","14001001","2","2023/04/17 04:59:59","1","10001026","39"
"50","0","2021/02/09 05:00:00","14003001","5","2023/04/17 04:59:59","1","10001027","39"
"140000","94002","2021/02/09 05:00:00","14003001","12","2023/04/17 04:59:59","1","10001028","39"
"4","22002","2021/02/09 05:00:00","14003001","2","2023/04/17 04:59:59","1","10001029","39"
"30000","94002","2023/04/17 05:00:00","11001001","12","2030/12/31 23:59:59","1","10001030","39"
"10","91002","2023/04/17 05:00:00","11001001","8","2030/12/31 23:59:59","1","10001031","39"
"80","0","2023/04/17 05:00:00","11003001","5","2030/12/31 23:59:59","1","10001032","39"
"2","20002","2023/04/17 05:00:00","11003001","2","2030/12/31 23:59:59","1","10001033","39"
"10","91002","2023/04/17 05:00:00","11003001","8","2030/12/31 23:59:59","1","10001034","39"
"40","0","2023/04/17 05:00:00","13002001","5","2030/12/31 23:59:59","1","10001035","39"
"40","0","2023/04/17 05:00:00","18004001","5","2030/12/31 23:59:59","1","10001036","39"
"50","0","2023/04/17 05:00:00","16006001","5","2024/06/14 15:59:59","1","10001037","39"
"50","0","2023/04/17 05:00:00","16007001","5","2024/06/14 15:59:59","1","10001038","39"
"3","22001","2023/04/17 05:00:00","16007001","2","2024/06/14 15:59:59","1","10001039","39"
"60","0","2023/04/17 05:00:00","11004001","5","2030/12/31 23:59:59","1","10001040","39"
"2","20002","2023/04/17 05:00:00","11004001","2","2030/12/31 23:59:59","1","10001041","39"
"500","90007","2023/04/17 05:00:00","11004001","2","2030/12/31 23:59:59","1","10001042","39"
"80","0","2023/04/17 05:00:00","11005001","5","2030/12/31 23:59:59","1","10001043","39"
"30000","94002","2023/04/17 05:00:00","11005001","12","2030/12/31 23:59:59","1","10001044","39"
"500","90007","2023/04/17 05:00:00","11005001","2","2030/12/31 23:59:59","1","10001045","39"
"80","0","2023/04/17 05:00:00","14001001","5","2030/12/31 23:59:59","1","10001046","39"
"80000","94002","2023/04/17 05:00:00","14001001","12","2030/12/31 23:59:59","1","10001047","39"
"2","20003","2023/04/17 05:00:00","14001001","2","2030/12/31 23:59:59","1","10001048","39"
"100","0","2023/04/17 05:00:00","14003001","5","2030/12/31 23:59:59","1","10001049","39"
"140000","94002","2023/04/17 05:00:00","14003001","12","2030/12/31 23:59:59","1","10001050","39"
"4","22002","2023/04/17 05:00:00","14003001","2","2030/12/31 23:59:59","1","10001051","39"
"20","0","2021/02/09 05:00:00","11101001","5","2023/04/17 04:59:59","1","10001114","39"
"2","20003","2021/02/09 05:00:00","11101001","2","2023/04/17 04:59:59","1","10001115","39"
"30","0","2021/02/09 05:00:00","11001002","5","2023/04/17 04:59:59","1","10001121","39"
"30000","94002","2021/02/09 05:00:00","11001002","12","2023/04/17 04:59:59","1","10001122","39"
"6","23001","2021/02/09 05:00:00","11001002","2","2023/04/17 04:59:59","1","10001123","39"
"40","0","2023/04/17 05:00:00","11101001","5","2030/12/31 23:59:59","1","10001152","39"
"2","20003","2023/04/17 05:00:00","11101001","2","2030/12/31 23:59:59","1","10001153","39"
"60","0","2023/04/17 05:00:00","11001002","5","2030/12/31 23:59:59","1","10001154","39"
"30000","94002","2023/04/17 05:00:00","11001002","12","2030/12/31 23:59:59","1","10001155","39"
"6","23001","2023/04/17 05:00:00","11001002","2","2030/12/31 23:59:59","1","10001156","39"
"30","0","2021/02/09 05:00:00","11001001","5","2023/04/17 04:59:59","40","10040003","54"
"40000","94002","2021/02/09 05:00:00","11001001","12","2023/04/17 04:59:59","40","10040004","54"
"10","91002","2021/02/09 05:00:00","11001001","8","2023/04/17 04:59:59","40","10040005","54"
"45","0","2021/02/09 05:00:00","11003001","5","2023/04/17 04:59:59","40","10040006","54"
"6","20002","2021/02/09 05:00:00","11003001","2","2023/04/17 04:59:59","40","10040007","54"
"10","91002","2021/02/09 05:00:00","11003001","8","2023/04/17 04:59:59","40","10040008","54"
"20","0","2021/02/09 05:00:00","13002001","5","2023/04/17 04:59:59","40","10040009","54"
"20","0","2021/02/09 05:00:00","18004001","5","2023/04/17 04:59:59","40","10040010","54"
"25","0","2021/02/09 05:00:00","16006001","5","2023/04/17 04:59:59","40","10040011","54"
"25","0","2021/02/09 05:00:00","16007001","5","2023/04/17 04:59:59","40","10040012","54"
"3","22001","2021/02/09 05:00:00","16007001","2","2023/04/17 04:59:59","40","10040013","54"
"30","0","2021/02/09 05:00:00","11004001","5","2023/04/17 04:59:59","40","10040014","54"
"6","20002","2021/02/09 05:00:00","11004001","2","2023/04/17 04:59:59","40","10040015","54"
"500","90007","2021/02/09 05:00:00","11004001","2","2023/04/17 04:59:59","40","10040016","54"
"45","0","2021/02/09 05:00:00","11005001","5","2023/04/17 04:59:59","40","10040017","54"
"40000","94002","2021/02/09 05:00:00","11005001","12","2023/04/17 04:59:59","40","10040018","54"
"500","90007","2021/02/09 05:00:00","11005001","2","2023/04/17 04:59:59","40","10040019","54"
"60","0","2023/04/17 05:00:00","11001001","5","2030/12/31 23:59:59","40","10040023","54"
"45","0","2021/02/09 05:00:00","14001001","5","2023/04/17 04:59:59","40","10040024","54"
"100000","94002","2021/02/09 05:00:00","14001001","12","2023/04/17 04:59:59","40","10040025","54"
"3","20003","2021/02/09 05:00:00","14001001","2","2023/04/17 04:59:59","40","10040026","54"
"55","0","2021/02/09 05:00:00","14003001","5","2023/04/17 04:59:59","40","10040027","54"
"180000","94002","2021/02/09 05:00:00","14003001","12","2023/04/17 04:59:59","40","10040028","54"
"4","22002","2021/02/09 05:00:00","14003001","2","2023/04/17 04:59:59","40","10040029","54"
"40000","94002","2023/04/17 05:00:00","11001001","12","2030/12/31 23:59:59","40","10040030","54"
"10","91002","2023/04/17 05:00:00","11001001","8","2030/12/31 23:59:59","40","10040031","54"
"90","0","2023/04/17 05:00:00","11003001","5","2030/12/31 23:59:59","40","10040032","54"
"6","20002","2023/04/17 05:00:00","11003001","2","2030/12/31 23:59:59","40","10040033","54"
"10","91002","2023/04/17 05:00:00","11003001","8","2030/12/31 23:59:59","40","10040034","54"
"40","0","2023/04/17 05:00:00","13002001","5","2030/12/31 23:59:59","40","10040035","54"
"40","0","2023/04/17 05:00:00","18004001","5","2030/12/31 23:59:59","40","10040036","54"
"50","0","2023/04/17 05:00:00","16006001","5","2024/06/14 15:59:59","40","10040037","54"
"50","0","2023/04/17 05:00:00","16007001","5","2024/06/14 15:59:59","40","10040038","54"
"3","22001","2023/04/17 05:00:00","16007001","2","2024/06/14 15:59:59","40","10040039","54"
"60","0","2023/04/17 05:00:00","11004001","5","2030/12/31 23:59:59","40","10040040","54"
"6","20002","2023/04/17 05:00:00","11004001","2","2030/12/31 23:59:59","40","10040041","54"
"500","90007","2023/04/17 05:00:00","11004001","2","2030/12/31 23:59:59","40","10040042","54"
"90","0","2023/04/17 05:00:00","11005001","5","2030/12/31 23:59:59","40","10040043","54"
"40000","94002","2023/04/17 05:00:00","11005001","12","2030/12/31 23:59:59","40","10040044","54"
"500","90007","2023/04/17 05:00:00","11005001","2","2030/12/31 23:59:59","40","10040045","54"
"90","0","2023/04/17 05:00:00","14001001","5","2030/12/31 23:59:59","40","10040046","54"
"100000","94002","2023/04/17 05:00:00","14001001","12","2030/12/31 23:59:59","40","10040047","54"
"3","20003","2023/04/17 05:00:00","14001001","2","2030/12/31 23:59:59","40","10040048","54"
"110","0","2023/04/17 05:00:00","14003001","5","2030/12/31 23:59:59","40","10040049","54"
"180000","94002","2023/04/17 05:00:00","14003001","12","2030/12/31 23:59:59","40","10040050","54"
"4","22002","2023/04/17 05:00:00","14003001","2","2030/12/31 23:59:59","40","10040051","54"
"20","0","2021/02/09 05:00:00","11101001","5","2023/04/17 04:59:59","40","10040114","54"
"3","20003","2021/02/09 05:00:00","11101001","2","2023/04/17 04:59:59","40","10040115","54"
"35","0","2021/02/09 05:00:00","11001002","5","2023/04/17 04:59:59","40","10040121","54"
"40000","94002","2021/02/09 05:00:00","11001002","12","2023/04/17 04:59:59","40","10040122","54"
"6","23001","2021/02/09 05:00:00","11001002","2","2023/04/17 04:59:59","40","10040123","54"
"40","0","2023/04/17 05:00:00","11101001","5","2030/12/31 23:59:59","40","10040152","54"
"3","20003","2023/04/17 05:00:00","11101001","2","2030/12/31 23:59:59","40","10040153","54"
"70","0","2023/04/17 05:00:00","11001002","5","2030/12/31 23:59:59","40","10040154","54"
"40000","94002","2023/04/17 05:00:00","11001002","12","2030/12/31 23:59:59","40","10040155","54"
"6","23001","2023/04/17 05:00:00","11001002","2","2030/12/31 23:59:59","40","10040156","54"
"35","0","2021/02/09 05:00:00","11001001","5","2023/04/17 04:59:59","55","10055003","74"
"50000","94002","2021/02/09 05:00:00","11001001","12","2023/04/17 04:59:59","55","10055004","74"
"10","91002","2021/02/09 05:00:00","11001001","8","2023/04/17 04:59:59","55","10055005","74"
"45","0","2021/02/09 05:00:00","11003001","5","2023/04/17 04:59:59","55","10055006","74"
"10","20002","2021/02/09 05:00:00","11003001","2","2023/04/17 04:59:59","55","10055007","74"
"10","91002","2021/02/09 05:00:00","11003001","8","2023/04/17 04:59:59","55","10055008","74"
"20","0","2021/02/09 05:00:00","13002001","5","2023/04/17 04:59:59","55","10055009","74"
"20","0","2021/02/09 05:00:00","18004001","5","2023/04/17 04:59:59","55","10055010","74"
"30","0","2021/02/09 05:00:00","16006001","5","2023/04/17 04:59:59","55","10055011","74"
"30","0","2021/02/09 05:00:00","16007001","5","2023/04/17 04:59:59","55","10055012","74"
"3","22001","2021/02/09 05:00:00","16007001","2","2023/04/17 04:59:59","55","10055013","74"
"35","0","2021/02/09 05:00:00","11004001","5","2023/04/17 04:59:59","55","10055014","74"
"10","20002","2021/02/09 05:00:00","11004001","2","2023/04/17 04:59:59","55","10055015","74"
"500","90007","2021/02/09 05:00:00","11004001","2","2023/04/17 04:59:59","55","10055016","74"
"45","0","2021/02/09 05:00:00","11005001","5","2023/04/17 04:59:59","55","10055017","74"
"50000","94002","2021/02/09 05:00:00","11005001","12","2023/04/17 04:59:59","55","10055018","74"
"500","90007","2021/02/09 05:00:00","11005001","2","2023/04/17 04:59:59","55","10055019","74"
"70","0","2023/04/17 05:00:00","11001001","5","2030/12/31 23:59:59","55","10055023","74"
"45","0","2021/02/09 05:00:00","14001001","5","2023/04/17 04:59:59","55","10055024","74"
"120000","94002","2021/02/09 05:00:00","14001001","12","2023/04/17 04:59:59","55","10055025","74"
"4","20003","2021/02/09 05:00:00","14001001","2","2023/04/17 04:59:59","55","10055026","74"
"60","0","2021/02/09 05:00:00","14003001","5","2023/04/17 04:59:59","55","10055027","74"
"220000","94002","2021/02/09 05:00:00","14003001","12","2023/04/17 04:59:59","55","10055028","74"
"4","22002","2021/02/09 05:00:00","14003001","2","2023/04/17 04:59:59","55","10055029","74"
"50000","94002","2023/04/17 05:00:00","11001001","12","2030/12/31 23:59:59","55","10055030","74"
"10","91002","2023/04/17 05:00:00","11001001","8","2030/12/31 23:59:59","55","10055031","74"
"90","0","2023/04/17 05:00:00","11003001","5","2030/12/31 23:59:59","55","10055032","74"
"10","20002","2023/04/17 05:00:00","11003001","2","2030/12/31 23:59:59","55","10055033","74"
"10","91002","2023/04/17 05:00:00","11003001","8","2030/12/31 23:59:59","55","10055034","74"
"40","0","2023/04/17 05:00:00","13002001","5","2030/12/31 23:59:59","55","10055035","74"
"40","0","2023/04/17 05:00:00","18004001","5","2030/12/31 23:59:59","55","10055036","74"
"60","0","2023/04/17 05:00:00","16006001","5","2024/06/14 15:59:59","55","10055037","74"
"60","0","2023/04/17 05:00:00","16007001","5","2024/06/14 15:59:59","55","10055038","74"
"3","22001","2023/04/17 05:00:00","16007001","2","2024/06/14 15:59:59","55","10055039","74"
"70","0","2023/04/17 05:00:00","11004001","5","2030/12/31 23:59:59","55","10055040","74"
"10","20002","2023/04/17 05:00:00","11004001","2","2030/12/31 23:59:59","55","10055041","74"
"500","90007","2023/04/17 05:00:00","11004001","2","2030/12/31 23:59:59","55","10055042","74"
"90","0","2023/04/17 05:00:00","11005001","5","2030/12/31 23:59:59","55","10055043","74"
"50000","94002","2023/04/17 05:00:00","11005001","12","2030/12/31 23:59:59","55","10055044","74"
"500","90007","2023/04/17 05:00:00","11005001","2","2030/12/31 23:59:59","55","10055045","74"
"90","0","2023/04/17 05:00:00","14001001","5","2030/12/31 23:59:59","55","10055046","74"
"120000","94002","2023/04/17 05:00:00","14001001","12","2030/12/31 23:59:59","55","10055047","74"
"4","20003","2023/04/17 05:00:00","14001001","2","2030/12/31 23:59:59","55","10055048","74"
"120","0","2023/04/17 05:00:00","14003001","5","2030/12/31 23:59:59","55","10055049","74"
"220000","94002","2023/04/17 05:00:00","14003001","12","2030/12/31 23:59:59","55","10055050","74"
"4","22002","2023/04/17 05:00:00","14003001","2","2030/12/31 23:59:59","55","10055051","74"
"20","0","2021/02/09 05:00:00","11101001","5","2023/04/17 04:59:59","55","10055114","74"
"4","20003","2021/02/09 05:00:00","11101001","2","2023/04/17 04:59:59","55","10055115","74"
"35","0","2021/02/09 05:00:00","11001002","5","2023/04/17 04:59:59","55","10055121","74"
"50000","94002","2021/02/09 05:00:00","11001002","12","2023/04/17 04:59:59","55","10055122","74"
"6","23001","2021/02/09 05:00:00","11001002","2","2023/04/17 04:59:59","55","10055123","74"
"40","0","2023/04/17 05:00:00","11101001","5","2030/12/31 23:59:59","55","10055152","74"
"4","20003","2023/04/17 05:00:00","11101001","2","2030/12/31 23:59:59","55","10055153","74"
"70","0","2023/04/17 05:00:00","11001002","5","2030/12/31 23:59:59","55","10055154","74"
"50000","94002","2023/04/17 05:00:00","11001002","12","2030/12/31 23:59:59","55","10055155","74"
"6","23001","2023/04/17 05:00:00","11001002","2","2030/12/31 23:59:59","55","10055156","74"
"35","0","2021/02/09 05:00:00","11001001","5","2023/04/17 04:59:59","75","10075003","94"
"60000","94002","2021/02/09 05:00:00","11001001","12","2023/04/17 04:59:59","75","10075004","94"
"10","91002","2021/02/09 05:00:00","11001001","8","2023/04/17 04:59:59","75","10075005","94"
"50","0","2021/02/09 05:00:00","11003001","5","2023/04/17 04:59:59","75","10075006","94"
"14","20002","2021/02/09 05:00:00","11003001","2","2023/04/17 04:59:59","75","10075007","94"
"10","91002","2021/02/09 05:00:00","11003001","8","2023/04/17 04:59:59","75","10075008","94"
"25","0","2021/02/09 05:00:00","13002001","5","2023/04/17 04:59:59","75","10075009","94"
"25","0","2021/02/09 05:00:00","18004001","5","2023/04/17 04:59:59","75","10075010","94"
"30","0","2021/02/09 05:00:00","16006001","5","2023/04/17 04:59:59","75","10075011","94"
"30","0","2021/02/09 05:00:00","16007001","5","2023/04/17 04:59:59","75","10075012","94"
"3","22001","2021/02/09 05:00:00","16007001","2","2023/04/17 04:59:59","75","10075013","94"
"35","0","2021/02/09 05:00:00","11004001","5","2023/04/17 04:59:59","75","10075014","94"
"14","20002","2021/02/09 05:00:00","11004001","2","2023/04/17 04:59:59","75","10075015","94"
"500","90007","2021/02/09 05:00:00","11004001","2","2023/04/17 04:59:59","75","10075016","94"
"50","0","2021/02/09 05:00:00","11005001","5","2023/04/17 04:59:59","75","10075017","94"
"60000","94002","2021/02/09 05:00:00","11005001","12","2023/04/17 04:59:59","75","10075018","94"
"500","90007","2021/02/09 05:00:00","11005001","2","2023/04/17 04:59:59","75","10075019","94"
"70","0","2023/04/17 05:00:00","11001001","5","2030/12/31 23:59:59","75","10075023","94"
"45","0","2021/02/09 05:00:00","14001001","5","2023/04/17 04:59:59","75","10075024","94"
"150000","94002","2021/02/09 05:00:00","14001001","12","2023/04/17 04:59:59","75","10075025","94"
"5","20003","2021/02/09 05:00:00","14001001","2","2023/04/17 04:59:59","75","10075026","94"
"60","0","2021/02/09 05:00:00","14003001","5","2023/04/17 04:59:59","75","10075027","94"
"250000","94002","2021/02/09 05:00:00","14003001","12","2023/04/17 04:59:59","75","10075028","94"
"4","22002","2021/02/09 05:00:00","14003001","2","2023/04/17 04:59:59","75","10075029","94"
"60000","94002","2023/04/17 05:00:00","11001001","12","2030/12/31 23:59:59","75","10075030","94"
"10","91002","2023/04/17 05:00:00","11001001","8","2030/12/31 23:59:59","75","10075031","94"
"100","0","2023/04/17 05:00:00","11003001","5","2030/12/31 23:59:59","75","10075032","94"
"14","20002","2023/04/17 05:00:00","11003001","2","2030/12/31 23:59:59","75","10075033","94"
"10","91002","2023/04/17 05:00:00","11003001","8","2030/12/31 23:59:59","75","10075034","94"
"50","0","2023/04/17 05:00:00","13002001","5","2030/12/31 23:59:59","75","10075035","94"
"50","0","2023/04/17 05:00:00","18004001","5","2030/12/31 23:59:59","75","10075036","94"
"60","0","2023/04/17 05:00:00","16006001","5","2024/06/14 15:59:59","75","10075037","94"
"60","0","2023/04/17 05:00:00","16007001","5","2024/06/14 15:59:59","75","10075038","94"
"3","22001","2023/04/17 05:00:00","16007001","2","2024/06/14 15:59:59","75","10075039","94"
"70","0","2023/04/17 05:00:00","11004001","5","2030/12/31 23:59:59","75","10075040","94"
"14","20002","2023/04/17 05:00:00","11004001","2","2030/12/31 23:59:59","75","10075041","94"
"500","90007","2023/04/17 05:00:00","11004001","2","2030/12/31 23:59:59","75","10075042","94"
"100","0","2023/04/17 05:00:00","11005001","5","2030/12/31 23:59:59","75","10075043","94"
"60000","94002","2023/04/17 05:00:00","11005001","12","2030/12/31 23:59:59","75","10075044","94"
"500","90007","2023/04/17 05:00:00","11005001","2","2030/12/31 23:59:59","75","10075045","94"
"90","0","2023/04/17 05:00:00","14001001","5","2030/12/31 23:59:59","75","10075046","94"
"150000","94002","2023/04/17 05:00:00","14001001","12","2030/12/31 23:59:59","75","10075047","94"
"5","20003","2023/04/17 05:00:00","14001001","2","2030/12/31 23:59:59","75","10075048","94"
"120","0","2023/04/17 05:00:00","14003001","5","2030/12/31 23:59:59","75","10075049","94"
"250000","94002","2023/04/17 05:00:00","14003001","12","2030/12/31 23:59:59","75","10075050","94"
"4","22002","2023/04/17 05:00:00","14003001","2","2030/12/31 23:59:59","75","10075051","94"
"25","0","2021/02/09 05:00:00","11101001","5","2023/04/17 04:59:59","75","10075114","94"
"5","20003","2021/02/09 05:00:00","11101001","2","2023/04/17 04:59:59","75","10075115","94"
"35","0","2021/02/09 05:00:00","11001002","5","2023/04/17 04:59:59","75","10075121","94"
"60000","94002","2021/02/09 05:00:00","11001002","12","2023/04/17 04:59:59","75","10075122","94"
"6","23001","2021/02/09 05:00:00","11001002","2","2023/04/17 04:59:59","75","10075123","94"
"50","0","2023/04/17 05:00:00","11101001","5","2030/12/31 23:59:59","75","10075152","94"
"5","20003","2023/04/17 05:00:00","11101001","2","2030/12/31 23:59:59","75","10075153","94"
"70","0","2023/04/17 05:00:00","11001002","5","2030/12/31 23:59:59","75","10075154","94"
"60000","94002","2023/04/17 05:00:00","11001002","12","2030/12/31 23:59:59","75","10075155","94"
"6","23001","2023/04/17 05:00:00","11001002","2","2030/12/31 23:59:59","75","10075156","94"
"40","0","2021/02/09 05:00:00","11001001","5","2023/04/17 04:59:59","95","10095003","119"
"70000","94002","2021/02/09 05:00:00","11001001","12","2023/04/17 04:59:59","95","10095004","119"
"10","91002","2021/02/09 05:00:00","11001001","8","2023/04/17 04:59:59","95","10095005","119"
"50","0","2021/02/09 05:00:00","11003001","5","2023/04/17 04:59:59","95","10095006","119"
"18","20002","2021/02/09 05:00:00","11003001","2","2023/04/17 04:59:59","95","10095007","119"
"10","91002","2021/02/09 05:00:00","11003001","8","2023/04/17 04:59:59","95","10095008","119"
"25","0","2021/02/09 05:00:00","13002001","5","2023/04/17 04:59:59","95","10095009","119"
"25","0","2021/02/09 05:00:00","18004001","5","2023/04/17 04:59:59","95","10095010","119"
"30","0","2021/02/09 05:00:00","16006001","5","2023/04/17 04:59:59","95","10095011","119"
"30","0","2021/02/09 05:00:00","16007001","5","2023/04/17 04:59:59","95","10095012","119"
"3","22001","2021/02/09 05:00:00","16007001","2","2023/04/17 04:59:59","95","10095013","119"
"40","0","2021/02/09 05:00:00","11004001","5","2023/04/17 04:59:59","95","10095014","119"
"18","20002","2021/02/09 05:00:00","11004001","2","2023/04/17 04:59:59","95","10095015","119"
"500","90007","2021/02/09 05:00:00","11004001","2","2023/04/17 04:59:59","95","10095016","119"
"50","0","2021/02/09 05:00:00","11005001","5","2023/04/17 04:59:59","95","10095017","119"
"60000","94002","2021/02/09 05:00:00","11005001","12","2023/04/17 04:59:59","95","10095018","119"
"500","90007","2021/02/09 05:00:00","11005001","2","2023/04/17 04:59:59","95","10095019","119"
"80","0","2023/04/17 05:00:00","11001001","5","2030/12/31 23:59:59","95","10095023","119"
"50","0","2021/02/09 05:00:00","14001001","5","2023/04/17 04:59:59","95","10095024","119"
"170000","94002","2021/02/09 05:00:00","14001001","12","2023/04/17 04:59:59","95","10095025","119"
"6","20003","2021/02/09 05:00:00","14001001","2","2023/04/17 04:59:59","95","10095026","119"
"65","0","2021/02/09 05:00:00","14003001","5","2023/04/17 04:59:59","95","10095027","119"
"300000","94002","2021/02/09 05:00:00","14003001","12","2023/04/17 04:59:59","95","10095028","119"
"4","22002","2021/02/09 05:00:00","14003001","2","2023/04/17 04:59:59","95","10095029","119"
"70000","94002","2023/04/17 05:00:00","11001001","12","2030/12/31 23:59:59","95","10095030","119"
"10","91002","2023/04/17 05:00:00","11001001","8","2030/12/31 23:59:59","95","10095031","119"
"100","0","2023/04/17 05:00:00","11003001","5","2030/12/31 23:59:59","95","10095032","119"
"18","20002","2023/04/17 05:00:00","11003001","2","2030/12/31 23:59:59","95","10095033","119"
"10","91002","2023/04/17 05:00:00","11003001","8","2030/12/31 23:59:59","95","10095034","119"
"50","0","2023/04/17 05:00:00","13002001","5","2030/12/31 23:59:59","95","10095035","119"
"50","0","2023/04/17 05:00:00","18004001","5","2030/12/31 23:59:59","95","10095036","119"
"60","0","2023/04/17 05:00:00","16006001","5","2024/06/14 15:59:59","95","10095037","119"
"60","0","2023/04/17 05:00:00","16007001","5","2024/06/14 15:59:59","95","10095038","119"
"3","22001","2023/04/17 05:00:00","16007001","2","2024/06/14 15:59:59","95","10095039","119"
"80","0","2023/04/17 05:00:00","11004001","5","2030/12/31 23:59:59","95","10095040","119"
"18","20002","2023/04/17 05:00:00","11004001","2","2030/12/31 23:59:59","95","10095041","119"
"500","90007","2023/04/17 05:00:00","11004001","2","2030/12/31 23:59:59","95","10095042","119"
"100","0","2023/04/17 05:00:00","11005001","5","2030/12/31 23:59:59","95","10095043","119"
"60000","94002","2023/04/17 05:00:00","11005001","12","2030/12/31 23:59:59","95","10095044","119"
"500","90007","2023/04/17 05:00:00","11005001","2","2030/12/31 23:59:59","95","10095045","119"
"100","0","2023/04/17 05:00:00","14001001","5","2030/12/31 23:59:59","95","10095046","119"
"170000","94002","2023/04/17 05:00:00","14001001","12","2030/12/31 23:59:59","95","10095047","119"
"6","20003","2023/04/17 05:00:00","14001001","2","2030/12/31 23:59:59","95","10095048","119"
"130","0","2023/04/17 05:00:00","14003001","5","2030/12/31 23:59:59","95","10095049","119"
"300000","94002","2023/04/17 05:00:00","14003001","12","2030/12/31 23:59:59","95","10095050","119"
"4","22002","2023/04/17 05:00:00","14003001","2","2030/12/31 23:59:59","95","10095051","119"
"25","0","2021/02/09 05:00:00","11101001","5","2023/04/17 04:59:59","95","10095114","119"
"6","20003","2021/02/09 05:00:00","11101001","2","2023/04/17 04:59:59","95","10095115","119"
"40","0","2021/02/09 05:00:00","11001002","5","2023/04/17 04:59:59","95","10095121","119"
"70000","94002","2021/02/09 05:00:00","11001002","12","2023/04/17 04:59:59","95","10095122","119"
"6","23001","2021/02/09 05:00:00","11001002","2","2023/04/17 04:59:59","95","10095123","119"
"50","0","2023/04/17 05:00:00","11101001","5","2030/12/31 23:59:59","95","10095152","119"
"6","20003","2023/04/17 05:00:00","11101001","2","2030/12/31 23:59:59","95","10095153","119"
"80","0","2023/04/17 05:00:00","11001002","5","2030/12/31 23:59:59","95","10095154","119"
"70000","94002","2023/04/17 05:00:00","11001002","12","2030/12/31 23:59:59","95","10095155","119"
"6","23001","2023/04/17 05:00:00","11001002","2","2030/12/31 23:59:59","95","10095156","119"
"40","0","2021/02/09 05:00:00","11001001","5","2023/04/17 04:59:59","120","10120003","139"
"80000","94002","2021/02/09 05:00:00","11001001","12","2023/04/17 04:59:59","120","10120004","139"
"10","91002","2021/02/09 05:00:00","11001001","8","2023/04/17 04:59:59","120","10120005","139"
"55","0","2021/02/09 05:00:00","11003001","5","2023/04/17 04:59:59","120","10120006","139"
"22","20002","2021/02/09 05:00:00","11003001","2","2023/04/17 04:59:59","120","10120007","139"
"10","91002","2021/02/09 05:00:00","11003001","8","2023/04/17 04:59:59","120","10120008","139"
"25","0","2021/02/09 05:00:00","13002001","5","2023/04/17 04:59:59","120","10120009","139"
"25","0","2021/02/09 05:00:00","18004001","5","2023/04/17 04:59:59","120","10120010","139"
"35","0","2021/02/09 05:00:00","16006001","5","2023/04/17 04:59:59","120","10120011","139"
"30","0","2021/02/09 05:00:00","16007001","5","2023/04/17 04:59:59","120","10120012","139"
"3","22001","2021/02/09 05:00:00","16007001","2","2023/04/17 04:59:59","120","10120013","139"
"40","0","2021/02/09 05:00:00","11004001","5","2023/04/17 04:59:59","120","10120014","139"
"22","20002","2021/02/09 05:00:00","11004001","2","2023/04/17 04:59:59","120","10120015","139"
"500","90007","2021/02/09 05:00:00","11004001","2","2023/04/17 04:59:59","120","10120016","139"
"55","0","2021/02/09 05:00:00","11005001","5","2023/04/17 04:59:59","120","10120017","139"
"70000","94002","2021/02/09 05:00:00","11005001","12","2023/04/17 04:59:59","120","10120018","139"
"500","90007","2021/02/09 05:00:00","11005001","2","2023/04/17 04:59:59","120","10120019","139"
"80","0","2023/04/17 05:00:00","11001001","5","2030/12/31 23:59:59","120","10120023","139"
"55","0","2021/02/09 05:00:00","14001001","5","2023/04/17 04:59:59","120","10120024","139"
"200000","94002","2021/02/09 05:00:00","14001001","12","2023/04/17 04:59:59","120","10120025","139"
"7","20003","2021/02/09 05:00:00","14001001","2","2023/04/17 04:59:59","120","10120026","139"
"65","0","2021/02/09 05:00:00","14003001","5","2023/04/17 04:59:59","120","10120027","139"
"340000","94002","2021/02/09 05:00:00","14003001","12","2023/04/17 04:59:59","120","10120028","139"
"4","22002","2021/02/09 05:00:00","14003001","2","2023/04/17 04:59:59","120","10120029","139"
"80000","94002","2023/04/17 05:00:00","11001001","12","2030/12/31 23:59:59","120","10120030","139"
"10","91002","2023/04/17 05:00:00","11001001","8","2030/12/31 23:59:59","120","10120031","139"
"110","0","2023/04/17 05:00:00","11003001","5","2030/12/31 23:59:59","120","10120032","139"
"22","20002","2023/04/17 05:00:00","11003001","2","2030/12/31 23:59:59","120","10120033","139"
"10","91002","2023/04/17 05:00:00","11003001","8","2030/12/31 23:59:59","120","10120034","139"
"50","0","2023/04/17 05:00:00","13002001","5","2030/12/31 23:59:59","120","10120035","139"
"50","0","2023/04/17 05:00:00","18004001","5","2030/12/31 23:59:59","120","10120036","139"
"70","0","2023/04/17 05:00:00","16006001","5","2024/06/14 15:59:59","120","10120037","139"
"60","0","2023/04/17 05:00:00","16007001","5","2024/06/14 15:59:59","120","10120038","139"
"3","22001","2023/04/17 05:00:00","16007001","2","2024/06/14 15:59:59","120","10120039","139"
"80","0","2023/04/17 05:00:00","11004001","5","2030/12/31 23:59:59","120","10120040","139"
"22","20002","2023/04/17 05:00:00","11004001","2","2030/12/31 23:59:59","120","10120041","139"
"500","90007","2023/04/17 05:00:00","11004001","2","2030/12/31 23:59:59","120","10120042","139"
"110","0","2023/04/17 05:00:00","11005001","5","2030/12/31 23:59:59","120","10120043","139"
"70000","94002","2023/04/17 05:00:00","11005001","12","2030/12/31 23:59:59","120","10120044","139"
"500","90007","2023/04/17 05:00:00","11005001","2","2030/12/31 23:59:59","120","10120045","139"
"110","0","2023/04/17 05:00:00","14001001","5","2030/12/31 23:59:59","120","10120046","139"
"200000","94002","2023/04/17 05:00:00","14001001","12","2030/12/31 23:59:59","120","10120047","139"
"7","20003","2023/04/17 05:00:00","14001001","2","2030/12/31 23:59:59","120","10120048","139"
"130","0","2023/04/17 05:00:00","14003001","5","2030/12/31 23:59:59","120","10120049","139"
"340000","94002","2023/04/17 05:00:00","14003001","12","2030/12/31 23:59:59","120","10120050","139"
"4","22002","2023/04/17 05:00:00","14003001","2","2030/12/31 23:59:59","120","10120051","139"
"25","0","2021/02/09 05:00:00","11101001","5","2023/04/17 04:59:59","120","10120114","139"
"7","20003","2021/02/09 05:00:00","11101001","2","2023/04/17 04:59:59","120","10120115","139"
"40","0","2021/02/09 05:00:00","11001002","5","2023/04/17 04:59:59","120","10120121","139"
"70000","94002","2021/02/09 05:00:00","11001002","12","2023/04/17 04:59:59","120","10120122","139"
"6","23001","2021/02/09 05:00:00","11001002","2","2023/04/17 04:59:59","120","10120123","139"
"50","0","2023/04/17 05:00:00","11101001","5","2030/12/31 23:59:59","120","10120152","139"
"7","20003","2023/04/17 05:00:00","11101001","2","2030/12/31 23:59:59","120","10120153","139"
"80","0","2023/04/17 05:00:00","11001002","5","2030/12/31 23:59:59","120","10120154","139"
"70000","94002","2023/04/17 05:00:00","11001002","12","2030/12/31 23:59:59","120","10120155","139"
"6","23001","2023/04/17 05:00:00","11001002","2","2030/12/31 23:59:59","120","10120156","139"
"40","0","2021/02/09 05:00:00","11001001","5","2023/04/17 04:59:59","140","10140003","159"
"80000","94002","2021/02/09 05:00:00","11001001","12","2023/04/17 04:59:59","140","10140004","159"
"10","91002","2021/02/09 05:00:00","11001001","8","2023/04/17 04:59:59","140","10140005","159"
"55","0","2021/02/09 05:00:00","11003001","5","2023/04/17 04:59:59","140","10140006","159"
"26","20002","2021/02/09 05:00:00","11003001","2","2023/04/17 04:59:59","140","10140007","159"
"10","91002","2021/02/09 05:00:00","11003001","8","2023/04/17 04:59:59","140","10140008","159"
"25","0","2021/02/09 05:00:00","13002001","5","2023/04/17 04:59:59","140","10140009","159"
"25","0","2021/02/09 05:00:00","18004001","5","2023/04/17 04:59:59","140","10140010","159"
"35","0","2021/02/09 05:00:00","16006001","5","2023/04/17 04:59:59","140","10140011","159"
"35","0","2021/02/09 05:00:00","16007001","5","2023/04/17 04:59:59","140","10140012","159"
"3","22001","2021/02/09 05:00:00","16007001","2","2023/04/17 04:59:59","140","10140013","159"
"40","0","2021/02/09 05:00:00","11004001","5","2023/04/17 04:59:59","140","10140014","159"
"26","20002","2021/02/09 05:00:00","11004001","2","2023/04/17 04:59:59","140","10140015","159"
"500","90007","2021/02/09 05:00:00","11004001","2","2023/04/17 04:59:59","140","10140016","159"
"55","0","2021/02/09 05:00:00","11005001","5","2023/04/17 04:59:59","140","10140017","159"
"80000","94002","2021/02/09 05:00:00","11005001","12","2023/04/17 04:59:59","140","10140018","159"
"500","90007","2021/02/09 05:00:00","11005001","2","2023/04/17 04:59:59","140","10140019","159"
"80","0","2023/04/17 05:00:00","11001001","5","2030/12/31 23:59:59","140","10140023","159"
"55","0","2021/02/09 05:00:00","14001001","5","2023/04/17 04:59:59","140","10140024","159"
"220000","94002","2021/02/09 05:00:00","14001001","12","2023/04/17 04:59:59","140","10140025","159"
"8","20003","2021/02/09 05:00:00","14001001","2","2023/04/17 04:59:59","140","10140026","159"
"70","0","2021/02/09 05:00:00","14003001","5","2023/04/17 04:59:59","140","10140027","159"
"380000","94002","2021/02/09 05:00:00","14003001","12","2023/04/17 04:59:59","140","10140028","159"
"4","22002","2021/02/09 05:00:00","14003001","2","2023/04/17 04:59:59","140","10140029","159"
"80000","94002","2023/04/17 05:00:00","11001001","12","2030/12/31 23:59:59","140","10140030","159"
"10","91002","2023/04/17 05:00:00","11001001","8","2030/12/31 23:59:59","140","10140031","159"
"110","0","2023/04/17 05:00:00","11003001","5","2030/12/31 23:59:59","140","10140032","159"
"26","20002","2023/04/17 05:00:00","11003001","2","2030/12/31 23:59:59","140","10140033","159"
"10","91002","2023/04/17 05:00:00","11003001","8","2030/12/31 23:59:59","140","10140034","159"
"50","0","2023/04/17 05:00:00","13002001","5","2030/12/31 23:59:59","140","10140035","159"
"50","0","2023/04/17 05:00:00","18004001","5","2030/12/31 23:59:59","140","10140036","159"
"70","0","2023/04/17 05:00:00","16006001","5","2024/06/14 15:59:59","140","10140037","159"
"70","0","2023/04/17 05:00:00","16007001","5","2024/06/14 15:59:59","140","10140038","159"
"3","22001","2023/04/17 05:00:00","16007001","2","2024/06/14 15:59:59","140","10140039","159"
"80","0","2023/04/17 05:00:00","11004001","5","2030/12/31 23:59:59","140","10140040","159"
"26","20002","2023/04/17 05:00:00","11004001","2","2030/12/31 23:59:59","140","10140041","159"
"500","90007","2023/04/17 05:00:00","11004001","2","2030/12/31 23:59:59","140","10140042","159"
"110","0","2023/04/17 05:00:00","11005001","5","2030/12/31 23:59:59","140","10140043","159"
"80000","94002","2023/04/17 05:00:00","11005001","12","2030/12/31 23:59:59","140","10140044","159"
"500","90007","2023/04/17 05:00:00","11005001","2","2030/12/31 23:59:59","140","10140045","159"
"110","0","2023/04/17 05:00:00","14001001","5","2030/12/31 23:59:59","140","10140046","159"
"220000","94002","2023/04/17 05:00:00","14001001","12","2030/12/31 23:59:59","140","10140047","159"
"8","20003","2023/04/17 05:00:00","14001001","2","2030/12/31 23:59:59","140","10140048","159"
"140","0","2023/04/17 05:00:00","14003001","5","2030/12/31 23:59:59","140","10140049","159"
"380000","94002","2023/04/17 05:00:00","14003001","12","2030/12/31 23:59:59","140","10140050","159"
"4","22002","2023/04/17 05:00:00","14003001","2","2030/12/31 23:59:59","140","10140051","159"
"25","0","2021/02/09 05:00:00","11101001","5","2023/04/17 04:59:59","140","10140114","159"
"8","20003","2021/02/09 05:00:00","11101001","2","2023/04/17 04:59:59","140","10140115","159"
"40","0","2021/02/09 05:00:00","11001002","5","2023/04/17 04:59:59","140","10140121","159"
"80000","94002","2021/02/09 05:00:00","11001002","12","2023/04/17 04:59:59","140","10140122","159"
"6","23001","2021/02/09 05:00:00","11001002","2","2023/04/17 04:59:59","140","10140123","159"
"50","0","2023/04/17 05:00:00","11101001","5","2030/12/31 23:59:59","140","10140152","159"
"8","20003","2023/04/17 05:00:00","11101001","2","2030/12/31 23:59:59","140","10140153","159"
"80","0","2023/04/17 05:00:00","11001002","5","2030/12/31 23:59:59","140","10140154","159"
"80000","94002","2023/04/17 05:00:00","11001002","12","2030/12/31 23:59:59","140","10140155","159"
"6","23001","2023/04/17 05:00:00","11001002","2","2030/12/31 23:59:59","140","10140156","159"
"40","0","2021/02/09 05:00:00","11001001","5","2023/04/17 04:59:59","160","10160003","179"
"90000","94002","2021/02/09 05:00:00","11001001","12","2023/04/17 04:59:59","160","10160004","179"
"10","91002","2021/02/09 05:00:00","11001001","8","2023/04/17 04:59:59","160","10160005","179"
"55","0","2021/02/09 05:00:00","11003001","5","2023/04/17 04:59:59","160","10160006","179"
"30","20002","2021/02/09 05:00:00","11003001","2","2023/04/17 04:59:59","160","10160007","179"
"10","91002","2021/02/09 05:00:00","11003001","8","2023/04/17 04:59:59","160","10160008","179"
"30","0","2021/02/09 05:00:00","13002001","5","2023/04/17 04:59:59","160","10160009","179"
"30","0","2021/02/09 05:00:00","18004001","5","2023/04/17 04:59:59","160","10160010","179"
"35","0","2021/02/09 05:00:00","16006001","5","2023/04/17 04:59:59","160","10160011","179"
"35","0","2021/02/09 05:00:00","16007001","5","2023/04/17 04:59:59","160","10160012","179"
"3","22001","2021/02/09 05:00:00","16007001","2","2023/04/17 04:59:59","160","10160013","179"
"40","0","2021/02/09 05:00:00","11004001","5","2023/04/17 04:59:59","160","10160014","179"
"30","20002","2021/02/09 05:00:00","11004001","2","2023/04/17 04:59:59","160","10160015","179"
"500","90007","2021/02/09 05:00:00","11004001","2","2023/04/17 04:59:59","160","10160016","179"
"55","0","2021/02/09 05:00:00","11005001","5","2023/04/17 04:59:59","160","10160017","179"
"90000","94002","2021/02/09 05:00:00","11005001","12","2023/04/17 04:59:59","160","10160018","179"
"500","90007","2021/02/09 05:00:00","11005001","2","2023/04/17 04:59:59","160","10160019","179"
"80","0","2023/04/17 05:00:00","11001001","5","2030/12/31 23:59:59","160","10160023","179"
"55","0","2021/02/09 05:00:00","14001001","5","2023/04/17 04:59:59","160","10160024","179"
"240000","94002","2021/02/09 05:00:00","14001001","12","2023/04/17 04:59:59","160","10160025","179"
"9","20003","2021/02/09 05:00:00","14001001","2","2023/04/17 04:59:59","160","10160026","179"
"70","0","2021/02/09 05:00:00","14003001","5","2023/04/17 04:59:59","160","10160027","179"
"410000","94002","2021/02/09 05:00:00","14003001","12","2023/04/17 04:59:59","160","10160028","179"
"4","22002","2021/02/09 05:00:00","14003001","2","2023/04/17 04:59:59","160","10160029","179"
"90000","94002","2023/04/17 05:00:00","11001001","12","2030/12/31 23:59:59","160","10160030","179"
"10","91002","2023/04/17 05:00:00","11001001","8","2030/12/31 23:59:59","160","10160031","179"
"110","0","2023/04/17 05:00:00","11003001","5","2030/12/31 23:59:59","160","10160032","179"
"30","20002","2023/04/17 05:00:00","11003001","2","2030/12/31 23:59:59","160","10160033","179"
"10","91002","2023/04/17 05:00:00","11003001","8","2030/12/31 23:59:59","160","10160034","179"
"60","0","2023/04/17 05:00:00","13002001","5","2030/12/31 23:59:59","160","10160035","179"
"60","0","2023/04/17 05:00:00","18004001","5","2030/12/31 23:59:59","160","10160036","179"
"70","0","2023/04/17 05:00:00","16006001","5","2024/06/14 15:59:59","160","10160037","179"
"70","0","2023/04/17 05:00:00","16007001","5","2024/06/14 15:59:59","160","10160038","179"
"3","22001","2023/04/17 05:00:00","16007001","2","2024/06/14 15:59:59","160","10160039","179"
"80","0","2023/04/17 05:00:00","11004001","5","2030/12/31 23:59:59","160","10160040","179"
"30","20002","2023/04/17 05:00:00","11004001","2","2030/12/31 23:59:59","160","10160041","179"
"500","90007","2023/04/17 05:00:00","11004001","2","2030/12/31 23:59:59","160","10160042","179"
"110","0","2023/04/17 05:00:00","11005001","5","2030/12/31 23:59:59","160","10160043","179"
"90000","94002","2023/04/17 05:00:00","11005001","12","2030/12/31 23:59:59","160","10160044","179"
"500","90007","2023/04/17 05:00:00","11005001","2","2030/12/31 23:59:59","160","10160045","179"
"110","0","2023/04/17 05:00:00","14001001","5","2030/12/31 23:59:59","160","10160046","179"
"240000","94002","2023/04/17 05:00:00","14001001","12","2030/12/31 23:59:59","160","10160047","179"
"9","20003","2023/04/17 05:00:00","14001001","2","2030/12/31 23:59:59","160","10160048","179"
"140","0","2023/04/17 05:00:00","14003001","5","2030/12/31 23:59:59","160","10160049","179"
"410000","94002","2023/04/17 05:00:00","14003001","12","2030/12/31 23:59:59","160","10160050","179"
"4","22002","2023/04/17 05:00:00","14003001","2","2030/12/31 23:59:59","160","10160051","179"
"25","0","2021/02/09 05:00:00","11101001","5","2023/04/17 04:59:59","160","10160114","179"
"9","20003","2021/02/09 05:00:00","11101001","2","2023/04/17 04:59:59","160","10160115","179"
"40","0","2021/02/09 05:00:00","11001002","5","2023/04/17 04:59:59","160","10160121","179"
"90000","94002","2021/02/09 05:00:00","11001002","12","2023/04/17 04:59:59","160","10160122","179"
"6","23001","2021/02/09 05:00:00","11001002","2","2023/04/17 04:59:59","160","10160123","179"
"50","0","2023/04/17 05:00:00","11101001","5","2030/12/31 23:59:59","160","10160152","179"
"9","20003","2023/04/17 05:00:00","11101001","2","2030/12/31 23:59:59","160","10160153","179"
"80","0","2023/04/17 05:00:00","11001002","5","2030/12/31 23:59:59","160","10160154","179"
"90000","94002","2023/04/17 05:00:00","11001002","12","2030/12/31 23:59:59","160","10160155","179"
"6","23001","2023/04/17 05:00:00","11001002","2","2030/12/31 23:59:59","160","10160156","179"
"40","0","2021/02/09 05:00:00","11001001","5","2023/04/17 04:59:59","180","10180003","199"
"100000","94002","2021/02/09 05:00:00","11001001","12","2023/04/17 04:59:59","180","10180004","199"
"10","91002","2021/02/09 05:00:00","11001001","8","2023/04/17 04:59:59","180","10180005","199"
"55","0","2021/02/09 05:00:00","11003001","5","2023/04/17 04:59:59","180","10180006","199"
"34","20002","2021/02/09 05:00:00","11003001","2","2023/04/17 04:59:59","180","10180007","199"
"10","91002","2021/02/09 05:00:00","11003001","8","2023/04/17 04:59:59","180","10180008","199"
"30","0","2021/02/09 05:00:00","13002001","5","2023/04/17 04:59:59","180","10180009","199"
"30","0","2021/02/09 05:00:00","18004001","5","2023/04/17 04:59:59","180","10180010","199"
"35","0","2021/02/09 05:00:00","16006001","5","2023/04/17 04:59:59","180","10180011","199"
"35","0","2021/02/09 05:00:00","16007001","5","2023/04/17 04:59:59","180","10180012","199"
"3","22001","2021/02/09 05:00:00","16007001","2","2023/04/17 04:59:59","180","10180013","199"
"45","0","2021/02/09 05:00:00","11004001","5","2023/04/17 04:59:59","180","10180014","199"
"34","20002","2021/02/09 05:00:00","11004001","2","2023/04/17 04:59:59","180","10180015","199"
"500","90007","2021/02/09 05:00:00","11004001","2","2023/04/17 04:59:59","180","10180016","199"
"55","0","2021/02/09 05:00:00","11005001","5","2023/04/17 04:59:59","180","10180017","199"
"100000","94002","2021/02/09 05:00:00","11005001","12","2023/04/17 04:59:59","180","10180018","199"
"500","90007","2021/02/09 05:00:00","11005001","2","2023/04/17 04:59:59","180","10180019","199"
"80","0","2023/04/17 05:00:00","11001001","5","2030/12/31 23:59:59","180","10180023","199"
"55","0","2021/02/09 05:00:00","14001001","5","2023/04/17 04:59:59","180","10180024","199"
"260000","94002","2021/02/09 05:00:00","14001001","12","2023/04/17 04:59:59","180","10180025","199"
"10","20003","2021/02/09 05:00:00","14001001","2","2023/04/17 04:59:59","180","10180026","199"
"70","0","2021/02/09 05:00:00","14003001","5","2023/04/17 04:59:59","180","10180027","199"
"450000","94002","2021/02/09 05:00:00","14003001","12","2023/04/17 04:59:59","180","10180028","199"
"4","22002","2021/02/09 05:00:00","14003001","2","2023/04/17 04:59:59","180","10180029","199"
"100000","94002","2023/04/17 05:00:00","11001001","12","2030/12/31 23:59:59","180","10180030","199"
"10","91002","2023/04/17 05:00:00","11001001","8","2030/12/31 23:59:59","180","10180031","199"
"110","0","2023/04/17 05:00:00","11003001","5","2030/12/31 23:59:59","180","10180032","199"
"34","20002","2023/04/17 05:00:00","11003001","2","2030/12/31 23:59:59","180","10180033","199"
"10","91002","2023/04/17 05:00:00","11003001","8","2030/12/31 23:59:59","180","10180034","199"
"60","0","2023/04/17 05:00:00","13002001","5","2030/12/31 23:59:59","180","10180035","199"
"60","0","2023/04/17 05:00:00","18004001","5","2030/12/31 23:59:59","180","10180036","199"
"70","0","2023/04/17 05:00:00","16006001","5","2024/06/14 15:59:59","180","10180037","199"
"70","0","2023/04/17 05:00:00","16007001","5","2024/06/14 15:59:59","180","10180038","199"
"3","22001","2023/04/17 05:00:00","16007001","2","2024/06/14 15:59:59","180","10180039","199"
"90","0","2023/04/17 05:00:00","11004001","5","2030/12/31 23:59:59","180","10180040","199"
"34","20002","2023/04/17 05:00:00","11004001","2","2030/12/31 23:59:59","180","10180041","199"
"500","90007","2023/04/17 05:00:00","11004001","2","2030/12/31 23:59:59","180","10180042","199"
"110","0","2023/04/17 05:00:00","11005001","5","2030/12/31 23:59:59","180","10180043","199"
"100000","94002","2023/04/17 05:00:00","11005001","12","2030/12/31 23:59:59","180","10180044","199"
"500","90007","2023/04/17 05:00:00","11005001","2","2030/12/31 23:59:59","180","10180045","199"
"110","0","2023/04/17 05:00:00","14001001","5","2030/12/31 23:59:59","180","10180046","199"
"260000","94002","2023/04/17 05:00:00","14001001","12","2030/12/31 23:59:59","180","10180047","199"
"10","20003","2023/04/17 05:00:00","14001001","2","2030/12/31 23:59:59","180","10180048","199"
"140","0","2023/04/17 05:00:00","14003001","5","2030/12/31 23:59:59","180","10180049","199"
"450000","94002","2023/04/17 05:00:00","14003001","12","2030/12/31 23:59:59","180","10180050","199"
"4","22002","2023/04/17 05:00:00","14003001","2","2030/12/31 23:59:59","180","10180051","199"
"30","0","2021/02/09 05:00:00","11101001","5","2023/04/17 04:59:59","180","10180114","199"
"10","20003","2021/02/09 05:00:00","11101001","2","2023/04/17 04:59:59","180","10180115","199"
"40","0","2021/02/09 05:00:00","11001002","5","2023/04/17 04:59:59","180","10180121","199"
"100000","94002","2021/02/09 05:00:00","11001002","12","2023/04/17 04:59:59","180","10180122","199"
"6","23001","2021/02/09 05:00:00","11001002","2","2023/04/17 04:59:59","180","10180123","199"
"60","0","2023/04/17 05:00:00","11101001","5","2030/12/31 23:59:59","180","10180152","199"
"10","20003","2023/04/17 05:00:00","11101001","2","2030/12/31 23:59:59","180","10180153","199"
"80","0","2023/04/17 05:00:00","11001002","5","2030/12/31 23:59:59","180","10180154","199"
"100000","94002","2023/04/17 05:00:00","11001002","12","2030/12/31 23:59:59","180","10180155","199"
"6","23001","2023/04/17 05:00:00","11001002","2","2030/12/31 23:59:59","180","10180156","199"
"45","0","2021/10/15 16:00:00","11001001","5","2030/12/31 23:59:59","200","10200003","219"
"110000","94002","2021/10/15 16:00:00","11001001","12","2030/12/31 23:59:59","200","10200004","219"
"10","91002","2021/10/15 16:00:00","11001001","8","2030/12/31 23:59:59","200","10200005","219"
"55","0","2021/10/15 16:00:00","11003001","5","2030/12/31 23:59:59","200","10200006","219"
"38","20002","2021/10/15 16:00:00","11003001","2","2030/12/31 23:59:59","200","10200007","219"
"10","91002","2021/10/15 16:00:00","11003001","8","2030/12/31 23:59:59","200","10200008","219"
"30","0","2022/11/15 16:00:00","13002001","5","2030/12/31 23:59:59","200","10200009","219"
"30","0","2021/10/15 16:00:00","18004001","5","2030/12/31 23:59:59","200","10200010","219"
"35","0","2021/10/15 16:00:00","16006001","5","2024/06/14 15:59:59","200","10200011","219"
"35","0","2021/10/15 16:00:00","16007001","5","2024/06/14 15:59:59","200","10200012","219"
"3","22001","2021/10/15 16:00:00","16007001","2","2024/06/14 15:59:59","200","10200013","219"
"45","0","2021/10/15 16:00:00","11004001","5","2030/12/31 23:59:59","200","10200014","219"
"38","20002","2021/10/15 16:00:00","11004001","2","2030/12/31 23:59:59","200","10200015","219"
"500","90007","2021/10/15 16:00:00","11004001","2","2030/12/31 23:59:59","200","10200016","219"
"55","0","2021/10/15 16:00:00","11005001","5","2030/12/31 23:59:59","200","10200017","219"
"120000","94002","2021/10/15 16:00:00","11005001","12","2030/12/31 23:59:59","200","10200018","219"
"500","90007","2021/10/15 16:00:00","11005001","2","2030/12/31 23:59:59","200","10200019","219"
"55","0","2021/10/15 16:00:00","14001001","5","2030/12/31 23:59:59","200","10200024","219"
"280000","94002","2021/10/15 16:00:00","14001001","12","2030/12/31 23:59:59","200","10200025","219"
"11","20003","2021/10/15 16:00:00","14001001","2","2030/12/31 23:59:59","200","10200026","219"
"70","0","2021/10/15 16:00:00","14003001","5","2030/12/31 23:59:59","200","10200027","219"
"480000","94002","2021/10/15 16:00:00","14003001","12","2030/12/31 23:59:59","200","10200028","219"
"4","22002","2021/10/15 16:00:00","14003001","2","2030/12/31 23:59:59","200","10200029","219"
"30","0","2021/10/15 16:00:00","11101001","5","2030/12/31 23:59:59","200","10200114","219"
"11","20003","2021/10/15 16:00:00","11101001","2","2030/12/31 23:59:59","200","10200115","219"
"45","0","2021/10/15 16:00:00","11001002","5","2030/12/31 23:59:59","200","10200121","219"
"110000","94002","2021/10/15 16:00:00","11001002","12","2030/12/31 23:59:59","200","10200122","219"
"6","23001","2021/10/15 16:00:00","11001002","2","2030/12/31 23:59:59","200","10200123","219"
"45","0","2022/04/15 16:00:00","11001001","5","2030/12/31 23:59:59","220","10220003","239"
"120000","94002","2022/04/15 16:00:00","11001001","12","2030/12/31 23:59:59","220","10220004","239"
"10","91002","2022/04/15 16:00:00","11001001","8","2030/12/31 23:59:59","220","10220005","239"
"60","0","2022/04/15 16:00:00","11003001","5","2030/12/31 23:59:59","220","10220006","239"
"42","20002","2022/04/15 16:00:00","11003001","2","2030/12/31 23:59:59","220","10220007","239"
"10","91002","2022/04/15 16:00:00","11003001","8","2030/12/31 23:59:59","220","10220008","239"
"30","0","2022/11/15 16:00:00","13002001","5","2030/12/31 23:59:59","220","10220009","239"
"30","0","2022/04/15 16:00:00","18004001","5","2030/12/31 23:59:59","220","10220010","239"
"40","0","2022/04/15 16:00:00","16006001","5","2024/06/14 15:59:59","220","10220011","239"
"35","0","2022/04/15 16:00:00","16007001","5","2024/06/14 15:59:59","220","10220012","239"
"3","22001","2022/04/15 16:00:00","16007001","2","2024/06/14 15:59:59","220","10220013","239"
"45","0","2022/04/15 16:00:00","11004001","5","2030/12/31 23:59:59","220","10220014","239"
"42","20002","2022/04/15 16:00:00","11004001","2","2030/12/31 23:59:59","220","10220015","239"
"500","90007","2022/04/15 16:00:00","11004001","2","2030/12/31 23:59:59","220","10220016","239"
"55","0","2022/04/15 16:00:00","11005001","5","2030/12/31 23:59:59","220","10220017","239"
"130000","94002","2022/04/15 16:00:00","11005001","12","2030/12/31 23:59:59","220","10220018","239"
"500","90007","2022/04/15 16:00:00","11005001","2","2030/12/31 23:59:59","220","10220019","239"
"55","0","2022/04/15 16:00:00","14001001","5","2030/12/31 23:59:59","220","10220024","239"
"300000","94002","2022/04/15 16:00:00","14001001","12","2030/12/31 23:59:59","220","10220025","239"
"12","20003","2022/04/15 16:00:00","14001001","2","2030/12/31 23:59:59","220","10220026","239"
"70","0","2022/04/15 16:00:00","14003001","5","2030/12/31 23:59:59","220","10220027","239"
"510000","94002","2022/04/15 16:00:00","14003001","12","2030/12/31 23:59:59","220","10220028","239"
"4","22002","2022/04/15 16:00:00","14003001","2","2030/12/31 23:59:59","220","10220029","239"
"30","0","2022/04/15 16:00:00","11101001","5","2030/12/31 23:59:59","220","10220114","239"
"12","20003","2022/04/15 16:00:00","11101001","2","2030/12/31 23:59:59","220","10220115","239"
"45","0","2022/04/15 16:00:00","11001002","5","2030/12/31 23:59:59","220","10220121","239"
"120000","94002","2022/04/15 16:00:00","11001002","12","2030/12/31 23:59:59","220","10220122","239"
"6","23001","2022/04/15 16:00:00","11001002","2","2030/12/31 23:59:59","220","10220123","239"
"45","0","2022/11/15 16:00:00","11001001","5","2030/12/31 23:59:59","240","10240003","259"
"130000","94002","2022/11/15 16:00:00","11001001","12","2030/12/31 23:59:59","240","10240004","259"
"10","91002","2022/11/15 16:00:00","11001001","8","2030/12/31 23:59:59","240","10240005","259"
"60","0","2022/11/15 16:00:00","11003001","5","2030/12/31 23:59:59","240","10240006","259"
"46","20002","2022/11/15 16:00:00","11003001","2","2030/12/31 23:59:59","240","10240007","259"
"10","91002","2022/11/15 16:00:00","11003001","8","2030/12/31 23:59:59","240","10240008","259"
"30","0","2022/11/15 16:00:00","13002001","5","2030/12/31 23:59:59","240","10240009","259"
"30","0","2022/11/15 16:00:00","18004001","5","2030/12/31 23:59:59","240","10240010","259"
"40","0","2022/11/15 16:00:00","16006001","5","2024/06/14 15:59:59","240","10240011","259"
"35","0","2022/11/15 16:00:00","16007001","5","2024/06/14 15:59:59","240","10240012","259"
"3","22001","2022/11/15 16:00:00","16007001","2","2024/06/14 15:59:59","240","10240013","259"
"45","0","2022/11/15 16:00:00","11004001","5","2030/12/31 23:59:59","240","10240014","259"
"46","20002","2022/11/15 16:00:00","11004001","2","2030/12/31 23:59:59","240","10240015","259"
"500","90007","2022/11/15 16:00:00","11004001","2","2030/12/31 23:59:59","240","10240016","259"
"55","0","2022/11/15 16:00:00","11005001","5","2030/12/31 23:59:59","240","10240017","259"
"140000","94002","2022/11/15 16:00:00","11005001","12","2030/12/31 23:59:59","240","10240018","259"
"500","90007","2022/11/15 16:00:00","11005001","2","2030/12/31 23:59:59","240","10240019","259"
"55","0","2022/11/15 16:00:00","14001001","5","2030/12/31 23:59:59","240","10240024","259"
"320000","94002","2022/11/15 16:00:00","14001001","12","2030/12/31 23:59:59","240","10240025","259"
"13","20003","2022/11/15 16:00:00","14001001","2","2030/12/31 23:59:59","240","10240026","259"
"70","0","2022/11/15 16:00:00","14003001","5","2030/12/31 23:59:59","240","10240027","259"
"540000","94002","2022/11/15 16:00:00","14003001","12","2030/12/31 23:59:59","240","10240028","259"
"4","22002","2022/11/15 16:00:00","14003001","2","2030/12/31 23:59:59","240","10240029","259"
"30","0","2022/11/15 16:00:00","11101001","5","2030/12/31 23:59:59","240","10240114","259"
"13","20003","2022/11/15 16:00:00","11101001","2","2030/12/31 23:59:59","240","10240115","259"
"45","0","2022/11/15 16:00:00","11001002","5","2030/12/31 23:59:59","240","10240121","259"
"130000","94002","2022/11/15 16:00:00","11001002","12","2030/12/31 23:59:59","240","10240122","259"
"6","23001","2022/11/15 16:00:00","11001002","2","2030/12/31 23:59:59","240","10240123","259"
"45","0","2023/06/15 16:00:00","11001001","5","2030/12/31 23:59:59","260","10260003","279"
"140000","94002","2023/06/15 16:00:00","11001001","12","2030/12/31 23:59:59","260","10260004","279"
"10","91002","2023/06/15 16:00:00","11001001","8","2030/12/31 23:59:59","260","10260005","279"
"60","0","2023/06/15 16:00:00","11003001","5","2030/12/31 23:59:59","260","10260006","279"
"50","20002","2023/06/15 16:00:00","11003001","2","2030/12/31 23:59:59","260","10260007","279"
"10","91002","2023/06/15 16:00:00","11003001","8","2030/12/31 23:59:59","260","10260008","279"
"30","0","2023/06/15 16:00:00","13002001","5","2030/12/31 23:59:59","260","10260009","279"
"30","0","2023/06/15 16:00:00","18004001","5","2030/12/31 23:59:59","260","10260010","279"
"40","0","2023/06/15 16:00:00","16006001","5","2024/06/14 15:59:59","260","10260011","279"
"35","0","2023/06/15 16:00:00","16007001","5","2024/06/14 15:59:59","260","10260012","279"
"3","22001","2023/06/15 16:00:00","16007001","2","2024/06/14 15:59:59","260","10260013","279"
"45","0","2023/06/15 16:00:00","11004001","5","2030/12/31 23:59:59","260","10260014","279"
"50","20002","2023/06/15 16:00:00","11004001","2","2030/12/31 23:59:59","260","10260015","279"
"500","90007","2023/06/15 16:00:00","11004001","2","2030/12/31 23:59:59","260","10260016","279"
"55","0","2023/06/15 16:00:00","11005001","5","2030/12/31 23:59:59","260","10260017","279"
"150000","94002","2023/06/15 16:00:00","11005001","12","2030/12/31 23:59:59","260","10260018","279"
"500","90007","2023/06/15 16:00:00","11005001","2","2030/12/31 23:59:59","260","10260019","279"
"55","0","2023/06/15 16:00:00","14001001","5","2030/12/31 23:59:59","260","10260024","279"
"340000","94002","2023/06/15 16:00:00","14001001","12","2030/12/31 23:59:59","260","10260025","279"
"14","20003","2023/06/15 16:00:00","14001001","2","2030/12/31 23:59:59","260","10260026","279"
"70","0","2023/06/15 16:00:00","14003001","5","2030/12/31 23:59:59","260","10260027","279"
"570000","94002","2023/06/15 16:00:00","14003001","12","2030/12/31 23:59:59","260","10260028","279"
"4","22002","2023/06/15 16:00:00","14003001","2","2030/12/31 23:59:59","260","10260029","279"
"30","0","2023/06/15 16:00:00","11101001","5","2030/12/31 23:59:59","260","10260114","279"
"14","20003","2023/06/15 16:00:00","11101001","2","2030/12/31 23:59:59","260","10260115","279"
"45","0","2023/06/15 16:00:00","11001002","5","2030/12/31 23:59:59","260","10260121","279"
"140000","94002","2023/06/15 16:00:00","11001002","12","2030/12/31 23:59:59","260","10260122","279"
"6","23001","2023/06/15 16:00:00","11001002","2","2030/12/31 23:59:59","260","10260123","279"
"45","0","2023/12/15 16:00:00","11001001","5","2030/12/31 23:59:59","280","10280003","299"
"150000","94002","2023/12/15 16:00:00","11001001","12","2030/12/31 23:59:59","280","10280004","299"
"10","91002","2023/12/15 16:00:00","11001001","8","2030/12/31 23:59:59","280","10280005","299"
"60","0","2023/12/15 16:00:00","11003001","5","2030/12/31 23:59:59","280","10280006","299"
"54","20002","2023/12/15 16:00:00","11003001","2","2030/12/31 23:59:59","280","10280007","299"
"10","91002","2023/12/15 16:00:00","11003001","8","2030/12/31 23:59:59","280","10280008","299"
"30","0","2023/12/15 16:00:00","13002001","5","2030/12/31 23:59:59","280","10280009","299"
"30","0","2023/12/15 16:00:00","18004001","5","2030/12/31 23:59:59","280","10280010","299"
"40","0","2023/12/15 16:00:00","16006001","5","2024/06/14 15:59:59","280","10280011","-1"
"35","0","2023/12/15 16:00:00","16007001","5","2024/06/14 15:59:59","280","10280012","-1"
"3","22001","2023/12/15 16:00:00","16007001","2","2024/06/14 15:59:59","280","10280013","-1"
"45","0","2023/12/15 16:00:00","11004001","5","2030/12/31 23:59:59","280","10280014","299"
"54","20002","2023/12/15 16:00:00","11004001","2","2030/12/31 23:59:59","280","10280015","299"
"500","90007","2023/12/15 16:00:00","11004001","2","2030/12/31 23:59:59","280","10280016","299"
"55","0","2023/12/15 16:00:00","11005001","5","2030/12/31 23:59:59","280","10280017","299"
"160000","94002","2023/12/15 16:00:00","11005001","12","2030/12/31 23:59:59","280","10280018","299"
"500","90007","2023/12/15 16:00:00","11005001","2","2030/12/31 23:59:59","280","10280019","299"
"55","0","2023/12/15 16:00:00","14001001","5","2030/12/31 23:59:59","280","10280024","299"
"360000","94002","2023/12/15 16:00:00","14001001","12","2030/12/31 23:59:59","280","10280025","299"
"15","20003","2023/12/15 16:00:00","14001001","2","2030/12/31 23:59:59","280","10280026","299"
"70","0","2023/12/15 16:00:00","14003001","5","2030/12/31 23:59:59","280","10280027","299"
"600000","94002","2023/12/15 16:00:00","14003001","12","2030/12/31 23:59:59","280","10280028","299"
"4","22002","2023/12/15 16:00:00","14003001","2","2030/12/31 23:59:59","280","10280029","299"
"30","0","2023/12/15 16:00:00","11101001","5","2030/12/31 23:59:59","280","10280114","299"
"15","20003","2023/12/15 16:00:00","11101001","2","2030/12/31 23:59:59","280","10280115","299"
"45","0","2023/12/15 16:00:00","11001002","5","2030/12/31 23:59:59","280","10280121","299"
"150000","94002","2023/12/15 16:00:00","11001002","12","2030/12/31 23:59:59","280","10280122","299"
"6","23001","2023/12/15 16:00:00","11001002","2","2030/12/31 23:59:59","280","10280123","299"
"140","0","2024/06/14 16:00:00","16008001","5","2030/12/31 23:59:59","1","10290011","-1"
"3","22001","2024/06/14 16:00:00","16008001","2","2030/12/31 23:59:59","1","10290012","-1"
"45","0","2024/07/15 16:00:00","11001001","5","2030/12/31 23:59:59","300","10300003","319"
"160000","94002","2024/07/15 16:00:00","11001001","12","2030/12/31 23:59:59","300","10300004","319"
"10","91002","2024/07/15 16:00:00","11001001","8","2030/12/31 23:59:59","300","10300005","319"
"60","0","2024/07/15 16:00:00","11003001","5","2030/12/31 23:59:59","300","10300006","319"
"58","20002","2024/07/15 16:00:00","11003001","2","2030/12/31 23:59:59","300","10300007","319"
"10","91002","2024/07/15 16:00:00","11003001","8","2030/12/31 23:59:59","300","10300008","319"
"30","0","2024/07/15 16:00:00","13002001","5","2030/12/31 23:59:59","300","10300009","319"
"30","0","2024/07/15 16:00:00","18004001","5","2030/12/31 23:59:59","300","10300010","319"
"45","0","2024/07/15 16:00:00","11004001","5","2030/12/31 23:59:59","300","10300014","319"
"58","20002","2024/07/15 16:00:00","11004001","2","2030/12/31 23:59:59","300","10300015","319"
"500","90007","2024/07/15 16:00:00","11004001","2","2030/12/31 23:59:59","300","10300016","319"
"55","0","2024/07/15 16:00:00","11005001","5","2030/12/31 23:59:59","300","10300017","319"
"170000","94002","2024/07/15 16:00:00","11005001","12","2030/12/31 23:59:59","300","10300018","319"
"500","90007","2024/07/15 16:00:00","11005001","2","2030/12/31 23:59:59","300","10300019","319"
"55","0","2024/07/15 16:00:00","14001001","5","2030/12/31 23:59:59","300","10300024","319"
"380000","94002","2024/07/15 16:00:00","14001001","12","2030/12/31 23:59:59","300","10300025","319"
"16","20003","2024/07/15 16:00:00","14001001","2","2030/12/31 23:59:59","300","10300026","319"
"70","0","2024/07/15 16:00:00","14003001","5","2030/12/31 23:59:59","300","10300027","319"
"630000","94002","2024/07/15 16:00:00","14003001","12","2030/12/31 23:59:59","300","10300028","319"
"4","22002","2024/07/15 16:00:00","14003001","2","2030/12/31 23:59:59","300","10300029","319"
"30","0","2024/07/15 16:00:00","11101001","5","2030/12/31 23:59:59","300","10300114","319"
"16","20003","2024/07/15 16:00:00","11101001","2","2030/12/31 23:59:59","300","10300115","319"
"45","0","2024/07/15 16:00:00","11001002","5","2030/12/31 23:59:59","300","10300121","319"
"160000","94002","2024/07/15 16:00:00","11001002","12","2030/12/31 23:59:59","300","10300122","319"
"6","23001","2024/07/15 16:00:00","11001002","2","2030/12/31 23:59:59","300","10300123","319"
"45","0","2025/02/15 16:00:00","11001001","5","2030/12/31 23:59:59","320","10320003","-1"
"170000","94002","2025/02/15 16:00:00","11001001","12","2030/12/31 23:59:59","320","10320004","-1"
"10","91002","2025/02/15 16:00:00","11001001","8","2030/12/31 23:59:59","320","10320005","-1"
"60","0","2025/02/15 16:00:00","11003001","5","2030/12/31 23:59:59","320","10320006","-1"
"62","20002","2025/02/15 16:00:00","11003001","2","2030/12/31 23:59:59","320","10320007","-1"
"10","91002","2025/02/15 16:00:00","11003001","8","2030/12/31 23:59:59","320","10320008","-1"
"30","0","2025/02/15 16:00:00","13002001","5","2030/12/31 23:59:59","320","10320009","-1"
"30","0","2025/02/15 16:00:00","18004001","5","2030/12/31 23:59:59","320","10320010","-1"
"45","0","2025/02/15 16:00:00","11004001","5","2030/12/31 23:59:59","320","10320014","-1"
"62","20002","2025/02/15 16:00:00","11004001","2","2030/12/31 23:59:59","320","10320015","-1"
"500","90007","2025/02/15 16:00:00","11004001","2","2030/12/31 23:59:59","320","10320016","-1"
"55","0","2025/02/15 16:00:00","11005001","5","2030/12/31 23:59:59","320","10320017","-1"
"180000","94002","2025/02/15 16:00:00","11005001","12","2030/12/31 23:59:59","320","10320018","-1"
"500","90007","2025/02/15 16:00:00","11005001","2","2030/12/31 23:59:59","320","10320019","-1"
"55","0","2025/02/15 16:00:00","14001001","5","2030/12/31 23:59:59","320","10320024","-1"
"400000","94002","2025/02/15 16:00:00","14001001","12","2030/12/31 23:59:59","320","10320025","-1"
"17","20003","2025/02/15 16:00:00","14001001","2","2030/12/31 23:59:59","320","10320026","-1"
"70","0","2025/02/15 16:00:00","14003001","5","2030/12/31 23:59:59","320","10320027","-1"
"660000","94002","2025/02/15 16:00:00","14003001","12","2030/12/31 23:59:59","320","10320028","-1"
"4","22002","2025/02/15 16:00:00","14003001","2","2030/12/31 23:59:59","320","10320029","-1"
"30","0","2025/02/15 16:00:00","11101001","5","2030/12/31 23:59:59","320","10320114","-1"
"17","20003","2025/02/15 16:00:00","11101001","2","2030/12/31 23:59:59","320","10320115","-1"
"45","0","2025/02/15 16:00:00","11001002","5","2030/12/31 23:59:59","320","10320121","-1"
"170000","94002","2025/02/15 16:00:00","11001002","12","2030/12/31 23:59:59","320","10320122","-1"
"6","23001","2025/02/15 16:00:00","11001002","2","2030/12/31 23:59:59","320","10320123","-1"
"50","91002","2018/01/01 05:00:00","11005002","8","2030/12/31 23:59:59","1","11005002","-1"
"50","91002","2018/01/01 05:00:00","11005003","8","2030/12/31 23:59:59","1","11005003","-1"
"100","25021","2024/11/15 16:00:00","11701001","2","2030/12/31 23:59:59","1","11701001","-1"
"50","90005","2024/06/14 16:00:00","18010001","2","2030/12/31 23:59:59","1","18010001","-1"
"1","21953","2025/02/15 16:00:00","21082001","2","2030/12/31 23:59:59","1","21082001","-1"
"1","21953","2025/02/15 16:00:00","21082002","2","2030/12/31 23:59:59","1","21082002","-1"
"100","90006","2021/05/27 05:00:00","25010001","2","2030/12/31 23:59:59","1","25010001","-1"
"500","90006","2021/05/27 05:00:00","25010002","2","2030/12/31 23:59:59","1","25010002","-1"
"1500","90006","2021/05/27 05:00:00","25010003","2","2030/12/31 23:59:59","1","25010003","-1"
"2500","90006","2021/05/27 05:00:00","25010004","2","2030/12/31 23:59:59","1","25010004","-1"
"500","90006","2020/12/26 05:00:00","25010011","2","2030/12/31 23:59:59","1","25010011","-1"
"2500","90006","2020/12/26 05:00:00","25010012","2","2030/12/31 23:59:59","1","25010012","-1"
"3500","90006","2020/12/26 05:00:00","25010013","2","2030/12/31 23:59:59","1","25010013","-1"