a2d1261fcc328be547cc0f4c94c65e779405bdefc41263a5b4bc7f39993fa387,a47ef0488b6a7fa130eaa6455bfaa255bb869a2f46a4818babc096c4759664d1,3082bca557151a752338f1ac22c6e901fd4e1fb51514f758ce88c5ac772fba9f,cf4d70449ab7504b6d78023b7044fe387a70766d6233e9c42f72befc351f04ed,5485a9259d5c054828e8929d3138415e4dc8e44bc349c563e00636f579ede8a8,f930f74d7b516cea89a82468c464ba608e1c7df42fde15574cb4881981aa4804,77b83d4b4578d840be4989d07d231c655679c1f095c428dcd605ce405d014db9,6d10186d4cd477c6eb789f872bf53ce62f9fb2880c3e44df7aeb1bc051cbb31b,180b5cbf61f69c2c918e3c36d4cb0f7a30335bff442736facda4c7a198efb5bc,8a04c4d0c8f4d5cc3da50682963c909a97214f526bc3543428d058a423873aeb,9cf0e35b1e8673e90f7a56b59547e3132098ef8c11054864e4e28780a7344dd3,f029aaf880e1e63be9e2cde8f446c192eb06b83c866f2f7f8e3e2774b2210edc,22216b194a0eb1ffb51102c94d7a198a8e43dd5a3d882cc11efc8eb53cb119db,b93eaa59e402f49ba388c1a70ac218a2cd5e8d8c08372325b5e52f6b3372f4c6,e186a5171957467a6853ab8d482fb87452e9558a754e0a5da515ed51bc543346,48b23705d3a95b39b14dc0d029f6923ab3f8187e2f3eb7a09cd881b02f725e21,d9022c46efa9d8f1eec305d1133759d6d7552c5722f6e47f6fcfc343fa0e03e4,5f6b55082558334568f31cfea218b4d604949a01f4371b81371dd5c63f7b5c4b,d985b90b38b8d9db1b1cdb653316e5e7e5daa5db63a3cbebe42278f04e2db460,aa2d13b55e23617ea71e363cef20102422910b06f476228ebb04ab9c1e7c3565,faa85493285a885dbd6537b6b2d29298d252981c7d4ea97c1055251a5150bec7,056881047dc469f5eec86fad6ff11274a067d2d069217aed27e118209a63deb0,9ae3d42759fb74857c05c2bef53e381bc402f72a72dedde6f460ba7fc403c887,e15e068fbefed297127b1e076d14113f12f91a3f12dc68dab84887cc37f69d87,d5cf31838998bb10634108c835f603e78861ee43a640f7ca50f26b539a3a781d,a31d1c9cb54d5fe780128a317d57ff45139dff468529bfbc7d0b0721b139611b,2003a320623d43e1ea856128ac750b9a544d14ae76cc3902d693ccd535d74505,a48c01ae6d127d255b7c6f53a07041564d9feb3e17d873aa1018cd8d005a9430,f72919681c2bd1d2cdc5772cf7386a42bf4f79c0d7578757847104f28ae163ef,afb16cfe7e7f82ca36cc66e0ff5c004acb5c15f0b2e4b34464bac53d0ef1f0ed,97136e39811d9c2efcba180fe3140b207ebda101f1983945d7e23682491f1730,beed6b5984186135c5993934cf1e82522a236767c5c6b87917a226d2cdc6fc27,b18d6275cefacbde6a30a43c2bbcc077868f16e2a16e3ebb60f58c09afac21d2,7c8f6bfcd5d41a74e56fb2d4184182ec5de1e983bfb19e414773e954622e05f7,5b5672b58abdc12ae4c407345352f79a9316dfa397122075e948bd3b639532b6,fecc110293e4f3fd29be287e67e82d65a9bccce84918e962238980139dc5ecd9,10be637c7c58a2bb7b560f6329f64ac13db4dcf715b6ba9f790f8ac7b8fe86ed,36262a0a228b49ca1a5458d78f72c33168be8215a9c19004d16dccd1ff94524c,5523f1aecdbc7ff857aaf92fe7e792014f8a05e705fe2ee215621b99ad48cecd,5bfba29837cc017a6965630e8fd15fc6e6a32664b8afe814c6ca14ec331c41ad,d4af8ad6594f81912241746ae6170d21b1c4842bdbb82e5d1186c2d58072d28e,10885f646bab7aac304c056d184fa6e631cf5f4607ced5720975271d309119a1,67bc90ab7a45750115c7a67cd38865259e020bd74bc4b6d5c75820c6c3a6e5a8,43cafa96280d75f96cc87efbeaa6eb8e8a472e2605831aab40d875ea788ab982,4721882455cbc7416fb7fc531b0ad9bdda51951312acb0d8e4911bf4876d2128,c03e0498700c4e880ee3b8dbe30557184545423a6aeb828e74425b6e871bdf58,03bf493f2aa8d86e0164c8fd094db6def6d64fd0e405f1c47fe0358cb5f6c377,06214248d5da780358f604aec05e0be55df528ab942429e993d02c1359c63847,b10ba17fd1b65514fbe4cac5cac1c7bd901a8e92a7dfded4450925db66d56f61,dbe959ddffc4cf837e161d3cd6af32328159820409a0d14d75c44fa80f8ae093,862d55c97e5e26af86de3371397c6de0ca38887040b27f0353c4c76091dc513a,b15cb91917de2c5dbeec43bb664c2952cda511e03a06f500c5388957660e3d9d,ce5ed4472d0bd359b5ad6223b6eac5d11f9fe01a13c48c0fb15946b90f623e50
"101010102","100050","110010011","0","0","6","0","0","0","101010104","96","6","bgm_M06","0","101010103","110010011","101581","211001000","0","110010013","100023","100022","0","-20","bgm_M06","-500","0","101281","0","bgm_M06","110010012","2030/12/31 14:59:59","101011","8","100021","0","0","0","2015/12/17 15:00:00","90","0","bgm_M06","11001001","11001","100022","0","0","0","bgm_M06","bgm_M06","0","朱諾平原 1-1","0"
"101010203","100010","110010021","0","0","8","0","0","0","101010202","120","8","bgm_M06","0","101010203","110010021","101551","211001000","0","110010023","100063","100062","0","30","bgm_M06","-330","0","101521","0","bgm_M06","110010022","2030/12/31 14:59:59","101251","8","100061","0","0","0","2015/12/17 15:00:00","90","0","bgm_M06","11001002","11001","100062","101010202","0","0","bgm_M06","bgm_M06","0","朱諾平原 1-2","0"
"101010303","100010","110010031","0","0","8","0","0","0","101010304","120","8","bgm_M06","0","101010303","110010031","101611","211001000","0","110010033","100069","100068","0","-100","bgm_M06","-220","0","101431","0","bgm_M06","110010032","2030/12/31 14:59:59","101161","8","100067","0","0","0","2015/12/17 15:00:00","90","0","bgm_M06","11001003","11001","100068","0","0","0","bgm_M06","bgm_M06","0","朱諾平原 1-3","0"
"101010402","100050","110010041","0","0","8","0","0","0","101010404","120","8","bgm_M06","0","101010403","110010041","101551","211001000","0","110010043","100113","100112","0","30","bgm_M06","-135","0","101371","0","bgm_M06","110010042","2030/12/31 14:59:59","101101","8","100111","0","0","0","2015/12/17 15:00:00","90","0","bgm_M06","11001004","11001","100112","0","0","0","bgm_M06","bgm_M06","0","朱諾平原 1-4","0"
"101010504","100010","110010051","0","0","8","0","0","0","101010503","120","8","bgm_M06","0","101010504","110010051","101011","211001000","0","110010053","100074","100073","0","-75","bgm_M06","-43","0","101521","0","bgm_M06","110010052","2030/12/31 14:59:59","101161","8","100072","0","0","0","2015/12/17 15:00:00","90","0","bgm_M06","11001005","11001","100073","101010505","0","0","bgm_M06","bgm_M06","0","朱諾平原 1-5","0"
"101010601","100050","110010061","0","0","8","0","0","0","101010606","120","8","bgm_M06","0","101010605","110010061","101401","211001000","0","110010063","100113","100112","0","-101","bgm_M06","100","0","101431","0","bgm_M06","110010062","2030/12/31 14:59:59","101071","8","100111","0","0","0","2015/12/17 15:00:00","90","0","bgm_M06","11001006","11001","100112","0","0","0","bgm_M06","bgm_M06","0","朱諾平原 1-6","0"
"101010705","100050","110010071","0","0","8","0","0","0","101010706","120","8","bgm_M06","0","101010705","110010071","101611","211001000","0","110010073","100113","100112","0","-48","bgm_M06","227","0","101251","0","bgm_M06","110010072","2030/12/31 14:59:59","101191","8","100111","0","0","0","2015/12/17 15:00:00","90","0","bgm_M06","11001007","11001","100112","101010704","0","0","bgm_M06","bgm_M06","0","朱諾平原 1-7","0"
"101010804","100010","110010081","0","0","8","0","0","0","101010805","120","8","bgm_M06","0","101010804","110010081","122311","211001000","0","110010083","100079","100078","0","70","bgm_M06","188","0","101281","0","bgm_M06","110010082","2030/12/31 14:59:59","101101","8","100077","0","0","0","2015/12/17 15:00:00","90","0","bgm_M06","11001008","11001","100078","0","0","0","bgm_M06","bgm_M06","0","朱諾平原 1-8","0"
"101010902","100020","110010091","0","0","8","0","0","0","101010906","120","8","bgm_M06","0","101010905","110010091","122371","211001000","0","110010093","100016","100015","0","25","bgm_M06","360","0","101551","0","bgm_M06","110010092","2030/12/31 14:59:59","101131","8","100014","0","0","0","2015/12/17 15:00:00","90","0","bgm_M06","11001009","11001","100015","101010904","0","0","bgm_M06","bgm_M06","0","朱諾平原 1-9","0"
"0","100020","110010101","9001106","0","8","0","0","0","101011001","120","8","bgm_M17_02","0","0","110010101","102611","211001000","0","110010103","100359","100358","0","-120","bgm_M17","455","0","101401","0","bgm_M17","110010102","2030/12/31 14:59:59","101011","8","100357","0","0","0","2015/12/17 15:00:00","90","0","bgm_M63","11001010","11001","100358","0","0","0","bgm_M17_02","bgm_M63","0","朱諾平原 1-10","9001105"
"101020106","100010","110020011","0","0","8","0","0","0","101020105","130","8","bgm_M06","0","101020101","110020011","101011","211001000","0","110020013","100033","100032","0","-200","bgm_M06","-470","0","101191","0","bgm_M06","110020012","2030/12/31 14:59:59","102011","8","100031","0","0","0","2015/12/17 15:00:00","90","0","bgm_M06","11002001","11002","100032","0","0","0","bgm_M06","bgm_M06","0","帕拉斯高原 2-1","0"
"101020206","100010","110020021","0","0","8","0","0","0","101020202","130","8","bgm_M06","0","101020205","110020021","101371","211001000","0","110020023","100033","100032","0","-200","bgm_M06","-300","0","101251","0","bgm_M06","110020022","2030/12/31 14:59:59","102251","8","100031","0","0","0","2015/12/17 15:00:00","90","0","bgm_M06","11002002","11002","100032","0","0","0","bgm_M06","bgm_M06","0","帕拉斯高原 2-2","0"
"101020304","100010","110020031","0","0","8","0","0","0","101020305","130","8","bgm_M06","0","101020304","110020031","101551","211001000","0","110020033","100036","100035","0","-160","bgm_M06","-130","0","101401","0","bgm_M06","110020032","2030/12/31 14:59:59","102162","8","100034","0","0","0","2015/12/17 15:00:00","90","0","bgm_M06","11002003","11002","100035","101020303","0","0","bgm_M06","bgm_M06","0","帕拉斯高原 2-3","0"
"101020405","100030","110020041","0","0","8","0","0","0","101020404","130","8","bgm_M06","0","101020404","110020041","101581","211001000","0","110020043","100093","100092","0","-10","bgm_M06","-200","0","101521","0","bgm_M06","110020042","2030/12/31 14:59:59","102221","8","100091","0","0","0","2015/12/17 15:00:00","90","0","bgm_M06","11002004","11002","100092","0","0","0","bgm_M06","bgm_M06","0","帕拉斯高原 2-4","0"
"101020501","100030","110020051","0","0","8","0","0","0","101020506","130","8","bgm_M06","0","101020502","110020051","101611","211001000","0","110020053","100093","100092","0","75","bgm_M06","-325","0","101281","0","bgm_M06","110020052","2030/12/31 14:59:59","102191","8","100091","0","0","0","2015/12/17 15:00:00","90","0","bgm_M06","11002005","11002","100092","0","0","0","bgm_M06","bgm_M06","0","帕拉斯高原 2-5","0"
"101020604","100030","110020061","0","0","8","0","0","0","101020603","130","8","bgm_M06","0","101020604","110020061","101581","211001000","0","110020063","100093","100092","0","130","bgm_M06","-170","0","101251","0","bgm_M06","110020062","2030/12/31 14:59:59","102071","8","100091","0","0","0","2015/12/17 15:00:00","90","0","bgm_M06","11002006","11002","100092","101020606","0","0","bgm_M06","bgm_M06","0","帕拉斯高原 2-6","0"
"101020706","100030","110020071","0","0","8","0","0","0","101020705","130","8","bgm_M06","0","101020704","110020071","101431","211001000","0","110020073","100093","100092","0","40","bgm_M06","-35","0","101071","0","bgm_M06","110020072","2030/12/31 14:59:59","122311","8","100091","0","0","0","2015/12/17 15:00:00","90","0","bgm_M06","11002007","11002","100092","0","0","0","bgm_M06","bgm_M06","0","帕拉斯高原 2-7","0"
"101020807","100050","110020081","0","0","8","0","0","0","101020805","130","8","bgm_M06","0","101020806","110020081","101611","211001000","0","110020083","100038","100037","25011","-75","bgm_M06","30","0","101131","0","bgm_M06","110020082","2030/12/31 14:59:59","102281","8","100036","0","0","0","2015/12/17 15:00:00","90","0","bgm_M06","11002008","11002","100037","101020807","0","0","bgm_M06","bgm_M06","0","帕拉斯高原 2-8","0"
"101020904","100030","110020091","0","0","8","0","0","0","101020901","130","8","bgm_M06","0","101020902","110020091","102611","211001000","0","110020093","100103","100102","25012","-150","bgm_M06","160","0","122371","0","bgm_M06","110020092","2030/12/31 14:59:59","122431","8","100101","0","0","0","2015/12/17 15:00:00","90","0","bgm_M06","11002009","11002","100102","101020905","-70","0","bgm_M06","bgm_M06","0","帕拉斯高原 2-9","0"
"101021002","100040","110020101","0","0","8","0","0","0","101021007","130","8","bgm_M06","0","101021003","110020101","102011","211001000","0","110020103","100043","100042","25013","-125","bgm_M06","320","0","102581","0","bgm_M06","110020102","2030/12/31 14:59:59","122341","8","100041","0","0","0","2015/12/17 15:00:00","90","0","bgm_M06","11002010","11002","100042","101021005","0","0","bgm_M06","bgm_M06","0","帕拉斯高原 2-10","0"
"101021103","100040","110020111","0","0","8","0","0","0","101021101","130","8","bgm_M06","0","101021102","110020111","102461","211001000","0","110020113","100043","100042","25014","-105","bgm_M06","485","0","102551","0","bgm_M06","110020112","2030/12/31 14:59:59","122493","8","100041","0","0","0","2015/12/17 15:00:00","90","0","bgm_M06","11002011","11002","100042","101021104","0","0","bgm_M06","bgm_M06","0","帕拉斯高原 2-11","0"
"0","100030","110020121","9002126","0","8","0","0","0","101021206","130","8","bgm_M17_02","0","0","110020121","102221","211001000","0","110020123","100373","100372","25015","40","bgm_M17","450","0","102612","0","bgm_M17","110020122","2030/12/31 14:59:59","122491","8","100371","0","0","0","2015/12/17 15:00:00","90","0","bgm_M63","11002012","11002","100372","0","0","0","bgm_M17_02","bgm_M63","0","帕拉斯高原 2-12","9002125"
"101030103","100120","110030011","0","0","8","0","0","0","101030102","140","8","bgm_M06","0","101030104","110030011","102071","211001000","0","110030013","100153","100152","0","100","bgm_M06","-455","0","102551","0","bgm_M06","110030012","2030/12/31 14:59:59","122493","8","100151","0","0","0","2015/12/17 15:00:00","90","0","bgm_M06","11003001","11003","100152","101030105","70","0","bgm_M06","bgm_M06","0","赫柏丘陵 3-1","0"
"101030205","100010","110030021","0","0","8","0","0","0","101030201","140","8","bgm_M06","0","101030203","110030021","102251","211001000","0","110030023","100063","100062","0","-65","bgm_M06","-380","0","102612","0","bgm_M06","110030022","2030/12/31 14:59:59","122491","8","100061","0","0","0","2015/12/17 15:00:00","90","0","bgm_M06","11003002","11003","100062","101030204","0","0","bgm_M06","bgm_M06","0","赫柏丘陵 3-2","0"
"101030308","100010","110030031","0","0","8","0","0","0","101030306","140","8","bgm_M06","0","101030307","110030031","102011","211001000","0","110030033","100066","100065","0","40","bgm_M06","-255","0","102252","0","bgm_M06","110030032","2030/12/31 14:59:59","102163","8","100064","0","0","0","2015/12/17 15:00:00","90","0","bgm_M06","11003003","11003","100065","101030305","0","0","bgm_M06","bgm_M06","0","赫柏丘陵 3-3","0"
"101030401","100050","110030041","0","0","8","0","0","0","101030402","140","8","bgm_M06","0","101030404","110030041","102191","211001000","0","110030043","100113","100112","0","38","bgm_M06","-90","0","102192","0","bgm_M06","110030042","2030/12/31 14:59:59","102222","8","100111","0","0","0","2015/12/17 15:00:00","90","0","bgm_M06","11003004","11003","100112","101030405","0","0","bgm_M06","bgm_M06","0","赫柏丘陵 3-4","0"
"101030502","100050","110030051","0","0","8","0","0","0","101030508","140","8","bgm_M06","0","101030501","110030051","102221","211001000","0","110030053","100113","100112","0","-105","bgm_M06","-130","0","102131","0","bgm_M06","110030052","2030/12/31 14:59:59","102013","8","100111","0","0","0","2015/12/17 15:00:00","90","0","bgm_M06","11003005","11003","100112","101030507","0","0","bgm_M06","bgm_M06","0","赫柏丘陵 3-5","0"
"101030601","100020","110030061","0","0","8","0","0","0","101030605","140","8","bgm_M06","0","101030601","110030061","122311","211001000","0","110030063","100243","100242","0","-205","bgm_M06","15","0","102101","0","bgm_M06","110030062","2030/12/31 14:59:59","102014","8","100241","0","0","0","2015/12/17 15:00:00","90","0","bgm_M06","11003006","11003","100242","101030606","0","0","bgm_M06","bgm_M06","0","赫柏丘陵 3-6","0"
"101030706","100020","110030071","0","0","8","0","0","0","101030701","140","8","bgm_M06","0","101030706","110030071","102162","211001000","0","110030073","100243","100242","0","-40","bgm_M06","75","0","122282","0","bgm_M06","110030072","2030/12/31 14:59:59","102041","8","100241","0","0","0","2015/12/17 15:00:00","90","0","bgm_M06","11003007","11003","100242","101030705","0","0","bgm_M06","bgm_M06","0","赫柏丘陵 3-7","0"
"101030809","100050","110030081","0","0","8","0","0","0","101030807","140","8","bgm_M06","0","101030808","110030081","122341","211001000","0","110030083","100036","100035","25011","90","bgm_M06","185","0","122342","0","bgm_M06","110030082","2030/12/31 14:59:59","122312","8","100034","0","0","0","2015/12/17 15:00:00","90","0","bgm_M06","11003008","11003","100035","101030810","0","0","bgm_M06","bgm_M06","0","赫柏丘陵 3-8","0"
"101030906","100050","110030091","0","0","8","0","0","0","101030905","140","8","bgm_M06","0","101030906","110030091","122371","211001000","0","110030093","100039","100038","25012","15","bgm_M06","340","0","122401","0","bgm_M06","110030092","2030/12/31 14:59:59","122372","8","100037","0","0","0","2015/12/17 15:00:00","90","0","bgm_M06","11003009","11003","100038","0","0","0","bgm_M06","bgm_M06","0","赫柏丘陵 3-9","0"
"101031006","100020","110030101","0","0","8","0","0","0","101031007","140","8","bgm_M06","0","101031004","110030101","102281","211001000","0","110030103","100023","100022","25013","-120","bgm_M06","260","0","122521","0","bgm_M06","110030102","2030/12/31 14:59:59","122432","8","100021","0","0","101031002","2015/12/17 15:00:00","90","0","bgm_M06","11003010","11003","100022","101031005","0","0","bgm_M06","bgm_M06","0","赫柏丘陵 3-10","0"
"101031101","100080","110030111","0","0","8","0","0","0","101031106","140","8","bgm_M06","0","101031107","110030111","122431","211001000","0","110030113","100393","100392","25014","-110","bgm_M06","460","0","102582","0","bgm_M06","110030112","2030/12/31 14:59:59","102552","8","100391","0","0","101031104","2015/12/17 15:00:00","90","0","bgm_M06","11003011","11003","100392","101031108","0","0","bgm_M06","bgm_M06","0","赫柏丘陵 3-11","0"
"0","100080","110030121","9003126","0","8","0","0","0","101031206","140","8","bgm_M17_02","0","0","110030121","102581","211001000","0","110030123","100393","100392","25015","60","bgm_M17","495","0","122613","0","bgm_M17","110030122","2030/12/31 14:59:59","122614","8","100391","0","0","0","2015/12/17 15:00:00","90","0","bgm_M63","11003012","11003","100392","0","0","0","bgm_M17_02","bgm_M63","0","赫柏丘陵 3-12","9003125"
"101040104","100100","110040011","0","0","9","0","0","0","101040106","150","9","bgm_M06","0","101040106","110040011","102131","211001000","0","110040013","100583","100582","0","25","bgm_M06","-660","0","102252","0","bgm_M06","110040012","2030/12/31 14:59:59","102101","9","100581","0","0","0","2015/12/17 15:00:00","90","0","bgm_M06","11004001","11004","100582","0","0","0","bgm_M06","bgm_M06","0","維斯塔溪谷 4-1","0"
"101040205","100100","110040021","0","0","9","0","0","0","101040201","150","9","bgm_M06","0","101040206","110040021","102222","211001000","0","110040023","100583","100582","0","-70","bgm_M06","-540","0","102192","0","bgm_M06","110040022","2030/12/31 14:59:59","102014","9","100581","0","0","0","2015/12/17 15:00:00","90","0","bgm_M06","11004002","11004","100582","101040204","0","0","bgm_M06","bgm_M06","0","維斯塔溪谷 4-2","0"
"101040306","100100","110040031","0","0","9","0","0","0","101040305","150","9","bgm_M06","0","101040306","110040031","102041","211001000","0","110040033","100583","100582","0","-10","bgm_M06","-395","0","102013","0","bgm_M06","110040032","2030/12/31 14:59:59","113071","9","100581","0","0","0","2015/12/17 15:00:00","90","0","bgm_M06","11004003","11004","100582","101040304","0","0","bgm_M06","bgm_M06","0","維斯塔溪谷 4-3","0"
"101040406","100100","110040041","0","0","9","0","0","0","101040407","150","9","bgm_M06","0","101040402","110040041","122282","211001000","0","110040043","100583","100582","0","30","bgm_M06","-240","0","102163","0","bgm_M06","110040042","2030/12/31 14:59:59","113011","9","100581","0","0","0","2015/12/17 15:00:00","90","0","bgm_M06","11004004","11004","100582","101040405","0","0","bgm_M06","bgm_M06","0","維斯塔溪谷 4-4","0"
"101040503","100110","110040051","0","0","9","0","0","0","101040505","150","9","bgm_M06","0","101040503","110040051","122521","211001000","0","110040053","100203","100202","0","-145","bgm_M06","-245","0","123251","0","bgm_M06","110040052","2030/12/31 14:59:59","123161","9","100201","0","0","101040507","2015/12/17 15:00:00","90","0","bgm_M06","11004005","11004","100202","101040502","0","0","bgm_M06","bgm_M06","0","維斯塔溪谷 4-5","0"
"101040607","100110","110040061","0","0","9","0","0","0","101040603","150","9","bgm_M06","0","101040603","110040061","122342","211001000","0","110040063","100203","100202","0","-115","bgm_M06","-75","0","113191","0","bgm_M06","110040062","2030/12/31 14:59:59","113221","9","100201","0","0","0","2015/12/17 15:00:00","90","0","bgm_M06","11004006","11004","100202","101040607","0","0","bgm_M06","bgm_M06","0","維斯塔溪谷 4-6","0"
"101040706","100070","110040071","0","0","9","0","0","0","101040707","150","9","bgm_M06","0","101040701","110040071","122312","211001000","0","110040073","100103","100102","0","40","bgm_M06","-40","0","102552","0","bgm_M06","110040072","2030/12/31 14:59:59","123281","9","100101","0","0","0","2015/12/17 15:00:00","90","0","bgm_M06","11004007","11004","100102","101040705","-70","0","bgm_M06","bgm_M06","0","維斯塔溪谷 4-7","0"
"101040807","100070","110040081","0","0","9","0","0","0","101040805","150","9","bgm_M06","0","101040806","110040081","122372","211001000","0","110040083","100103","100102","0","-20","bgm_M06","115","0","102582","0","bgm_M06","110040082","2030/12/31 14:59:59","123311","9","100101","0","0","0","2015/12/17 15:00:00","90","0","bgm_M06","11004008","11004","100102","101040808","-70","0","bgm_M06","bgm_M06","0","維斯塔溪谷 4-8","0"
"101040901","100100","110040091","0","0","9","0","0","0","101040907","150","9","bgm_M06","0","101040906","110040091","122401","211001000","0","110040093","100583","100582","25011","40","bgm_M06","275","0","122614","0","bgm_M06","110040092","2030/12/31 14:59:59","123341","9","100581","0","0","0","2015/12/17 15:00:00","90","0","bgm_M06","11004009","11004","100582","101040905","0","0","bgm_M06","bgm_M06","0","維斯塔溪谷 4-9","0"
"101041002","100010","110040101","0","0","9","0","0","0","101041005","150","9","bgm_M06","0","101041005","110040101","122432","211001000","0","110040103","100076","100075","25012","20","bgm_M06","440","0","113521","0","bgm_M06","110040102","2030/12/31 14:59:59","113431","9","100074","0","0","0","2015/12/17 15:00:00","90","0","bgm_M06","11004010","11004","100075","101041004","0","0","bgm_M06","bgm_M06","0","維斯塔溪谷 4-10","0"
"101041102","100010","110040111","0","0","9","0","0","0","101041106","150","9","bgm_M06","0","101041102","110040111","122613","211001000","0","110040113","100079","100078","25013","55","bgm_M06","615","0","113581","0","bgm_M06","110040112","2030/12/31 14:59:59","113551","9","100077","0","0","0","2015/12/17 15:00:00","90","0","bgm_M06","11004011","11004","100078","101041105","0","0","bgm_M06","bgm_M06","0","維斯塔溪谷 4-11","0"
"101041204","100110","110040121","0","0","9","0","0","0","101041205","150","9","bgm_M06","0","101041203","110040121","113011","211001000","0","110040123","100203","100202","25014","-95","bgm_M06","690","0","123612","0","bgm_M06","110040122","2030/12/31 14:59:59","113611","9","100201","0","0","101041201","2015/12/17 15:00:00","90","0","bgm_M06","11004012","11004","100202","101041201","0","0","bgm_M06","bgm_M06","0","維斯塔溪谷 4-12","0"
"0","100110","110040131","9004136","0","9","0","0","0","101041306","150","9","bgm_M17_02","0","0","110040131","113221","211001000","0","110040133","100463","100462","25015","-125","bgm_M17","520","0","113252","0","bgm_M17","110040132","2030/12/31 14:59:59","123192","9","100461","0","0","0","2015/12/17 15:00:00","90","0","bgm_M63","11004013","11004","100462","0","0","0","bgm_M17_02","bgm_M63","0","維斯塔溪谷 4-13","9004135"
"101050107","100050","110050011","0","0","9","0","0","0","101050105","165","9","bgm_M06","0","101050101","110050011","113071","211001000","0","110050013","100113","100112","0","85","bgm_M06","-775","0","113191","0","bgm_M06","110050012","2030/12/31 14:59:59","123161","9","100111","0","0","0","2015/12/17 15:00:00","90","0","bgm_M06","11005001","11005","100112","0","0","0","bgm_M06","bgm_M06","0","刻瑞斯森林 5-1","0"
"101050208","100050","110050021","0","0","9","0","0","0","101050206","165","9","bgm_M06","0","101050207","110050021","123341","211001000","0","110050023","100113","100112","0","95","bgm_M06","-625","0","113071","0","bgm_M06","110050022","2030/12/31 14:59:59","113221","9","100111","0","0","0","2015/12/17 15:00:00","90","0","bgm_M06","11005002","11005","100112","101050209","0","0","bgm_M06","bgm_M06","0","刻瑞斯森林 5-2","0"
"101050306","100050","110050031","0","0","9","0","0","0","101050302","165","9","bgm_M06","0","101050305","110050031","113521","211001000","0","110050033","100113","100112","0","40","bgm_M06","-475","0","123251","0","bgm_M06","110050032","2030/12/31 14:59:59","123192","9","100111","0","0","0","2015/12/17 15:00:00","90","0","bgm_M06","11005003","11005","100112","0","0","0","bgm_M06","bgm_M06","0","刻瑞斯森林 5-3","0"
"101050404","100020","110050041","0","0","9","0","0","0","101050405","165","9","bgm_M06","0","101050406","110050041","123311","211001000","0","110050043","100013","100012","0","40","bgm_M06","-290","0","113101","0","bgm_M06","110050042","2030/12/31 14:59:59","113012","9","100011","0","0","0","2015/12/17 15:00:00","90","0","bgm_M06","11005004","11005","100012","101050402","0","0","bgm_M06","bgm_M06","0","刻瑞斯森林 5-4","0"
"101050506","100020","110050051","0","0","9","0","0","0","101050507","165","9","bgm_M06","0","101050505","110050051","123281","211001000","0","110050053","100016","100015","0","-95","bgm_M06","-370","0","113252","0","bgm_M06","110050052","2030/12/31 14:59:59","113162","9","100014","0","0","0","2015/12/17 15:00:00","90","0","bgm_M06","11005005","11005","100015","101050506","0","0","bgm_M06","bgm_M06","0","刻瑞斯森林 5-5","0"
"101050601","100040","110050061","0","0","9","0","0","0","101050604","165","9","bgm_M06","0","101050604","110050061","113431","211001000","0","110050063","100038","100037","0","-195","bgm_M06","-500","0","113131","0","bgm_M06","110050062","2030/12/31 14:59:59","123041","9","100036","0","0","101050607","2015/12/17 15:00:00","90","0","bgm_M06","11005006","11005","100037","101050606","0","0","bgm_M06","bgm_M06","0","刻瑞斯森林 5-6","0"
"101050703","100020","110050071","0","0","9","0","0","0","101050708","165","9","bgm_M06","0","101050702","110050071","113581","211001000","0","110050073","100013","100012","0","-215","bgm_M06","-250","0","113522","0","bgm_M06","110050072","2030/12/31 14:59:59","113342","9","100011","0","0","0","2015/12/17 15:00:00","90","0","bgm_M06","11005007","11005","100012","101050709","0","0","bgm_M06","bgm_M06","0","刻瑞斯森林 5-7","0"
"101050808","100020","110050081","0","0","9","0","0","0","101050806","165","9","bgm_M06","0","101050807","110050081","113551","211001000","0","110050083","100016","100015","0","-175","bgm_M06","-55","0","123432","0","bgm_M06","110050082","2030/12/31 14:59:59","123371","9","100014","0","0","0","2015/12/17 15:00:00","90","0","bgm_M06","11005008","11005","100015","101050805","0","0","bgm_M06","bgm_M06","0","刻瑞斯森林 5-8","0"
"101050903","100020","110050091","0","0","9","0","0","0","101050902","165","9","bgm_M06","0","101050901","110050091","113611","211001000","0","110050093","100019","100018","25011","-55","bgm_M06","70","0","123461","0","bgm_M06","110050092","2030/12/31 14:59:59","123282","9","100017","0","0","0","2015/12/17 15:00:00","90","0","bgm_M06","11005009","11005","100018","101050904","-50","0","bgm_M06","bgm_M06","0","刻瑞斯森林 5-9","0"
"101051001","100040","110050101","0","0","9","0","0","0","101051006","165","9","bgm_M06","0","101051001","110050101","123612","211001000","0","110050103","100123","100122","25012","-145","bgm_M06","240","0","123491","0","bgm_M06","110050102","2030/12/31 14:59:59","113401","9","100121","0","0","101051007","2015/12/17 15:00:00","90","0","bgm_M06","11005010","11005","100122","101051007","-50","0","bgm_M06","bgm_M06","0","刻瑞斯森林 5-10","0"
"101051106","100040","110050111","0","0","9","0","0","0","101051101","165","9","bgm_M06","0","101051101","110050111","113101","211001000","0","110050113","100126","100125","25013","-10","bgm_M06","310","0","113162","0","bgm_M06","110050112","2030/12/31 14:59:59","113552","9","100124","0","0","101051105","2015/12/17 15:00:00","90","0","bgm_M06","11005011","11005","100125","101051105","-50","0","bgm_M06","bgm_M06","0","刻瑞斯森林 5-11","0"
"101051207","100040","110050121","0","0","9","0","0","0","101051202","165","9","bgm_M06","0","101051202","110050121","113131","211001000","0","110050123","100129","100128","25014","25","bgm_M06","475","0","113012","0","bgm_M06","110050122","2030/12/31 14:59:59","123582","9","100127","0","0","101051205","2015/12/17 15:00:00","90","0","bgm_M06","11005012","11005","100128","101051201","0","0","bgm_M06","bgm_M06","0","刻瑞斯森林 5-12","0"
"0","100080","110050131","9005136","0","9","0","0","0","101051309","165","9","bgm_M17_02","0","0","110050131","123041","211001000","0","110050133","100923","100922","25015","25","bgm_M17","670","0","113222","0","bgm_M17","110050132","2030/12/31 14:59:59","123072","9","100921","0","0","0","2015/12/17 15:00:00","90","0","bgm_M63","11005013","11005","100922","0","0","0","bgm_M17_02","bgm_M63","0","刻瑞斯森林 5-13","9005135"
"101060107","100040","110060011","0","0","9","0","0","0","101060104","180","9","bgm_M06","0","101060106","110060011","123282","211001000","0","110060013","100163","100162","0","-160","bgm_M06","-645","0","113131","0","bgm_M06","110060012","2030/12/31 14:59:59","113101","9","100161","0","0","0","2015/12/17 15:00:00","90","0","bgm_M06","11006001","11006","100162","101060108","0","0","bgm_M06","bgm_M06","0","佛洛拉湖畔 6-1","0"
"101060208","100040","110060021","0","0","9","0","0","0","101060204","180","9","bgm_M06","0","101060207","110060021","113342","211001000","0","110060023","100163","100162","0","-60","bgm_M06","-510","0","123192","0","bgm_M06","110060022","2030/12/31 14:59:59","113162","9","100161","0","0","0","2015/12/17 15:00:00","90","0","bgm_M06","11006002","11006","100162","101060205","0","0","bgm_M06","bgm_M06","0","佛洛拉湖畔 6-2","0"
"101060306","100040","110060031","0","0","9","0","0","0","101060305","180","9","bgm_M06","0","101060304","110060031","123612","211001000","0","110060033","100125","100124","0","0","bgm_M06","-360","0","113252","0","bgm_M06","110060032","2030/12/31 14:59:59","123193","9","100123","0","0","0","2015/12/17 15:00:00","90","0","bgm_M06","11006003","11006","100124","101060302","0","0","bgm_M06","bgm_M06","0","佛洛拉湖畔 6-3","0"
"101060405","100120","110060041","0","0","9","0","0","0","101060407","180","9","bgm_M06","0","101060408","110060041","123371","211001000","0","110060043","100083","100082","0","-185","bgm_M06","-390","0","113012","0","bgm_M06","110060042","2030/12/31 14:59:59","123132","9","100081","0","0","0","2015/12/17 15:00:00","90","0","bgm_M06","11006004","11006","100082","101060409","0","0","bgm_M06","bgm_M06","0","佛洛拉湖畔 6-4","0"
"101060504","100120","110060051","0","0","9","0","0","0","101060501","180","9","bgm_M06","0","101060508","110060051","113611","211001000","0","110060053","100083","100082","0","-95","bgm_M06","-200","0","123072","0","bgm_M06","110060052","2030/12/31 14:59:59","113013","9","100081","0","0","0","2015/12/17 15:00:00","90","0","bgm_M06","11006005","11006","100082","101060507","0","0","bgm_M06","bgm_M06","0","佛洛拉湖畔 6-5","0"
"101060601","100040","110060061","0","0","9","0","0","0","101060606","180","9","bgm_M06","0","101060606","110060061","113401","211001000","0","110060063","100163","100162","0","-165","bgm_M06","-55","0","113222","0","bgm_M06","110060062","2030/12/31 14:59:59","123042","9","100161","0","0","101060607","2015/12/17 15:00:00","90","0","bgm_M06","11006006","11006","100162","101060605","0","0","bgm_M06","bgm_M06","0","佛洛拉湖畔 6-6","0"
"101060704","100050","110060071","0","0","9","0","0","0","101060705","180","9","bgm_M06","0","101060704","110060071","113551","211001000","0","110060073","100113","100112","0","10","bgm_M06","-20","0","123041","0","bgm_M06","110060072","2030/12/31 14:59:59","113283","9","100111","0","0","0","2015/12/17 15:00:00","90","0","bgm_M06","11006007","11006","100112","101060703","0","0","bgm_M06","bgm_M06","0","佛洛拉湖畔 6-7","0"
"101060802","100050","110060081","0","0","9","0","0","0","101060804","180","9","bgm_M06","0","101060804","110060081","123432","211001000","0","110060083","100113","100112","0","40","bgm_M06","130","0","113522","0","bgm_M06","110060082","2030/12/31 14:59:59","123343","9","100111","0","0","0","2015/12/17 15:00:00","90","0","bgm_M06","11006008","11006","100112","101060809","0","0","bgm_M06","bgm_M06","0","佛洛拉湖畔 6-8","0"
"101060902","100040","110060091","0","0","9","0","0","0","101060905","180","9","bgm_M06","0","101060906","110060091","113581","211001000","0","110060093","100039","100038","0","-125","bgm_M06","180","0","113552","0","bgm_M06","110060092","2030/12/31 14:59:59","113372","9","100037","0","0","0","2015/12/17 15:00:00","90","0","bgm_M06","11006009","11006","100038","101060907","0","0","bgm_M06","bgm_M06","0","佛洛拉湖畔 6-9","0"
"101061006","100050","110060101","0","0","9","0","0","0","101061003","180","9","bgm_M06","0","101061006","110060101","123461","211001000","0","110060103","100033","100032","25011","-50","bgm_M06","325","0","123582","0","bgm_M06","110060102","2030/12/31 14:59:59","113553","9","100031","0","0","0","2015/12/17 15:00:00","90","0","bgm_M06","11006010","11006","100032","101061007","0","0","bgm_M06","bgm_M06","0","佛洛拉湖畔 6-10","0"
"101061106","100040","110060111","0","0","9","0","0","0","101061105","180","9","bgm_M06","0","101061103","110060111","123132","211001000","0","110060113","100036","100035","25012","40","bgm_M06","460","0","113013","0","bgm_M06","110060112","2030/12/31 14:59:59","113614","9","100034","0","0","0","2015/12/17 15:00:00","90","0","bgm_M06","11006011","11006","100035","101061104","0","0","bgm_M06","bgm_M06","0","佛洛拉湖畔 6-11","0"
"101061204","100070","110060121","0","0","9","0","0","0","101061206","180","9","bgm_M06","0","101061202","110060121","123491","211001000","0","110060123","100043","100042","25013","15","bgm_M06","650","0","123193","0","bgm_M06","110060122","2030/12/31 14:59:59","123583","9","100041","0","0","0","2015/12/17 15:00:00","90","0","bgm_M06","11006012","11006","100042","101061207","0","0","bgm_M06","bgm_M06","0","佛洛拉湖畔 6-12","0"
"101061302","100070","110060131","0","0","9","0","0","0","101061304","180","9","bgm_M06","0","101061301","110060131","123072","211001000","0","110060133","100043","100042","25014","-115","bgm_M06","545","0","123042","0","bgm_M06","110060132","2030/12/31 14:59:59","124131","9","100041","0","0","101061303","2015/12/17 15:00:00","90","0","bgm_M06","11006013","11006","100042","101061305","0","0","bgm_M06","bgm_M06","0","佛洛拉湖畔 6-13","0"
"0","100120","110060141","9006146","0","9","0","0","0","101061407","180","9","bgm_M17_02","0","0","110060141","113611","211001000","0","110060143","100703","100702","25015","-125","bgm_M17","740","0","124251","0","bgm_M17","110060142","2030/12/31 14:59:59","124101","9","100701","0","0","0","2015/12/17 15:00:00","90","0","bgm_M63","11006014","11006","100702","0","-30","0","bgm_M17_02","bgm_M63","0","佛洛拉湖畔 6-14","9006145"
"101070107","100010","110070011","0","0","10","0","0","0","101070106","190","10","bgm_M06","0","101070107","110070011","113401","211001000","0","110070013","100036","100035","0","90","bgm_M06","-455","0","123432","0","bgm_M06","110070012","2030/12/31 14:59:59","113222","10","100034","0","0","0","2015/12/17 15:00:00","90","0","bgm_M06","11007001","11007","100035","0","0","0","bgm_M06","bgm_M06","0","墨提斯大瀑布 7-1","0"
"101070203","100010","110070021","0","0","10","0","0","0","101070206","190","10","bgm_M06","0","101070203","110070021","123461","211001000","0","110070023","100039","100038","0","-30","bgm_M06","-350","0","123072","0","bgm_M06","110070022","2030/12/31 14:59:59","113013","10","100037","0","0","0","2015/12/17 15:00:00","90","0","bgm_M06","11007002","11007","100038","101070204","0","0","bgm_M06","bgm_M06","0","墨提斯大瀑布 7-2","0"
"101070308","100030","110070031","0","0","10","0","0","0","101070307","190","10","bgm_M06","0","101070303","110070031","123491","211001000","0","110070033","100093","100092","0","40","bgm_M06","-230","0","123132","0","bgm_M06","110070032","2030/12/31 14:59:59","124251","10","100091","0","0","101070309","2015/12/17 15:00:00","90","0","bgm_M06","11007003","11007","100092","101070305","0","0","bgm_M06","bgm_M06","0","墨提斯大瀑布 7-3","0"
"101070402","100030","110070041","0","0","10","0","0","0","101070401","190","10","bgm_M06","0","101070401","110070041","123193","211001000","0","110070043","100093","100092","0","-85","bgm_M06","-160","0","124131","0","bgm_M06","110070042","2030/12/31 14:59:59","114011","10","100091","0","0","0","2015/12/17 15:00:00","90","0","bgm_M06","11007004","11007","100092","101070406","0","0","bgm_M06","bgm_M06","0","墨提斯大瀑布 7-4","0"
"101070505","100040","110070051","0","0","10","0","0","0","101070504","190","10","bgm_M06","0","101070505","110070051","113522","211001000","0","110070053","100173","100172","0","-210","bgm_M06","-45","0","114191","0","bgm_M06","110070052","2030/12/31 14:59:59","124101","10","100171","0","0","0","2015/12/17 15:00:00","90","0","bgm_M06","11007005","11007","100172","101070502","0","0","bgm_M06","bgm_M06","0","墨提斯大瀑布 7-5","0"
"101070608","100070","110070061","0","0","10","0","0","0","101070602","190","10","bgm_M06","0","101070601","110070061","123042","211001000","0","110070063","100173","100172","0","-130","bgm_M06","90","0","124071","0","bgm_M06","110070062","2030/12/31 14:59:59","124161","10","100171","0","0","0","2015/12/17 15:00:00","90","0","bgm_M06","11007006","11007","100172","101070605","0","0","bgm_M06","bgm_M06","0","墨提斯大瀑布 7-6","0"
"101070704","100070","110070071","0","0","10","0","0","0","101070707","190","10","bgm_M06","0","101070704","110070071","113552","211001000","0","110070073","100043","100042","0","40","bgm_M06","5","0","114221","0","bgm_M06","110070072","2030/12/31 14:59:59","114041","10","100041","0","0","101070709","2015/12/17 15:00:00","90","0","bgm_M06","11007007","11007","100042","101070708","-30","0","bgm_M06","bgm_M06","0","墨提斯大瀑布 7-7","0"
"101070804","100010","110070081","0","0","10","0","0","0","101070801","190","10","bgm_M06","0","101070802","110070081","113283","211001000","0","110070083","100063","100062","0","35","bgm_M06","200","0","124251","0","bgm_M06","110070082","2030/12/31 14:59:59","114011","10","100061","0","0","0","2015/12/17 15:00:00","90","0","bgm_M06","11007008","11007","100062","0","0","0","bgm_M06","bgm_M06","0","墨提斯大瀑布 7-8","0"
"101070904","100050","110070091","0","0","10","0","0","0","101070906","190","10","bgm_M06","0","101070901","110070091","123583","211001000","0","110070093","100113","100112","0","-45","bgm_M06","320","0","124101","0","bgm_M06","110070092","2030/12/31 14:59:59","114281","10","100111","0","0","0","2015/12/17 15:00:00","90","0","bgm_M06","11007009","11007","100112","101070905","0","0","bgm_M06","bgm_M06","0","墨提斯大瀑布 7-9","0"
"101071007","100050","110070101","0","0","10","0","0","0","101071004","190","10","bgm_M06","0","101071001","110070101","123343","211001000","0","110070103","100039","100038","25011","-185","bgm_M06","365","0","124161","0","bgm_M06","110070102","2030/12/31 14:59:59","114221","10","100037","0","0","0","2015/12/17 15:00:00","90","0","bgm_M06","11007010","11007","100038","101071002","0","0","bgm_M06","bgm_M06","0","墨提斯大瀑布 7-10","0"
"101071101","100010","110070111","0","0","10","0","0","0","101071105","190","10","bgm_M06","0","101071105","110070111","113614","211001000","0","110070113","100113","100112","25012","-125","bgm_M06","510","0","114041","0","bgm_M06","110070112","2030/12/31 14:59:59","124311","10","100111","0","0","0","2015/12/17 15:00:00","90","0","bgm_M06","11007011","11007","100112","101071106","0","0","bgm_M06","bgm_M06","0","墨提斯大瀑布 7-11","0"
"101071204","100010","110070121","0","0","10","0","0","0","101071207","190","10","bgm_M06","0","101071204","110070121","113372","211001000","0","110070123","100123","100122","25013","-110","bgm_M06","690","0","124071","0","bgm_M06","110070122","2030/12/31 14:59:59","114341","10","100121","0","0","0","2015/12/17 15:00:00","90","0","bgm_M06","11007012","11007","100122","101071201","-50","0","bgm_M06","bgm_M06","0","墨提斯大瀑布 7-12","0"
"101071307","100040","110070131","0","0","10","0","0","0","101071304","190","10","bgm_M06","0","101071304","110070131","113553","211001000","0","110070133","100126","100125","25014","10","bgm_M06","505","0","114191","0","bgm_M06","110070132","2030/12/31 14:59:59","114371","10","100124","0","0","0","2015/12/17 15:00:00","90","0","bgm_M06","11007013","11007","100125","101071302","-50","0","bgm_M06","bgm_M06","0","墨提斯大瀑布 7-13","0"
"0","100120","110070141","9007146","0","10","0","0","0","101071408","190","10","bgm_M17_02","0","0","110070141","123582","211001000","0","110070143","100783","100782","25015","40","bgm_M17","665","0","124131","0","bgm_M17","110070142","2030/12/31 14:59:59","124401","10","100781","0","0","0","2015/12/17 15:00:00","90","0","bgm_M63","11007014","11007","100782","0","0","0","bgm_M17_02","bgm_M63","0","墨提斯大瀑布 7-14","9007145"
"101080102","100050","110080011","0","0","10","0","0","0","101080107","200","10","bgm_M06","0","101080105","110080011","113283","211001000","0","110080013","100113","100112","0","25","bgm_M06","-760","0","114011","0","bgm_M06","110080012","2030/12/31 14:59:59","114041","10","100111","0","0","0","2015/12/17 15:00:00","90","0","bgm_M06","11008001","11008","100112","101080108","0","0","bgm_M06","bgm_M06","0","伊麗絲樹海 8-1","0"
"101080207","100050","110080021","0","0","10","0","0","0","101080205","200","10","bgm_M06","0","101080203","110080021","113553","211001000","0","110080023","100243","100242","0","-140","bgm_M06","-710","0","124161","0","bgm_M06","110080022","2030/12/31 14:59:59","124131","10","100241","0","0","0","2015/12/17 15:00:00","90","0","bgm_M06","11008002","11008","100242","101080208","0","0","bgm_M06","bgm_M06","0","伊麗絲樹海 8-2","0"
"101080307","100010","110080031","0","0","10","0","0","0","101080306","200","10","bgm_M06","0","101080301","110080031","123343","211001000","0","110080033","100243","100242","0","-70","bgm_M06","-570","0","124071","0","bgm_M06","110080032","2030/12/31 14:59:59","124101","10","100241","0","0","0","2015/12/17 15:00:00","90","0","bgm_M06","11008003","11008","100242","101080303","0","0","bgm_M06","bgm_M06","0","伊麗絲樹海 8-3","0"
"101080408","100010","110080041","0","0","10","0","0","0","101080404","200","10","bgm_M06","0","101080401","110080041","123583","211001000","0","110080043","100113","100112","0","40","bgm_M06","-500","0","114221","0","bgm_M06","110080042","2030/12/31 14:59:59","114191","10","100111","0","0","101080406","2015/12/17 15:00:00","90","0","bgm_M06","11008004","11008","100112","101080403","0","0","bgm_M06","bgm_M06","0","伊麗絲樹海 8-4","0"
"101080504","100020","110080051","0","0","10","0","0","0","101080506","200","10","bgm_M06","0","101080505","110080051","113372","211001000","0","110080053","100013","100012","0","-85","bgm_M06","-410","0","114011","0","bgm_M06","110080052","2030/12/31 14:59:59","114281","10","100011","0","0","0","2015/12/17 15:00:00","90","0","bgm_M06","11008005","11008","100012","101080503","0","0","bgm_M06","bgm_M06","0","伊麗絲樹海 8-5","0"
"101080605","100020","110080061","0","0","10","0","0","0","101080601","200","10","bgm_M06","0","101080602","110080061","113614","211001000","0","110080063","100016","100015","0","5","bgm_M06","-290","0","114041","0","bgm_M06","110080062","2030/12/31 14:59:59","124311","10","100014","0","0","101080603","2015/12/17 15:00:00","90","0","bgm_M06","11008006","11008","100015","101080606","0","0","bgm_M06","bgm_M06","0","伊麗絲樹海 8-6","0"
"101080702","100040","110080071","0","0","10","0","0","0","101080703","200","10","bgm_M06","0","101080703","110080071","113553","211001000","0","110080073","100123","100122","0","-175","bgm_M06","-245","0","114221","0","bgm_M06","110080072","2030/12/31 14:59:59","114341","10","100121","0","0","101080705","2015/12/17 15:00:00","90","0","bgm_M06","11008007","11008","100122","101080702","-50","0","bgm_M06","bgm_M06","0","伊麗絲樹海 8-7","0"
"101080803","100040","110080081","0","0","10","0","0","0","101080806","200","10","bgm_M06","0","101080807","110080081","113372","211001000","0","110080083","100129","100128","0","-115","bgm_M06","-85","0","114191","0","bgm_M06","110080082","2030/12/31 14:59:59","124431","10","100127","0","0","101080809","2015/12/17 15:00:00","90","0","bgm_M06","11008008","11008","100128","101080808","-50","0","bgm_M06","bgm_M06","0","伊麗絲樹海 8-8","0"
"101080907","100060","110080091","0","0","10","0","0","0","101080905","200","10","bgm_M06","0","101080902","110080091","113283","211001000","0","110080093","100133","100132","0","-75","bgm_M06","90","0","124131","0","bgm_M06","110080092","2030/12/31 14:59:59","124521","10","100131","0","0","101080903","2015/12/17 15:00:00","90","0","bgm_M06","11008009","11008","100132","101080904","0","0","bgm_M06","bgm_M06","0","伊麗絲樹海 8-9","0"
"101081003","100060","110080101","0","0","10","0","0","0","101081005","200","10","bgm_M06","0","101081005","110080101","113553","211001000","0","110080103","100133","100132","0","-185","bgm_M06","215","0","114011","0","bgm_M06","110080102","2030/12/31 14:59:59","124401","10","100131","0","0","101081002","2015/12/17 15:00:00","90","0","bgm_M06","11008010","11008","100132","101081001","0","0","bgm_M06","bgm_M06","0","伊麗絲樹海 8-10","0"
"101081103","100060","110080111","0","0","10","0","0","0","101081104","200","10","bgm_M06","0","101081103","110080111","123343","211001000","0","110080113","100133","100132","25011","-100","bgm_M06","375","0","124101","0","bgm_M06","110080112","2030/12/31 14:59:59","114371","10","100131","0","0","0","2015/12/17 15:00:00","90","0","bgm_M06","11008011","11008","100132","101081102","0","0","bgm_M06","bgm_M06","0","伊麗絲樹海 8-11","0"
"101081201","100020","110080121","0","0","10","0","0","0","101081205","200","10","bgm_M06","0","101081206","110080121","113614","211001000","0","110080123","100023","100022","25012","-130","bgm_M06","545","0","124251","0","bgm_M06","110080122","2030/12/31 14:59:59","114341","10","100021","0","0","101081207","2015/12/17 15:00:00","90","0","bgm_M06","11008012","11008","100022","101081201","0","0","bgm_M06","bgm_M06","0","伊麗絲樹海 8-12","0"
"101081305","100020","110080131","0","0","10","0","0","0","101081302","200","10","bgm_M06","0","101081305","110080131","113553","211001000","0","110080133","100053","100052","25013","-70","bgm_M06","695","0","124071","0","bgm_M06","110080132","2030/12/31 14:59:59","124491","10","100051","0","0","101081301","2015/12/17 15:00:00","90","0","bgm_M06","11008013","11008","100052","101081307","0","0","bgm_M06","bgm_M06","0","伊麗絲樹海 8-13","0"
"101081401","100090","110080141","0","0","10","0","0","0","101081405","200","10","bgm_M06","0","101081405","110080141","123583","211001000","0","110080143","100453","100452","25014","15","bgm_M06","520","0","114221","0","bgm_M06","110080142","2030/12/31 14:59:59","114461","10","100451","0","0","101081402","2015/12/17 15:00:00","90","0","bgm_M06","11008014","11008","100452","101081407","0","0","bgm_M06","bgm_M06","0","伊麗絲樹海 8-14","0"
"0","100090","110080151","9008156","0","10","0","0","0","101081508","200","10","bgm_M17_02","0","0","110080151","113372","211001000","0","110080153","100453","100452","25015","40","bgm_M17","330","0","124161","0","bgm_M17","110080152","2030/12/31 14:59:59","114371","10","100451","0","0","0","2015/12/17 15:00:00","90","0","bgm_M63","11008015","11008","100452","0","0","0","bgm_M17_02","bgm_M63","0","伊麗絲樹海 8-15","9008155"
"101090105","100130","110090011","0","0","10","0","0","0","101090103","205","10","bgm_M06","0","101090101","110090011","114041","211001000","0","110090013","100223","100222","0","88","bgm_M06","-755","0","124071","0","bgm_M06","110090012","2030/12/31 14:59:59","124251","10","100221","0","0","0","2015/12/17 15:00:00","90","0","bgm_M06","11009001","11009","100222","101090106","-50","0","bgm_M06","bgm_M06","0","弗麗嘉雪原 9-1","0"
"101090201","100130","110090021","0","0","10","0","0","0","101090202","205","10","bgm_M06","0","101090202","110090021","124101","211001000","0","110090023","100223","100222","0","105","bgm_M06","-575","0","114221","0","bgm_M06","110090022","2030/12/31 14:59:59","114011","10","100221","0","0","0","2015/12/17 15:00:00","90","0","bgm_M06","11009002","11009","100222","101090204","-50","0","bgm_M06","bgm_M06","0","弗麗嘉雪原 9-2","0"
"101090303","100140","110090031","0","0","10","0","0","0","101090301","205","10","bgm_M06","0","101090301","110090031","124131","211001000","0","110090033","100943","100942","0","40","bgm_M06","-420","0","124161","0","bgm_M06","110090032","2030/12/31 14:59:59","114191","10","100941","0","0","0","2015/12/17 15:00:00","90","0","bgm_M06","11009003","11009","100942","101090307","0","0","bgm_M06","bgm_M06","0","弗麗嘉雪原 9-3","0"
"101090402","100130","110090041","0","0","10","0","0","0","101090401","205","10","bgm_M06","0","101090401","110090041","123583","211001000","0","110090043","100223","100222","0","-115","bgm_M06","-360","0","124311","0","bgm_M06","110090042","2030/12/31 14:59:59","114162","10","100221","0","0","101090407","2015/12/17 15:00:00","90","0","bgm_M06","11009004","11009","100222","101090406","-50","0","bgm_M06","bgm_M06","0","弗麗嘉雪原 9-4","0"
"101090503","100130","110090051","0","0","10","0","0","0","101090501","205","10","bgm_M06","0","101090503","110090051","124521","211001000","0","110090053","100223","100222","0","-205","bgm_M06","-210","0","114072","0","bgm_M06","110090052","2030/12/31 14:59:59","114012","10","100221","0","0","0","2015/12/17 15:00:00","90","0","bgm_M06","11009005","11009","100222","101090502","-50","0","bgm_M06","bgm_M06","0","弗麗嘉雪原 9-5","0"
"101090603","100140","110090061","0","0","10","0","0","0","101090601","205","10","bgm_M06","0","101090601","110090061","113553","211001000","0","110090063","100943","100942","0","-35","bgm_M06","-195","0","114102","0","bgm_M06","110090062","2030/12/31 14:59:59","124192","10","100941","0","0","101090604","2015/12/17 15:00:00","90","0","bgm_M06","11009006","11009","100942","101090604","0","0","bgm_M06","bgm_M06","0","弗麗嘉雪原 9-6","0"
"101090705","100130","110090071","0","0","10","0","0","0","101090703","205","10","bgm_M06","0","101090701","110090071","114281","211001000","0","110090073","100223","100222","0","38","bgm_M06","-50","0","114252","0","bgm_M06","110090072","2030/12/31 14:59:59","114132","10","100221","0","0","101090702","2015/12/17 15:00:00","90","0","bgm_M06","11009007","11009","100222","101090705","-50","0","bgm_M06","bgm_M06","0","弗麗嘉雪原 9-7","0"
"101090803","100140","110090081","0","0","10","0","0","0","101090801","205","10","bgm_M06","0","101090802","110090081","113614","211001000","0","110090083","100943","100942","0","4","bgm_M06","117","0","124042","0","bgm_M06","110090082","2030/12/31 14:59:59","114222","10","100941","0","0","0","2015/12/17 15:00:00","90","0","bgm_M06","11009008","11009","100942","101090804","0","0","bgm_M06","bgm_M06","0","弗麗嘉雪原 9-8","0"
"101090902","100140","110090091","0","0","10","0","0","0","101090905","205","10","bgm_M06","0","101090901","110090091","123343","211001000","0","110090093","100943","100942","0","-140","bgm_M06","20","0","114461","0","bgm_M06","110090092","2030/12/31 14:59:59","114072","10","100941","0","0","101090903","2015/12/17 15:00:00","90","0","bgm_M06","11009009","11009","100942","101090904","0","0","bgm_M06","bgm_M06","0","弗麗嘉雪原 9-9","0"
"101091004","100130","110090101","0","0","10","0","0","0","101091006","205","10","bgm_M06","0","101091001","110090101","123583","211001000","0","110090103","100223","100222","0","-195","bgm_M06","185","0","114132","0","bgm_M06","110090102","2030/12/31 14:59:59","114162","10","100221","0","0","101091003","2015/12/17 15:00:00","90","0","bgm_M06","11009010","11009","100222","101091004","-50","0","bgm_M06","bgm_M06","0","弗麗嘉雪原 9-10","0"
"101091102","100130","110090111","0","0","10","0","0","0","101091106","205","10","bgm_M06","0","101091107","110090111","113372","211001000","0","110090113","100223","100222","25011","-205","bgm_M06","370","0","124431","0","bgm_M06","110090112","2030/12/31 14:59:59","114012","10","100221","0","0","0","2015/12/17 15:00:00","90","0","bgm_M06","11009011","11009","100222","101091104","-50","0","bgm_M06","bgm_M06","0","弗麗嘉雪原 9-11","0"
"101091206","100080","110090121","0","0","10","0","0","0","101091201","205","10","bgm_M06","0","101091201","110090121","113553","211001000","0","110090123","100933","100932","25012","-30","bgm_M06","310","0","124192","0","bgm_M06","110090122","2030/12/31 14:59:59","114102","10","100931","0","0","101091203","2015/12/17 15:00:00","90","0","bgm_M06","11009012","11009","100932","101091203","-50","0","bgm_M06","bgm_M06","0","弗麗嘉雪原 9-12","0"
"101091307","100080","110090131","0","0","10","0","0","0","101091301","205","10","bgm_M06","0","101091305","110090131","113283","211001000","0","110090133","100933","100932","25013","35","bgm_M06","470","0","124491","0","bgm_M06","110090132","2030/12/31 14:59:59","114252","10","100931","0","0","0","2015/12/17 15:00:00","90","0","bgm_M06","11009013","11009","100932","101091304","-50","0","bgm_M06","bgm_M06","0","弗麗嘉雪原 9-13","0"
"101091406","100140","110090141","0","0","10","0","0","0","101091404","205","10","bgm_M06","0","101091401","110090141","113614","211001000","0","110090143","100943","100942","25014","-110","bgm_M06","555","0","114222","0","bgm_M06","110090142","2030/12/31 14:59:59","124042","10","100941","0","0","101091407","2015/12/17 15:00:00","90","0","bgm_M06","11009014","11009","100942","101091402","0","0","bgm_M06","bgm_M06","0","弗麗嘉雪原 9-14","0"
"0","100140","110090151","9009156","0","10","0","0","0","101091506","205","10","bgm_M17_02","0","0","110090151","124401","211001000","0","110090153","100953","100952","25015","-25","bgm_M17","710","0","114252","0","bgm_M17","110090152","2030/12/31 14:59:59","114012","10","100951","0","0","0","2015/12/17 15:00:00","90","0","bgm_M63","11009015","11009","100952","0","0","0","bgm_M17_02","bgm_M63","0","弗麗嘉雪原 9-15","9009155"
"101100106","100110","110100011","0","0","10","0","0","0","101100101","210","10","bgm_M06","0","101100105","110100011","124431","211001000","0","110100013","100203","100202","0","100","bgm_M06","-900","0","114012","0","bgm_M06","110100012","2030/12/31 14:59:59","124192","10","100201","0","0","0","2018/10/05 16:00:00","90","0","bgm_M06","11010001","11010","100202","101100108","0","0","bgm_M06","bgm_M06","0","洛麗泰海岸 10-1","0"
"101100201","100110","110100021","0","0","10","0","0","0","101100206","210","10","bgm_M06","0","101100201","110100021","114102","211001000","0","110100023","100203","100202","0","85","bgm_M06","-710","0","114162","0","bgm_M06","110100022","2030/12/31 14:59:59","114222","10","100201","0","0","0","2018/10/05 16:00:00","90","0","bgm_M06","11010002","11010","100202","101100204","0","0","bgm_M06","bgm_M06","0","洛麗泰海岸 10-2","0"
"101100307","100040","110100031","0","0","10","0","0","0","101100301","210","10","bgm_M06","0","101100304","110100031","124042","211001000","0","110100033","100123","100122","0","40","bgm_M06","-515","0","114132","0","bgm_M06","110100032","2030/12/31 14:59:59","114252","10","100121","0","0","0","2018/10/05 16:00:00","90","0","bgm_M06","11010003","11010","100122","0","0","0","bgm_M06","bgm_M06","0","洛麗泰海岸 10-3","0"
"101100405","100040","110100041","0","0","10","0","0","0","101100401","210","10","bgm_M06","0","101100404","110100041","114461","211001000","0","110100043","100126","100125","0","40","bgm_M06","-290","0","114072","0","bgm_M06","110100042","2030/12/31 14:59:59","124282","10","100124","0","0","101100406","2018/10/05 16:00:00","90","0","bgm_M06","11010004","11010","100125","101100405","0","0","bgm_M06","bgm_M06","0","洛麗泰海岸 10-4","0"
"101100507","100040","110100051","0","0","10","0","0","0","101100503","210","10","bgm_M06","0","101100501","110100051","124401","211001000","0","110100053","100143","100142","0","-90","bgm_M06","-400","0","124342","0","bgm_M06","110100052","2030/12/31 14:59:59","124372","10","100141","0","0","101100502","2018/10/05 16:00:00","90","0","bgm_M06","11010005","11010","100142","101100507","0","0","bgm_M06","bgm_M06","0","洛麗泰海岸 10-5","0"
"101100603","100110","110100061","0","0","10","0","0","0","101100606","210","10","bgm_M06","0","101100602","110100061","124521","211001000","0","110100063","100203","100202","0","-190","bgm_M06","-540","0","114611","0","bgm_M06","110100062","2030/12/31 14:59:59","124312","10","100201","0","0","0","2018/10/05 16:00:00","90","0","bgm_M06","11010006","11010","100202","101100605","0","0","bgm_M06","bgm_M06","0","洛麗泰海岸 10-6","0"
"101100701","100020","110100071","0","0","10","0","0","0","101100706","210","10","bgm_M06","0","101100704","110100071","124491","211001000","0","110100073","100129","100128","0","-220","bgm_M06","-300","0","114581","0","bgm_M06","110100072","2030/12/31 14:59:59","124522","10","100127","0","0","101100708","2018/10/05 16:00:00","90","0","bgm_M06","11010007","11010","100128","101100707","0","0","bgm_M06","bgm_M06","0","洛麗泰海岸 10-7","0"
"101100806","100020","110100081","0","0","10","0","0","0","101100801","210","10","bgm_M06","0","101100804","110100081","114012","211001000","0","110100083","100143","100142","0","-120","bgm_M06","-170","0","114551","0","bgm_M06","110100082","2030/12/31 14:59:59","124432","10","100141","0","0","0","2018/10/05 16:00:00","90","0","bgm_M06","11010008","11010","100142","0","0","0","bgm_M06","bgm_M06","0","洛麗泰海岸 10-8","0"
"101100906","100080","110100091","0","0","10","0","0","0","101100907","210","10","bgm_M06","0","101100902","110100091","114252","211001000","0","110100093","100053","100052","0","-10","bgm_M06","-50","0","114581","0","bgm_M06","110100092","2030/12/31 14:59:59","124342","10","100051","0","0","0","2018/10/05 16:00:00","90","0","bgm_M06","11010009","11010","100052","101100908","0","0","bgm_M06","bgm_M06","0","洛麗泰海岸 10-9","0"
"101101008","100040","110100101","0","0","10","0","0","0","101101006","210","10","bgm_M06","0","101101007","110100101","114222","211001000","0","110100103","100039","100038","0","30","bgm_M06","145","0","114611","0","bgm_M06","110100102","2030/12/31 14:59:59","124372","10","100037","0","0","0","2018/10/05 16:00:00","90","0","bgm_M06","11010010","11010","100038","101101009","0","0","bgm_M06","bgm_M06","0","洛麗泰海岸 10-10","0"
"101101104","100080","110100111","0","0","10","0","0","0","101101106","210","10","bgm_M06","0","101101107","110100111","114162","211001000","0","110100113","100053","100052","0","-160","bgm_M06","35","0","114551","0","bgm_M06","110100112","2030/12/31 14:59:59","124312","10","100051","0","0","0","2018/10/05 16:00:00","90","0","bgm_M06","11010011","11010","100052","101101104","0","0","bgm_M06","bgm_M06","0","洛麗泰海岸 10-11","0"
"101101208","100020","110100121","0","0","10","0","0","0","101101201","210","10","bgm_M06","0","101101207","110100121","124192","211001000","0","110100123","100143","100142","0","-210","bgm_M06","240","0","114581","0","bgm_M06","110100122","2030/12/31 14:59:59","124342","10","100141","0","0","0","2018/10/05 16:00:00","90","0","bgm_M06","11010012","11010","100142","101101204","0","0","bgm_M06","bgm_M06","0","洛麗泰海岸 10-12","0"
"101101302","100100","110100131","0","0","10","0","0","0","101101307","210","10","bgm_M06","0","101101308","110100131","114132","211001000","0","110100133","100583","100582","25011","-30","bgm_M06","300","0","114551","0","bgm_M06","110100132","2030/12/31 14:59:59","124522","10","100581","0","0","0","2018/10/05 16:00:00","90","0","bgm_M06","11010013","11010","100582","101101305","0","0","bgm_M06","bgm_M06","0","洛麗泰海岸 10-13","0"
"101101403","100110","110100141","0","0","10","0","0","0","101101401","210","10","bgm_M06","0","101101403","110100141","114072","211001000","0","110100143","100203","100202","25012","-115","bgm_M06","450","0","114611","0","bgm_M06","110100142","2030/12/31 14:59:59","124432","10","100201","0","0","0","2018/10/05 16:00:00","90","0","bgm_M06","11010014","11010","100202","101101405","0","0","bgm_M06","bgm_M06","0","洛麗泰海岸 10-14","0"
"101101502","100110","110100151","0","0","10","0","0","0","101101507","210","10","bgm_M06","0","101101501","110100151","114102","211001000","0","110100153","100203","100202","25013","-125","bgm_M06","620","0","114551","0","bgm_M06","110100152","2030/12/31 14:59:59","124282","10","100201","0","0","0","2018/10/05 16:00:00","90","0","bgm_M06","11010015","11010","100202","101101504","0","0","bgm_M06","bgm_M06","0","洛麗泰海岸 10-15","0"
"101101602","100110","110100161","0","0","10","0","0","0","101101604","210","10","bgm_M06","0","101101602","110100161","114581","211001000","0","110100163","100203","100202","25014","-60","bgm_M06","750","0","124432","0","bgm_M06","110100162","2030/12/31 14:59:59","124342","10","100201","0","0","101101601","2018/10/05 16:00:00","90","0","bgm_M06","11010016","11010","100202","101101605","0","0","bgm_M06","bgm_M06","0","洛麗泰海岸 10-16","0"
"0","100110","110100171","9010156","0","10","0","0","0","101101704","210","10","bgm_M17_02","0","0","110100171","114551","211001000","0","110100173","100463","100462","25015","-25","bgm_M17","900","0","124282","0","bgm_M17","110100172","2030/12/31 14:59:59","124312","10","100461","0","0","0","2018/10/05 16:00:00","90","0","bgm_M63","11010017","11010","100462","0","0","0","bgm_M17_02","bgm_M63","0","洛麗泰海岸 10-17","9010155"
"101110101","100110","110110011","0","0","10","0","0","0","101110102","215","10","bgm_M06","0","101110101","110110011","114551","211001000","0","110110013","101053","101052","0","-70","bgm_M06","-850","0","124312","0","bgm_M06","110110012","2030/12/31 14:59:59","124282","10","101051","0","0","0","2018/11/07 16:00:00","90","0","bgm_M06","11011001","11011","101052","101110104","0","0","bgm_M06","bgm_M06","0","蓋奴亞荒漠 11-1","0"
"101110205","100110","110110021","0","0","10","0","0","0","101110201","215","10","bgm_M06","0","101110202","110110021","114611","211001000","0","110110023","101053","101052","0","-185","bgm_M06","-740","0","124522","0","bgm_M06","110110022","2030/12/31 14:59:59","124372","10","101051","0","0","0","2018/11/07 16:00:00","90","0","bgm_M06","11011002","11011","101052","101110203","0","0","bgm_M06","bgm_M06","0","蓋奴亞荒漠 11-2","0"
"101110306","100150","110110031","0","0","10","0","0","0","101110301","215","10","bgm_M06","0","101110302","110110031","114581","211001000","0","110110033","100213","100212","0","-20","bgm_M06","-675","0","124432","0","bgm_M06","110110032","2030/12/31 14:59:59","124342","10","100211","0","0","0","2018/11/07 16:00:00","90","0","bgm_M06","11011003","11011","100212","101110305","0","0","bgm_M06","bgm_M06","0","蓋奴亞荒漠 11-3","0"
"101110401","100030","110110041","0","0","10","0","0","0","101110407","215","10","bgm_M06","0","101110405","110110041","124522","211001000","0","110110043","101083","101082","0","40","bgm_M06","-500","0","124312","0","bgm_M06","110110042","2030/12/31 14:59:59","114073","10","101081","0","0","0","2018/11/07 16:00:00","90","0","bgm_M06","11011004","11011","101082","101110404","0","0","bgm_M06","bgm_M06","0","蓋奴亞荒漠 11-4","0"
"101110505","100030","110110051","0","0","10","0","0","0","101110503","215","10","bgm_M06","0","101110503","110110051","124282","211001000","0","110110053","101083","101082","0","40","bgm_M06","-320","0","124253","0","bgm_M06","110110052","2030/12/31 14:59:59","124163","10","101081","0","0","0","2018/11/07 16:00:00","90","0","bgm_M06","11011005","11011","101082","101110502","0","0","bgm_M06","bgm_M06","0","蓋奴亞荒漠 11-5","0"
"101110602","100150","110110061","0","0","10","0","0","0","101110606","215","10","bgm_M06","0","101110605","110110061","124372","211001000","0","110110063","100213","100212","0","-90","bgm_M06","-400","0","114193","0","bgm_M06","110110062","2030/12/31 14:59:59","114013","10","100211","0","0","0","2018/11/07 16:00:00","90","0","bgm_M06","11011006","11011","100212","101110604","0","0","bgm_M06","bgm_M06","0","蓋奴亞荒漠 11-6","0"
"101110702","100150","110110071","0","0","10","0","0","0","101110701","215","10","bgm_M06","0","101110704","110110071","114551","211001000","0","110110073","100213","100212","0","-220","bgm_M06","-530","0","124103","0","bgm_M06","110110072","2030/12/31 14:59:59","114223","10","100211","0","0","0","2018/11/07 16:00:00","90","0","bgm_M06","11011007","11011","100212","101110703","0","0","bgm_M06","bgm_M06","0","蓋奴亞荒漠 11-7","0"
"101110805","100150","110110081","0","0","10","0","0","0","101110801","215","10","bgm_M06","0","101110801","110110081","124342","211001000","0","110110083","100213","100212","0","-200","bgm_M06","-270","0","114043","0","bgm_M06","110110082","2030/12/31 14:59:59","114133","10","100211","0","0","0","2018/11/07 16:00:00","90","0","bgm_M06","11011008","11011","100212","101110804","0","0","bgm_M06","bgm_M06","0","蓋奴亞荒漠 11-8","0"
"101110905","100080","110110091","0","0","10","0","0","0","101110904","215","10","bgm_M06","0","101110901","110110091","114611","211001000","0","110110093","100923","100922","0","-60","bgm_M06","-200","0","124282","0","bgm_M06","110110092","2030/12/31 14:59:59","114073","10","100921","0","0","0","2018/11/07 16:00:00","90","0","bgm_M06","11011009","11011","100922","101110903","0","0","bgm_M06","bgm_M06","0","蓋奴亞荒漠 11-9","0"
"101111007","100080","110110101","0","0","10","0","0","0","101111004","215","10","bgm_M06","0","101111004","110110101","124432","211001000","0","110110103","100923","100922","0","30","bgm_M06","-70","0","124522","0","bgm_M06","110110102","2030/12/31 14:59:59","124163","10","100921","0","0","101111005","2018/11/07 16:00:00","90","0","bgm_M06","11011010","11011","100922","101111006","0","0","bgm_M06","bgm_M06","0","蓋奴亞荒漠 11-10","0"
"101111105","100030","110110111","0","0","10","0","0","0","101111107","215","10","bgm_M06","0","101111108","110110111","114581","211001000","0","110110113","101083","101082","0","40","bgm_M06","125","0","124372","0","bgm_M06","110110112","2030/12/31 14:59:59","124253","10","101081","0","0","101111104","2018/11/07 16:00:00","90","0","bgm_M06","11011011","11011","101082","101111109","0","0","bgm_M06","bgm_M06","0","蓋奴亞荒漠 11-11","0"
"101111205","100150","110110121","0","0","10","0","0","0","101111204","215","10","bgm_M06","0","101111201","110110121","124282","211001000","0","110110123","100213","100212","0","-130","bgm_M06","30","0","114551","0","bgm_M06","110110122","2030/12/31 14:59:59","114013","10","100211","0","0","101111207","2018/11/07 16:00:00","90","0","bgm_M06","11011012","11011","100212","101111203","0","0","bgm_M06","bgm_M06","0","蓋奴亞荒漠 11-12","0"
"101111304","100150","110110131","0","0","10","0","0","0","101111305","215","10","bgm_M06","0","101111301","110110131","124522","211001000","0","110110133","100213","100212","25011","-215","bgm_M06","190","0","124432","0","bgm_M06","110110132","2030/12/31 14:59:59","114193","10","100211","0","0","0","2018/11/07 16:00:00","90","0","bgm_M06","11011013","11011","100212","101111302","0","0","bgm_M06","bgm_M06","0","蓋奴亞荒漠 11-13","0"
"101111401","100110","110110141","0","0","10","0","0","0","101111405","215","10","bgm_M06","0","101111401","110110141","124312","211001000","0","110110143","101053","101052","25012","-50","bgm_M06","320","0","114611","0","bgm_M06","110110142","2030/12/31 14:59:59","114223","10","101051","0","0","101111403","2018/11/07 16:00:00","90","0","bgm_M06","11011014","11011","101052","101111404","0","0","bgm_M06","bgm_M06","0","蓋奴亞荒漠 11-14","0"
"101111506","100110","110110151","0","0","10","0","0","0","101111505","215","10","bgm_M06","0","101111504","110110151","114551","211001000","0","110110153","101053","101052","25013","-220","bgm_M06","385","0","124342","0","bgm_M06","110110152","2030/12/31 14:59:59","124103","10","101051","0","0","0","2018/11/07 16:00:00","90","0","bgm_M06","11011015","11011","101052","101111507","0","0","bgm_M06","bgm_M06","0","蓋奴亞荒漠 11-15","0"
"101111606","100150","110110161","0","0","10","0","0","0","101111604","215","10","bgm_M06","0","101111601","110110161","124372","211001000","0","110110163","100213","100212","25014","-80","bgm_M06","490","0","114581","0","bgm_M06","110110162","2030/12/31 14:59:59","114133","10","100211","0","0","101111603","2018/11/07 16:00:00","90","0","bgm_M06","11011016","11011","100212","101111605","0","0","bgm_M06","bgm_M06","0","蓋奴亞荒漠 11-16","0"
"0","100150","110110171","9011176","0","10","0","0","0","101111707","215","10","bgm_M17_02","0","0","110110171","124342","211001000","0","110110173","100653","100652","25015","-130","bgm_M17","630","0","114611","0","bgm_M17","110110172","2030/12/31 14:59:59","114043","10","100651","0","0","0","2018/11/07 16:00:00","90","0","bgm_M63","11011017","11011","100652","0","0","0","bgm_M17_02","bgm_M63","0","蓋奴亞荒漠 11-17","9011175"
"101120104","100110","110120011","0","0","10","0","0","0","101120103","215","10","bgm_M06","0","101120101","110120011","124282","211001000","0","110120013","100463","100462","0","90","bgm_M06","-790","0","114013","0","bgm_M06","110120012","2030/12/31 14:59:59","114193","10","100461","0","0","0","2018/12/07 16:00:00","90","0","bgm_M06","11012001","11012","100462","101120102","0","0","bgm_M06","bgm_M06","0","波諾尼亞砂丘 12-1","0"
"101120203","100110","110120021","0","0","10","0","0","0","101120201","215","10","bgm_M06","0","101120202","110120021","124312","211001000","0","110120023","100463","100462","0","-55","bgm_M06","-830","0","124163","0","bgm_M06","110120022","2030/12/31 14:59:59","114223","10","100461","0","0","0","2018/12/07 16:00:00","90","0","bgm_M06","11012002","11012","100462","101120205","0","0","bgm_M06","bgm_M06","0","波諾尼亞砂丘 12-2","0"
"101120305","100110","110120031","0","0","10","0","0","0","101120306","215","10","bgm_M06","0","101120301","110120031","124342","211001000","0","110120033","100463","100462","0","-160","bgm_M06","-680","0","114133","0","bgm_M06","110120032","2030/12/31 14:59:59","124253","10","100461","0","0","0","2018/12/07 16:00:00","90","0","bgm_M06","11012003","11012","100462","101120303","0","0","bgm_M06","bgm_M06","0","波諾尼亞砂丘 12-3","0"
"101120405","100150","110120041","0","0","10","0","0","0","101120404","215","10","bgm_M06","0","101120401","110120041","124432","211001000","0","110120043","101083","101082","0","-10","bgm_M06","-620","0","114073","0","bgm_M06","110120042","2030/12/31 14:59:59","124313","10","101081","0","0","0","2018/12/07 16:00:00","90","0","bgm_M06","11012004","11012","101082","101120403","0","0","bgm_M06","bgm_M06","0","波諾尼亞砂丘 12-4","0"
"101120503","100150","110120051","0","0","10","0","0","0","101120501","215","10","bgm_M06","0","101120502","110120051","114551","211001000","0","110120053","101113","101112","0","30","bgm_M06","-450","0","124343","0","bgm_M06","110120052","2030/12/31 14:59:59","124462","10","101111","0","0","0","2018/12/07 16:00:00","90","0","bgm_M06","11012005","11012","101112","101120506","0","0","bgm_M06","bgm_M06","0","波諾尼亞砂丘 12-5","0"
"101120602","100150","110120061","0","0","10","0","0","0","101120606","215","10","bgm_M06","0","101120601","110120061","114581","211001000","0","110120063","101113","101112","0","40","bgm_M06","-270","0","124402","0","bgm_M06","110120062","2030/12/31 14:59:59","124283","10","101111","0","0","0","2018/12/07 16:00:00","90","0","bgm_M06","11012006","11012","101112","101120605","0","0","bgm_M06","bgm_M06","0","波諾尼亞砂丘 12-6","0"
"101120707","100150","110120071","0","0","10","0","0","0","101120706","215","10","bgm_M06","0","101120701","110120071","114611","211001000","0","110120073","101083","101082","0","-120","bgm_M06","-440","0","124313","0","bgm_M06","110120072","2030/12/31 14:59:59","124523","10","101081","0","0","0","2018/12/07 16:00:00","90","0","bgm_M06","11012007","11012","101082","101120708","0","0","bgm_M06","bgm_M06","0","波諾尼亞砂丘 12-7","0"
"101120803","100150","110120081","0","0","10","0","0","0","101120801","215","10","bgm_M06","0","101120801","110120081","124103","211001000","0","110120083","101053","101052","0","-220","bgm_M06","-300","0","124462","0","bgm_M06","110120082","2030/12/31 14:59:59","124402","10","101051","0","0","0","2018/12/07 16:00:00","90","0","bgm_M06","11012008","11012","101052","101120807","0","0","bgm_M06","bgm_M06","0","波諾尼亞砂丘 12-8","0"
"101120902","100150","110120091","0","0","10","0","0","0","101120904","215","10","bgm_M06","0","101120901","110120091","114043","211001000","0","110120093","101053","101052","0","-140","bgm_M06","-140","0","124523","0","bgm_M06","110120092","2030/12/31 14:59:59","124343","10","101051","0","0","0","2018/12/07 16:00:00","90","0","bgm_M06","11012009","11012","101052","101120906","0","0","bgm_M06","bgm_M06","0","波諾尼亞砂丘 12-9","0"
"101121002","100030","110120101","0","0","10","0","0","0","101121001","215","10","bgm_M06","0","101121001","110120101","114013","211001000","0","110120103","101083","101082","0","10","bgm_M06","-70","0","114612","0","bgm_M06","110120102","2030/12/31 14:59:59","124462","10","101081","0","0","101121004","2018/12/07 16:00:00","90","0","bgm_M06","11012010","11012","101082","101121003","0","0","bgm_M06","bgm_M06","0","波諾尼亞砂丘 12-10","0"
"101121106","100030","110120111","0","0","10","0","0","0","101121107","215","10","bgm_M06","0","101121102","110120111","124253","211001000","0","110120113","101083","101082","0","40","bgm_M06","110","0","114552","0","bgm_M06","110120112","2030/12/31 14:59:59","124283","10","101081","0","0","101121104","2018/12/07 16:00:00","90","0","bgm_M06","11012011","11012","101082","101121108","0","0","bgm_M06","bgm_M06","0","波諾尼亞砂丘 12-11","0"
"101121202","100100","110120121","0","0","10","0","0","0","101121201","215","10","bgm_M06","0","101121205","110120121","114223","211001000","0","110120123","100583","100582","0","-120","bgm_M06","130","0","114582","0","bgm_M06","110120122","2030/12/31 14:59:59","124343","10","100581","0","0","101121207","2018/12/07 16:00:00","90","0","bgm_M06","11012012","11012","100582","101121204","0","0","bgm_M06","bgm_M06","0","波諾尼亞砂丘 12-12","0"
"101121303","100100","110120131","0","0","10","0","0","0","101121307","215","10","bgm_M06","0","101121308","110120131","124163","211001000","0","110120133","100583","100582","25011","-200","bgm_M06","290","0","114552","0","bgm_M06","110120132","2030/12/31 14:59:59","124523","10","100581","0","0","0","2018/12/07 16:00:00","90","0","bgm_M06","11012013","11012","100582","101121309","0","0","bgm_M06","bgm_M06","0","波諾尼亞砂丘 12-13","0"
"101121402","100080","110120141","0","0","10","0","0","0","101121405","215","10","bgm_M06","0","101121405","110120141","114193","211001000","0","110120143","100933","100932","25012","-165","bgm_M06","470","0","114612","0","bgm_M06","110120142","2030/12/31 14:59:59","124402","10","100931","0","0","101121406","2018/12/07 16:00:00","90","0","bgm_M06","11012014","11012","100932","101121403","0","0","bgm_M06","bgm_M06","0","波諾尼亞砂丘 12-14","0"
"101121503","100080","110120151","0","0","10","0","0","0","101121507","215","10","bgm_M06","0","101121508","110120151","114133","211001000","0","110120153","100933","100932","25013","0","bgm_M06","360","0","114552","0","bgm_M06","110120152","2030/12/31 14:59:59","124313","10","100931","0","0","0","2018/12/07 16:00:00","90","0","bgm_M06","11012015","11012","100932","101121504","0","0","bgm_M06","bgm_M06","0","波諾尼亞砂丘 12-15","0"
"101121602","100150","110120161","0","0","10","0","0","0","101121606","215","10","bgm_M06","0","101121601","110120161","114073","211001000","0","110120163","101113","101112","25014","40","bgm_M06","570","0","114582","0","bgm_M06","110120162","2030/12/31 14:59:59","124343","10","101111","0","0","101121604","2018/12/07 16:00:00","90","0","bgm_M06","11012016","11012","101112","101121604","0","0","bgm_M06","bgm_M06","0","波諾尼亞砂丘 12-16","0"
"0","100150","110120171","9012156","0","10","0","0","0","101121706","215","10","bgm_M17_02","0","0","110120171","124103","211001000","0","110120173","101123","101122","25015","20","bgm_M17","770","0","114612","0","bgm_M17","110120172","2030/12/31 14:59:59","124283","10","101121","0","0","0","2018/12/07 16:00:00","90","0","bgm_M63","11012017","11012","101122","0","0","0","bgm_M17_02","bgm_M63","0","波諾尼亞砂丘 12-17","9012155"
"101130102","100100","110130011","0","0","10","0","0","0","101130101","215","10","bgm_M06","0","101130104","110130011","114552","211001000","0","110130013","100583","100582","0","90","bgm_M06","-960","0","124462","0","bgm_M06","110130012","2030/12/31 14:59:59","124283","10","100581","0","0","0","2019/01/03 16:00:00","90","0","bgm_M06","11013001","11013","100582","101130106","0","0","bgm_M06","bgm_M06","0","朵羅西亞溼地 13-1","0"
"101130203","100100","110130021","0","0","10","0","0","0","101130206","215","10","bgm_M06","0","101130207","110130021","114612","211001000","0","110130023","100583","100582","0","110","bgm_M06","-800","0","124343","0","bgm_M06","110130022","2030/12/31 14:59:59","124523","10","100581","0","0","0","2019/01/03 16:00:00","90","0","bgm_M06","11013002","11013","100582","101130208","0","0","bgm_M06","bgm_M06","0","朵羅西亞溼地 13-2","0"
"101130301","100150","110130031","0","0","10","0","0","0","101130303","215","10","bgm_M06","0","101130301","110130031","114582","211001000","0","110130033","101053","101052","0","-10","bgm_M06","-690","0","124313","0","bgm_M06","110130032","2030/12/31 14:59:59","124402","10","101051","0","0","0","2019/01/03 16:00:00","90","0","bgm_M06","11013003","11013","101052","101130304","0","0","bgm_M06","bgm_M06","0","朵羅西亞溼地 13-3","0"
"101130402","100030","110130041","0","0","10","0","0","0","101130406","215","10","bgm_M06","0","101130404","110130041","124343","211001000","0","110130043","101083","101082","0","40","bgm_M06","-550","0","124462","0","bgm_M06","110130042","2030/12/31 14:59:59","124074","10","101081","0","0","0","2019/01/03 16:00:00","90","0","bgm_M06","11013004","11013","101082","101130403","0","0","bgm_M06","bgm_M06","0","朵羅西亞溼地 13-4","0"
"101130504","100030","110130051","0","0","10","0","0","0","101130503","215","10","bgm_M06","0","101130506","110130051","124283","211001000","0","110130053","101083","101082","0","30","bgm_M06","-370","0","114254","0","bgm_M06","110130052","2030/12/31 14:59:59","114164","10","101081","0","0","0","2019/01/03 16:00:00","90","0","bgm_M06","11013005","11013","101082","101130505","0","0","bgm_M06","bgm_M06","0","朵羅西亞溼地 13-5","0"
"101130605","100110","110130061","0","0","10","0","0","0","101130601","215","10","bgm_M06","0","101130601","110130061","124523","211001000","0","110130063","101053","101052","0","-110","bgm_M06","-490","0","114194","0","bgm_M06","110130062","2030/12/31 14:59:59","114014","10","101051","0","0","101130608","2019/01/03 16:00:00","90","0","bgm_M06","11013006","11013","101052","101130607","0","0","bgm_M06","bgm_M06","0","朵羅西亞溼地 13-6","0"
"101130708","100110","110130071","0","0","10","0","0","0","101130703","215","10","bgm_M06","0","101130707","110130071","114552","211001000","0","110130073","100463","100462","0","-160","bgm_M06","-330","0","114104","0","bgm_M06","110130072","2030/12/31 14:59:59","124224","10","100461","0","0","0","2019/01/03 16:00:00","90","0","bgm_M06","11013007","11013","100462","101130706","0","0","bgm_M06","bgm_M06","0","朵羅西亞溼地 13-7","0"
"101130805","100110","110130081","0","0","10","0","0","0","101130803","215","10","bgm_M06","0","101130807","110130081","124402","211001000","0","110130083","101053","101052","0","-140","bgm_M06","-130","0","124044","0","bgm_M06","110130082","2030/12/31 14:59:59","114134","10","101051","0","0","0","2019/01/03 16:00:00","90","0","bgm_M06","11013008","11013","101052","101130806","0","0","bgm_M06","bgm_M06","0","朵羅西亞溼地 13-8","0"
"101130902","100150","110130091","0","0","10","0","0","0","101130901","215","10","bgm_M06","0","101130901","110130091","114612","211001000","0","110130093","101113","101112","0","0","bgm_M06","-200","0","124283","0","bgm_M06","110130092","2030/12/31 14:59:59","124074","10","101111","0","0","101130907","2019/01/03 16:00:00","90","0","bgm_M06","11013009","11013","101112","101130903","0","0","bgm_M06","bgm_M06","0","朵羅西亞溼地 13-9","0"
"101131006","100150","110130101","0","0","10","0","0","0","101131007","215","10","bgm_M06","0","101131002","110130101","124313","211001000","0","110130103","101113","101112","0","-20","bgm_M06","-30","0","124343","0","bgm_M06","110130102","2030/12/31 14:59:59","114164","10","101111","0","0","101131004","2019/01/03 16:00:00","90","0","bgm_M06","11013010","11013","101112","101131008","0","0","bgm_M06","bgm_M06","0","朵羅西亞溼地 13-10","0"
"101131105","100100","110130111","0","0","10","0","0","0","101131104","215","10","bgm_M06","0","101131101","110130111","114582","211001000","0","110130113","100173","100172","0","-120","bgm_M06","100","0","124523","0","bgm_M06","110130112","2030/12/31 14:59:59","114254","10","100171","0","0","101131106","2019/01/03 16:00:00","90","0","bgm_M06","11013011","11013","100172","101131102","0","0","bgm_M06","bgm_M06","0","朵羅西亞溼地 13-11","0"
"101131207","100100","110130121","0","0","10","0","0","0","101131204","215","10","bgm_M06","0","101131201","110130121","124283","211001000","0","110130123","100723","100722","0","-160","bgm_M06","250","0","114552","0","bgm_M06","110130122","2030/12/31 14:59:59","114014","10","100721","0","0","101131206","2019/01/03 16:00:00","90","0","bgm_M06","11013012","11013","100722","101131203","0","0","bgm_M06","bgm_M06","0","朵羅西亞溼地 13-12","0"
"101131302","100050","110130131","0","0","10","0","0","0","101131307","215","10","bgm_M06","0","101131301","110130131","124343","211001000","0","110130133","100039","100038","25011","-5","bgm_M06","385","0","124313","0","bgm_M06","110130132","2030/12/31 14:59:59","114194","10","100037","0","0","101131304","2019/01/03 16:00:00","90","0","bgm_M06","11013013","11013","100038","101131306","0","0","bgm_M06","bgm_M06","0","朵羅西亞溼地 13-13","0"
"101131405","100050","110130141","0","0","10","0","0","0","101131401","215","10","bgm_M06","0","101131405","110130141","124462","211001000","0","110130143","100039","100038","25012","-185","bgm_M06","400","0","114612","0","bgm_M06","110130142","2030/12/31 14:59:59","124224","10","100037","0","0","101131404","2019/01/03 16:00:00","90","0","bgm_M06","11013014","11013","100038","101131403","0","0","bgm_M06","bgm_M06","0","朵羅西亞溼地 13-14","0"
"101131505","100040","110130151","0","0","10","0","0","0","101131506","215","10","bgm_M06","0","101131504","110130151","114552","211001000","0","110130153","100124","100123","25013","-195","bgm_M06","560","0","124402","0","bgm_M06","110130152","2030/12/31 14:59:59","114104","10","100122","0","0","101131507","2019/01/03 16:00:00","90","0","bgm_M06","11013015","11013","100123","101131503","0","0","bgm_M06","bgm_M06","0","朵羅西亞溼地 13-15","0"
"101131604","100040","110130161","0","0","10","0","0","0","101131607","215","10","bgm_M06","0","101131602","110130161","124523","211001000","0","110130163","100124","100123","25014","-45","bgm_M06","600","0","114582","0","bgm_M06","110130162","2030/12/31 14:59:59","114134","10","100122","0","0","101131606","2019/01/03 16:00:00","90","0","bgm_M06","11013016","11013","100123","101131605","0","0","bgm_M06","bgm_M06","0","朵羅西亞溼地 13-16","0"
"0","100040","110130171","9013156","0","10","0","0","0","101131708","215","10","bgm_M17_02","0","0","110130171","124402","211001000","0","110130173","100744","100743","25015","-90","bgm_M17","785","0","114612","0","bgm_M17","110130172","2030/12/31 14:59:59","124044","10","100742","0","0","0","2019/01/03 16:00:00","90","0","bgm_M63","11013017","11013","100743","0","0","0","bgm_M17_02","bgm_M63","0","朵羅西亞溼地 13-17","9013155"
"101140103","100050","110140011","0","0","10","0","0","0","101140101","215","10","bgm_M06","0","101140105","110140011","114164","211001000","0","110140013","100033","100032","0","0","bgm_M06","-800","0","114254","0","bgm_M06","110140012","2030/12/31 14:59:59","114014","10","100031","0","0","0","2019/01/30 16:00:00","90","0","bgm_M06","11014001","11014","100032","101140106","0","0","bgm_M06","bgm_M06","0","尤金尼亞熱地 14-1","0"
"101140201","100070","110140021","0","0","10","0","0","0","101140204","215","10","bgm_M06","0","101140203","110140021","114194","211001000","0","110140023","100043","100042","0","-170","bgm_M06","-710","0","114104","0","bgm_M06","110140022","2030/12/31 14:59:59","114134","10","100041","0","0","0","2019/01/30 16:00:00","90","0","bgm_M06","11014002","11014","100042","101140205","-50","0","bgm_M06","bgm_M06","0","尤金尼亞熱地 14-2","0"
"101140306","100020","110140031","0","0","10","0","0","0","101140301","215","10","bgm_M06","0","101140302","110140031","124462","211001000","0","110140033","100013","100012","0","-40","bgm_M06","-560","0","124074","0","bgm_M06","110140032","2030/12/31 14:59:59","124224","10","100011","0","0","0","2019/01/30 16:00:00","90","0","bgm_M06","11014003","11014","100012","101140303","0","0","bgm_M06","bgm_M06","0","尤金尼亞熱地 14-3","0"
"101140403","100020","110140041","0","0","10","0","0","0","101140406","215","10","bgm_M06","0","101140401","110140041","124283","211001000","0","110140043","100013","100012","0","-170","bgm_M06","-430","0","124044","0","bgm_M06","110140042","2030/12/31 14:59:59","114553","10","100011","0","0","0","2019/01/30 16:00:00","90","0","bgm_M06","11014004","11014","100012","101140404","0","0","bgm_M06","bgm_M06","0","尤金尼亞熱地 14-4","0"
"101140505","100030","110140051","0","0","10","0","0","0","101140504","215","10","bgm_M06","0","101140506","110140051","124523","211001000","0","110140053","100093","100092","0","-40","bgm_M06","-320","0","124224","0","bgm_M06","110140052","2030/12/31 14:59:59","114613","10","100091","0","0","0","2019/01/30 16:00:00","90","0","bgm_M06","11014005","11014","100092","101140503","0","0","bgm_M06","bgm_M06","0","尤金尼亞熱地 14-5","0"
"101140602","100030","110140061","0","0","10","0","0","0","101140601","215","10","bgm_M06","0","101140605","110140061","124313","211001000","0","110140063","100103","100102","0","-140","bgm_M06","-190","0","114164","0","bgm_M06","110140062","2030/12/31 14:59:59","114583","10","100101","0","0","0","2019/01/30 16:00:00","90","0","bgm_M06","11014006","11014","100102","101140603","-50","0","bgm_M06","bgm_M06","0","尤金尼亞熱地 14-6","0"
"101140702","100160","110140071","0","0","10","0","0","0","101140704","215","10","bgm_M06","0","101140704","110140071","124402","211001000","0","110140073","101213","101212","0","-70","bgm_M06","-30","0","114134","0","bgm_M06","110140072","2030/12/31 14:59:59","114554","10","101211","0","0","0","2019/01/30 16:00:00","90","0","bgm_M06","11014007","11014","101212","101140703","-50","0","bgm_M06","bgm_M06","0","尤金尼亞熱地 14-7","0"
"101140805","100170","110140081","0","0","10","0","0","0","101140801","215","10","bgm_M06","0","101140804","110140081","114552","211001000","0","110140083","101213","101212","0","-20","bgm_M06","130","0","114104","0","bgm_M06","110140082","2030/12/31 14:59:59","114553","10","101211","0","0","0","2019/01/30 16:00:00","90","0","bgm_M06","11014008","11014","101212","101140803","-50","0","bgm_M06","bgm_M06","0","尤金尼亞熱地 14-8","0"
"101140905","100160","110140091","0","0","10","0","0","0","101140901","215","10","bgm_M06","0","101140904","110140091","114612","211001000","0","110140093","101213","101212","0","0","bgm_M06","300","0","114254","0","bgm_M06","110140092","2030/12/31 14:59:59","114613","10","101211","0","0","0","2019/01/30 16:00:00","90","0","bgm_M06","11014009","11014","101212","101140903","-50","0","bgm_M06","bgm_M06","0","尤金尼亞熱地 14-9","0"
"101141002","100090","110140101","0","0","10","0","0","0","101141001","215","10","bgm_M06","0","101141004","110140101","114582","211001000","0","110140103","100453","100452","25011","-160","bgm_M06","230","0","114194","0","bgm_M06","110140102","2030/12/31 14:59:59","114583","10","100451","0","0","101141003","2019/01/30 16:00:00","90","0","bgm_M06","11014010","11014","100452","101141005","-50","0","bgm_M06","bgm_M06","0","尤金尼亞熱地 14-10","0"
"101141102","100090","110140111","0","0","10","0","0","0","101141101","215","10","bgm_M06","0","101141106","110140111","114552","211001000","0","110140113","100453","100452","25012","-115","bgm_M06","395","0","124074","0","bgm_M06","110140112","2030/12/31 14:59:59","114554","10","100451","0","0","0","2019/01/30 16:00:00","90","0","bgm_M06","11014011","11014","100452","101141104","-50","0","bgm_M06","bgm_M06","0","尤金尼亞熱地 14-11","0"
"101141206","100060","110140121","0","0","10","0","0","0","101141201","215","10","bgm_M06","0","101141205","110140121","124224","211001000","0","110140123","100443","100442","25013","-120","bgm_M06","575","0","114613","0","bgm_M06","110140122","2030/12/31 14:59:59","114583","10","100441","0","0","0","2019/01/30 16:00:00","90","0","bgm_M06","11014012","11014","100442","101141203","0","0","bgm_M06","bgm_M06","0","尤金尼亞熱地 14-12","0"
"101141303","100060","110140131","0","0","10","0","0","0","101141301","215","10","bgm_M06","0","101141304","110140131","114134","211001000","0","110140133","100443","100442","25014","5","bgm_M06","620","0","114583","0","bgm_M06","110140132","2030/12/31 14:59:59","114554","10","100441","0","0","0","2019/01/30 16:00:00","90","0","bgm_M06","11014013","11014","100442","101141305","0","0","bgm_M06","bgm_M06","0","尤金尼亞熱地 14-13","0"
"0","100060","110140141","9014156","0","10","0","0","0","101141406","215","10","bgm_M17_02","0","0","110140141","114014","211001000","0","110140143","100863","100862","25015","40","bgm_M17","770","0","114554","0","bgm_M17","110140142","2030/12/31 14:59:59","114553","10","100861","0","0","0","2019/01/30 16:00:00","90","0","bgm_M63","11014014","11014","100862","0","0","0","bgm_M17_02","bgm_M63","0","尤金尼亞熱地 14-14","9014155"
"101150104","100030","110150011","0","0","10","0","0","0","101150101","215","10","bgm_M06","0","101150102","110150011","114164","211001000","0","110150013","100093","100092","0","50","bgm_M06","-800","0","124044","0","bgm_M06","110150012","2030/12/31 14:59:59","114583","10","100091","0","0","0","2019/02/18 16:00:00","90","0","bgm_M06","11015001","11015","100092","101150106","-50","0","bgm_M06","bgm_M06","0","塔利亞火山 15-1","0"
"101150203","100030","110150021","0","0","10","0","0","0","101150201","215","10","bgm_M06","0","101150204","110150021","124224","211001000","0","110150023","100093","100092","0","90","bgm_M06","-610","0","114104","0","bgm_M06","110150022","2030/12/31 14:59:59","114613","10","100091","0","0","0","2019/02/18 16:00:00","90","0","bgm_M06","11015002","11015","100092","101150205","-50","0","bgm_M06","bgm_M06","0","塔利亞火山 15-2","0"
"101150305","100050","110150031","0","0","10","0","0","0","101150301","215","10","bgm_M06","0","101150302","110150031","114014","211001000","0","110150033","100103","100102","0","-90","bgm_M06","-620","0","114194","0","bgm_M06","110150032","2030/12/31 14:59:59","114553","10","100101","0","0","0","2019/02/18 16:00:00","90","0","bgm_M06","11015003","11015","100102","101150303","-50","0","bgm_M06","bgm_M06","0","塔利亞火山 15-3","0"
"101150405","100050","110150041","0","0","10","0","0","0","101150403","215","10","bgm_M06","0","101150402","110150041","114164","211001000","0","110150043","100103","100102","0","-175","bgm_M06","-465","0","114554","0","bgm_M06","110150042","2030/12/31 14:59:59","124284","10","100101","0","0","101150404","2019/02/18 16:00:00","90","0","bgm_M06","11015004","11015","100102","101150401","-50","0","bgm_M06","bgm_M06","0","塔利亞火山 15-4","0"
"101150504","100030","110150051","0","0","10","0","0","0","101150506","215","10","bgm_M06","0","101150501","110150051","124074","211001000","0","110150053","100093","100092","0","-20","bgm_M06","-350","0","114583","0","bgm_M06","110150052","2030/12/31 14:59:59","124433","10","100091","0","0","0","2019/02/18 16:00:00","90","0","bgm_M06","11015005","11015","100092","101150503","-50","0","bgm_M06","bgm_M06","0","塔利亞火山 15-5","0"
"101150604","100030","110150061","0","0","10","0","0","0","101150601","215","10","bgm_M06","0","101150605","110150061","114254","211001000","0","110150063","100093","100092","0","20","bgm_M06","-170","0","114613","0","bgm_M06","110150062","2030/12/31 14:59:59","124373","10","100091","0","0","0","2019/02/18 16:00:00","90","0","bgm_M06","11015006","11015","100092","101150603","-50","0","bgm_M06","bgm_M06","0","塔利亞火山 15-6","0"
"101150705","100040","110150071","0","0","10","0","0","0","101150704","215","10","bgm_M06","0","101150702","110150071","114014","211001000","0","110150073","100033","100032","0","-180","bgm_M06","-230","0","114553","0","bgm_M06","110150072","2030/12/31 14:59:59","124314","10","100031","0","0","0","2019/02/18 16:00:00","90","0","bgm_M06","11015007","11015","100032","101150706","-50","0","bgm_M06","bgm_M06","0","塔利亞火山 15-7","0"
"101150803","100160","110150081","0","0","10","0","0","0","101150801","215","10","bgm_M06","0","101150802","110150081","114134","211001000","0","110150083","101213","101212","0","-120","bgm_M06","-50","0","114554","0","bgm_M06","110150082","2030/12/31 14:59:59","124344","10","101211","0","0","0","2019/02/18 16:00:00","90","0","bgm_M06","11015008","11015","101212","101150805","-50","0","bgm_M06","bgm_M06","0","塔利亞火山 15-8","0"
"101150907","100160","110150091","0","0","10","0","0","0","101150901","215","10","bgm_M06","0","101150906","110150091","124224","211001000","0","110150093","101213","101212","0","20","bgm_M06","80","0","114613","0","bgm_M06","110150092","2030/12/31 14:59:59","124463","10","101211","0","0","0","2019/02/18 16:00:00","90","0","bgm_M06","11015009","11015","101212","101150905","-50","0","bgm_M06","bgm_M06","0","塔利亞火山 15-9","0"
"101151005","100160","110150101","0","0","10","0","0","0","101151001","215","10","bgm_M06","0","101151004","110150101","114583","211001000","0","110150103","100196","100195","25011","-135","bgm_M06","160","0","124373","0","bgm_M06","110150102","2030/12/31 14:59:59","124344","10","100194","0","0","0","2019/02/18 16:00:00","90","0","bgm_M06","11015010","11015","100195","101151006","-50","0","bgm_M06","bgm_M06","0","塔利亞火山 15-10","0"
"101151102","100160","110150111","0","0","10","0","0","0","101151106","215","10","bgm_M06","0","101151101","110150111","114553","211001000","0","110150113","100196","100195","25012","-185","bgm_M06","350","0","124433","0","bgm_M06","110150112","2030/12/31 14:59:59","124284","10","100194","0","0","0","2019/02/18 16:00:00","90","0","bgm_M06","11015011","11015","100195","101151104","-50","0","bgm_M06","bgm_M06","0","塔利亞火山 15-11","0"
"101151201","100170","110150121","0","0","10","0","0","0","101151206","215","10","bgm_M06","0","101151201","110150121","114613","211001000","0","110150123","100193","100192","25013","-125","bgm_M06","550","0","124463","0","bgm_M06","110150122","2030/12/31 14:59:59","124373","10","100191","0","0","101151205","2019/02/18 16:00:00","90","0","bgm_M06","11015012","11015","100192","101151203","-50","0","bgm_M06","bgm_M06","0","塔利亞火山 15-12","0"
"101151301","100170","110150131","0","0","10","0","0","0","101151306","215","10","bgm_M06","0","101151301","110150131","114553","211001000","0","110150133","100193","100192","25014","-50","bgm_M06","700","0","124284","0","bgm_M06","110150132","2030/12/31 14:59:59","124314","10","100191","0","0","101151304","2019/02/18 16:00:00","90","0","bgm_M06","11015013","11015","100192","101151305","-50","0","bgm_M06","bgm_M06","0","塔利亞火山 15-13","0"
"0","100170","110150141","9015156","0","10","0","0","0","101151407","215","10","bgm_M17_02","0","0","110150141","114554","211001000","0","110150143","100199","100198","25015","10","bgm_M17","490","0","124344","0","bgm_M17","110150142","2030/12/31 14:59:59","124433","10","100197","0","0","0","2019/02/18 16:00:00","90","0","bgm_M63","11015014","11015","100198","0","-50","0","bgm_M17_02","bgm_M63","0","塔利亞火山 15-14","9015155"
"101160103","100240","110160011","0","0","10","0","0","0","101160101","215","10","bgm_M06","0","101160105","110160011","114553","211001000","0","110160013","100973","100972","0","-165","bgm_M06","-800","0","124463","0","bgm_M06","110160012","2030/12/31 14:59:59","124314","10","100971","0","0","0","2019/03/21 16:00:00","90","0","bgm_M06","11016001","11016","100972","0","-50","0","bgm_M06","bgm_M06","0","泰美斯銀嶺 16-1","0"
"101160203","100240","110160021","0","0","10","0","0","0","101160201","215","10","bgm_M06","0","101160205","110160021","114613","211001000","0","110160023","100973","100972","0","-180","bgm_M06","-580","0","124344","0","bgm_M06","110160022","2030/12/31 14:59:59","124373","10","100971","0","0","0","2019/03/21 16:00:00","90","0","bgm_M06","11016002","11016","100972","101160207","-50","0","bgm_M06","bgm_M06","0","泰美斯銀嶺 16-2","0"
"101160305","100240","110160031","0","0","10","0","0","0","101160301","215","10","bgm_M06","0","101160302","110160031","114583","211001000","0","110160033","100973","100972","0","-20","bgm_M06","-630","0","124314","0","bgm_M06","110160032","2030/12/31 14:59:59","124433","10","100971","0","0","0","2019/03/21 16:00:00","90","0","bgm_M06","11016003","11016","100972","101160307","-50","0","bgm_M06","bgm_M06","0","泰美斯銀嶺 16-3","0"
"101160405","100240","110160041","0","0","10","0","0","0","101160402","215","10","bgm_M06","0","101160406","110160041","124344","211001000","0","110160043","100973","100972","0","-40","bgm_M06","-420","0","124463","0","bgm_M06","110160042","2030/12/31 14:59:59","115071","10","100971","0","0","101160408","2019/03/21 16:00:00","90","0","bgm_M06","11016004","11016","100972","101160407","-50","0","bgm_M06","bgm_M06","0","泰美斯銀嶺 16-4","0"
"101160505","100240","110160051","0","0","10","0","0","0","101160504","215","10","bgm_M06","0","101160501","110160051","124284","211001000","0","110160053","100973","100972","0","-175","bgm_M06","-300","0","115251","0","bgm_M06","110160052","2030/12/31 14:59:59","115161","10","100971","0","0","0","2019/03/21 16:00:00","90","0","bgm_M06","11016005","11016","100972","101160506","-50","0","bgm_M06","bgm_M06","0","泰美斯銀嶺 16-5","0"
"101160603","100140","110160061","0","0","10","0","0","0","101160601","215","10","bgm_M06","0","101160604","110160061","124373","211001000","0","110160063","100943","100942","0","0","bgm_M06","-210","0","125191","0","bgm_M06","110160062","2030/12/31 14:59:59","115011","10","100941","0","0","0","2019/03/21 16:00:00","90","0","bgm_M06","11016006","11016","100942","101160605","-50","0","bgm_M06","bgm_M06","0","泰美斯銀嶺 16-6","0"
"101160702","100140","110160071","0","0","10","0","0","0","101160701","215","10","bgm_M06","0","101160703","110160071","114553","211001000","0","110160073","100943","100942","0","40","bgm_M06","20","0","125101","0","bgm_M06","110160072","2030/12/31 14:59:59","115221","10","100941","0","0","0","2019/03/21 16:00:00","90","0","bgm_M06","11016007","11016","100942","101160706","-50","0","bgm_M06","bgm_M06","0","泰美斯銀嶺 16-7","0"
"101160806","100130","110160081","0","0","10","0","0","0","101160801","215","10","bgm_M06","0","101160805","110160081","124433","211001000","0","110160083","100223","100222","0","-120","bgm_M06","-70","0","125131","0","bgm_M06","110160082","2030/12/31 14:59:59","115041","10","100221","0","0","0","2019/03/21 16:00:00","90","0","bgm_M06","11016008","11016","100222","101160807","-50","0","bgm_M06","bgm_M06","0","泰美斯銀嶺 16-8","0"
"101160906","100130","110160091","0","0","10","0","0","0","101160901","215","10","bgm_M06","0","101160903","110160091","114613","211001000","0","110160093","100223","100222","0","-130","bgm_M06","160","0","124284","0","bgm_M06","110160092","2030/12/31 14:59:59","115071","10","100221","0","0","0","2019/03/21 16:00:00","90","0","bgm_M06","11016009","11016","100222","101160907","-50","0","bgm_M06","bgm_M06","0","泰美斯銀嶺 16-9","0"
"101161005","100080","110160101","0","0","10","0","0","0","101161001","215","10","bgm_M06","0","101161006","110160101","124314","211001000","0","110160103","100933","100932","25011","-20","bgm_M06","330","0","124344","0","bgm_M06","110160102","2030/12/31 14:59:59","125101","10","100931","0","0","0","2019/03/21 16:00:00","90","0","bgm_M06","11016010","11016","100932","101161004","-50","0","bgm_M06","bgm_M06","0","泰美斯銀嶺 16-10","0"
"101161102","100140","110160111","0","0","10","0","0","0","101161105","215","10","bgm_M06","0","101161101","110160111","114583","211001000","0","110160113","100943","100942","25012","-130","bgm_M06","475","0","124373","0","bgm_M06","110160112","2030/12/31 14:59:59","115251","10","100941","0","0","0","2019/03/21 16:00:00","90","0","bgm_M06","11016011","11016","100942","101161104","-50","0","bgm_M06","bgm_M06","0","泰美斯銀嶺 16-11","0"
"101161205","100140","110160121","0","0","10","0","0","0","101161203","215","10","bgm_M06","0","101161202","110160121","124284","211001000","0","110160123","100943","100942","25013","-110","bgm_M06","655","0","114553","0","bgm_M06","110160122","2030/12/31 14:59:59","115011","10","100941","0","0","101161204","2019/03/21 16:00:00","90","0","bgm_M06","11016012","11016","100942","101161207","-50","0","bgm_M06","bgm_M06","0","泰美斯銀嶺 16-12","0"
"101161305","100080","110160131","0","0","10","0","0","0","101161304","215","10","bgm_M06","0","101161301","110160131","124344","211001000","0","110160133","100233","100232","25014","40","bgm_M06","550","0","124314","0","bgm_M06","110160132","2030/12/31 14:59:59","125131","10","100231","0","0","0","2019/03/21 16:00:00","90","0","bgm_M06","11016013","11016","100232","101161303","-50","0","bgm_M06","bgm_M06","0","泰美斯銀嶺 16-13","0"
"0","100080","110160141","9016156","0","10","0","0","0","101161407","215","10","bgm_M17_02","0","0","110160141","124463","211001000","0","110160143","100233","100232","25015","20","bgm_M17","760","0","114613","0","bgm_M17","110160142","2030/12/31 14:59:59","115221","10","100231","0","0","0","2019/03/21 16:00:00","90","0","bgm_M63","11016014","11016","100232","0","-50","0","bgm_M17_02","bgm_M63","0","泰美斯銀嶺 16-14","9016155"
"101170103","100240","110170011","0","0","10","0","0","0","101170101","215","10","bgm_M06","0","101170105","110170011","124314","211001000","0","110170013","100973","100972","0","-115","bgm_M06","-800","0","115071","0","bgm_M06","110170012","2030/12/31 14:59:59","115161","10","100971","0","0","0","2019/04/19 16:00:00","90","0","bgm_M06","11017001","11017","100972","0","-50","0","bgm_M06","bgm_M06","0","菲得斯冰原 17-1","0"
"101170203","100240","110170021","0","0","10","0","0","0","101170204","215","10","bgm_M06","0","101170205","110170021","124433","211001000","0","110170023","100973","100972","0","-145","bgm_M06","-595","0","115251","0","bgm_M06","110170022","2030/12/31 14:59:59","125191","10","100971","0","0","0","2019/04/19 16:00:00","90","0","bgm_M06","11017002","11017","100972","101170207","-50","0","bgm_M06","bgm_M06","0","菲得斯冰原 17-2","0"
"101170301","100240","110170031","0","0","10","0","0","0","101170305","215","10","bgm_M06","0","101170304","110170031","124344","211001000","0","110170033","100973","100972","0","-215","bgm_M06","-405","0","115221","0","bgm_M06","110170032","2030/12/31 14:59:59","115041","10","100971","0","0","0","2019/04/19 16:00:00","90","0","bgm_M06","11017003","11017","100972","101170307","-50","0","bgm_M06","bgm_M06","0","菲得斯冰原 17-3","0"
"101170403","100140","110170041","0","0","10","0","0","0","101170402","215","10","bgm_M06","0","101170404","110170041","124463","211001000","0","110170043","100943","100942","0","-160","bgm_M06","-210","0","115011","0","bgm_M06","110170042","2030/12/31 14:59:59","115581","10","100941","0","0","101170407","2019/04/19 16:00:00","90","0","bgm_M06","11017004","11017","100942","101170405","-50","0","bgm_M06","bgm_M06","0","菲得斯冰原 17-4","0"
"101170503","100240","110170051","0","0","10","0","0","0","101170504","215","10","bgm_M06","0","101170501","110170051","124284","211001000","0","110170053","100973","100972","0","-50","bgm_M06","-375","0","125101","0","bgm_M06","110170052","2030/12/31 14:59:59","115611","10","100971","0","0","0","2019/04/19 16:00:00","90","0","bgm_M06","11017005","11017","100972","101170505","-50","0","bgm_M06","bgm_M06","0","菲得斯冰原 17-5","0"
"101170603","100140","110170061","0","0","10","0","0","0","101170602","215","10","bgm_M06","0","101170601","110170061","124373","211001000","0","110170063","100943","100942","0","10","bgm_M06","-185","0","125131","0","bgm_M06","110170062","2030/12/31 14:59:59","115551","10","100941","0","0","0","2019/04/19 16:00:00","90","0","bgm_M06","11017006","11017","100942","101170604","-50","0","bgm_M06","bgm_M06","0","菲得斯冰原 17-6","0"
"101170702","100140","110170071","0","0","10","0","0","0","101170704","215","10","bgm_M06","0","101170703","110170071","124314","211001000","0","110170073","100943","100942","0","35","bgm_M06","20","0","115161","0","bgm_M06","110170072","2030/12/31 14:59:59","115581","10","100941","0","0","0","2019/04/19 16:00:00","90","0","bgm_M06","11017007","11017","100942","101170706","-50","0","bgm_M06","bgm_M06","0","菲得斯冰原 17-7","0"
"101170806","100130","110170081","0","0","10","0","0","0","101170802","215","10","bgm_M06","0","101170801","110170081","124433","211001000","0","110170083","100223","100222","0","40","bgm_M06","220","0","115041","0","bgm_M06","110170082","2030/12/31 14:59:59","115611","10","100221","0","0","0","2019/04/19 16:00:00","90","0","bgm_M06","11017008","11017","100222","101170804","-50","0","bgm_M06","bgm_M06","0","菲得斯冰原 17-8","0"
"101170905","100140","110170091","0","0","10","0","0","0","101170901","215","10","bgm_M06","0","101170903","110170091","124344","211001000","0","110170093","100943","100942","0","-100","bgm_M06","105","0","125191","0","bgm_M06","110170092","2030/12/31 14:59:59","115551","10","100941","0","0","0","2019/04/19 16:00:00","90","0","bgm_M06","11017009","11017","100942","101170906","-50","0","bgm_M06","bgm_M06","0","菲得斯冰原 17-9","0"
"101171003","100130","110170101","0","0","10","0","0","0","101171001","215","10","bgm_M06","0","101171006","110170101","124463","211001000","0","110170103","100223","100222","25011","-225","bgm_M06","215","0","125101","0","bgm_M06","110170102","2030/12/31 14:59:59","115581","10","100221","0","0","0","2019/04/19 16:00:00","90","0","bgm_M06","11017010","11017","100222","101171004","-50","0","bgm_M06","bgm_M06","0","菲得斯冰原 17-10","0"
"101171106","100240","110170111","0","0","10","0","0","0","101171105","215","10","bgm_M06","0","101171101","110170111","124433","211001000","0","110170113","100973","100972","25012","-190","bgm_M06","400","0","115071","0","bgm_M06","110170112","2030/12/31 14:59:59","115611","10","100971","0","0","101171107","2019/04/19 16:00:00","90","0","bgm_M06","11017011","11017","100972","101171102","-50","0","bgm_M06","bgm_M06","0","菲得斯冰原 17-11","0"
"101171208","100240","110170121","0","0","10","0","0","0","101171203","215","10","bgm_M06","0","101171202","110170121","115011","211001000","0","110170123","100973","100972","25013","-35","bgm_M06","380","0","115581","0","bgm_M06","110170122","2030/12/31 14:59:59","115551","10","100971","0","0","0","2019/04/19 16:00:00","90","0","bgm_M06","11017012","11017","100972","101171207","-50","0","bgm_M06","bgm_M06","0","菲得斯冰原 17-12","0"
"101171302","100240","110170131","0","0","10","0","0","0","101171304","215","10","bgm_M06","0","101171301","110170131","115251","211001000","0","110170133","100973","100972","25014","25","bgm_M06","560","0","115611","0","bgm_M06","110170132","2030/12/31 14:59:59","115581","10","100971","0","0","101171307","2019/04/19 16:00:00","90","0","bgm_M06","11017013","11017","100972","101171305","-50","0","bgm_M06","bgm_M06","0","菲得斯冰原 17-13","0"
"0","100240","110170141","9017156","0","10","0","0","0","101171407","215","10","bgm_M17_02","0","0","110170141","115221","211001000","0","110170143","100983","100982","25015","40","bgm_M17","760","0","115551","0","bgm_M17","110170142","2030/12/31 14:59:59","115611","10","100981","0","0","0","2019/04/19 16:00:00","90","0","bgm_M63","11017014","11017","100982","0","-50","0","bgm_M17_02","bgm_M63","0","菲得斯冰原 17-14","9017155"
"101180104","100050","110180011","0","0","10","0","0","0","101180105","215","10","bgm_M169","0","101180102","110180011","125131","211001000","0","110180013","100039","100038","0","65","bgm_M169","-720","0","115581","0","bgm_M169","110180012","2030/12/31 14:59:59","115551","10","100037","0","0","0","2019/05/21 16:00:00","90","0","bgm_M169","11018001","11018","100038","0","-50","0","bgm_M169","bgm_M169","0","法艾頓草原‧北部 18-1","0"
"101180204","100050","110180021","0","0","10","0","0","0","101180205","215","10","bgm_M169","0","101180202","110180021","125101","211001000","0","110180023","100039","100038","0","80","bgm_M169","-530","0","115611","0","bgm_M169","110180022","2030/12/31 14:59:59","115581","10","100037","0","0","0","2019/05/21 16:00:00","90","0","bgm_M169","11018002","11018","100038","101180206","-50","0","bgm_M169","bgm_M169","0","法艾頓草原‧北部 18-2","0"
"101180304","100010","110180031","0","0","10","0","0","0","101180302","215","10","bgm_M169","0","101180307","110180031","115071","211001000","0","110180033","101383","101382","0","-100","bgm_M169","-580","0","115551","0","bgm_M169","110180032","2030/12/31 14:59:59","115611","10","101381","0","0","0","2019/05/21 16:00:00","90","0","bgm_M169","11018003","11018","101382","0","-50","0","bgm_M169","bgm_M169","0","法艾頓草原‧北部 18-3","0"
"101180404","100010","110180041","0","0","10","0","0","0","101180401","215","10","bgm_M169","0","101180406","110180041","115161","211001000","0","110180043","101383","101382","0","-220","bgm_M169","-470","0","115551","0","bgm_M169","110180042","2030/12/31 14:59:59","125401","10","101381","0","0","0","2019/05/21 16:00:00","90","0","bgm_M169","11018004","11018","101382","101180402","-50","0","bgm_M169","bgm_M169","0","法艾頓草原‧北部 18-4","0"
"101180501","100050","110180051","0","0","10","0","0","0","101180504","215","10","bgm_M169","0","101180502","110180051","115041","211001000","0","110180053","101383","101382","0","-55","bgm_M169","-380","0","115581","0","bgm_M169","110180052","2030/12/31 14:59:59","125341","10","101381","0","0","0","2019/05/21 16:00:00","90","0","bgm_M169","11018005","11018","101382","101180505","-50","0","bgm_M169","bgm_M169","0","法艾頓草原‧北部 18-5","0"
"101180603","100020","110180061","0","0","10","0","0","0","101180604","215","10","bgm_M169","0","101180605","110180061","115221","211001000","0","110180063","100039","100038","0","30","bgm_M169","-210","0","115611","0","bgm_M169","110180062","2030/12/31 14:59:59","125521","10","100037","0","0","101180607","2019/05/21 16:00:00","90","0","bgm_M169","11018006","11018","100038","101180606","-50","0","bgm_M169","bgm_M169","0","法艾頓草原‧北部 18-6","0"
"101180704","100020","110180071","0","0","10","0","0","0","101180701","215","10","bgm_M169","0","101180702","110180071","125191","211001000","0","110180073","100023","100022","0","40","bgm_M169","-20","0","115551","0","bgm_M169","110180072","2030/12/31 14:59:59","125281","10","100021","0","0","0","2019/05/21 16:00:00","90","0","bgm_M169","11018007","11018","100022","101180705","-50","0","bgm_M169","bgm_M169","0","法艾頓草原‧北部 18-7","0"
"101180803","100050","110180081","0","0","10","0","0","0","101180801","215","10","bgm_M169","0","101180805","110180081","115251","211001000","0","110180083","100023","100022","0","-140","bgm_M169","-150","0","115581","0","bgm_M169","110180082","2030/12/31 14:59:59","125311","10","100021","0","0","0","2019/05/21 16:00:00","90","0","bgm_M169","11018008","11018","100022","101180806","-50","0","bgm_M169","bgm_M169","0","法艾頓草原‧北部 18-8","0"
"101180901","100050","110180091","0","0","10","0","0","0","101180902","215","10","bgm_M169","0","101180904","110180091","125131","211001000","0","110180093","101413","101412","0","-210","bgm_M169","20","0","115611","0","bgm_M169","110180092","2030/12/31 14:59:59","125371","10","101411","0","0","0","2019/05/21 16:00:00","90","0","bgm_M169","11018009","11018","101412","101180905","-50","0","bgm_M169","bgm_M169","0","法艾頓草原‧北部 18-9","0"
"101181003","100020","110180101","0","0","10","0","0","0","101181001","215","10","bgm_M169","0","101181005","110180101","115011","211001000","0","110180103","100039","100038","25011","-60","bgm_M169","180","0","115551","0","bgm_M169","110180102","2030/12/31 14:59:59","125341","10","100037","0","0","0","2019/05/21 16:00:00","90","0","bgm_M169","11018010","11018","100038","101181006","-50","0","bgm_M169","bgm_M169","0","法艾頓草原‧北部 18-10","0"
"101181107","100020","110180111","0","0","10","0","0","0","101181101","215","10","bgm_M169","0","101181104","110180111","115161","211001000","0","110180113","101413","101412","25012","-190","bgm_M169","300","0","115581","0","bgm_M169","110180112","2030/12/31 14:59:59","125521","10","101411","0","0","101181105","2019/05/21 16:00:00","90","0","bgm_M169","11018011","11018","101412","101181105","-50","0","bgm_M169","bgm_M169","0","法艾頓草原‧北部 18-11","0"
"101181205","100020","110180121","0","0","10","0","0","0","101181201","215","10","bgm_M169","0","101181204","110180121","115551","211001000","0","110180123","100023","100022","25013","-20","bgm_M169","400","0","125401","0","bgm_M169","110180122","2030/12/31 14:59:59","125311","10","100021","0","0","0","2019/05/21 16:00:00","90","0","bgm_M169","11018012","11018","100022","101181203","-50","0","bgm_M169","bgm_M169","0","法艾頓草原‧北部 18-12","0"
"101181303","100050","110180131","0","0","10","0","0","0","101181301","215","10","bgm_M169","0","101181304","110180131","115611","211001000","0","110180133","101413","101412","25014","-120","bgm_M169","550","0","125521","0","bgm_M169","110180132","2030/12/31 14:59:59","125371","10","101411","0","0","101181307","2019/05/21 16:00:00","90","0","bgm_M169","11018013","11018","101412","101181306","-50","0","bgm_M169","bgm_M169","0","法艾頓草原‧北部 18-13","0"
"0","100050","110180141","9018156","0","10","0","0","0","101181407","215","10","bgm_M170","0","0","110180141","115581","211001000","0","110180143","101423","101422","25015","-80","bgm_M170","720","0","125341","0","bgm_M170","110180142","2030/12/31 14:59:59","125281","10","101421","0","0","0","2019/05/21 16:00:00","90","0","bgm_M170","11018014","11018","101422","0","-50","0","bgm_M170","bgm_M170","0","法艾頓草原‧北部 18-14","9018155"
"101190103","100050","110190011","0","0","10","0","0","0","101190102","215","10","bgm_M169","0","101190105","110190011","115551","211001000","0","110190013","100039","100038","0","35","bgm_M169","-535","0","125401","0","bgm_M169","110190012","2030/12/31 14:59:59","125371","10","100037","0","0","0","2019/06/17 16:00:00","90","0","bgm_M169","11019001","11019","100038","0","-50","0","bgm_M169","bgm_M169","0","法艾頓草原‧南部 19-1","0"
"101190204","100050","110190021","0","0","10","0","0","0","101190202","215","10","bgm_M169","0","101190203","110190021","115581","211001000","0","110190023","100039","100038","0","-55","bgm_M169","-400","0","125281","0","bgm_M169","110190022","2030/12/31 14:59:59","125311","10","100037","0","0","0","2019/06/17 16:00:00","90","0","bgm_M169","11019002","11019","100038","101190205","-50","0","bgm_M169","bgm_M169","0","法艾頓草原‧南部 19-2","0"
"101190305","100110","110190031","0","0","10","0","0","0","101190301","215","10","bgm_M169","0","101190304","110190031","115611","211001000","0","110190033","100203","100202","0","-145","bgm_M169","-590","0","125341","0","bgm_M169","110190032","2030/12/31 14:59:59","125521","10","100201","0","0","0","2019/06/17 16:00:00","90","0","bgm_M169","11019003","11019","100202","101190302","-50","0","bgm_M169","bgm_M169","0","法艾頓草原‧南部 19-3","0"
"101190405","100110","110190041","0","0","10","0","0","0","101190401","215","10","bgm_M169","0","101190403","110190041","115551","211001000","0","110190043","100203","100202","0","-210","bgm_M169","-395","0","125371","0","bgm_M169","110190042","2030/12/31 14:59:59","125072","10","100201","0","0","0","2019/06/17 16:00:00","90","0","bgm_M169","11019004","11019","100202","0","-50","0","bgm_M169","bgm_M169","0","法艾頓草原‧南部 19-4","0"
"101190506","100050","110190051","0","0","10","0","0","0","101190501","215","10","bgm_M169","0","101190503","110190051","125521","211001000","0","110190053","100039","100038","0","-100","bgm_M169","-240","0","115192","0","bgm_M169","110190052","2030/12/31 14:59:59","125012","10","100037","0","0","0","2019/06/17 16:00:00","90","0","bgm_M169","11019005","11019","100038","101190505","-50","0","bgm_M169","bgm_M169","0","法艾頓草原‧南部 19-5","0"
"101190602","100010","110190061","0","0","10","0","0","0","101190604","215","10","bgm_M169","0","101190605","110190061","125281","211001000","0","110190063","101383","101382","0","30","bgm_M169","-130","0","115102","0","bgm_M169","110190062","2030/12/31 14:59:59","115222","10","101381","0","0","0","2019/06/17 16:00:00","90","0","bgm_M169","11019006","11019","101382","101190606","-50","0","bgm_M169","bgm_M169","0","法艾頓草原‧南部 19-6","0"
"101190704","100020","110190071","0","0","10","0","0","0","101190701","215","10","bgm_M169","0","101190702","110190071","125371","211001000","0","110190073","100023","100022","0","-170","bgm_M169","-85","0","115132","0","bgm_M169","110190072","2030/12/31 14:59:59","115042","10","100021","0","0","0","2019/06/17 16:00:00","90","0","bgm_M169","11019007","11019","100022","101190703","-50","0","bgm_M169","bgm_M169","0","法艾頓草原‧南部 19-7","0"
"101190803","100020","110190081","0","0","10","0","0","0","101190805","215","10","bgm_M169","0","101190807","110190081","125401","211001000","0","110190083","100023","100022","0","-140","bgm_M169","120","0","125162","0","bgm_M169","110190082","2030/12/31 14:59:59","125252","10","100021","0","0","101190804","2019/06/17 16:00:00","90","0","bgm_M169","11019008","11019","100022","101190806","-50","0","bgm_M169","bgm_M169","0","法艾頓草原‧南部 19-8","0"
"101190902","100050","110190091","0","0","10","0","0","0","101190901","215","10","bgm_M169","0","101190904","110190091","125311","211001000","0","110190093","101413","101412","0","45","bgm_M169","110","0","125281","0","bgm_M169","110190092","2030/12/31 14:59:59","125072","10","101411","0","0","0","2019/06/17 16:00:00","90","0","bgm_M169","11019009","11019","101412","101190906","-50","0","bgm_M169","bgm_M169","0","法艾頓草原‧南部 19-9","0"
"101191002","100020","110190101","0","0","10","0","0","0","101191001","215","10","bgm_M169","0","101191005","110190101","125341","211001000","0","110190103","100039","100038","25011","-20","bgm_M169","290","0","125401","0","bgm_M169","110190102","2030/12/31 14:59:59","115042","10","100037","0","0","0","2019/06/17 16:00:00","90","0","bgm_M169","11019010","11019","100038","101191007","-50","0","bgm_M169","bgm_M169","0","法艾頓草原‧南部 19-10","0"
"101191103","100050","110190111","0","0","10","0","0","0","101191101","215","10","bgm_M169","0","101191104","110190111","125281","211001000","0","110190113","101413","101412","25012","-175","bgm_M169","380","0","125371","0","bgm_M169","110190112","2030/12/31 14:59:59","125252","10","101411","0","0","0","2019/06/17 16:00:00","90","0","bgm_M169","11019011","11019","101412","101191107","-50","0","bgm_M169","bgm_M169","0","法艾頓草原‧南部 19-11","0"
"101191206","100020","110190121","0","0","10","0","0","0","101191201","215","10","bgm_M169","0","101191204","110190121","115581","211001000","0","110190123","100023","100022","25013","-120","bgm_M169","585","0","125311","0","bgm_M169","110190122","2030/12/31 14:59:59","125012","10","100021","0","0","0","2019/06/17 16:00:00","90","0","bgm_M169","11019012","11019","100022","101191205","-50","0","bgm_M169","bgm_M169","0","法艾頓草原‧南部 19-12","0"
"101191303","100050","110190131","0","0","10","0","0","0","101191301","215","10","bgm_M169","0","101191305","110190131","115551","211001000","0","110190133","101413","101412","25014","15","bgm_M169","460","0","125341","0","bgm_M169","110190132","2030/12/31 14:59:59","115132","10","101411","0","0","0","2019/06/17 16:00:00","90","0","bgm_M169","11019013","11019","101412","101191306","-50","0","bgm_M169","bgm_M169","0","法艾頓草原‧南部 19-13","0"
"101191403","100050","110190141","9019156","0","10","0","0","0","101191407","215","10","bgm_M170","0","101191405","110190141","115611","211001000","0","110190143","101423","101422","25015","35","bgm_M170","680","0","125521","0","bgm_M170","110190142","2030/12/31 14:59:59","115222","10","101421","0","0","0","2019/06/17 16:00:00","90","0","bgm_M170","11019014","11019","101422","0","-50","0","bgm_M170","bgm_M170","0","法艾頓草原‧南部 19-14","9019155"
"101200105","100050","110200011","0","0","10","0","0","0","101200102","215","10","bgm_M169","0","101200101","110200011","125401","211001000","0","110200013","101413","101412","0","-145","bgm_M169","-535","0","125162","0","bgm_M169","110200012","2030/12/31 14:59:59","115102","10","101411","0","0","0","2019/08/15 16:00:00","90","0","bgm_M169","11020001","11020","101412","0","-50","0","bgm_M169","bgm_M169","0","卡斯塔利亞樹林‧西部 20-1","0"
"101200204","100050","110200021","0","0","10","0","0","0","101200202","215","10","bgm_M169","0","101200203","110200021","125371","211001000","0","110200023","101413","101412","0","0","bgm_M169","-600","0","125252","0","bgm_M169","110200022","2030/12/31 14:59:59","115192","10","101411","0","0","0","2019/08/15 16:00:00","90","0","bgm_M169","11020002","11020","101412","101200205","-50","0","bgm_M169","bgm_M169","0","卡斯塔利亞樹林‧西部 20-2","0"
"101200303","100050","110200031","0","0","10","0","0","0","101200304","215","10","bgm_M169","0","101200301","110200031","125311","211001000","0","110200033","101413","101412","0","95","bgm_M169","-460","0","115222","0","bgm_M169","110200032","2030/12/31 14:59:59","115042","10","101411","0","0","0","2019/08/15 16:00:00","90","0","bgm_M169","11020003","11020","101412","101200305","-50","0","bgm_M169","bgm_M169","0","卡斯塔利亞樹林‧西部 20-3","0"
"101200405","100010","110200041","0","0","10","0","0","0","101200404","215","10","bgm_M169","0","101200401","110200041","125281","211001000","0","110200043","101383","101382","0","-50","bgm_M169","-370","0","115132","0","bgm_M169","110200042","2030/12/31 14:59:59","115582","10","101381","0","0","0","2019/08/15 16:00:00","90","0","bgm_M169","11020004","11020","101382","101200403","-50","0","bgm_M169","bgm_M169","0","卡斯塔利亞樹林‧西部 20-4","0"
"101200505","100010","110200051","0","0","10","0","0","0","101200501","215","10","bgm_M169","0","101200502","110200051","125521","211001000","0","110200053","101383","101382","0","-150","bgm_M169","-260","0","125012","0","bgm_M169","110200052","2030/12/31 14:59:59","115612","10","101381","0","0","0","2019/08/15 16:00:00","90","0","bgm_M169","11020005","11020","101382","101200506","-50","0","bgm_M169","bgm_M169","0","卡斯塔利亞樹林‧西部 20-5","0"
"101200603","100020","110200061","0","0","10","0","0","0","101200601","215","10","bgm_M169","0","101200604","110200061","125401","211001000","0","110200063","100023","100022","0","0","bgm_M169","-170","0","115102","0","bgm_M169","110200062","2030/12/31 14:59:59","115552","10","100021","0","0","0","2019/08/15 16:00:00","90","0","bgm_M169","11020006","11020","100022","101200607","-50","0","bgm_M169","bgm_M169","0","卡斯塔利亞樹林‧西部 20-6","0"
"101200705","100020","110200071","0","0","10","0","0","0","101200704","215","10","bgm_M169","0","101200702","110200071","125341","211001000","0","110200073","100023","100022","0","40","bgm_M169","0","0","125072","0","bgm_M169","110200072","2030/12/31 14:59:59","115582","10","100021","0","0","0","2019/08/15 16:00:00","90","0","bgm_M169","11020007","11020","100022","101200703","-50","0","bgm_M169","bgm_M169","0","卡斯塔利亞樹林‧西部 20-7","0"
"101200806","100020","110200081","0","0","10","0","0","0","101200801","215","10","bgm_M169","0","101200807","110200081","125371","211001000","0","110200083","100039","100038","0","-140","bgm_M169","-20","0","115042","0","bgm_M169","110200082","2030/12/31 14:59:59","115612","10","100037","0","0","0","2019/08/15 16:00:00","90","0","bgm_M169","11020008","11020","100038","101200805","-50","0","bgm_M169","bgm_M169","0","卡斯塔利亞樹林‧西部 20-8","0"
"101200902","100020","110200091","0","0","10","0","0","0","101200904","215","10","bgm_M169","0","101200907","110200091","125311","211001000","0","110200093","100039","100038","0","-200","bgm_M169","120","0","115192","0","bgm_M169","110200092","2030/12/31 14:59:59","115552","10","100037","0","0","101200906","2019/08/15 16:00:00","90","0","bgm_M169","11020009","11020","100038","101200903","-50","0","bgm_M169","bgm_M169","0","卡斯塔利亞樹林‧西部 20-9","0"
"101201002","100080","110200101","0","0","10","0","0","0","101201006","215","10","bgm_M169","0","101201002","110200101","125281","211001000","0","110200103","100053","100052","25011","-60","bgm_M169","180","0","125012","0","bgm_M169","110200102","2030/12/31 14:59:59","115582","10","100051","0","0","101201004","2019/08/15 16:00:00","90","0","bgm_M169","11020010","11020","100052","101201003","-50","0","bgm_M169","bgm_M169","0","卡斯塔利亞樹林‧西部 20-10","0"
"101201103","100080","110200111","0","0","10","0","0","0","101201104","215","10","bgm_M169","0","101201107","110200111","125162","211001000","0","110200113","100053","100052","25012","15","bgm_M169","335","0","115222","0","bgm_M169","110200112","2030/12/31 14:59:59","115612","10","100051","0","0","101201106","2019/08/15 16:00:00","90","0","bgm_M169","11020011","11020","100052","101201105","-50","0","bgm_M169","bgm_M169","0","卡斯塔利亞樹林‧西部 20-11","0"
"101201204","100020","110200121","0","0","10","0","0","0","101201203","215","10","bgm_M169","0","101201201","110200121","125072","211001000","0","110200123","100013","100012","25013","-130","bgm_M169","400","0","115582","0","bgm_M169","110200122","2030/12/31 14:59:59","115552","10","100011","0","0","0","2019/08/15 16:00:00","90","0","bgm_M169","11020012","11020","100012","101201206","-50","0","bgm_M169","bgm_M169","0","卡斯塔利亞樹林‧西部 20-12","0"
"101201305","100020","110200131","0","0","10","0","0","0","101201302","215","10","bgm_M169","0","101201307","110200131","125252","211001000","0","110200133","100016","100015","25014","-90","bgm_M169","580","0","115612","0","bgm_M169","110200132","2030/12/31 14:59:59","115582","10","100014","0","0","101201303","2019/08/15 16:00:00","90","0","bgm_M169","11020013","11020","100015","101201301","-50","0","bgm_M169","bgm_M169","0","卡斯塔利亞樹林‧西部 20-13","0"
"0","100020","110200141","9020156","0","10","0","0","0","101201407","215","10","bgm_M170","0","0","110200141","115132","211001000","0","110200143","100359","100358","25015","35","bgm_M170","680","0","115552","0","bgm_M170","110200142","2030/12/31 14:59:59","115612","10","100357","0","0","0","2019/08/15 16:00:00","90","0","bgm_M170","11020014","11020","100358","0","-50","0","bgm_M170","bgm_M170","0","卡斯塔利亞樹林‧西部 20-14","9020155"
"101210103","100050","110210011","0","0","10","0","0","0","101210102","215","10","bgm_M169","0","101210105","110210011","115132","211001000","0","110210013","101413","101412","0","-165","bgm_M169","-680","0","115582","0","bgm_M169","110210012","2030/12/31 14:59:59","115552","10","101411","0","0","0","2019/08/15 16:00:00","90","0","bgm_M169","11021001","11021","101412","0","-50","0","bgm_M169","bgm_M169","0","卡斯塔利亞樹林‧東部 21-1","0"
"101210205","100050","110210021","0","0","10","0","0","0","101210201","215","10","bgm_M169","0","101210202","110210021","115102","211001000","0","110210023","101413","101412","0","-35","bgm_M169","-565","0","115612","0","bgm_M169","110210022","2030/12/31 14:59:59","115582","10","101411","0","0","0","2019/08/15 16:00:00","90","0","bgm_M169","11021002","11021","101412","101210204","-50","0","bgm_M169","bgm_M169","0","卡斯塔利亞樹林‧東部 21-2","0"
"101210306","100020","110210031","0","0","10","0","0","0","101210301","215","10","bgm_M169","0","101210304","110210031","125072","211001000","0","110210033","100023","100022","0","65","bgm_M169","-410","0","115552","0","bgm_M169","110210032","2030/12/31 14:59:59","115612","10","100021","0","0","0","2019/08/15 16:00:00","90","0","bgm_M169","11021003","11021","100022","101210307","-50","0","bgm_M169","bgm_M169","0","卡斯塔利亞樹林‧東部 21-3","0"
"101210405","100020","110210041","0","0","10","0","0","0","101210404","215","10","bgm_M169","0","101210401","110210041","125162","211001000","0","110210043","100023","100022","0","-105","bgm_M169","-370","0","115552","0","bgm_M169","110210042","2030/12/31 14:59:59","125431","10","100021","0","0","0","2019/08/15 16:00:00","90","0","bgm_M169","11021004","11021","100022","101210403","-50","0","bgm_M169","bgm_M169","0","卡斯塔利亞樹林‧東部 21-4","0"
"101210505","100010","110210051","0","0","10","0","0","0","101210501","215","10","bgm_M169","0","101210502","110210051","115042","211001000","0","110210053","101383","101382","0","-175","bgm_M169","-190","0","115582","0","bgm_M169","110210052","2030/12/31 14:59:59","125342","10","101381","0","0","0","2019/08/15 16:00:00","90","0","bgm_M169","11021005","11021","101382","101210506","-50","0","bgm_M169","bgm_M169","0","卡斯塔利亞樹林‧東部 21-5","0"
"101210606","100020","110210061","0","0","10","0","0","0","101210601","215","10","bgm_M169","0","101210603","110210061","115222","211001000","0","110210063","100023","100022","0","-130","bgm_M169","0","0","115612","0","bgm_M169","110210062","2030/12/31 14:59:59","125522","10","100021","0","0","0","2019/08/15 16:00:00","90","0","bgm_M169","11021006","11021","100022","101210604","-50","0","bgm_M169","bgm_M169","0","卡斯塔利亞樹林‧東部 21-6","0"
"101210705","100020","110210071","0","0","10","0","0","0","101210704","215","10","bgm_M169","0","101210702","110210071","115192","211001000","0","110210073","100039","100038","0","-5","bgm_M169","-150","0","115552","0","bgm_M169","110210072","2030/12/31 14:59:59","125282","10","100037","0","0","0","2019/08/15 16:00:00","90","0","bgm_M169","11021007","11021","100038","101210703","-50","0","bgm_M169","bgm_M169","0","卡斯塔利亞樹林‧東部 21-7","0"
"101210803","100080","110210081","0","0","10","0","0","0","101210801","215","10","bgm_M169","0","101210804","110210081","125012","211001000","0","110210083","100053","100052","0","65","bgm_M169","40","0","115582","0","bgm_M169","110210082","2030/12/31 14:59:59","125312","10","100051","0","0","0","2019/08/15 16:00:00","90","0","bgm_M169","11021008","11021","100052","101210806","-50","0","bgm_M169","bgm_M169","0","卡斯塔利亞樹林‧東部 21-8","0"
"101210905","100020","110210091","0","0","10","0","0","0","101210904","215","10","bgm_M169","0","101210901","110210091","125252","211001000","0","110210093","100039","100038","0","20","bgm_M169","245","0","115612","0","bgm_M169","110210092","2030/12/31 14:59:59","125372","10","100037","0","0","101210906","2019/08/15 16:00:00","90","0","bgm_M169","11021009","11021","100038","101210903","-50","0","bgm_M169","bgm_M169","0","卡斯塔利亞樹林‧東部 21-9","0"
"101211005","100080","110210101","0","0","10","0","0","0","101211002","215","10","bgm_M169","0","101211006","110210101","115132","211001000","0","110210103","100053","100052","25011","-175","bgm_M169","215","0","115552","0","bgm_M169","110210102","2030/12/31 14:59:59","125342","10","100051","0","0","101211004","2019/08/15 16:00:00","90","0","bgm_M169","11021010","11021","100052","101211007","-50","0","bgm_M169","bgm_M169","0","卡斯塔利亞樹林‧東部 21-10","0"
"101211104","100020","110210111","0","0","10","0","0","0","101211101","215","10","bgm_M169","0","101211107","110210111","115102","211001000","0","110210113","100023","100022","25012","-130","bgm_M169","400","0","115582","0","bgm_M169","110210112","2030/12/31 14:59:59","125522","10","100021","0","0","0","2019/08/15 16:00:00","90","0","bgm_M169","11021011","11021","100022","101211106","-50","0","bgm_M169","bgm_M169","0","卡斯塔利亞樹林‧東部 21-11","0"
"101211204","100020","110210121","0","0","10","0","0","0","101211203","215","10","bgm_M169","0","101211201","110210121","115552","211001000","0","110210123","100039","100038","25013","35","bgm_M169","470","0","125431","0","bgm_M169","110210122","2030/12/31 14:59:59","125312","10","100037","0","0","0","2019/08/15 16:00:00","90","0","bgm_M169","11021012","11021","100038","101211205","-50","0","bgm_M169","bgm_M169","0","卡斯塔利亞樹林‧東部 21-12","0"
"101211301","100080","110210131","0","0","10","0","0","0","101211303","215","10","bgm_M169","0","101211306","110210131","115612","211001000","0","110210133","100053","100052","25014","-100","bgm_M169","600","0","125522","0","bgm_M169","110210132","2030/12/31 14:59:59","125372","10","100051","0","0","101211304","2019/08/15 16:00:00","90","0","bgm_M169","11021013","11021","100052","101211308","-50","0","bgm_M169","bgm_M169","0","卡斯塔利亞樹林‧東部 21-13","0"
"101211404","100020","110210141","9021156","0","10","0","0","0","101211407","215","10","bgm_M170","0","101211401","110210141","115582","211001000","0","110210143","100359","100358","25015","70","bgm_M170","680","0","125342","0","bgm_M170","110210142","2030/12/31 14:59:59","125282","10","100357","0","0","0","2019/08/15 16:00:00","90","0","bgm_M170","11021014","11021","100358","0","-50","0","bgm_M170","bgm_M170","0","卡斯塔利亞樹林‧東部 21-14","9021155"
"101220106","100050","110220011","0","0","10","0","0","0","101220101","215","10","bgm_M169","0","101220105","110220011","115552","211001000","0","110220013","101413","101412","0","-170","bgm_M169","-680","0","125282","0","bgm_M169","110220012","2030/12/31 14:59:59","125431","10","101411","0","0","0","2019/09/17 16:00:00","90","0","bgm_M169","11022001","11022","101412","0","-50","0","bgm_M169","bgm_M169","0","馬提爾德岩峰‧南部 22-1","0"
"101220205","100050","110220021","0","0","10","0","0","0","101220201","215","10","bgm_M169","0","101220203","110220021","115612","211001000","0","110220023","101413","101412","0","-55","bgm_M169","-520","0","125312","0","bgm_M169","110220022","2030/12/31 14:59:59","125342","10","101411","0","0","0","2019/09/17 16:00:00","90","0","bgm_M169","11022002","11022","101412","101220204","-50","0","bgm_M169","bgm_M169","0","馬提爾德岩峰‧南部 22-2","0"
"101220303","100050","110220031","0","0","10","0","0","0","101220302","215","10","bgm_M169","0","101220304","110220031","115582","211001000","0","110220033","101413","101412","0","0","bgm_M169","-350","0","125431","0","bgm_M169","110220032","2030/12/31 14:59:59","125522","10","101411","0","0","0","2019/09/17 16:00:00","90","0","bgm_M169","11022003","11022","101412","101220307","-50","0","bgm_M169","bgm_M169","0","馬提爾德岩峰‧南部 22-3","0"
"101220405","100020","110220041","0","0","10","0","0","0","101220404","215","10","bgm_M169","0","101220402","110220041","115552","211001000","0","110220043","100016","100015","0","-175","bgm_M169","-380","0","125372","0","bgm_M169","110220042","2030/12/31 14:59:59","115073","10","100014","0","0","0","2019/09/17 16:00:00","90","0","bgm_M169","11022004","11022","100015","101220403","-50","0","bgm_M169","bgm_M169","0","馬提爾德岩峰‧南部 22-4","0"
"101220502","100020","110220051","0","0","10","0","0","0","101220501","215","10","bgm_M169","0","101220503","110220051","115222","211001000","0","110220053","100016","100015","0","-175","bgm_M169","-150","0","125193","0","bgm_M169","110220052","2030/12/31 14:59:59","125013","10","100014","0","0","0","2019/09/17 16:00:00","90","0","bgm_M169","11022005","11022","100015","101220505","-50","0","bgm_M169","bgm_M169","0","馬提爾德岩峰‧南部 22-5","0"
"101220608","100450","110220061","0","0","10","0","0","0","101220601","215","10","bgm_M169","0","101220603","110220061","125282","211001000","0","110220063","101623","101622","0","-110","bgm_M169","30","0","125103","0","bgm_M169","110220062","2030/12/31 14:59:59","125223","10","101621","0","0","0","2019/09/17 16:00:00","90","0","bgm_M169","11022006","11022","101622","101220604","-50","0","bgm_M169","bgm_M169","0","馬提爾德岩峰‧南部 22-6","0"
"101220705","100450","110220071","0","0","10","0","0","0","101220702","215","10","bgm_M169","0","101220704","110220071","125372","211001000","0","110220073","101623","101622","0","-5","bgm_M169","-150","0","115133","0","bgm_M169","110220072","2030/12/31 14:59:59","125043","10","101621","0","0","0","2019/09/17 16:00:00","90","0","bgm_M169","11022007","11022","101622","101220707","-50","0","bgm_M169","bgm_M169","0","馬提爾德岩峰‧南部 22-7","0"
"101220804","100450","110220081","0","0","10","0","0","0","101220801","215","10","bgm_M169","0","101220803","110220081","125342","211001000","0","110220083","101623","101622","0","65","bgm_M169","40","0","115163","0","bgm_M169","110220082","2030/12/31 14:59:59","125253","10","101621","0","0","0","2019/09/17 16:00:00","90","0","bgm_M169","11022008","11022","101622","101220806","-50","0","bgm_M169","bgm_M169","0","馬提爾德岩峰‧南部 22-8","0"
"101220904","100450","110220091","0","0","10","0","0","0","101220903","215","10","bgm_M169","0","101220901","110220091","125372","211001000","0","110220093","101623","101622","0","75","bgm_M169","245","0","125312","0","bgm_M169","110220092","2030/12/31 14:59:59","115073","10","101621","0","0","0","2019/09/17 16:00:00","90","0","bgm_M169","11022009","11022","101622","101220906","-50","0","bgm_M169","bgm_M169","0","馬提爾德岩峰‧南部 22-9","0"
"101221003","100020","110220101","0","0","10","0","0","0","101221001","215","10","bgm_M169","0","101221005","110220101","125431","211001000","0","110220103","100016","100015","25011","-110","bgm_M169","265","0","125282","0","bgm_M169","110220102","2030/12/31 14:59:59","125043","10","100014","0","0","101221006","2019/09/17 16:00:00","90","0","bgm_M169","11022010","11022","100015","101221004","-50","0","bgm_M169","bgm_M169","0","馬提爾德岩峰‧南部 22-10","0"
"101221104","100020","110220111","0","0","10","0","0","0","101221101","215","10","bgm_M169","0","101221102","110220111","125372","211001000","0","110220113","100016","100015","25012","-130","bgm_M169","465","0","125522","0","bgm_M169","110220112","2030/12/31 14:59:59","125253","10","100014","0","0","0","2019/09/17 16:00:00","90","0","bgm_M169","11022011","11022","100015","101221105","-50","0","bgm_M169","bgm_M169","0","馬提爾德岩峰‧南部 22-11","0"
"101221206","100020","110220121","0","0","10","0","0","0","101221203","215","10","bgm_M169","0","101221201","110220121","115612","211001000","0","110220123","100016","100015","25013","-100","bgm_M169","650","0","125342","0","bgm_M169","110220122","2030/12/31 14:59:59","125013","10","100014","0","0","101221204","2019/09/17 16:00:00","90","0","bgm_M169","11022012","11022","100015","101221205","-50","0","bgm_M169","bgm_M169","0","馬提爾德岩峰‧南部 22-12","0"
"101221305","100450","110220131","0","0","10","0","0","0","101221302","215","10","bgm_M169","0","101221301","110220131","115552","211001000","0","110220133","101623","101622","25014","30","bgm_M169","450","0","125431","0","bgm_M169","110220132","2030/12/31 14:59:59","115133","10","101621","0","0","101221309","2019/09/17 16:00:00","90","0","bgm_M169","11022013","11022","101622","101221303","-50","0","bgm_M169","bgm_M169","0","馬提爾德岩峰‧南部 22-13","0"
"0","100450","110220141","9022156","0","10","0","0","0","101221407","215","10","bgm_M170","0","0","110220141","125012","211001000","0","110220143","101633","101632","25015","70","bgm_M170","630","0","125372","0","bgm_M170","110220142","2030/12/31 14:59:59","125223","10","101631","0","0","0","2019/09/17 16:00:00","90","0","bgm_M170","11022014","11022","101632","0","-50","0","bgm_M170","bgm_M170","0","馬提爾德岩峰‧南部 22-14","9022155"
"101230103","100450","110230011","0","0","10","0","0","0","101230102","215","10","bgm_M169","0","101230105","110230011","125312","211001000","0","110230013","100103","100102","0","0","bgm_M169","-680","0","125043","0","bgm_M169","110230012","2030/12/31 14:59:59","125103","10","100101","0","0","0","2019/09/17 16:00:00","90","0","bgm_M169","11023001","11023","100102","0","-50","0","bgm_M169","bgm_M169","0","馬提爾德岩峰‧北部 23-1","0"
"101230204","100050","110230021","0","0","10","0","0","0","101230203","215","10","bgm_M169","0","101230201","110230021","125522","211001000","0","110230023","100039","100038","0","60","bgm_M169","-520","0","115073","0","bgm_M169","110230022","2030/12/31 14:59:59","125223","10","100037","0","0","0","2019/09/17 16:00:00","90","0","bgm_M169","11023002","11023","100038","101230202","-50","0","bgm_M169","bgm_M169","0","馬提爾德岩峰‧北部 23-2","0"
"101230303","100450","110230031","0","0","10","0","0","0","101230301","215","10","bgm_M169","0","101230304","110230031","125431","211001000","0","110230033","100103","100102","0","40","bgm_M169","-350","0","125013","0","bgm_M169","110230032","2030/12/31 14:59:59","125253","10","100101","0","0","0","2019/09/17 16:00:00","90","0","bgm_M169","11023003","11023","100102","101230302","-50","0","bgm_M169","bgm_M169","0","馬提爾德岩峰‧北部 23-3","0"
"101230405","100460","110230041","0","0","10","0","0","0","101230401","215","10","bgm_M169","0","101230403","110230041","125342","211001000","0","110230043","101673","101672","0","-105","bgm_M169","-480","0","115133","0","bgm_M169","110230042","2030/12/31 14:59:59","115583","10","101671","0","0","0","2019/09/17 16:00:00","90","0","bgm_M169","11023004","11023","101672","0","-50","0","bgm_M169","bgm_M169","0","馬提爾德岩峰‧北部 23-4","0"
"101230506","100460","110230051","0","0","10","0","0","0","101230501","215","10","bgm_M169","0","101230504","110230051","125282","211001000","0","110230053","101673","101672","0","-175","bgm_M169","-320","0","115163","0","bgm_M169","110230052","2030/12/31 14:59:59","115613","10","101671","0","0","0","2019/09/17 16:00:00","90","0","bgm_M169","11023005","11023","101672","101230503","-50","0","bgm_M169","bgm_M169","0","馬提爾德岩峰‧北部 23-5","0"
"101230606","100020","110230061","0","0","10","0","0","0","101230601","215","10","bgm_M169","0","101230605","110230061","125431","211001000","0","110230063","100016","100015","0","-150","bgm_M169","-130","0","125193","0","bgm_M169","110230062","2030/12/31 14:59:59","115553","10","100014","0","0","0","2019/09/17 16:00:00","90","0","bgm_M169","11023006","11023","100015","101230609","-50","0","bgm_M169","bgm_M169","0","馬提爾德岩峰‧北部 23-6","0"
"101230704","100450","110230071","0","0","10","0","0","0","101230701","215","10","bgm_M169","0","101230702","110230071","125372","211001000","0","110230073","101623","101622","0","15","bgm_M169","-170","0","125103","0","bgm_M169","110230072","2030/12/31 14:59:59","115583","10","101621","0","0","0","2019/09/17 16:00:00","90","0","bgm_M169","11023007","11023","101622","101230703","-50","0","bgm_M169","bgm_M169","0","馬提爾德岩峰‧北部 23-7","0"
"101230803","100450","110230081","0","0","10","0","0","0","101230802","215","10","bgm_M169","0","101230805","110230081","125342","211001000","0","110230083","101623","101622","0","45","bgm_M169","0","0","115073","0","bgm_M169","110230082","2030/12/31 14:59:59","115613","10","101621","0","0","101230807","2019/09/17 16:00:00","90","0","bgm_M169","11023008","11023","101622","101230806","-50","0","bgm_M169","bgm_M169","0","馬提爾德岩峰‧北部 23-8","0"
"101230909","100450","110230091","0","0","10","0","0","0","101230901","215","10","bgm_M169","0","101230904","110230091","125522","211001000","0","110230093","101623","101622","0","-85","bgm_M169","125","0","125223","0","bgm_M169","110230092","2030/12/31 14:59:59","115553","10","101621","0","0","0","2019/09/17 16:00:00","90","0","bgm_M169","11023009","11023","101622","101230906","-50","0","bgm_M169","bgm_M169","0","馬提爾德岩峰‧北部 23-9","0"
"101231005","100460","110230101","0","0","10","0","0","0","101231001","215","10","bgm_M169","0","101231007","110230101","125431","211001000","0","110230103","101673","101672","25011","35","bgm_M169","270","0","125043","0","bgm_M169","110230102","2030/12/31 14:59:59","115583","10","101671","0","0","0","2019/09/17 16:00:00","90","0","bgm_M169","11023010","11023","101672","101231003","-50","0","bgm_M169","bgm_M169","0","馬提爾德岩峰‧北部 23-10","0"
"101231110","100020","110230111","0","0","10","0","0","0","101231101","215","10","bgm_M169","0","101231104","110230111","125312","211001000","0","110230113","100016","100015","25012","-130","bgm_M169","385","0","125013","0","bgm_M169","110230112","2030/12/31 14:59:59","115613","10","100014","0","0","0","2019/09/17 16:00:00","90","0","bgm_M169","11023011","11023","100015","101231107","-50","0","bgm_M169","bgm_M169","0","馬提爾德岩峰‧北部 23-11","0"
"101231204","100020","110230121","0","0","10","0","0","0","101231201","215","10","bgm_M169","0","101231203","110230121","115073","211001000","0","110230123","100016","100015","25013","-120","bgm_M169","590","0","115553","0","bgm_M169","110230122","2030/12/31 14:59:59","115583","10","100014","0","0","0","2019/09/17 16:00:00","90","0","bgm_M169","11023012","11023","100015","101231206","-50","0","bgm_M169","bgm_M169","0","馬提爾德岩峰‧北部 23-12","0"
"101231310","100460","110230131","0","0","10","0","0","0","101231301","215","10","bgm_M169","0","101231303","110230131","125193","211001000","0","110230133","101673","101672","25014","20","bgm_M169","480","0","115583","0","bgm_M169","110230132","2030/12/31 14:59:59","115613","10","101671","0","0","0","2019/09/17 16:00:00","90","0","bgm_M169","11023013","11023","101672","101231309","-50","0","bgm_M169","bgm_M169","0","馬提爾德岩峰‧北部 23-13","0"
"101231403","100450","110230141","9023156","0","10","0","0","0","101231410","215","10","bgm_M170","0","101231402","110230141","125223","211001000","0","110230143","101633","101632","25015","45","bgm_M170","680","0","115613","0","bgm_M170","110230142","2030/12/31 14:59:59","115553","10","101631","0","0","0","2019/09/17 16:00:00","90","0","bgm_M170","11023014","11023","101632","101231404","-50","0","bgm_M170","bgm_M170","0","馬提爾德岩峰‧北部 23-14","9023155"
"101240103","100450","110240011","0","0","10","0","0","0","101240102","215","10","bgm_M169","0","101240104","110240011","115133","211001000","0","110240013","101623","101622","0","-170","bgm_M169","-700","0","125223","0","bgm_M169","110240012","2030/12/31 14:59:59","115553","10","101621","0","0","0","2019/10/15 16:00:00","90","0","bgm_M169","11024001","11024","101622","0","-50","0","bgm_M169","bgm_M169","0","雷蒂烏斯群峰‧西麓 24-1","0"
"101240203","100050","110240021","0","0","10","0","0","0","101240205","215","10","bgm_M169","0","101240202","110240021","125013","211001000","0","110240023","100103","100102","0","-210","bgm_M169","-540","0","115163","0","bgm_M169","110240022","2030/12/31 14:59:59","115613","10","100101","0","0","0","2019/10/15 16:00:00","90","0","bgm_M169","11024002","11024","100102","0","-50","0","bgm_M169","bgm_M169","0","雷蒂烏斯群峰‧西麓 24-2","0"
"101240304","100450","110240031","0","0","10","0","0","0","101240302","215","10","bgm_M169","0","101240307","110240031","115073","211001000","0","110240033","101623","101622","0","-150","bgm_M169","-370","0","125253","0","bgm_M169","110240032","2030/12/31 14:59:59","115583","10","101621","0","0","0","2019/10/15 16:00:00","90","0","bgm_M169","11024003","11024","101622","0","-50","0","bgm_M169","bgm_M169","0","雷蒂烏斯群峰‧西麓 24-3","0"
"101240405","100460","110240041","0","0","10","0","0","0","101240401","215","10","bgm_M169","0","101240406","110240041","115163","211001000","0","110240043","101673","101672","0","-50","bgm_M169","-500","0","115553","0","bgm_M169","110240042","2030/12/31 14:59:59","125491","10","101671","0","0","0","2019/10/15 16:00:00","90","0","bgm_M169","11024004","11024","101672","101240403","-50","0","bgm_M169","bgm_M169","0","雷蒂烏斯群峰‧西麓 24-4","0"
"101240501","100020","110240051","0","0","10","0","0","0","101240504","215","10","bgm_M169","0","101240502","110240051","125043","211001000","0","110240053","100039","100038","0","20","bgm_M169","-320","0","115613","0","bgm_M169","110240052","2030/12/31 14:59:59","125343","10","100037","0","0","0","2019/10/15 16:00:00","90","0","bgm_M169","11024005","11024","100038","101240505","-50","0","bgm_M169","bgm_M169","0","雷蒂烏斯群峰‧西麓 24-5","0"
"101240602","100020","110240061","0","0","10","0","0","0","101240601","215","10","bgm_M169","0","101240605","110240061","125223","211001000","0","110240063","100039","100038","0","-90","bgm_M169","-190","0","115583","0","bgm_M169","110240062","2030/12/31 14:59:59","125373","10","100037","0","0","0","2019/10/15 16:00:00","90","0","bgm_M169","11024006","11024","100038","101240607","-50","0","bgm_M169","bgm_M169","0","雷蒂烏斯群峰‧西麓 24-6","0"
"101240707","100450","110240071","0","0","10","0","0","0","101240701","215","10","bgm_M169","0","101240705","110240071","125193","211001000","0","110240073","101783","101782","0","30","bgm_M169","-70","0","115553","0","bgm_M169","110240072","2030/12/31 14:59:59","125283","10","101781","0","0","0","2019/10/15 16:00:00","90","0","bgm_M169","11024007","11024","101782","101240703","-50","0","bgm_M169","bgm_M169","0","雷蒂烏斯群峰‧西麓 24-7","0"
"101240802","100450","110240081","0","0","10","0","0","0","101240807","215","10","bgm_M169","0","101240805","110240081","125013","211001000","0","110240083","101783","101782","0","45","bgm_M169","100","0","115613","0","bgm_M169","110240082","2030/12/31 14:59:59","125313","10","101781","0","0","0","2019/10/15 16:00:00","90","0","bgm_M169","11024008","11024","101782","101240806","-50","0","bgm_M169","bgm_M169","0","雷蒂烏斯群峰‧西麓 24-8","0"
"101240908","100460","110240091","0","0","10","0","0","0","101240902","215","10","bgm_M169","0","101240904","110240091","125103","211001000","0","110240093","101673","101672","0","-125","bgm_M169","50","0","115583","0","bgm_M169","110240092","2030/12/31 14:59:59","125462","10","101671","0","0","0","2019/10/15 16:00:00","90","0","bgm_M169","11024009","11024","101672","101240905","-50","0","bgm_M169","bgm_M169","0","雷蒂烏斯群峰‧西麓 24-9","0"
"101241008","100460","110240101","0","0","10","0","0","0","101241001","215","10","bgm_M169","0","101241004","110240101","115073","211001000","0","110240103","101673","101672","25011","-185","bgm_M169","220","0","115553","0","bgm_M169","110240102","2030/12/31 14:59:59","125343","10","101671","0","0","0","2019/10/15 16:00:00","90","0","bgm_M169","11024010","11024","101672","101241002","-50","0","bgm_M169","bgm_M169","0","雷蒂烏斯群峰‧西麓 24-10","0"
"101241103","100450","110240111","0","0","10","0","0","0","101241101","215","10","bgm_M169","0","101241104","110240111","125253","211001000","0","110240113","101623","101622","25012","-20","bgm_M169","295","0","115583","0","bgm_M169","110240112","2030/12/31 14:59:59","125373","10","101621","0","0","101241105","2019/10/15 16:00:00","90","0","bgm_M169","11024011","11024","101622","101241107","-50","0","bgm_M169","bgm_M169","0","雷蒂烏斯群峰‧西麓 24-11","0"
"101241202","100450","110240121","0","0","10","0","0","0","101241201","215","10","bgm_M169","0","101241204","110240121","115553","211001000","0","110240123","101783","101782","25013","-125","bgm_M169","430","0","125491","0","bgm_M169","110240122","2030/12/31 14:59:59","125313","10","101781","0","0","0","2019/10/15 16:00:00","90","0","bgm_M169","11024012","11024","101782","101241203","-50","0","bgm_M169","bgm_M169","0","雷蒂烏斯群峰‧西麓 24-12","0"
"101241308","100450","110240131","0","0","10","0","0","0","101241301","215","10","bgm_M169","0","101241304","110240131","115583","211001000","0","110240133","101783","101782","25014","-110","bgm_M169","610","0","125462","0","bgm_M169","110240132","2030/12/31 14:59:59","125373","10","101781","0","0","101241306","2019/10/15 16:00:00","90","0","bgm_M169","11024013","11024","101782","101241303","-50","0","bgm_M169","bgm_M169","0","雷蒂烏斯群峰‧西麓 24-13","0"
"0","100450","110240141","9024156","0","10","0","0","0","101241410","215","10","bgm_M170","0","0","110240141","115613","211001000","0","110240143","101793","101792","25015","45","bgm_M170","680","0","125283","0","bgm_M170","110240142","2030/12/31 14:59:59","125343","10","101791","0","0","0","2019/10/15 16:00:00","90","0","bgm_M170","11024014","11024","101792","0","-50","0","bgm_M170","bgm_M170","0","雷蒂烏斯群峰‧西麓 24-14","9024155"
"101250105","100450","110250011","0","0","10","0","0","0","101250102","215","10","bgm_M169","0","101250104","110250011","115583","211001000","0","110250013","101623","101622","0","50","bgm_M169","-720","0","125462","0","bgm_M169","110250012","2030/12/31 14:59:59","125283","10","101621","0","0","0","2019/11/15 16:00:00","90","0","bgm_M169","11025001","11025","101622","0","-50","0","bgm_M169","bgm_M169","0","雷蒂烏斯群峰‧東麓 25-1","0"
"101250203","100020","110250021","0","0","10","0","0","0","101250202","215","10","bgm_M169","0","101250206","110250021","115613","211001000","0","110250023","100103","100102","0","120","bgm_M169","-550","0","125313","0","bgm_M169","110250022","2030/12/31 14:59:59","125343","10","100101","0","0","0","2019/11/15 16:00:00","90","0","bgm_M169","11025002","11025","100102","101250205","-50","0","bgm_M169","bgm_M169","0","雷蒂烏斯群峰‧東麓 25-2","0"
"101250303","100020","110250031","0","0","10","0","0","0","101250304","215","10","bgm_M169","0","101250301","110250031","115553","211001000","0","110250033","100039","100038","0","-20","bgm_M169","-430","0","125491","0","bgm_M169","110250032","2030/12/31 14:59:59","125373","10","100037","0","0","0","2019/11/15 16:00:00","90","0","bgm_M169","11025003","11025","100038","101250302","-50","0","bgm_M169","bgm_M169","0","雷蒂烏斯群峰‧東麓 25-3","0"
"101250404","100460","110250041","0","0","10","0","0","0","101250401","215","10","bgm_M169","0","101250403","110250041","115583","211001000","0","110250043","101673","101672","0","-115","bgm_M169","-600","0","115553","0","bgm_M169","110250042","2030/12/31 14:59:59","115254","10","101671","0","0","0","2019/11/15 16:00:00","90","0","bgm_M169","11025004","11025","101672","101250405","-50","0","bgm_M169","bgm_M169","0","雷蒂烏斯群峰‧東麓 25-4","0"
"101250505","100450","110250051","0","0","10","0","0","0","101250501","215","10","bgm_M169","0","101250503","110250051","115613","211001000","0","110250053","101623","101622","0","-185","bgm_M169","-380","0","115583","0","bgm_M169","110250052","2030/12/31 14:59:59","115104","10","101621","0","0","0","2019/11/15 16:00:00","90","0","bgm_M169","11025005","11025","101622","101250502","-50","0","bgm_M169","bgm_M169","0","雷蒂烏斯群峰‧東麓 25-5","0"
"101250606","100020","110250061","0","0","10","0","0","0","101250601","215","10","bgm_M169","0","101250605","110250061","115553","211001000","0","110250063","100039","100038","0","-30","bgm_M169","-245","0","115613","0","bgm_M169","110250062","2030/12/31 14:59:59","125224","10","100037","0","0","0","2019/11/15 16:00:00","90","0","bgm_M169","11025006","11025","100038","101250608","-50","0","bgm_M169","bgm_M169","0","雷蒂烏斯群峰‧東麓 25-6","0"
"101250704","100450","110250071","0","0","10","0","0","0","101250701","215","10","bgm_M169","0","101250707","110250071","115583","211001000","0","110250073","101783","101782","0","25","bgm_M169","-50","0","125462","0","bgm_M169","110250072","2030/12/31 14:59:59","125014","10","101781","0","0","0","2019/11/15 16:00:00","90","0","bgm_M169","11025007","11025","101782","101250703","-50","0","bgm_M169","bgm_M169","0","雷蒂烏斯群峰‧東麓 25-7","0"
"101250806","100450","110250081","0","0","10","0","0","0","101250809","215","10","bgm_M169","0","101250801","110250081","115613","211001000","0","110250083","101623","101622","0","-175","bgm_M169","0","0","125313","0","bgm_M169","110250082","2030/12/31 14:59:59","115194","10","101621","0","0","101250807","2019/11/15 16:00:00","90","0","bgm_M169","11025008","11025","101622","101250808","-50","0","bgm_M169","bgm_M169","0","雷蒂烏斯群峰‧東麓 25-8","0"
"101250905","100460","110250091","0","0","10","0","0","0","101250907","215","10","bgm_M169","0","101250902","110250091","115553","211001000","0","110250093","101673","101672","0","-15","bgm_M169","130","0","125491","0","bgm_M169","110250092","2030/12/31 14:59:59","125164","10","101671","0","0","0","2019/11/15 16:00:00","90","0","bgm_M169","11025009","11025","101672","101250903","-50","0","bgm_M169","bgm_M169","0","雷蒂烏斯群峰‧東麓 25-9","0"
"101251005","100460","110250101","0","0","10","0","0","0","101251002","215","10","bgm_M169","0","101251004","110250101","115613","211001000","0","110250103","101673","101672","25011","0","bgm_M169","320","0","125343","0","bgm_M169","110250102","2030/12/31 14:59:59","125074","10","101671","0","0","0","2019/11/15 16:00:00","90","0","bgm_M169","11025010","11025","101672","101251003","-50","0","bgm_M169","bgm_M169","0","雷蒂烏斯群峰‧東麓 25-10","0"
"101251103","100450","110250111","0","0","10","0","0","0","101251104","215","10","bgm_M169","0","101251101","110250111","115553","211001000","0","110250113","101783","101782","25012","-175","bgm_M169","270","0","125313","0","bgm_M169","110250112","2030/12/31 14:59:59","125134","10","101781","0","0","0","2019/11/15 16:00:00","90","0","bgm_M169","11025011","11025","101782","101251105","-50","0","bgm_M169","bgm_M169","0","雷蒂烏斯群峰‧東麓 25-11","0"
"101251201","100450","110250121","0","0","10","0","0","0","101251207","215","10","bgm_M169","0","101251208","110250121","125283","211001000","0","110250123","101783","101782","25013","-125","bgm_M169","460","0","115254","0","bgm_M169","110250122","2030/12/31 14:59:59","125044","10","101781","0","0","0","2019/11/15 16:00:00","90","0","bgm_M169","11025012","11025","101782","101251205","-50","0","bgm_M169","bgm_M169","0","雷蒂烏斯群峰‧東麓 25-12","0"
"101251303","100450","110250131","0","0","10","0","0","0","101251301","215","10","bgm_M169","0","101251308","110250131","125373","211001000","0","110250133","101783","101782","25014","25","bgm_M169","515","0","115104","0","bgm_M169","110250132","2030/12/31 14:59:59","125224","10","101781","0","0","0","2019/11/15 16:00:00","90","0","bgm_M169","11025013","11025","101782","101251307","-50","0","bgm_M169","bgm_M169","0","雷蒂烏斯群峰‧東麓 25-13","0"
"0","100450","110250141","9025156","0","10","0","0","0","101251410","215","10","bgm_M170","0","101251407","110250141","125343","211001000","0","110250143","101793","101792","25015","-75","bgm_M170","660","0","115194","0","bgm_M170","110250142","2030/12/31 14:59:59","125014","10","101791","0","0","0","2019/11/15 16:00:00","90","0","bgm_M170","11025014","11025","101792","0","-50","0","bgm_M170","bgm_M170","0","雷蒂烏斯群峰‧東麓 25-14","9025155"
"101260104","100020","110260011","0","0","10","0","0","0","101260105","215","10","bgm_M169","0","101260102","110260011","125491","211001000","0","110260013","100023","100022","0","-20","bgm_M169","-800","0","125044","0","bgm_M169","110260012","2030/12/31 14:59:59","125074","10","100021","0","0","0","2019/12/13 16:00:00","90","0","bgm_M169","11026001","11026","100022","0","-50","0","bgm_M169","bgm_M169","0","佩特羅大森林‧西部 26-1","0"
"101260204","100020","110260021","0","0","10","0","0","0","101260205","215","10","bgm_M169","0","101260202","110260021","125313","211001000","0","110260023","100023","100022","0","40","bgm_M169","-640","0","115194","0","bgm_M169","110260022","2030/12/31 14:59:59","125224","10","100021","0","0","0","2019/12/13 16:00:00","90","0","bgm_M169","11026002","11026","100022","101260206","-50","0","bgm_M169","bgm_M169","0","佩特羅大森林‧西部 26-2","0"
"101260304","100020","110260031","0","0","10","0","0","0","101260302","215","10","bgm_M169","0","101260307","110260031","125462","211001000","0","110260033","100023","100022","0","-110","bgm_M169","-580","0","115254","0","bgm_M169","110260032","2030/12/31 14:59:59","125014","10","100021","0","0","0","2019/12/13 16:00:00","90","0","bgm_M169","11026003","11026","100022","0","-50","0","bgm_M169","bgm_M169","0","佩特羅大森林‧西部 26-3","0"
"101260405","100020","110260041","0","0","10","0","0","0","101260401","215","10","bgm_M169","0","101260406","110260041","125373","211001000","0","110260043","100039","100038","0","-175","bgm_M169","-420","0","115104","0","bgm_M169","110260042","2030/12/31 14:59:59","115554","10","100037","0","0","0","2019/12/13 16:00:00","90","0","bgm_M169","11026004","11026","100038","101260403","-50","0","bgm_M169","bgm_M169","0","佩特羅大森林‧西部 26-4","0"
"101260503","100450","110260051","0","0","10","0","0","0","101260504","215","10","bgm_M169","0","101260502","110260051","125283","211001000","0","110260053","101623","101622","0","-30","bgm_M169","-360","0","125134","0","bgm_M169","110260052","2030/12/31 14:59:59","115584","10","101621","0","0","0","2019/12/13 16:00:00","90","0","bgm_M169","11026005","11026","101622","0","-50","0","bgm_M169","bgm_M169","0","佩特羅大森林‧西部 26-5","0"
"101260605","100500","110260061","0","0","10","0","0","0","101260601","215","10","bgm_M169","0","101260604","110260061","125343","211001000","0","110260063","101823","101822","0","-50","bgm_M169","-200","0","125164","0","bgm_M169","110260062","2030/12/31 14:59:59","115614","10","101821","0","0","0","2019/12/13 16:00:00","90","0","bgm_M169","11026006","11026","101822","101260606","-50","0","bgm_M169","bgm_M169","0","佩特羅大森林‧西部 26-6","0"
"101260706","100500","110260071","0","0","10","0","0","0","101260701","215","10","bgm_M169","0","101260702","110260071","125313","211001000","0","110260073","101823","101822","0","-170","bgm_M169","-80","0","115194","0","bgm_M169","110260072","2030/12/31 14:59:59","115554","10","101821","0","0","0","2019/12/13 16:00:00","90","0","bgm_M169","11026007","11026","101822","101260708","-50","0","bgm_M169","bgm_M169","0","佩特羅大森林‧西部 26-7","0"
"101260802","100500","110260081","0","0","10","0","0","0","101260801","215","10","bgm_M169","0","101260805","110260081","125462","211001000","0","110260083","101823","101822","0","-30","bgm_M169","20","0","125044","0","bgm_M169","110260082","2030/12/31 14:59:59","115584","10","101821","0","0","0","2019/12/13 16:00:00","90","0","bgm_M169","11026008","11026","101822","101260806","-50","0","bgm_M169","bgm_M169","0","佩特羅大森林‧西部 26-8","0"
"101260902","100450","110260091","0","0","10","0","0","0","101260901","215","10","bgm_M169","0","101260904","110260091","125373","211001000","0","110260093","101623","101622","0","-30","bgm_M169","180","0","125074","0","bgm_M169","110260092","2030/12/31 14:59:59","115614","10","101621","0","0","0","2019/12/13 16:00:00","90","0","bgm_M169","11026009","11026","101622","101260905","-50","0","bgm_M169","bgm_M169","0","佩特羅大森林‧西部 26-9","0"
"101261002","100460","110260101","0","0","10","0","0","0","101261001","215","10","bgm_M169","0","101261004","110260101","125283","211001000","0","110260103","101673","101672","25011","-175","bgm_M169","260","0","125224","0","bgm_M169","110260102","2030/12/31 14:59:59","115554","10","101671","0","0","0","2019/12/13 16:00:00","90","0","bgm_M169","11026010","11026","101672","101261005","-50","0","bgm_M169","bgm_M169","0","佩特羅大森林‧西部 26-10","0"
"101261105","100450","110260111","0","0","10","0","0","0","101261101","215","10","bgm_M169","0","101261104","110260111","125343","211001000","0","110260113","100173","100172","25012","-80","bgm_M169","380","0","125014","0","bgm_M169","110260112","2030/12/31 14:59:59","115584","10","100171","0","0","0","2019/12/13 16:00:00","90","0","bgm_M169","11026011","11026","100172","101261107","-50","0","bgm_M169","bgm_M169","0","佩特羅大森林‧西部 26-11","0"
"101261205","100450","110260121","0","0","10","0","0","0","101261201","215","10","bgm_M169","0","101261204","110260121","115104","211001000","0","110260123","101783","101782","25013","30","bgm_M169","500","0","115554","0","bgm_M169","110260122","2030/12/31 14:59:59","115614","10","101781","0","0","0","2019/12/13 16:00:00","90","0","bgm_M169","11026012","11026","101782","101261203","-50","0","bgm_M169","bgm_M169","0","佩特羅大森林‧西部 26-12","0"
"101261303","100500","110260131","0","0","10","0","0","0","101261301","215","10","bgm_M169","0","101261309","110260131","125134","211001000","0","110260133","101823","101822","25014","10","bgm_M169","660","0","115584","0","bgm_M169","110260132","2030/12/31 14:59:59","115554","10","101821","0","0","101261308","2019/12/13 16:00:00","90","0","bgm_M169","11026013","11026","101822","101261308","-50","0","bgm_M169","bgm_M169","0","佩特羅大森林‧西部 26-13","0"
"0","100500","110260141","9026156","0","10","0","0","0","101261407","215","10","bgm_M170","0","0","110260141","125164","211001000","0","110260143","101833","101832","25015","-110","bgm_M170","750","0","115614","0","bgm_M170","110260142","2030/12/31 14:59:59","115584","10","101831","0","0","0","2019/12/13 16:00:00","90","0","bgm_M170","11026014","11026","101832","0","-50","0","bgm_M170","bgm_M170","0","佩特羅大森林‧西部 26-14","9026155"
"101270105","100020","110270011","0","0","10","0","0","0","101270101","215","10","bgm_M169","0","101270103","110270011","125134","211001000","0","110270013","100023","100022","0","-160","bgm_M169","-815","0","125074","0","bgm_M169","110270012","2030/12/31 14:59:59","115584","10","100021","0","0","0","2020/01/10 16:00:00","90","0","bgm_M169","11027001","11027","100022","101270106","-50","0","bgm_M169","bgm_M169","0","佩特羅大森林‧東部 27-1","0"
"101270208","100020","110270021","0","0","10","0","0","0","101270201","215","10","bgm_M169","0","101270204","110270021","115194","211001000","0","110270023","100023","100022","0","-60","bgm_M169","-675","0","125014","0","bgm_M169","110270022","2030/12/31 14:59:59","115554","10","100021","0","0","0","2020/01/10 16:00:00","90","0","bgm_M169","11027002","11027","100022","101270206","-50","0","bgm_M169","bgm_M169","0","佩特羅大森林‧東部 27-2","0"
"101270302","100500","110270031","0","0","10","0","0","0","101270305","215","10","bgm_M169","0","101270309","110270031","125164","211001000","0","110270033","101823","101822","0","-185","bgm_M169","-555","0","125224","0","bgm_M169","110270032","2030/12/31 14:59:59","115614","10","101821","0","0","0","2020/01/10 16:00:00","90","0","bgm_M169","11027003","11027","101822","101270303","-50","0","bgm_M169","bgm_M169","0","佩特羅大森林‧東部 27-3","0"
"101270405","100500","110270041","0","0","10","0","0","0","101270407","215","10","bgm_M169","0","101270406","110270041","125044","211001000","0","110270043","101823","101822","0","-140","bgm_M169","-380","0","115584","0","bgm_M169","110270042","2030/12/31 14:59:59","125314","10","101821","0","0","0","2020/01/10 16:00:00","90","0","bgm_M169","11027004","11027","101822","101270408","-50","0","bgm_M169","bgm_M169","0","佩特羅大森林‧東部 27-4","0"
"101270502","100020","110270051","0","0","10","0","0","0","101270506","215","10","bgm_M169","0","101270504","110270051","115104","211001000","0","110270053","100023","100022","0","-50","bgm_M169","-240","0","115554","0","bgm_M169","110270052","2030/12/31 14:59:59","125374","10","100021","0","0","0","2020/01/10 16:00:00","90","0","bgm_M169","11027005","11027","100022","101270503","-50","0","bgm_M169","bgm_M169","0","佩特羅大森林‧東部 27-5","0"
"101270606","100460","110270061","0","0","10","0","0","0","101270601","215","10","bgm_M169","0","101270605","110270061","115254","211001000","0","110270063","101673","101672","0","-120","bgm_M169","-90","0","115614","0","bgm_M169","110270062","2030/12/31 14:59:59","115432","10","101671","0","0","0","2020/01/10 16:00:00","90","0","bgm_M169","11027006","11027","101672","101270603","-50","0","bgm_M169","bgm_M169","0","佩特羅大森林‧東部 27-6","0"
"101270705","100500","110270071","0","0","10","0","0","0","101270707","215","10","bgm_M169","0","101270702","110270071","125074","211001000","0","110270073","101823","101822","0","-15","bgm_M169","20","0","115584","0","bgm_M169","110270072","2030/12/31 14:59:59","125523","10","101821","0","0","0","2020/01/10 16:00:00","90","0","bgm_M169","11027007","11027","101822","101270704","-50","0","bgm_M169","bgm_M169","0","佩特羅大森林‧東部 27-7","0"
"101270801","100500","110270081","0","0","10","0","0","0","101270806","215","10","bgm_M169","0","101270807","110270081","125014","211001000","0","110270083","101823","101822","0","-40","bgm_M169","180","0","115554","0","bgm_M169","110270082","2030/12/31 14:59:59","115284","10","101821","0","0","0","2020/01/10 16:00:00","90","0","bgm_M169","11027008","11027","101822","101270802","-50","0","bgm_M169","bgm_M169","0","佩特羅大森林‧東部 27-8","0"
"101270908","100050","110270091","0","0","10","0","0","0","101270901","215","10","bgm_M169","0","101270906","110270091","125224","211001000","0","110270093","100039","100038","0","-170","bgm_M169","260","0","115614","0","bgm_M169","110270092","2030/12/31 14:59:59","115344","10","100037","0","0","0","2020/01/10 16:00:00","90","0","bgm_M169","11027009","11027","100038","101270903","-50","0","bgm_M169","bgm_M169","0","佩特羅大森林‧東部 27-9","0"
"101271008","100050","110270101","0","0","10","0","0","0","101271005","215","10","bgm_M169","0","101271004","110270101","115194","211001000","0","110270103","100039","100038","25011","-130","bgm_M169","415","0","115584","0","bgm_M169","110270102","2030/12/31 14:59:59","125374","10","100037","0","0","101271006","2020/01/10 16:00:00","90","0","bgm_M169","11027010","11027","100038","101271009","-50","0","bgm_M169","bgm_M169","0","佩特羅大森林‧東部 27-10","0"
"101271107","100020","110270111","0","0","10","0","0","0","101271101","215","10","bgm_M169","0","101271102","110270111","125164","211001000","0","110270113","100023","100022","25012","-5","bgm_M169","445","0","115554","0","bgm_M169","110270112","2030/12/31 14:59:59","115432","10","100021","0","0","0","2020/01/10 16:00:00","90","0","bgm_M169","11027011","11027","100022","101271108","-50","0","bgm_M169","bgm_M169","0","佩特羅大森林‧東部 27-11","0"
"101271203","100450","110270121","0","0","10","0","0","0","101271204","215","10","bgm_M169","0","101271202","110270121","115614","211001000","0","110270123","101623","101622","25013","10","bgm_M169","595","0","115432","0","bgm_M169","110270122","2030/12/31 14:59:59","125523","10","101621","0","0","0","2020/01/10 16:00:00","90","0","bgm_M169","11027012","11027","101622","101271209","-50","0","bgm_M169","bgm_M169","0","佩特羅大森林‧東部 27-12","0"
"101271308","100500","110270131","0","0","10","0","0","0","101271302","215","10","bgm_M169","0","101271307","110270131","115584","211001000","0","110270133","101823","101822","25014","-121","bgm_M169","685","0","125374","0","bgm_M169","110270132","2030/12/31 14:59:59","115284","10","101821","0","0","101271304","2020/01/10 16:00:00","90","0","bgm_M169","11027013","11027","101822","101271305","-50","0","bgm_M169","bgm_M169","0","佩特羅大森林‧東部 27-13","0"
"101271406","100500","110270141","9027156","0","10","0","0","0","101271407","215","10","bgm_M170","0","101271404","110270141","115554","211001000","0","110270143","101833","101832","25015","-50","bgm_M170","815","0","125314","0","bgm_M170","110270142","2030/12/31 14:59:59","115344","10","101831","0","0","0","2020/01/10 16:00:00","90","0","bgm_M170","11027014","11027","101832","0","-50","0","bgm_M170","bgm_M170","0","佩特羅大森林‧東部 27-14","9027155"
"101280105","100050","110280011","0","0","10","0","0","0","101280101","215","10","bgm_M169","0","101280104","110280011","115584","211001000","0","110280013","100039","100038","0","-95","bgm_M169","-805","0","125374","0","bgm_M169","110280012","2030/12/31 14:59:59","125523","10","100037","0","0","0","2020/01/14 16:00:00","90","0","bgm_M169","11028001","11028","100038","101280106","-50","0","bgm_M169","bgm_M169","0","迪茲塔爾河蝕岸‧北部 28-1","0"
"101280208","100050","110280021","0","0","10","0","0","0","101280201","215","10","bgm_M169","0","101280202","110280021","115554","211001000","0","110280023","100039","100038","0","50","bgm_M169","-725","0","125314","0","bgm_M169","110280022","2030/12/31 14:59:59","115284","10","100037","0","0","0","2020/01/14 16:00:00","90","0","bgm_M169","11028002","11028","100038","101280203","-50","0","bgm_M169","bgm_M169","0","迪茲塔爾河蝕岸‧北部 28-2","0"
"101280304","100460","110280031","0","0","10","0","0","0","101280301","215","10","bgm_M169","0","101280305","110280031","115614","211001000","0","110280033","101673","101672","0","-50","bgm_M169","-570","0","115432","0","bgm_M169","110280032","2030/12/31 14:59:59","115344","10","101671","0","0","0","2020/01/14 16:00:00","90","0","bgm_M169","11028003","11028","101672","101280303","-50","0","bgm_M169","bgm_M169","0","迪茲塔爾河蝕岸‧北部 28-3","0"
"101280404","100460","110280041","0","0","10","0","0","0","101280401","215","10","bgm_M169","0","101280407","110280041","115584","211001000","0","110280043","101673","101672","0","35","bgm_M169","-415","0","115284","0","bgm_M169","110280042","2030/12/31 14:59:59","115105","10","101671","0","0","0","2020/01/14 16:00:00","90","0","bgm_M169","11028004","11028","101672","101280402","-50","0","bgm_M169","bgm_M169","0","迪茲塔爾河蝕岸‧北部 28-4","0"
"101280502","100020","110280051","0","0","10","0","0","0","101280501","215","10","bgm_M169","0","101280507","110280051","115554","211001000","0","110280053","100023","100022","0","-125","bgm_M169","-390","0","125523","0","bgm_M169","110280052","2030/12/31 14:59:59","125255","10","100021","0","0","0","2020/01/14 16:00:00","90","0","bgm_M169","11028005","11028","100022","101280505","-50","0","bgm_M169","bgm_M169","0","迪茲塔爾河蝕岸‧北部 28-5","0"
"101280607","100450","110280061","0","0","10","0","0","0","101280601","215","10","bgm_M169","0","101280606","110280061","115614","211001000","0","110280063","101623","101622","0","-30","bgm_M169","-245","0","125374","0","bgm_M169","110280062","2030/12/31 14:59:59","125045","10","101621","0","0","0","2020/01/14 16:00:00","90","0","bgm_M169","11028006","11028","101622","101280603","-50","0","bgm_M169","bgm_M169","0","迪茲塔爾河蝕岸‧北部 28-6","0"
"101280703","100450","110280071","0","0","10","0","0","0","101280708","215","10","bgm_M169","0","101280707","110280071","115584","211001000","0","110280073","101623","101622","0","-5","bgm_M169","-80","0","125314","0","bgm_M169","110280072","2030/12/31 14:59:59","125075","10","101621","0","0","0","2020/01/14 16:00:00","90","0","bgm_M169","11028007","11028","101622","101280704","-50","0","bgm_M169","bgm_M169","0","迪茲塔爾河蝕岸‧北部 28-7","0"
"101280803","100020","110280081","0","0","10","0","0","0","101280806","215","10","bgm_M169","0","101280808","110280081","115554","211001000","0","110280083","100023","100022","0","-140","bgm_M169","40","0","115432","0","bgm_M169","110280082","2030/12/31 14:59:59","125195","10","100021","0","0","0","2020/01/14 16:00:00","90","0","bgm_M169","11028008","11028","100022","101280804","-50","0","bgm_M169","bgm_M169","0","迪茲塔爾河蝕岸‧北部 28-8","0"
"101280906","100500","110280091","0","0","10","0","0","0","101280902","215","10","bgm_M169","0","101280904","110280091","115614","211001000","0","110280093","101823","101822","0","5","bgm_M169","175","0","115344","0","bgm_M169","110280092","2030/12/31 14:59:59","115135","10","101821","0","0","0","2020/01/14 16:00:00","90","0","bgm_M169","11028009","11028","101822","101280903","-50","0","bgm_M169","bgm_M169","0","迪茲塔爾河蝕岸‧北部 28-9","0"
"101281003","100500","110280101","0","0","10","0","0","0","101281004","215","10","bgm_M169","0","101281002","110280101","115584","211001000","0","110280103","101823","101822","25011","10","bgm_M169","355","0","125523","0","bgm_M169","110280102","2030/12/31 14:59:59","115105","10","101821","0","0","0","2020/01/14 16:00:00","90","0","bgm_M169","11028010","11028","101822","101281006","-50","0","bgm_M169","bgm_M169","0","迪茲塔爾河蝕岸‧北部 28-10","0"
"101281105","100020","110280111","0","0","10","0","0","0","101281102","215","10","bgm_M169","0","101281104","110280111","115554","211001000","0","110280113","100023","100022","25012","-125","bgm_M169","455","0","115284","0","bgm_M169","110280112","2030/12/31 14:59:59","125255","10","100021","0","0","0","2020/01/14 16:00:00","90","0","bgm_M169","11028011","11028","100022","101281103","-50","0","bgm_M169","bgm_M169","0","迪茲塔爾河蝕岸‧北部 28-11","0"
"101281206","100050","110280121","0","0","10","0","0","0","101281201","215","10","bgm_M169","0","101281205","110280121","125374","211001000","0","110280123","100039","100038","25013","5","bgm_M169","560","0","125075","0","bgm_M169","110280122","2030/12/31 14:59:59","125015","10","100037","0","0","0","2020/01/14 16:00:00","90","0","bgm_M169","11028012","11028","100038","101281204","-50","0","bgm_M169","bgm_M169","0","迪茲塔爾河蝕岸‧北部 28-12","0"
"101281302","100560","110280131","0","0","10","0","0","0","101281301","215","10","bgm_M169","0","101281304","110280131","125314","211001000","0","110280133","102023","102022","25014","-120","bgm_M169","670","0","125195","0","bgm_M169","110280132","2030/12/31 14:59:59","115165","10","102021","0","0","101281306","2020/01/14 16:00:00","90","0","bgm_M169","11028013","11028","102022","101281305","-50","0","bgm_M169","bgm_M169","0","迪茲塔爾河蝕岸‧北部 28-13","0"
"0","100560","110280141","9028156","0","10","0","0","0","101281407","215","10","bgm_M170","0","0","110280141","115432","211001000","0","110280143","102033","102032","25015","-15","bgm_M170","805","0","115135","0","bgm_M170","110280142","2030/12/31 14:59:59","115225","10","102031","0","0","0","2020/01/14 16:00:00","90","0","bgm_M170","11028014","11028","102032","0","-50","0","bgm_M170","bgm_M170","0","迪茲塔爾河蝕岸‧北部 28-14","9028155"
"101290105","100020","110290011","0","0","10","0","0","0","101290102","215","10","bgm_M169","0","101290101","110290011","125374","211001000","0","110290013","100023","100022","0","20","bgm_M169","-805","0","125045","0","bgm_M169","110290012","2030/12/31 14:59:59","125195","10","100021","0","0","0","2020/03/13 16:00:00","90","0","bgm_M169","11029001","11029","100022","101290107","-50","0","bgm_M169","bgm_M169","0","迪茲塔爾河蝕岸‧南部 29-1","0"
"101290202","100560","110290021","0","0","10","0","0","0","101290208","215","10","bgm_M169","0","101290204","110290021","125314","211001000","0","110290023","102023","102022","0","55","bgm_M169","-645","0","125255","0","bgm_M169","110290022","2030/12/31 14:59:59","115135","10","102021","0","0","0","2020/03/13 16:00:00","90","0","bgm_M169","11029002","11029","102022","101290203","-50","0","bgm_M169","bgm_M169","0","迪茲塔爾河蝕岸‧南部 29-2","0"
"101290305","100560","110290031","0","0","10","0","0","0","101290307","215","10","bgm_M169","0","101290304","110290031","115432","211001000","0","110290033","102023","102022","0","-85","bgm_M169","-590","0","115105","0","bgm_M169","110290032","2030/12/31 14:59:59","125075","10","102021","0","0","0","2020/03/13 16:00:00","90","0","bgm_M169","11029003","11029","102022","101290303","-50","0","bgm_M169","bgm_M169","0","迪茲塔爾河蝕岸‧南部 29-3","0"
"101290405","100020","110290041","0","0","10","0","0","0","101290401","215","10","bgm_M169","0","101290402","110290041","115344","211001000","0","110290043","100023","100022","0","10","bgm_M169","-450","0","125195","0","bgm_M169","110290042","2030/12/31 14:59:59","115585","10","100021","0","0","0","2020/03/13 16:00:00","90","0","bgm_M169","11029004","11029","100022","101290406","-50","0","bgm_M169","bgm_M169","0","迪茲塔爾河蝕岸‧南部 29-4","0"
"101290502","100020","110290051","0","0","10","0","0","0","101290501","215","10","bgm_M169","0","101290504","110290051","115284","211001000","0","110290053","100023","100022","0","-90","bgm_M169","-315","0","115135","0","bgm_M169","110290052","2030/12/31 14:59:59","115555","10","100021","0","0","0","2020/03/13 16:00:00","90","0","bgm_M169","11029005","11029","100022","101290506","-50","0","bgm_M169","bgm_M169","0","迪茲塔爾河蝕岸‧南部 29-5","0"
"101290605","100450","110290061","0","0","10","0","0","0","101290601","215","10","bgm_M169","0","101290602","110290061","125374","211001000","0","110290063","101623","101622","0","-130","bgm_M169","-140","0","125075","0","bgm_M169","110290062","2030/12/31 14:59:59","115615","10","101621","0","0","101290607","2020/03/13 16:00:00","90","0","bgm_M169","11029006","11029","101622","101290603","-50","0","bgm_M169","bgm_M169","0","迪茲塔爾河蝕岸‧南部 29-6","0"
"101290706","100020","110290071","0","0","10","0","0","0","101290709","215","10","bgm_M169","0","101290702","110290071","125314","211001000","0","110290073","100023","100022","0","15","bgm_M169","-70","0","125045","0","bgm_M169","110290072","2030/12/31 14:59:59","115585","10","100021","0","0","0","2020/03/13 16:00:00","90","0","bgm_M169","11029007","11029","100022","101290701","-50","0","bgm_M169","bgm_M169","0","迪茲塔爾河蝕岸‧南部 29-7","0"
"101290807","100450","110290081","0","0","10","0","0","0","101290806","215","10","bgm_M169","0","101290809","110290081","115432","211001000","0","110290083","101623","101622","0","-90","bgm_M169","65","0","125255","0","bgm_M169","110290082","2030/12/31 14:59:59","115555","10","101621","0","0","0","2020/03/13 16:00:00","90","0","bgm_M169","11029008","11029","101622","101290805","-50","0","bgm_M169","bgm_M169","0","迪茲塔爾河蝕岸‧南部 29-8","0"
"101290902","100050","110290091","0","0","10","0","0","0","101290901","215","10","bgm_M169","0","101290907","110290091","125523","211001000","0","110290093","100039","100038","0","20","bgm_M169","190","0","115105","0","bgm_M169","110290092","2030/12/31 14:59:59","115615","10","100037","0","0","0","2020/03/13 16:00:00","90","0","bgm_M169","11029009","11029","100038","101290906","-50","0","bgm_M169","bgm_M169","0","迪茲塔爾河蝕岸‧南部 29-9","0"
"101291008","100460","110290101","0","0","10","0","0","0","101291007","215","10","bgm_M169","0","101291004","110290101","115344","211001000","0","110290103","101673","101672","25011","-80","bgm_M169","300","0","125015","0","bgm_M169","110290102","2030/12/31 14:59:59","115585","10","101671","0","0","101291003","2020/03/13 16:00:00","90","0","bgm_M169","11029010","11029","101672","101291009","-50","0","bgm_M169","bgm_M169","0","迪茲塔爾河蝕岸‧南部 29-10","0"
"101291105","100050","110290111","0","0","10","0","0","0","101291101","215","10","bgm_M169","0","101291104","110290111","115284","211001000","0","110290113","100039","100038","25012","50","bgm_M169","400","0","115225","0","bgm_M169","110290112","2030/12/31 14:59:59","115555","10","100037","0","0","101291106","2020/03/13 16:00:00","90","0","bgm_M169","11029011","11029","100038","101291102","-50","0","bgm_M169","bgm_M169","0","迪茲塔爾河蝕岸‧南部 29-11","0"
"101291205","100460","110290121","0","0","10","0","0","0","101291204","215","10","bgm_M169","0","101291201","110290121","115165","211001000","0","110290123","101673","101672","25013","45","bgm_M169","560","0","115555","0","bgm_M169","110290122","2030/12/31 14:59:59","115615","10","101671","0","0","101291209","2020/03/13 16:00:00","90","0","bgm_M169","11029012","11029","101672","101291206","-50","0","bgm_M169","bgm_M169","0","迪茲塔爾河蝕岸‧南部 29-12","0"
"101291308","100050","110290131","0","0","10","0","0","0","101291303","215","10","bgm_M169","0","101291301","110290131","125015","211001000","0","110290133","100039","100038","25014","-75","bgm_M169","650","0","115615","0","bgm_M169","110290132","2030/12/31 14:59:59","115585","10","100037","0","0","101291304","2020/03/13 16:00:00","90","0","bgm_M169","11029013","11029","100038","101291302","-50","0","bgm_M169","bgm_M169","0","迪茲塔爾河蝕岸‧南部 29-13","0"
"101291405","100560","110290141","9029156","0","10","0","0","0","101291407","215","10","bgm_M170","0","101291409","110290141","115225","211001000","0","110290143","102033","102032","25015","-40","bgm_M170","805","0","115585","0","bgm_M170","110290142","2030/12/31 14:59:59","115555","10","102031","0","0","0","2020/03/13 16:00:00","90","0","bgm_M170","11029014","11029","102032","0","-50","0","bgm_M170","bgm_M170","0","迪茲塔爾河蝕岸‧南部 29-14","9029155"
"101300102","100560","110300011","0","0","10","0","0","0","101300104","215","10","bgm_M169","0","101300103","110300011","115105","211001000","0","110300013","102023","102022","0","-130","bgm_M169","-805","0","115135","0","bgm_M169","110300012","2030/12/31 14:59:59","115585","10","102021","0","0","0","2020/04/14 16:00:00","90","0","bgm_M169","11030001","11030","102022","0","-50","0","bgm_M169","bgm_M169","0","弗泰拉斷崖‧北部 30-1","0"
"101300204","100050","110300021","0","0","10","0","0","0","101300205","215","10","bgm_M169","0","101300202","110300021","125255","211001000","0","110300023","101383","101382","0","-30","bgm_M169","-665","0","125075","0","bgm_M169","110300022","2030/12/31 14:59:59","115555","10","101381","0","0","0","2020/04/14 16:00:00","90","0","bgm_M169","11030002","11030","101382","101300206","-50","0","bgm_M169","bgm_M169","0","弗泰拉斷崖‧北部 30-2","0"
"101300302","100500","110300031","0","0","10","0","0","0","101300304","215","10","bgm_M169","0","101300307","110300031","125195","211001000","0","110300033","101823","101822","0","5","bgm_M169","-480","0","125045","0","bgm_M169","110300032","2030/12/31 14:59:59","115615","10","101821","0","0","0","2020/04/14 16:00:00","90","0","bgm_M169","11030003","11030","101822","0","-50","0","bgm_M169","bgm_M169","0","弗泰拉斷崖‧北部 30-3","0"
"101300406","100560","110300041","0","0","10","0","0","0","101300401","215","10","bgm_M169","0","101300405","110300041","115135","211001000","0","110300043","102023","102022","0","-130","bgm_M169","-520","0","115585","0","bgm_M169","110300042","2030/12/31 14:59:59","115402","10","102021","0","0","0","2020/04/14 16:00:00","90","0","bgm_M169","11030004","11030","102022","101300403","-50","0","bgm_M169","bgm_M169","0","弗泰拉斷崖‧北部 30-4","0"
"101300501","100050","110300051","0","0","10","0","0","0","101300504","215","10","bgm_M169","0","101300502","110300051","125075","211001000","0","110300053","101623","101622","0","-125","bgm_M169","-305","0","115555","0","bgm_M169","110300052","2030/12/31 14:59:59","125463","10","101621","0","0","0","2020/04/14 16:00:00","90","0","bgm_M169","11030005","11030","101622","101300505","-50","0","bgm_M169","bgm_M169","0","弗泰拉斷崖‧北部 30-5","0"
"101300603","100020","110300061","0","0","10","0","0","0","101300604","215","10","bgm_M169","0","101300605","110300061","125045","211001000","0","110300063","100013","100012","0","55","bgm_M169","-290","0","115615","0","bgm_M169","110300062","2030/12/31 14:59:59","115315","10","100011","0","0","101300607","2020/04/14 16:00:00","90","0","bgm_M169","11030006","11030","100012","101300606","-50","0","bgm_M169","bgm_M169","0","弗泰拉斷崖‧北部 30-6","0"
"101300703","100020","110300071","0","0","10","0","0","0","101300702","215","10","bgm_M169","0","101300705","110300071","115105","211001000","0","110300073","101673","101672","0","-15","bgm_M169","-115","0","115585","0","bgm_M169","110300072","2030/12/31 14:59:59","115402","10","101671","0","0","0","2020/04/14 16:00:00","90","0","bgm_M169","11030007","11030","101672","101300706","-50","0","bgm_M169","bgm_M169","0","弗泰拉斷崖‧北部 30-7","0"
"101300802","100450","110300081","0","0","10","0","0","0","101300807","215","10","bgm_M169","0","101300805","110300081","125255","211001000","0","110300083","101623","101622","0","50","bgm_M169","75","0","115555","0","bgm_M169","110300082","2030/12/31 14:59:59","125463","10","101621","0","0","0","2020/04/14 16:00:00","90","0","bgm_M169","11030008","11030","101622","101300806","-50","0","bgm_M169","bgm_M169","0","弗泰拉斷崖‧北部 30-8","0"
"101300902","100080","110300091","0","0","10","0","0","0","101300901","215","10","bgm_M169","0","101300904","110300091","115165","211001000","0","110300093","100053","100052","0","-105","bgm_M169","20","0","115615","0","bgm_M169","110300092","2030/12/31 14:59:59","125345","10","100051","0","0","0","2020/04/14 16:00:00","90","0","bgm_M169","11030009","11030","100052","101300905","-50","0","bgm_M169","bgm_M169","0","弗泰拉斷崖‧北部 30-9","0"
"101301002","100110","110300101","0","0","10","0","0","0","101301003","215","10","bgm_M169","0","101301004","110300101","125015","211001000","0","110300103","102183","102182","25011","-130","bgm_M169","260","0","115585","0","bgm_M169","110300102","2030/12/31 14:59:59","125285","10","102181","0","0","0","2020/04/14 16:00:00","90","0","bgm_M169","11030010","11030","102182","101301006","-50","0","bgm_M169","bgm_M169","0","弗泰拉斷崖‧北部 30-10","0"
"101301107","100500","110300111","0","0","10","0","0","0","101301101","215","10","bgm_M169","0","101301108","110300111","115225","211001000","0","110300113","101823","101822","25012","-80","bgm_M169","440","0","115555","0","bgm_M169","110300112","2030/12/31 14:59:59","115375","10","101821","0","0","101301105","2020/04/14 16:00:00","90","0","bgm_M169","11030011","11030","101822","101301105","-50","0","bgm_M169","bgm_M169","0","弗泰拉斷崖‧北部 30-11","0"
"101301203","100500","110300121","0","0","10","0","0","0","101301201","215","10","bgm_M169","0","101301204","110300121","115615","211001000","0","110300123","101823","101822","25013","-10","bgm_M169","605","0","125345","0","bgm_M169","110300122","2030/12/31 14:59:59","115315","10","101821","0","0","101301202","2020/04/14 16:00:00","90","0","bgm_M169","11030012","11030","101822","101301205","-50","0","bgm_M169","bgm_M169","0","弗泰拉斷崖‧北部 30-12","0"
"101301303","100040","110300131","0","0","10","0","0","0","101301301","215","10","bgm_M169","0","101301304","110300131","115585","211001000","0","110300133","100039","100038","25014","-120","bgm_M169","740","0","125285","0","bgm_M169","110300132","2030/12/31 14:59:59","115402","10","100037","0","0","101301307","2020/04/14 16:00:00","90","0","bgm_M169","11030013","11030","100038","101301306","-50","0","bgm_M169","bgm_M169","0","弗泰拉斷崖‧北部 30-13","0"
"0","100110","110300141","9030156","0","10","0","0","0","101301407","215","10","bgm_M170","0","0","110300141","115555","211001000","0","110300143","102193","102192","25015","30","bgm_M170","820","0","115375","0","bgm_M170","110300142","2030/12/31 14:59:59","125463","10","102191","0","0","0","2020/04/14 16:00:00","90","0","bgm_M170","11030014","11030","102192","0","-50","0","bgm_M170","bgm_M170","0","弗泰拉斷崖‧北部 30-14","9030155"
"101310105","100110","110310011","0","0","10","0","0","0","101310101","215","10","bgm_M169","0","101310102","110310011","115585","211001000","0","110310013","100203","100202","0","35","bgm_M169","-840","0","115375","0","bgm_M169","110310012","2030/12/31 14:59:59","125463","10","100201","0","0","0","2020/05/15 16:00:00","90","0","bgm_M169","11031001","11031","100202","0","-50","0","bgm_M169","bgm_M169","0","弗泰拉斷崖‧南部 31-1","0"
"101310203","100110","110310021","0","0","10","0","0","0","101310204","215","10","bgm_M169","0","101310202","110310021","115555","211001000","0","110310023","100203","100202","0","-10","bgm_M169","-660","0","125285","0","bgm_M169","110310022","2030/12/31 14:59:59","115315","10","100201","0","0","0","2020/05/15 16:00:00","90","0","bgm_M169","11031002","11031","100202","101310205","-50","0","bgm_M169","bgm_M169","0","弗泰拉斷崖‧南部 31-2","0"
"101310303","100020","110310031","0","0","10","0","0","0","101310301","215","10","bgm_M169","0","101310302","110310031","115615","211001000","0","110310033","101673","101672","0","30","bgm_M169","-475","0","125463","0","bgm_M169","110310032","2030/12/31 14:59:59","115402","10","101671","0","0","0","2020/05/15 16:00:00","90","0","bgm_M169","11031003","11031","101672","101310307","-50","0","bgm_M169","bgm_M169","0","弗泰拉斷崖‧南部 31-3","0"
"101310404","100450","110310041","0","0","10","0","0","0","101310403","215","10","bgm_M169","0","101310403","110310041","115555","211001000","0","110310043","101623","101622","0","-130","bgm_M169","-385","0","115315","0","bgm_M169","110310042","2030/12/31 14:59:59","115136","10","101621","0","0","101310402","2020/05/15 16:00:00","90","0","bgm_M169","11031004","11031","101622","101310406","-50","0","bgm_M169","bgm_M169","0","弗泰拉斷崖‧南部 31-4","0"
"101310505","100050","110310051","0","0","10","0","0","0","101310501","215","10","bgm_M169","0","101310501","110310051","115585","211001000","0","110310053","100039","100038","0","45","bgm_M169","-275","0","115402","0","bgm_M169","110310052","2030/12/31 14:59:59","125256","10","100037","0","0","0","2020/05/15 16:00:00","90","0","bgm_M169","11031005","11031","100038","101310503","-50","0","bgm_M169","bgm_M169","0","弗泰拉斷崖‧南部 31-5","0"
"101310604","100020","110310061","0","0","10","0","0","0","101310605","215","10","bgm_M169","0","101310603","110310061","115615","211001000","0","110310063","101673","101672","0","-105","bgm_M169","-190","0","125345","0","bgm_M169","110310062","2030/12/31 14:59:59","115196","10","101671","0","0","0","2020/05/15 16:00:00","90","0","bgm_M169","11031006","11031","101672","101310602","-50","0","bgm_M169","bgm_M169","0","弗泰拉斷崖‧南部 31-6","0"
"101310703","100050","110310071","0","0","10","0","0","0","101310701","215","10","bgm_M169","0","101310705","110310071","115585","211001000","0","110310073","100039","100038","0","-130","bgm_M169","-10","0","115375","0","bgm_M169","110310072","2030/12/31 14:59:59","125226","10","100037","0","0","0","2020/05/15 16:00:00","90","0","bgm_M169","11031007","11031","100038","101310704","-50","0","bgm_M169","bgm_M169","0","弗泰拉斷崖‧南部 31-7","0"
"101310802","100050","110310081","0","0","10","0","0","0","101310801","215","10","bgm_M169","0","101310804","110310081","115555","211001000","0","110310083","101383","101382","0","50","bgm_M169","-30","0","125285","0","bgm_M169","110310082","2030/12/31 14:59:59","115166","10","101381","0","0","0","2020/05/15 16:00:00","90","0","bgm_M169","11031008","11031","101382","101310806","-50","0","bgm_M169","bgm_M169","0","弗泰拉斷崖‧南部 31-8","0"
"101310902","100450","110310091","0","0","10","0","0","0","101310901","215","10","bgm_M169","0","101310903","110310091","115615","211001000","0","110310093","101623","101622","0","15","bgm_M169","160","0","125463","0","bgm_M169","110310092","2030/12/31 14:59:59","115106","10","101621","0","0","101310905","2020/05/15 16:00:00","90","0","bgm_M169","11031009","11031","101622","101310906","-50","0","bgm_M169","bgm_M169","0","弗泰拉斷崖‧南部 31-9","0"
"101311005","100110","110310101","0","0","10","0","0","0","101311003","215","10","bgm_M169","0","101311002","110310101","115585","211001000","0","110310103","100203","100202","25011","-60","bgm_M169","365","0","115315","0","bgm_M169","110310102","2030/12/31 14:59:59","115136","10","100201","0","0","101311006","2020/05/15 16:00:00","90","0","bgm_M169","11031010","11031","100202","101311004","-50","0","bgm_M169","bgm_M169","0","弗泰拉斷崖‧南部 31-10","0"
"101311101","100110","110310111","0","0","10","0","0","0","101311102","215","10","bgm_M169","0","101311103","110310111","115555","211001000","0","110310113","102183","102182","25012","-155","bgm_M169","530","0","115402","0","bgm_M169","110310112","2030/12/31 14:59:59","125256","10","102181","0","0","101311106","2020/05/15 16:00:00","90","0","bgm_M169","11031011","11031","102182","101311105","-50","0","bgm_M169","bgm_M169","0","弗泰拉斷崖‧南部 31-11","0"
"101311203","100080","110310121","0","0","10","0","0","0","101311201","215","10","bgm_M169","0","101311201","110310121","125345","211001000","0","110310123","100053","100052","25013","-125","bgm_M169","710","0","125076","0","bgm_M169","110310122","2030/12/31 14:59:59","115196","10","100051","0","0","101311206","2020/05/15 16:00:00","90","0","bgm_M169","11031012","11031","100052","101311204","-50","0","bgm_M169","bgm_M169","0","弗泰拉斷崖‧南部 31-12","0"
"101311303","100080","110310131","0","0","10","0","0","0","101311301","215","10","bgm_M169","0","101311302","110310131","115375","211001000","0","110310133","100053","100052","25014","35","bgm_M169","645","0","125046","0","bgm_M169","110310132","2030/12/31 14:59:59","125226","10","100051","0","0","101311306","2020/05/15 16:00:00","90","0","bgm_M169","11031013","11031","100052","101311304","-50","0","bgm_M169","bgm_M169","0","弗泰拉斷崖‧南部 31-13","0"
"101311409","100110","110310141","9031156","0","10","0","0","0","101311407","215","10","bgm_M170","0","101311410","110310141","125285","211001000","0","110310143","102193","102192","25015","0","bgm_M170","840","0","125016","0","bgm_M170","110310142","2030/12/31 14:59:59","115166","10","102191","0","0","0","2020/05/15 16:00:00","90","0","bgm_M170","11031014","11031","102192","0","-50","0","bgm_M170","bgm_M170","0","弗泰拉斷崖‧南部 31-14","9031155"
"101320103","100050","110320011","0","0","10","0","0","0","101320101","215","10","bgm_M169","0","101320105","110320011","115375","211001000","0","110320013","101383","101382","0","-155","bgm_M169","-840","0","115106","0","bgm_M169","110320012","2030/12/31 14:59:59","125046","10","101381","0","0","0","2020/06/15 16:00:00","90","0","bgm_M169","11032001","11032","101382","101320109","-50","0","bgm_M169","bgm_M169","0","法斯奇亞森林‧南部 32-1","0"
"101320206","100050","110320021","0","0","10","0","0","0","101320204","215","10","bgm_M169","0","101320202","110320021","125345","211001000","0","110320023","101413","101412","0","-185","bgm_M169","-650","0","125256","0","bgm_M169","110320022","2030/12/31 14:59:59","125226","10","101411","0","0","0","2020/06/15 16:00:00","90","0","bgm_M169","11032002","11032","101412","101320207","-50","0","bgm_M169","bgm_M169","0","法斯奇亞森林‧南部 32-2","0"
"101320303","100020","110320031","0","0","10","0","0","0","101320304","215","10","bgm_M169","0","101320302","110320031","125463","211001000","0","110320033","100013","100012","0","-30","bgm_M169","-545","0","115106","0","bgm_M169","110320032","2030/12/31 14:59:59","125256","10","100011","0","0","0","2020/06/15 16:00:00","90","0","bgm_M169","11032003","11032","100012","101320307","-50","0","bgm_M169","bgm_M169","0","法斯奇亞森林‧南部 32-3","0"
"101320406","100560","110320041","0","0","10","0","0","0","101320401","215","10","bgm_M169","0","101320405","110320041","115375","211001000","0","110320043","102023","102022","0","-150","bgm_M169","-415","0","125016","0","bgm_M169","110320042","2030/12/31 14:59:59","115556","10","102021","0","0","0","2020/06/15 16:00:00","90","0","bgm_M169","11032004","11032","102022","101320404","-50","0","bgm_M169","bgm_M169","0","法斯奇亞森林‧南部 32-4","0"
"101320507","100460","110320051","0","0","10","0","0","0","101320505","215","10","bgm_M169","0","101320502","110320051","115402","211001000","0","110320053","101673","101672","0","-190","bgm_M169","-215","0","115196","0","bgm_M169","110320052","2030/12/31 14:59:59","115616","10","101671","0","0","0","2020/06/15 16:00:00","90","0","bgm_M169","11032005","11032","101672","101320508","-50","0","bgm_M169","bgm_M169","0","法斯奇亞森林‧南部 32-5","0"
"101320603","100020","110320061","0","0","10","0","0","0","101320605","215","10","bgm_M169","0","101320601","110320061","115402","211001000","0","110320063","100039","100038","0","-10","bgm_M169","-250","0","125226","0","bgm_M169","110320062","2030/12/31 14:59:59","115556","10","100037","0","0","0","2020/06/15 16:00:00","90","0","bgm_M169","11032006","11032","100038","101320607","-50","0","bgm_M169","bgm_M169","0","法斯奇亞森林‧南部 32-6","0"
"101320702","100500","110320071","0","0","10","0","0","0","101320701","215","10","bgm_M169","0","101320706","110320071","125463","211001000","0","110320073","101823","101822","0","-45","bgm_M169","-45","0","125076","0","bgm_M169","110320072","2030/12/31 14:59:59","115586","10","101821","0","0","0","2020/06/15 16:00:00","90","0","bgm_M169","11032007","11032","101822","101320703","-50","0","bgm_M169","bgm_M169","0","法斯奇亞森林‧南部 32-7","0"
"101320803","100020","110320081","0","0","10","0","0","0","101320801","215","10","bgm_M169","0","101320806","110320081","125345","211001000","0","110320083","100013","100012","0","20","bgm_M169","170","0","115136","0","bgm_M169","110320082","2030/12/31 14:59:59","115556","10","100011","0","0","0","2020/06/15 16:00:00","90","0","bgm_M169","11032008","11032","100012","101320808","-50","0","bgm_M169","bgm_M169","0","法斯奇亞森林‧南部 32-8","0"
"101320907","100020","110320091","0","0","10","0","0","0","101320905","215","10","bgm_M169","0","101320902","110320091","115375","211001000","0","110320093","100023","100022","0","-170","bgm_M169","90","0","125016","0","bgm_M169","110320092","2030/12/31 14:59:59","115586","10","100021","0","0","0","2020/06/15 16:00:00","90","0","bgm_M169","11032009","11032","100022","101320904","-50","0","bgm_M169","bgm_M169","0","法斯奇亞森林‧南部 32-9","0"
"101321002","100450","110320101","0","0","10","0","0","0","101321005","215","10","bgm_M169","0","101321003","110320101","115315","211001000","0","110320103","101623","101622","25011","-140","bgm_M169","295","0","115106","0","bgm_M169","110320102","2030/12/31 14:59:59","115556","10","101621","0","0","101321004","2020/06/15 16:00:00","90","0","bgm_M169","11032010","11032","101622","101321007","-50","0","bgm_M169","bgm_M169","0","法斯奇亞森林‧南部 32-10","0"
"101321103","100450","110320111","0","0","10","0","0","0","101321101","215","10","bgm_M169","0","101321106","110320111","115402","211001000","0","110320113","101623","101622","25012","-60","bgm_M169","480","0","125256","0","bgm_M169","110320112","2030/12/31 14:59:59","115616","10","101621","0","0","101321108","2020/06/15 16:00:00","90","0","bgm_M169","11032011","11032","101622","101321107","-50","0","bgm_M169","bgm_M169","0","法斯奇亞森林‧南部 32-11","0"
"101321202","100020","110320121","0","0","10","0","0","0","101321201","215","10","bgm_M169","0","101321206","110320121","125016","211001000","0","110320123","102093","102092","25013","-120","bgm_M169","670","0","115616","0","bgm_M169","110320122","2030/12/31 14:59:59","115586","10","102091","0","0","101321209","2020/06/15 16:00:00","90","0","bgm_M169","11032012","11032","102092","101321203","-50","0","bgm_M169","bgm_M169","0","法斯奇亞森林‧南部 32-12","0"
"101321307","100020","110320131","0","0","10","0","0","0","101321305","215","10","bgm_M169","0","101321302","110320131","115166","211001000","0","110320133","102093","102092","25014","35","bgm_M169","640","0","115556","0","bgm_M169","110320132","2030/12/31 14:59:59","115616","10","102091","0","0","101321304","2020/06/15 16:00:00","90","0","bgm_M169","11032013","11032","102092","101321308","-50","0","bgm_M169","bgm_M169","0","法斯奇亞森林‧南部 32-13","0"
"0","100020","110320141","9032156","0","10","0","0","0","101321407","215","10","bgm_M170","0","0","110320141","125226","211001000","0","110320143","102103","102102","25015","-10","bgm_M170","840","0","115586","0","bgm_M170","110320142","2030/12/31 14:59:59","115556","10","102101","0","0","0","2020/06/15 16:00:00","90","0","bgm_M170","11032014","11032","102102","0","-50","0","bgm_M170","bgm_M170","0","法斯奇亞森林‧南部 32-14","9032155"
"101330103","100020","110330011","0","0","10","0","0","0","101330101","215","10","bgm_M169","0","101330105","110330011","115166","211001000","0","110330013","100013","100012","0","20","bgm_M169","-840","0","115136","0","bgm_M169","110330012","2030/12/31 14:59:59","115586","10","100011","0","0","0","2020/07/13 16:00:00","90","0","bgm_M169","11033001","11033","100012","101330102","-50","0","bgm_M169","bgm_M169","0","法斯奇亞森林‧東部 33-1","0"
"101330201","100560","110330021","0","0","10","0","0","0","101330206","215","10","bgm_M169","0","101330202","110330021","115106","211001000","0","110330023","102023","102022","0","-100","bgm_M169","-710","0","125016","0","bgm_M169","110330022","2030/12/31 14:59:59","115616","10","102021","0","0","0","2020/07/13 16:00:00","90","0","bgm_M169","11033002","11033","102022","101330203","-50","0","bgm_M169","bgm_M169","0","法斯奇亞森林‧東部 33-2","0"
"101330301","100560","110330031","0","0","10","0","0","0","101330305","215","10","bgm_M169","0","101330305","110330031","125256","211001000","0","110330033","102023","102022","0","45","bgm_M169","-595","0","125226","0","bgm_M169","110330032","2030/12/31 14:59:59","115556","10","102021","0","0","0","2020/07/13 16:00:00","90","0","bgm_M169","11033003","11033","102022","101330303","-50","0","bgm_M169","bgm_M169","0","法斯奇亞森林‧東部 33-3","0"
"101330405","100020","110330041","0","0","10","0","0","0","101330401","215","10","bgm_M169","0","101330406","110330041","115196","211001000","0","110330043","100013","100012","0","-75","bgm_M169","-480","0","115586","0","bgm_M169","110330042","2030/12/31 14:59:59","125286","10","100011","0","0","0","2020/07/13 16:00:00","90","0","bgm_M169","11033004","11033","100012","101330402","-50","0","bgm_M169","bgm_M169","0","法斯奇亞森林‧東部 33-4","0"
"101330506","100500","110330051","0","0","10","0","0","0","101330501","215","10","bgm_M169","0","101330502","110330051","115136","211001000","0","110330053","101823","101822","0","-135","bgm_M169","-305","0","115616","0","bgm_M169","110330052","2030/12/31 14:59:59","115346","10","101821","0","0","0","2020/07/13 16:00:00","90","0","bgm_M169","11033005","11033","101822","101330507","-50","0","bgm_M169","bgm_M169","0","法斯奇亞森林‧東部 33-5","0"
"101330605","100020","110330061","0","0","10","0","0","0","101330601","215","10","bgm_M169","0","101330603","110330061","125076","211001000","0","110330063","100013","100012","0","20","bgm_M169","-260","0","115556","0","bgm_M169","110330062","2030/12/31 14:59:59","125376","10","100011","0","0","0","2020/07/13 16:00:00","90","0","bgm_M169","11033006","11033","100012","101330604","-50","0","bgm_M169","bgm_M169","0","法斯奇亞森林‧東部 33-6","0"
"101330706","100080","110330071","0","0","10","0","0","0","101330703","215","10","bgm_M169","0","101330701","110330071","125226","211001000","0","110330073","100053","100052","0","30","bgm_M169","-60","0","115586","0","bgm_M169","110330072","2030/12/31 14:59:59","115433","10","100051","0","0","0","2020/07/13 16:00:00","90","0","bgm_M169","11033007","11033","100052","101330702","-50","0","bgm_M169","bgm_M169","0","法斯奇亞森林‧東部 33-7","0"
"101330803","100080","110330081","0","0","10","0","0","0","101330805","215","10","bgm_M169","0","101330806","110330081","125256","211001000","0","110330083","100053","100052","0","-105","bgm_M169","50","0","115556","0","bgm_M169","110330082","2030/12/31 14:59:59","115346","10","100051","0","0","101330802","2020/07/13 16:00:00","90","0","bgm_M169","11033008","11033","100052","101330803","-50","0","bgm_M169","bgm_M169","0","法斯奇亞森林‧東部 33-8","0"
"101330908","100020","110330091","0","0","10","0","0","0","101330901","215","10","bgm_M169","0","101330902","110330091","125016","211001000","0","110330093","100013","100012","0","55","bgm_M169","135","0","115586","0","bgm_M169","110330092","2030/12/31 14:59:59","125524","10","100011","0","0","0","2020/07/13 16:00:00","90","0","bgm_M169","11033009","11033","100012","101330906","-50","0","bgm_M169","bgm_M169","0","法斯奇亞森林‧東部 33-9","0"
"101331007","100020","110330101","0","0","10","0","0","0","101331004","215","10","bgm_M169","0","101331003","110330101","115106","211001000","0","110330103","102093","102092","25011","30","bgm_M169","305","0","115556","0","bgm_M169","110330102","2030/12/31 14:59:59","115316","10","102091","0","0","101331005","2020/07/13 16:00:00","90","0","bgm_M169","11033010","11033","102092","101331001","-50","0","bgm_M169","bgm_M169","0","法斯奇亞森林‧東部 33-10","0"
"101331103","100450","110330111","0","0","10","0","0","0","101331105","215","10","bgm_M169","0","101331106","110330111","125046","211001000","0","110330113","101623","101622","25012","-150","bgm_M169","390","0","115586","0","bgm_M169","110330112","2030/12/31 14:59:59","125286","10","101621","0","0","101331101","2020/07/13 16:00:00","90","0","bgm_M169","11033011","11033","101622","101331102","-50","0","bgm_M169","bgm_M169","0","法斯奇亞森林‧東部 33-11","0"
"101331205","100020","110330121","0","0","10","0","0","0","101331202","215","10","bgm_M169","0","101331202","110330121","115586","211001000","0","110330123","102093","102092","25013","-25","bgm_M169","500","0","125286","0","bgm_M169","110330122","2030/12/31 14:59:59","115346","10","102091","0","0","101331207","2020/07/13 16:00:00","90","0","bgm_M169","11033012","11033","102092","101331208","-50","0","bgm_M169","bgm_M169","0","法斯奇亞森林‧東部 33-12","0"
"101331306","100450","110330131","0","0","10","0","0","0","101331307","215","10","bgm_M169","0","101331305","110330131","115556","211001000","0","110330133","101623","101622","25014","-90","bgm_M169","660","0","115316","0","bgm_M169","110330132","2030/12/31 14:59:59","115433","10","101621","0","0","101331304","2020/07/13 16:00:00","90","0","bgm_M169","11033013","11033","101622","101331302","-50","0","bgm_M169","bgm_M169","0","法斯奇亞森林‧東部 33-13","0"
"101331408","100020","110330141","9033156","0","10","0","0","0","101331410","215","10","bgm_M170","0","101331409","110330141","115616","211001000","0","110330143","102103","102102","25015","70","bgm_M170","700","0","125376","0","bgm_M170","110330142","2030/12/31 14:59:59","125524","10","102101","0","0","0","2020/07/13 16:00:00","90","0","bgm_M170","11033014","11033","102102","0","-50","0","bgm_M170","bgm_M170","0","法斯奇亞森林‧東部 33-14","9033155"
"101340103","100080","110340011","0","0","10","0","0","0","101340102","215","10","bgm_M169","0","101340101","110340011","115616","211001000","0","110340013","100053","100052","0","85","bgm_M169","-715","0","115556","0","bgm_M169","110340012","2030/12/31 14:59:59","125286","10","100051","0","0","0","2020/08/17 16:00:00","90","0","bgm_M169","11034001","11034","100052","101340104","-50","0","bgm_M169","bgm_M169","0","迪克斯提亞岩崖‧西壁 34-1","0"
"101340205","100080","110340021","0","0","10","0","0","0","101340202","215","10","bgm_M169","0","101340202","110340021","115556","211001000","0","110340023","100053","100052","0","-95","bgm_M169","-660","0","115616","0","bgm_M169","110340022","2030/12/31 14:59:59","115433","10","100051","0","0","0","2020/08/17 16:00:00","90","0","bgm_M169","11034002","11034","100052","101340206","-50","0","bgm_M169","bgm_M169","0","迪克斯提亞岩崖‧西壁 34-2","0"
"101340305","100450","110340031","0","0","10","0","0","0","101340301","215","10","bgm_M169","0","101340303","110340031","115586","211001000","0","110340033","101623","101622","0","0","bgm_M169","-515","0","115556","0","bgm_M169","110340032","2030/12/31 14:59:59","115316","10","101621","0","0","0","2020/08/17 16:00:00","90","0","bgm_M169","11034003","11034","101622","101340302","-50","0","bgm_M169","bgm_M169","0","迪克斯提亞岩崖‧西壁 34-3","0"
"101340401","100450","110340041","0","0","10","0","0","0","101340402","215","10","bgm_M169","0","101340406","110340041","115616","211001000","0","110340043","101623","101622","0","-140","bgm_M169","-405","0","125376","0","bgm_M169","110340042","2030/12/31 14:59:59","125167","10","101621","0","0","0","2020/08/17 16:00:00","90","0","bgm_M169","11034004","11034","101622","101340404","-50","0","bgm_M169","bgm_M169","0","迪克斯提亞岩崖‧西壁 34-4","0"
"101340503","100500","110340051","0","0","10","0","0","0","101340502","215","10","bgm_M169","0","101340501","110340051","115586","211001000","0","110340053","101823","101822","0","10","bgm_M169","-330","0","125286","0","bgm_M169","110340052","2030/12/31 14:59:59","115077","10","101821","0","0","0","2020/08/17 16:00:00","90","0","bgm_M169","11034005","11034","101822","101340505","-50","0","bgm_M169","bgm_M169","0","迪克斯提亞岩崖‧西壁 34-5","0"
"101340605","100500","110340061","0","0","10","0","0","0","101340607","215","10","bgm_M169","0","101340601","110340061","115556","211001000","0","110340063","101823","101822","0","0","bgm_M169","-125","0","115346","0","bgm_M169","110340062","2030/12/31 14:59:59","115137","10","101821","0","0","0","2020/08/17 16:00:00","90","0","bgm_M169","11034006","11034","101822","101340606","-50","0","bgm_M169","bgm_M169","0","迪克斯提亞岩崖‧西壁 34-6","0"
"101340706","100560","110340071","0","0","10","0","0","0","101340705","215","10","bgm_M169","0","101340702","110340071","115616","211001000","0","110340073","102023","102022","0","-140","bgm_M169","-80","0","125376","0","bgm_M169","110340072","2030/12/31 14:59:59","115047","10","102021","0","0","101340703","2020/08/17 16:00:00","90","0","bgm_M169","11034007","11034","102022","101340704","-50","0","bgm_M169","bgm_M169","0","迪克斯提亞岩崖‧西壁 34-7","0"
"101340803","100020","110340081","0","0","10","0","0","0","101340801","215","10","bgm_M169","0","101340805","110340081","115556","211001000","0","110340083","100013","100012","0","-105","bgm_M169","95","0","115346","0","bgm_M169","110340082","2030/12/31 14:59:59","115197","10","100011","0","0","0","2020/08/17 16:00:00","90","0","bgm_M169","11034008","11034","100012","101340806","-50","0","bgm_M169","bgm_M169","0","迪克斯提亞岩崖‧西壁 34-8","0"
"101340905","100020","110340091","0","0","10","0","0","0","101340903","215","10","bgm_M169","0","101340901","110340091","115616","211001000","0","110340093","100013","100012","0","-130","bgm_M169","275","0","115316","0","bgm_M169","110340092","2030/12/31 14:59:59","115077","10","100011","0","0","0","2020/08/17 16:00:00","90","0","bgm_M169","11034009","11034","100012","101340904","-50","0","bgm_M169","bgm_M169","0","迪克斯提亞岩崖‧西壁 34-9","0"
"101341002","100450","110340101","0","0","10","0","0","0","101341001","215","10","bgm_M169","0","101341001","110340101","115556","211001000","0","110340103","101623","101622","25011","45","bgm_M169","235","0","125524","0","bgm_M169","110340102","2030/12/31 14:59:59","115137","10","101621","0","0","101341004","2020/08/17 16:00:00","90","0","bgm_M169","11034010","11034","101622","101341005","-50","0","bgm_M169","bgm_M169","0","迪克斯提亞岩崖‧西壁 34-10","0"
"101341104","100020","110340111","0","0","10","0","0","0","101341102","215","10","bgm_M169","0","101341107","110340111","115586","211001000","0","110340113","100013","100012","25012","75","bgm_M169","420","0","115433","0","bgm_M169","110340112","2030/12/31 14:59:59","115197","10","100011","0","0","101341106","2020/08/17 16:00:00","90","0","bgm_M169","11034011","11034","100012","101341103","-50","0","bgm_M169","bgm_M169","0","迪克斯提亞岩崖‧西壁 34-11","0"
"101341203","100020","110340121","0","0","10","0","0","0","101341201","215","10","bgm_M169","0","101341201","110340121","115433","211001000","0","110340123","100013","100012","25013","40","bgm_M169","600","0","115047","0","bgm_M169","110340122","2030/12/31 14:59:59","125107","10","100011","0","0","101341206","2020/08/17 16:00:00","90","0","bgm_M169","11034012","11034","100012","101341205","-50","0","bgm_M169","bgm_M169","0","迪克斯提亞岩崖‧西壁 34-12","0"
"101341307","100450","110340131","0","0","10","0","0","0","101341306","215","10","bgm_M169","0","101341303","110340131","115316","211001000","0","110340133","101623","101622","25014","-120","bgm_M169","520","0","125167","0","bgm_M169","110340132","2030/12/31 14:59:59","125017","10","101621","0","0","101341302","2020/08/17 16:00:00","90","0","bgm_M169","11034013","11034","101622","101341307","-50","0","bgm_M169","bgm_M169","0","迪克斯提亞岩崖‧西壁 34-13","0"
"0","100020","110340141","9034156","0","10","0","0","0","101341410","215","10","bgm_M170","0","0","110340141","125524","211001000","0","110340143","100353","100352","25015","-105","bgm_M170","735","0","125257","0","bgm_M170","110340142","2030/12/31 14:59:59","125227","10","100351","0","0","0","2020/08/17 16:00:00","90","0","bgm_M170","11034014","11034","100352","0","-50","0","bgm_M170","bgm_M170","0","迪克斯提亞岩崖‧西壁 34-14","9034155"
"101350108","100020","110350011","0","0","10","0","0","0","101350101","215","10","bgm_M169","0","101350103","110350011","125286","211001000","0","110350013","100013","100012","0","-150","bgm_M169","-765","0","115316","0","bgm_M169","110350012","2030/12/31 14:59:59","125167","10","100011","0","0","0","2020/09/14 16:00:00","90","0","bgm_M169","11035001","11035","100012","101350104","-50","0","bgm_M169","bgm_M169","0","迪克斯提亞岩崖‧東壁 35-1","0"
"101350203","100450","110350021","0","0","10","0","0","0","101350206","215","10","bgm_M169","0","101350207","110350021","115433","211001000","0","110350023","101623","101622","0","-75","bgm_M169","-565","0","125376","0","bgm_M169","110350022","2030/12/31 14:59:59","115047","10","101621","0","0","0","2020/09/14 16:00:00","90","0","bgm_M169","11035002","11035","101622","101350201","-50","0","bgm_M169","bgm_M169","0","迪克斯提亞岩崖‧東壁 35-2","0"
"101350301","100450","110350031","0","0","10","0","0","0","101350306","215","10","bgm_M169","0","101350305","110350031","125524","211001000","0","110350033","101623","101622","0","90","bgm_M169","-520","0","115346","0","bgm_M169","110350032","2030/12/31 14:59:59","115137","10","101621","0","0","0","2020/09/14 16:00:00","90","0","bgm_M169","11035003","11035","101622","101350304","-50","0","bgm_M169","bgm_M169","0","迪克斯提亞岩崖‧東壁 35-3","0"
"101350403","100020","110350041","0","0","10","0","0","0","101350407","215","10","bgm_M169","0","101350405","110350041","125376","211001000","0","110350043","100013","100012","0","105","bgm_M169","-275","0","115077","0","bgm_M169","110350042","2030/12/31 14:59:59","115617","10","100011","0","0","0","2020/09/14 16:00:00","90","0","bgm_M169","11035004","11035","100012","101350402","-50","0","bgm_M169","bgm_M169","0","迪克斯提亞岩崖‧東壁 35-4","0"
"101350508","100020","110350051","0","0","10","0","0","0","101350502","215","10","bgm_M169","0","101350505","110350051","115316","211001000","0","110350053","100013","100012","0","-40","bgm_M169","-385","0","115197","0","bgm_M169","110350052","2030/12/31 14:59:59","115557","10","100011","0","0","0","2020/09/14 16:00:00","90","0","bgm_M169","11035005","11035","100012","101350501","-50","0","bgm_M169","bgm_M169","0","迪克斯提亞岩崖‧東壁 35-5","0"
"101350602","100450","110350061","0","0","10","0","0","0","101350606","215","10","bgm_M169","0","101350603","110350061","125286","211001000","0","110350063","101623","101622","0","-125","bgm_M169","-225","0","115137","0","bgm_M169","110350062","2030/12/31 14:59:59","115587","10","101621","0","0","0","2020/09/14 16:00:00","90","0","bgm_M169","11035006","11035","101622","101350605","-50","0","bgm_M169","bgm_M169","0","迪克斯提亞岩崖‧東壁 35-6","0"
"101350706","100020","110350071","0","0","10","0","0","0","101350707","215","10","bgm_M169","0","101350701","110350071","115346","211001000","0","110350073","100013","100012","0","-110","bgm_M169","-75","0","115047","0","bgm_M169","110350072","2030/12/31 14:59:59","115557","10","100011","0","0","101350703","2020/09/14 16:00:00","90","0","bgm_M169","11035007","11035","100012","101350705","-50","0","bgm_M169","bgm_M169","0","迪克斯提亞岩崖‧東壁 35-7","0"
"101350805","100080","110350081","0","0","10","0","0","0","101350807","215","10","bgm_M169","0","101350804","110350081","125286","211001000","0","110350083","100053","100052","0","35","bgm_M169","-25","0","125017","0","bgm_M169","110350082","2030/12/31 14:59:59","115617","10","100051","0","0","0","2020/09/14 16:00:00","90","0","bgm_M169","11035008","11035","100052","101350802","-50","0","bgm_M169","bgm_M169","0","迪克斯提亞岩崖‧東壁 35-8","0"
"101350905","100080","110350091","0","0","10","0","0","0","101350907","215","10","bgm_M169","0","101350907","110350091","115433","211001000","0","110350093","100053","100052","0","-70","bgm_M169","135","0","115197","0","bgm_M169","110350092","2030/12/31 14:59:59","115557","10","100051","0","0","0","2020/09/14 16:00:00","90","0","bgm_M169","11035009","11035","100052","101350901","-50","0","bgm_M169","bgm_M169","0","迪克斯提亞岩崖‧東壁 35-9","0"
"101351001","100450","110350101","0","0","10","0","0","0","101351006","215","10","bgm_M169","0","101351002","110350101","125524","211001000","0","110350103","101623","101622","25011","35","bgm_M169","300","0","125167","0","bgm_M169","110350102","2030/12/31 14:59:59","115587","10","101621","0","0","101351004","2020/09/14 16:00:00","90","0","bgm_M169","11035010","11035","101622","101351003","-50","0","bgm_M169","bgm_M169","0","迪克斯提亞岩崖‧東壁 35-10","0"
"101351104","100500","110350111","0","0","10","0","0","0","101351106","215","10","bgm_M169","0","101351102","110350111","115346","211001000","0","110350113","101823","101822","25012","15","bgm_M169","495","0","125017","0","bgm_M169","110350112","2030/12/31 14:59:59","115557","10","101821","0","0","101351108","2020/09/14 16:00:00","90","0","bgm_M169","11035011","11035","101822","101351107","-50","0","bgm_M169","bgm_M169","0","迪克斯提亞岩崖‧東壁 35-11","0"
"101351201","100020","110350121","0","0","10","0","0","0","101351206","215","10","bgm_M169","0","101351209","110350121","125227","211001000","0","110350123","100013","100012","25013","-130","bgm_M169","370","0","115557","0","bgm_M169","110350122","2030/12/31 14:59:59","115617","10","100011","0","0","101351204","2020/09/14 16:00:00","90","0","bgm_M169","11035012","11035","100012","101351202","-50","0","bgm_M169","bgm_M169","0","迪克斯提亞岩崖‧東壁 35-12","0"
"101351305","100450","110350131","0","0","10","0","0","0","101351301","215","10","bgm_M169","0","101351308","110350131","125257","211001000","0","110350133","101623","101622","25014","-110","bgm_M169","575","0","115617","0","bgm_M169","110350132","2030/12/31 14:59:59","115587","10","101621","0","0","101351304","2020/09/14 16:00:00","90","0","bgm_M169","11035013","11035","101622","101351307","-50","0","bgm_M169","bgm_M169","0","迪克斯提亞岩崖‧東壁 35-13","0"
"101351404","100020","110350141","9035156","0","10","0","0","0","101351410","215","10","bgm_M170","0","101351404","110350141","125107","211001000","0","110350143","100353","100352","25015","-30","bgm_M170","765","0","115587","0","bgm_M170","110350142","2030/12/31 14:59:59","115557","10","100351","0","0","0","2020/09/14 16:00:00","90","0","bgm_M170","11035014","11035","100352","0","-50","0","bgm_M170","bgm_M170","0","迪克斯提亞岩崖‧東壁 35-14","9035155"
"101360108","100500","110360011","0","0","10","0","0","0","101360103","215","10","bgm_M169","0","101360106","110360011","115137","211001000","0","110360013","101823","101822","0","40","bgm_M169","-740","0","125107","0","bgm_M169","110360012","2030/12/31 14:59:59","115557","10","101821","0","0","0","2020/11/13 16:00:00","90","0","bgm_M169","11036001","11036","101822","101360109","-50","0","bgm_M169","bgm_M169","0","維娜湖畔道‧南部 36-1","0"
"101360209","100500","110360021","0","0","10","0","0","0","101360201","215","10","bgm_M169","0","101360205","110360021","115047","211001000","0","110360023","101823","101822","0","95","bgm_M169","-555","0","125227","0","bgm_M169","110360022","2030/12/31 14:59:59","115587","10","101821","0","0","0","2020/11/13 16:00:00","90","0","bgm_M169","11036002","11036","101822","101360210","-50","0","bgm_M169","bgm_M169","0","維娜湖畔道‧南部 36-2","0"
"101360307","100020","110360031","0","0","10","0","0","0","101360301","215","10","bgm_M169","0","101360302","110360031","115197","211001000","0","110360033","100013","100012","0","60","bgm_M169","-345","0","115077","0","bgm_M169","110360032","2030/12/31 14:59:59","115557","10","100011","0","0","0","2020/11/13 16:00:00","90","0","bgm_M169","11036003","11036","100012","101360309","-50","0","bgm_M169","bgm_M169","0","維娜湖畔道‧南部 36-3","0"
"101360406","100560","110360041","0","0","10","0","0","0","101360402","215","10","bgm_M169","0","101360405","110360041","115137","211001000","0","110360043","102023","102022","0","-45","bgm_M169","-465","0","115587","0","bgm_M169","110360042","2030/12/31 14:59:59","115317","10","102021","0","0","0","2020/11/13 16:00:00","90","0","bgm_M169","11036004","11036","102022","101360408","-50","0","bgm_M169","bgm_M169","0","維娜湖畔道‧南部 36-4","0"
"101360507","100560","110360051","0","0","10","0","0","0","101360502","215","10","bgm_M169","0","101360505","110360051","115077","211001000","0","110360053","102023","102022","0","-175","bgm_M169","-555","0","115557","0","bgm_M169","110360052","2030/12/31 14:59:59","115403","10","102021","0","0","0","2020/11/13 16:00:00","90","0","bgm_M169","11036005","11036","102022","101360510","-50","0","bgm_M169","bgm_M169","0","維娜湖畔道‧南部 36-5","0"
"101360607","100080","110360061","0","0","10","0","0","0","101360601","215","10","bgm_M169","0","101360604","110360061","125017","211001000","0","110360063","100053","100052","0","-155","bgm_M169","-340","0","115587","0","bgm_M169","110360062","2030/12/31 14:59:59","115464","10","100051","0","0","0","2020/11/13 16:00:00","90","0","bgm_M169","11036006","11036","100052","101360609","-50","0","bgm_M169","bgm_M169","0","維娜湖畔道‧南部 36-6","0"
"101360707","100080","110360071","0","0","10","0","0","0","101360702","215","10","bgm_M169","0","101360703","110360071","125227","211001000","0","110360073","100053","100052","0","-80","bgm_M169","-160","0","115617","0","bgm_M169","110360072","2030/12/31 14:59:59","115403","10","100051","0","0","101360709","2020/11/13 16:00:00","90","0","bgm_M169","11036007","11036","100052","101360708","-50","0","bgm_M169","bgm_M169","0","維娜湖畔道‧南部 36-7","0"
"101360805","100560","110360081","0","0","10","0","0","0","101360801","215","10","bgm_M169","0","101360804","110360081","125167","211001000","0","110360083","102023","102022","0","55","bgm_M169","-45","0","115557","0","bgm_M169","110360082","2030/12/31 14:59:59","115317","10","102021","0","0","101360809","2020/11/13 16:00:00","90","0","bgm_M169","11036008","11036","102022","101360808","-50","0","bgm_M169","bgm_M169","0","維娜湖畔道‧南部 36-8","0"
"101360907","100500","110360091","0","0","10","0","0","0","101360908","215","10","bgm_M169","0","101360905","110360091","125257","211001000","0","110360093","101823","101822","0","-95","bgm_M169","65","0","115587","0","bgm_M169","110360092","2030/12/31 14:59:59","125287","10","101821","0","0","101360910","2020/11/13 16:00:00","90","0","bgm_M169","11036009","11036","101822","101360909","-50","0","bgm_M169","bgm_M169","0","維娜湖畔道‧南部 36-9","0"
"101361007","100020","110360101","0","0","10","0","0","0","101361002","215","10","bgm_M169","0","101361005","110360101","125227","211001000","0","110360103","100013","100012","25011","-120","bgm_M169","260","0","115617","0","bgm_M169","110360102","2030/12/31 14:59:59","125377","10","100011","0","0","101361010","2020/11/13 16:00:00","90","0","bgm_M169","11036010","11036","100012","101361009","-50","0","bgm_M169","bgm_M169","0","維娜湖畔道‧南部 36-10","0"
"101361108","100450","110360111","0","0","10","0","0","0","101361101","215","10","bgm_M169","0","101361104","110360111","125017","211001000","0","110360113","101623","101622","25012","40","bgm_M169","220","0","115557","0","bgm_M169","110360112","2030/12/31 14:59:59","125347","10","101621","0","0","101361109","2020/11/13 16:00:00","90","0","bgm_M169","11036011","11036","101622","101361107","-50","0","bgm_M169","bgm_M169","0","維娜湖畔道‧南部 36-11","0"
"101361206","100020","110360121","0","0","10","0","0","0","101361202","215","10","bgm_M169","0","101361203","110360121","115587","211001000","0","110360123","100013","100012","25013","15","bgm_M169","425","0","115403","0","bgm_M169","110360122","2030/12/31 14:59:59","115317","10","100011","0","0","101361210","2020/11/13 16:00:00","90","0","bgm_M169","11036012","11036","100012","101361208","-50","0","bgm_M169","bgm_M169","0","維娜湖畔道‧南部 36-12","0"
"101361307","100450","110360131","0","0","10","0","0","0","101361302","215","10","bgm_M169","0","101361304","110360131","115617","211001000","0","110360133","101623","101622","25014","40","bgm_M169","625","0","115464","0","bgm_M169","110360132","2030/12/31 14:59:59","125377","10","101621","0","0","101361308","2020/11/13 16:00:00","90","0","bgm_M169","11036013","11036","101622","101361310","-50","0","bgm_M169","bgm_M169","0","維娜湖畔道‧南部 36-13","0"
"0","100500","110360141","9036156","0","10","0","0","0","101361410","215","10","bgm_M170","0","0","110360141","115557","211001000","0","110360143","101833","101832","25015","-90","bgm_M170","720","0","125347","0","bgm_M170","110360142","2030/12/31 14:59:59","125287","10","101831","0","0","0","2020/11/13 16:00:00","90","0","bgm_M170","11036014","11036","101832","0","-50","0","bgm_M170","bgm_M170","0","維娜湖畔道‧南部 36-14","9036155"
"101370105","100020","110370011","0","0","10","0","0","0","101370103","215","10","bgm_M169","0","101370106","110370011","115557","211001000","0","110370013","100013","100012","0","-175","bgm_M169","-740","0","115617","0","bgm_M169","110370012","2030/12/31 14:59:59","125377","10","100011","0","0","0","2020/12/14 16:00:00","90","0","bgm_M169","11037001","11037","100012","101370108","-50","1","bgm_M169","bgm_M169","0","維娜湖畔道‧北部 37-1","0"
"101370205","100450","110370021","0","0","10","0","0","0","101370201","215","10","bgm_M169","0","101370204","110370021","115617","211001000","0","110370023","101623","101622","0","-165","bgm_M169","-555","0","115587","0","bgm_M169","110370022","2030/12/31 14:59:59","115464","10","101621","0","0","0","2020/12/14 16:00:00","90","0","bgm_M169","11037002","11037","101622","101370209","-50","1","bgm_M169","bgm_M169","0","維娜湖畔道‧北部 37-2","0"
"101370307","100020","110370031","0","0","10","0","0","0","101370302","215","10","bgm_M169","0","101370306","110370031","115587","211001000","0","110370033","100013","100012","0","-15","bgm_M169","-645","0","115557","0","bgm_M169","110370032","2030/12/31 14:59:59","125287","10","100011","0","0","0","2020/12/14 16:00:00","90","0","bgm_M169","11037003","11037","100012","101370308","-50","1","bgm_M169","bgm_M169","0","維娜湖畔道‧北部 37-3","0"
"101370409","100020","110370041","0","0","10","0","0","0","101370401","215","10","bgm_M169","0","101370404","110370041","115617","211001000","0","110370043","100013","100012","0","95","bgm_M169","-505","0","125347","0","bgm_M169","110370042","2030/12/31 14:59:59","116071","10","100011","0","0","0","2020/12/14 16:00:00","90","0","bgm_M169","11037004","11037","100012","101370408","-50","1","bgm_M169","bgm_M169","0","維娜湖畔道‧北部 37-4","0"
"101370508","100560","110370051","0","0","10","0","0","0","101370502","215","10","bgm_M169","0","101370505","110370051","115587","211001000","0","110370053","102023","102022","0","35","bgm_M169","-335","0","115317","0","bgm_M169","110370052","2030/12/31 14:59:59","116041","10","102021","0","0","0","2020/12/14 16:00:00","90","0","bgm_M169","11037005","11037","102022","101370509","-50","1","bgm_M169","bgm_M169","0","維娜湖畔道‧北部 37-5","0"
"101370607","100500","110370061","0","0","10","0","0","0","101370601","215","10","bgm_M169","0","101370606","110370061","115617","211001000","0","110370063","101823","101822","0","-125","bgm_M169","-265","0","125377","0","bgm_M169","110370062","2030/12/31 14:59:59","116191","10","101821","0","0","0","2020/12/14 16:00:00","90","0","bgm_M169","11037006","11037","101822","101370610","-50","1","bgm_M169","bgm_M169","0","維娜湖畔道‧北部 37-6","0"
"101370705","100450","110370071","0","0","10","0","0","0","101370701","215","10","bgm_M169","0","101370704","110370071","115557","211001000","0","110370073","101623","101622","0","-10","bgm_M169","-125","0","115403","0","bgm_M169","110370072","2030/12/31 14:59:59","116041","10","101621","0","0","101370707","2020/12/14 16:00:00","90","0","bgm_M169","11037007","11037","101622","101370705","-50","1","bgm_M169","bgm_M169","0","維娜湖畔道‧北部 37-7","0"
"101370806","100080","110370081","0","0","10","0","0","0","101370802","215","10","bgm_M169","0","101370803","110370081","115587","211001000","0","110370083","100053","100052","0","-120","bgm_M169","-10","0","125347","0","bgm_M169","110370082","2030/12/31 14:59:59","116071","10","100051","0","0","101370809","2020/12/14 16:00:00","90","0","bgm_M169","11037008","11037","100052","101370808","-50","1","bgm_M169","bgm_M169","0","維娜湖畔道‧北部 37-8","0"
"101370906","100080","110370091","0","0","10","0","0","0","101370901","215","10","bgm_M169","0","101370905","110370091","115557","211001000","0","110370093","100053","100052","0","-95","bgm_M169","170","0","115403","0","bgm_M169","110370092","2030/12/31 14:59:59","126161","10","100051","0","0","101370909","2020/12/14 16:00:00","90","0","bgm_M169","11037009","11037","100052","101370907","-50","1","bgm_M169","bgm_M169","0","維娜湖畔道‧北部 37-9","0"
"101371006","100020","110370101","0","0","10","0","0","0","101371001","215","10","bgm_M169","0","101371005","110370101","115587","211001000","0","110370103","100013","100012","25011","40","bgm_M169","80","0","115464","0","bgm_M169","110370102","2030/12/31 14:59:59","116131","10","100011","0","0","101371010","2020/12/14 16:00:00","90","0","bgm_M169","11037010","11037","100012","101371009","-50","1","bgm_M169","bgm_M169","0","維娜湖畔道‧北部 37-10","0"
"101371105","100560","110370111","0","0","10","0","0","0","101371102","215","10","bgm_M169","0","101371104","110370111","115557","211001000","0","110370113","102023","102022","25012","35","bgm_M169","270","0","115317","0","bgm_M169","110370112","2030/12/31 14:59:59","116191","10","102021","0","0","101371109","2020/12/14 16:00:00","90","0","bgm_M169","11037011","11037","102022","101371106","-50","1","bgm_M169","bgm_M169","0","維娜湖畔道‧北部 37-11","0"
"101371206","100450","110370121","0","0","10","0","0","0","101371201","215","10","bgm_M169","0","101371204","110370121","125377","211001000","0","110370123","101623","101622","25013","-10","bgm_M169","450","0","116131","0","bgm_M169","110370122","2030/12/31 14:59:59","126161","10","101621","0","0","101371208","2020/12/14 16:00:00","90","0","bgm_M169","11037012","11037","101622","101371207","-50","1","bgm_M169","bgm_M169","0","維娜湖畔道‧北部 37-12","0"
"101371306","100020","110370131","0","0","10","0","0","0","101371301","215","10","bgm_M169","0","101371305","110370131","125287","211001000","0","110370133","100013","100012","25014","-115","bgm_M169","590","0","126101","0","bgm_M169","110370132","2030/12/31 14:59:59","126011","10","100011","0","0","101371309","2020/12/14 16:00:00","90","0","bgm_M169","11037013","11037","100012","101371307","-50","1","bgm_M169","bgm_M169","0","維娜湖畔道‧北部 37-13","0"
"101371403","100500","110370141","9037156","0","10","0","0","0","101371410","215","10","bgm_M170","0","101371403","110370141","115464","211001000","0","110370143","101833","101832","25015","-10","bgm_M170","715","0","126251","0","bgm_M170","110370142","2030/12/31 14:59:59","126221","10","101831","0","0","0","2020/12/14 16:00:00","90","0","bgm_M170","11037014","11037","101832","0","-50","1","bgm_M170","bgm_M170","0","維娜湖畔道‧北部 37-14","9037155"
"101380105","100040","110380011","0","0","10","0","0","0","101380101","215","10","bgm_M169","0","101380102","110380011","115317","211001000","0","110380013","100039","100038","0","-225","bgm_M169","-715","0","115464","0","bgm_M169","110380012","2030/12/31 14:59:59","116131","10","100037","0","0","0","2021/01/15 16:00:00","90","0","bgm_M169","11038001","11038","100038","101380106","-50","1","bgm_M169","bgm_M169","0","拉圖斯斷崖‧南部 38-1","0"
"101380206","100040","110380021","0","0","10","0","0","0","101380203","215","10","bgm_M169","0","101380205","110380021","125377","211001000","0","110380023","100039","100038","0","-195","bgm_M169","-535","0","125347","0","bgm_M169","110380022","2030/12/31 14:59:59","126101","10","100037","0","0","0","2021/01/15 16:00:00","90","0","bgm_M169","11038002","11038","100038","101380207","-50","1","bgm_M169","bgm_M169","0","拉圖斯斷崖‧南部 38-2","0"
"101380307","100450","110380031","0","0","10","0","0","0","101380304","215","10","bgm_M169","0","101380304","110380031","125287","211001000","0","110380033","101623","101622","0","-35","bgm_M169","-625","0","115403","0","bgm_M169","110380032","2030/12/31 14:59:59","126161","10","101621","0","0","0","2021/01/15 16:00:00","90","0","bgm_M169","11038003","11038","101622","101380306","-50","1","bgm_M169","bgm_M169","0","拉圖斯斷崖‧南部 38-3","0"
"101380403","100020","110380041","0","0","10","0","0","0","101380401","215","10","bgm_M169","0","101380405","110380041","125377","211001000","0","110380043","102093","102092","0","45","bgm_M169","-460","0","116041","0","bgm_M169","110380042","2030/12/31 14:59:59","116611","10","102091","0","0","0","2021/01/15 16:00:00","90","0","bgm_M169","11038004","11038","102092","101380406","-50","1","bgm_M169","bgm_M169","0","拉圖斯斷崖‧南部 38-4","0"
"101380502","100020","110380051","0","0","10","0","0","0","101380510","215","10","bgm_M169","0","101380503","110380051","125287","211001000","0","110380053","102093","102092","0","0","bgm_M169","-300","0","116071","0","bgm_M169","110380052","2030/12/31 14:59:59","116551","10","102091","0","0","0","2021/01/15 16:00:00","90","0","bgm_M169","11038005","11038","102092","101380504","-50","1","bgm_M169","bgm_M169","0","拉圖斯斷崖‧南部 38-5","0"
"101380604","100020","110380061","0","0","10","0","0","0","101380601","215","10","bgm_M169","0","101380605","110380061","125377","211001000","0","110380063","102093","102092","0","-175","bgm_M169","-245","0","126161","0","bgm_M169","110380062","2030/12/31 14:59:59","116581","10","102091","0","0","0","2021/01/15 16:00:00","90","0","bgm_M169","11038006","11038","102092","101380602","-50","1","bgm_M169","bgm_M169","0","拉圖斯斷崖‧南部 38-6","0"
"101380706","100500","110380071","0","0","10","0","0","0","101380701","215","10","bgm_M169","0","101380703","110380071","115464","211001000","0","110380073","101823","101822","0","-70","bgm_M169","-105","0","116191","0","bgm_M169","110380072","2030/12/31 14:59:59","116551","10","101821","0","0","101380707","2021/01/15 16:00:00","90","0","bgm_M169","11038007","11038","101822","101380704","-50","1","bgm_M169","bgm_M169","0","拉圖斯斷崖‧南部 38-7","0"
"101380804","100460","110380081","0","0","10","0","0","0","101380802","215","10","bgm_M169","0","101380807","110380081","115317","211001000","0","110380083","101673","101672","0","-160","bgm_M169","50","0","126221","0","bgm_M169","110380082","2030/12/31 14:59:59","116611","10","101671","0","0","101380810","2021/01/15 16:00:00","90","0","bgm_M169","11038008","11038","101672","101380806","-50","1","bgm_M169","bgm_M169","0","拉圖斯斷崖‧南部 38-8","0"
"101380905","100080","110380091","0","0","10","0","0","0","101380901","215","10","bgm_M169","0","101380906","110380091","125347","211001000","0","110380093","100053","100052","0","-185","bgm_M169","270","0","116131","0","bgm_M169","110380092","2030/12/31 14:59:59","116551","10","100051","0","0","101380907","2021/01/15 16:00:00","90","0","bgm_M169","11038009","11038","100052","101380909","-50","1","bgm_M169","bgm_M169","0","拉圖斯斷崖‧南部 38-9","0"
"101381004","100080","110380101","0","0","10","0","0","0","101381002","215","10","bgm_M169","0","101381003","110380101","115403","211001000","0","110380103","100053","100052","25011","-30","bgm_M169","170","0","126221","0","bgm_M169","110380102","2030/12/31 14:59:59","116581","10","100051","0","0","101381007","2021/01/15 16:00:00","90","0","bgm_M169","11038010","11038","100052","101381006","-50","1","bgm_M169","bgm_M169","0","拉圖斯斷崖‧南部 38-10","0"
"101381104","100450","110380111","0","0","10","0","0","0","101381103","215","10","bgm_M169","0","101381102","110380111","125347","211001000","0","110380113","101623","101622","25012","10","bgm_M169","360","0","126011","0","bgm_M169","110380112","2030/12/31 14:59:59","116551","10","101621","0","0","101381107","2021/01/15 16:00:00","90","0","bgm_M169","11038011","11038","101622","101381106","-50","1","bgm_M169","bgm_M169","0","拉圖斯斷崖‧南部 38-11","0"
"101381205","100450","110380121","0","0","10","0","0","0","101381201","215","10","bgm_M169","0","101381208","110380121","126251","211001000","0","110380123","101623","101622","25013","-40","bgm_M169","530","0","116551","0","bgm_M169","110380122","2030/12/31 14:59:59","116611","10","101621","0","0","101381206","2021/01/15 16:00:00","90","0","bgm_M169","11038012","11038","101622","101381207","-50","1","bgm_M169","bgm_M169","0","拉圖斯斷崖‧南部 38-12","0"
"101381309","100030","110380131","0","0","10","0","0","0","101381302","215","10","bgm_M169","0","101381301","110380131","126221","211001000","0","110380133","102367","102366","25014","-120","bgm_M169","680","0","116611","0","bgm_M169","110380132","2030/12/31 14:59:59","116581","10","102365","0","0","101381307","2021/01/15 16:00:00","90","0","bgm_M169","11038013","11038","102366","101381305","-50","1","bgm_M169","bgm_M169","0","拉圖斯斷崖‧南部 38-13","0"
"0","100030","110380141","9038156","0","10","0","0","0","101381410","215","10","bgm_M170","0","0","110380141","126221","211001000","0","110380143","102370","102369","25015","40","bgm_M170","735","0","116581","0","bgm_M170","110380142","2030/12/31 14:59:59","116551","10","102368","0","0","0","2021/01/15 16:00:00","90","0","bgm_M170","11038014","11038","102369","0","-50","1","bgm_M170","bgm_M170","0","拉圖斯斷崖‧南部 38-14","9038155"
"101390106","100050","110390011","0","0","10","0","0","0","101390101","215","10","bgm_M169","0","101390105","110390011","116131","211001000","0","110390013","100103","100102","0","0","bgm_M169","-720","0","126101","0","bgm_M169","110390012","2030/12/31 14:59:59","116551","10","100101","0","0","0","2021/02/09 16:00:00","90","0","bgm_M169","11039001","11039","100102","101390103","-50","1","bgm_M169","bgm_M169","0","拉圖斯斷崖‧北部 39-1","0"
"101390205","100020","110390021","0","0","10","0","0","0","101390206","215","10","bgm_M169","0","101390201","110390021","116041","211001000","0","110390023","100013","100012","0","-150","bgm_M169","-580","0","116071","0","bgm_M169","110390022","2030/12/31 14:59:59","116581","10","100011","0","0","0","2021/02/09 16:00:00","90","0","bgm_M169","11039002","11039","100012","101390207","-50","1","bgm_M169","bgm_M169","0","拉圖斯斷崖‧北部 39-2","0"
"101390303","100450","110390031","0","0","10","0","0","0","101390304","215","10","bgm_M169","0","101390305","110390031","126011","211001000","0","110390033","101783","101782","0","20","bgm_M169","-450","0","126221","0","bgm_M169","110390032","2030/12/31 14:59:59","116611","10","101781","0","0","0","2021/02/09 16:00:00","90","0","bgm_M169","11039003","11039","101782","101390307","-50","1","bgm_M169","bgm_M169","0","拉圖斯斷崖‧北部 39-3","0"
"101390403","100450","110390041","0","0","10","0","0","0","101390401","215","10","bgm_M169","0","101390402","110390041","116131","211001000","0","110390043","101783","101782","0","120","bgm_M169","-300","0","116581","0","bgm_M169","110390042","2030/12/31 14:59:59","116311","10","101781","0","0","0","2021/02/09 16:00:00","90","0","bgm_M169","11039004","11039","101782","101390407","-50","1","bgm_M169","bgm_M169","0","拉圖斯斷崖‧北部 39-4","0"
"101390506","100450","110390051","0","0","10","0","0","0","101390504","215","10","bgm_M169","0","101390507","110390051","116041","211001000","0","110390053","101623","101622","0","-40","bgm_M169","-200","0","116551","0","bgm_M169","110390052","2030/12/31 14:59:59","116401","10","101621","0","0","0","2021/02/09 16:00:00","90","0","bgm_M169","11039005","11039","101622","101390505","-50","1","bgm_M169","bgm_M169","0","拉圖斯斷崖‧北部 39-5","0"
"101390603","100020","110390061","0","0","10","0","0","0","101390601","215","10","bgm_M169","0","101390602","110390061","116191","211001000","0","110390063","100016","100015","0","-185","bgm_M169","-300","0","116581","0","bgm_M169","110390062","2030/12/31 14:59:59","116461","10","100014","0","0","0","2021/02/09 16:00:00","90","0","bgm_M169","11039006","11039","100015","101390606","-50","1","bgm_M169","bgm_M169","0","拉圖斯斷崖‧北部 39-6","0"
"101390703","100020","110390071","0","0","10","0","0","0","101390704","215","10","bgm_M169","0","101390707","110390071","126251","211001000","0","110390073","100016","100015","0","-150","bgm_M169","-80","0","116611","0","bgm_M169","110390072","2030/12/31 14:59:59","116401","10","100014","0","0","101390705","2021/02/09 16:00:00","90","0","bgm_M169","11039007","11039","100015","101390706","-50","1","bgm_M169","bgm_M169","0","拉圖斯斷崖‧北部 39-7","0"
"101390801","100050","110390081","0","0","10","0","0","0","101390803","215","10","bgm_M169","0","101390802","110390081","126161","211001000","0","110390083","101673","101672","0","-50","bgm_M169","50","0","116581","0","bgm_M169","110390082","2030/12/31 14:59:59","116311","10","101671","0","0","101390807","2021/02/09 16:00:00","90","0","bgm_M169","11039008","11039","101672","101390806","-50","1","bgm_M169","bgm_M169","0","拉圖斯斷崖‧北部 39-8","0"
"101390903","100020","110390091","0","0","10","0","0","0","101390904","215","10","bgm_M169","0","101390902","110390091","126251","211001000","0","110390093","100053","100052","0","-150","bgm_M169","200","0","116551","0","bgm_M169","110390092","2030/12/31 14:59:59","126281","10","100051","0","0","101390906","2021/02/09 16:00:00","90","0","bgm_M169","11039009","11039","100052","101390907","-50","1","bgm_M169","bgm_M169","0","拉圖斯斷崖‧北部 39-9","0"
"101391007","100450","110390101","0","0","10","0","0","0","101391001","215","10","bgm_M169","0","101391004","110390101","126221","211001000","0","110390103","101623","101622","25011","30","bgm_M169","340","0","116611","0","bgm_M169","110390102","2030/12/31 14:59:59","126371","10","101621","0","0","101391003","2021/02/09 16:00:00","90","0","bgm_M169","11039010","11039","101622","101391006","-50","1","bgm_M169","bgm_M169","0","拉圖斯斷崖‧北部 39-10","0"
"101391102","100050","110390111","0","0","10","0","0","0","101391101","215","10","bgm_M169","0","101391106","110390111","126011","211001000","0","110390113","100103","100102","25012","-120","bgm_M169","400","0","116551","0","bgm_M169","110390112","2030/12/31 14:59:59","126341","10","100101","0","0","101391107","2021/02/09 16:00:00","90","0","bgm_M169","11039011","11039","100102","101391104","-50","1","bgm_M169","bgm_M169","0","拉圖斯斷崖‧北部 39-11","0"
"101391203","100450","110390121","0","0","10","0","0","0","101391202","215","10","bgm_M169","0","101391206","110390121","116581","211001000","0","110390123","101623","101622","25013","-70","bgm_M169","580","0","116401","0","bgm_M169","110390122","2030/12/31 14:59:59","116311","10","101621","0","0","101391207","2021/02/09 16:00:00","90","0","bgm_M169","11039012","11039","101622","101391205","-50","1","bgm_M169","bgm_M169","0","拉圖斯斷崖‧北部 39-12","0"
"101391304","100030","110390131","0","0","10","0","0","0","101391303","215","10","bgm_M169","0","101391301","110390131","116611","211001000","0","110390133","102367","102366","25014","100","bgm_M169","500","0","116461","0","bgm_M169","110390132","2030/12/31 14:59:59","126371","10","102365","0","0","101391305","2021/02/09 16:00:00","90","0","bgm_M169","11039013","11039","102366","101391307","-50","1","bgm_M169","bgm_M169","0","拉圖斯斷崖‧北部 39-13","0"
"0","100030","110390141","9039156","0","10","0","0","0","101391410","215","10","bgm_M170","0","101391402","110390141","116551","211001000","0","110390143","102370","102369","25015","40","bgm_M170","720","0","126341","0","bgm_M170","110390142","2030/12/31 14:59:59","126281","10","102368","0","0","0","2021/02/09 16:00:00","90","0","bgm_M170","11039014","11039","102369","0","-50","1","bgm_M170","bgm_M170","0","拉圖斯斷崖‧北部 39-14","9039155"
"101400107","100450","110400011","0","0","10","0","0","0","101400101","215","10","bgm_M169","0","101400102","110400011","116581","211001000","0","110400013","101623","101622","0","70","bgm_M169","-720","0","116551","0","bgm_M169","110400012","2030/12/31 14:59:59","116461","10","101621","0","0","0","2021/03/15 16:00:00","90","0","bgm_M169","11040001","11040","101622","101400103","-50","1","bgm_M169","bgm_M169","0","斯卡普山系‧西麓 40-1","0"
"101400207","100050","110400021","0","0","10","0","0","0","101400204","215","10","bgm_M169","0","101400203","110400021","116551","211001000","0","110400023","100243","100242","0","-90","bgm_M169","-580","0","116581","0","bgm_M169","110400022","2030/12/31 14:59:59","116311","10","100241","0","0","0","2021/03/15 16:00:00","90","0","bgm_M169","11040002","11040","100242","101400206","-50","1","bgm_M169","bgm_M169","0","斯卡普山系‧西麓 40-2","0"
"101400307","100450","110400031","0","0","10","0","0","0","101400301","215","10","bgm_M169","0","101400305","110400031","116581","211001000","0","110400033","101783","101782","0","0","bgm_M169","-400","0","116611","0","bgm_M169","110400032","2030/12/31 14:59:59","116401","10","101781","0","0","0","2021/03/15 16:00:00","90","0","bgm_M169","11040003","11040","101782","101400303","-50","1","bgm_M169","bgm_M169","0","斯卡普山系‧西麓 40-3","0"
"101400407","100450","110400041","0","0","10","0","0","0","101400401","215","10","bgm_M169","0","101400402","110400041","116551","211001000","0","110400043","101623","101622","0","60","bgm_M169","-200","0","126281","0","bgm_M169","110400042","2030/12/31 14:59:59","126102","10","101621","0","0","0","2021/03/15 16:00:00","90","0","bgm_M169","11040004","11040","101622","101400403","-50","1","bgm_M169","bgm_M169","0","斯卡普山系‧西麓 40-4","0"
"101400503","100450","110400051","0","0","10","0","0","0","101400501","215","10","bgm_M169","0","101400502","110400051","116581","211001000","0","110400053","100103","100102","0","-50","bgm_M169","-50","0","116311","0","bgm_M169","110400052","2030/12/31 14:59:59","126162","10","100101","0","0","0","2021/03/15 16:00:00","90","0","bgm_M169","11040005","11040","100102","101400504","-50","1","bgm_M169","bgm_M169","0","斯卡普山系‧西麓 40-5","0"
"101400606","100020","110400061","0","0","10","0","0","0","101400604","215","10","bgm_M169","0","101400607","110400061","116611","211001000","0","110400063","100103","100102","0","-170","bgm_M169","-150","0","116461","0","bgm_M169","110400062","2030/12/31 14:59:59","126252","10","100101","0","0","0","2021/03/15 16:00:00","90","0","bgm_M169","11040006","11040","100102","101400603","-50","1","bgm_M169","bgm_M169","0","斯卡普山系‧西麓 40-6","0"
"101400707","100020","110400071","0","0","10","0","0","0","101400701","215","10","bgm_M169","0","101400704","110400071","116551","211001000","0","110400073","102093","102092","0","-200","bgm_M169","50","0","126371","0","bgm_M169","110400072","2030/12/31 14:59:59","126222","10","102091","0","0","101400706","2021/03/15 16:00:00","90","0","bgm_M169","11040007","11040","102092","101400702","-50","1","bgm_M169","bgm_M169","0","斯卡普山系‧西麓 40-7","0"
"101400807","100050","110400081","0","0","10","0","0","0","101400801","215","10","bgm_M169","0","101400805","110400081","116611","211001000","0","110400083","101673","101672","0","-180","bgm_M169","280","0","116401","0","bgm_M169","110400082","2030/12/31 14:59:59","116132","10","101671","0","0","101400806","2021/03/15 16:00:00","90","0","bgm_M169","11040008","11040","101672","101400803","-50","1","bgm_M169","bgm_M169","0","斯卡普山系‧西麓 40-8","0"
"101400903","100450","110400091","0","0","10","0","0","0","101400901","215","10","bgm_M169","0","101400905","110400091","116581","211001000","0","110400093","101623","101622","0","-50","bgm_M169","200","0","116311","0","bgm_M169","110400092","2030/12/31 14:59:59","116072","10","101621","0","0","101400907","2021/03/15 16:00:00","90","0","bgm_M169","11040009","11040","101622","101400906","-50","1","bgm_M169","bgm_M169","0","斯卡普山系‧西麓 40-9","0"
"101401003","100030","110400101","0","0","10","0","0","0","101401004","215","10","bgm_M169","0","101401002","110400101","116611","211001000","0","110400103","100223","100222","25011","50","bgm_M169","380","0","116401","0","bgm_M169","110400102","2030/12/31 14:59:59","126012","10","100221","0","0","101401007","2021/03/15 16:00:00","90","0","bgm_M169","11040010","11040","100222","101401006","-50","1","bgm_M169","bgm_M169","0","斯卡普山系‧西麓 40-10","0"
"101401103","100030","110400111","0","0","10","0","0","0","101401101","215","10","bgm_M169","0","101401102","110400111","116581","211001000","0","110400113","100943","100942","25012","-100","bgm_M169","450","0","116461","0","bgm_M169","110400112","2030/12/31 14:59:59","116192","10","100941","0","0","101401104","2021/03/15 16:00:00","90","0","bgm_M169","11040011","11040","100942","101401107","-50","1","bgm_M169","bgm_M169","0","斯卡普山系‧西麓 40-11","0"
"101401206","100030","110400121","0","0","10","0","0","0","101401207","215","10","bgm_M169","0","101401205","110400121","126371","211001000","0","110400123","100223","100222","25013","0","bgm_M169","590","0","126252","0","bgm_M169","110400122","2030/12/31 14:59:59","126222","10","100221","0","0","101401204","2021/03/15 16:00:00","90","0","bgm_M169","11040012","11040","100222","101401203","-50","1","bgm_M169","bgm_M169","0","斯卡普山系‧西麓 40-12","0"
"101401306","100140","110400131","0","0","10","0","0","0","101401301","215","10","bgm_M169","0","101401303","110400131","126281","211001000","0","110400133","100943","100942","25014","-100","bgm_M169","690","0","126012","0","bgm_M169","110400132","2030/12/31 14:59:59","116072","10","100941","0","0","101401304","2021/03/15 16:00:00","90","0","bgm_M169","11040013","11040","100942","101401307","-50","1","bgm_M169","bgm_M169","0","斯卡普山系‧西麓 40-13","0"
"0","100140","110400141","9040156","0","10","0","0","0","101401410","215","10","bgm_M170","0","0","110400141","126341","211001000","0","110400143","100953","100952","25015","40","bgm_M170","800","0","116192","0","bgm_M170","110400142","2030/12/31 14:59:59","116042","10","100951","0","0","0","2021/03/15 16:00:00","90","0","bgm_M170","11040014","11040","100952","0","-50","1","bgm_M170","bgm_M170","0","斯卡普山系‧西麓 40-14","9040155"
"101410107","100450","110410011","0","0","10","0","0","0","101410101","215","10","bgm_M169","0","101410104","110410011","126281","211001000","0","110410013","101623","101622","0","-10","bgm_M169","-760","0","126341","0","bgm_M169","110410012","2030/12/31 14:59:59","116042","10","101621","0","0","0","2021/04/16 16:00:00","90","0","bgm_M169","11041001","11041","101622","101410103","-50","1","bgm_M169","bgm_M169","0","斯卡普山系‧東麓 41-1","0"
"101410206","100450","110410021","0","0","10","0","0","0","101410204","215","10","bgm_M169","0","101410205","110410021","126371","211001000","0","110410023","101623","101622","0","-90","bgm_M169","-600","0","116461","0","bgm_M169","110410022","2030/12/31 14:59:59","126252","10","101621","0","0","0","2021/04/16 16:00:00","90","0","bgm_M169","11041002","11041","101622","101410203","-50","1","bgm_M169","bgm_M169","0","斯卡普山系‧東麓 41-2","0"
"101410307","100450","110410031","0","0","10","0","0","0","101410301","215","10","bgm_M169","0","101410304","110410031","116401","211001000","0","110410033","101623","101622","0","0","bgm_M169","-470","0","116311","0","bgm_M169","110410032","2030/12/31 14:59:59","126012","10","101621","0","0","0","2021/04/16 16:00:00","90","0","bgm_M169","11041003","11041","101622","101410303","-50","1","bgm_M169","bgm_M169","0","斯卡普山系‧東麓 41-3","0"
"101410407","100030","110410041","0","0","10","0","0","0","101410404","215","10","bgm_M169","0","101410405","110410041","116461","211001000","0","110410043","100103","100102","0","100","bgm_M169","-350","0","126222","0","bgm_M169","110410042","2030/12/31 14:59:59","116612","10","100101","0","0","0","2021/04/16 16:00:00","90","0","bgm_M169","11041004","11041","100102","101410403","-50","1","bgm_M169","bgm_M169","0","斯卡普山系‧東麓 41-4","0"
"101410506","100030","110410051","0","0","10","0","0","0","101410501","215","10","bgm_M169","0","101410502","110410051","116311","211001000","0","110410053","100103","100102","0","-30","bgm_M169","-260","0","126102","0","bgm_M169","110410052","2030/12/31 14:59:59","116552","10","100101","0","0","0","2021/04/16 16:00:00","90","0","bgm_M169","11041005","11041","100102","101410507","-50","1","bgm_M169","bgm_M169","0","斯卡普山系‧東麓 41-5","0"
"101410607","100030","110410061","0","0","10","0","0","0","101410604","215","10","bgm_M169","0","101410602","110410061","126341","211001000","0","110410063","100943","100942","0","40","bgm_M169","-120","0","126162","0","bgm_M169","110410062","2030/12/31 14:59:59","116582","10","100941","0","0","0","2021/04/16 16:00:00","90","0","bgm_M169","11041006","11041","100942","101410603","-50","1","bgm_M169","bgm_M169","0","斯卡普山系‧東麓 41-6","0"
"101410707","100080","110410071","0","0","10","0","0","0","101410701","215","10","bgm_M169","0","101410702","110410071","126281","211001000","0","110410073","100233","100232","0","90","bgm_M169","30","0","116192","0","bgm_M169","110410072","2030/12/31 14:59:59","116552","10","100231","0","0","101410706","2021/04/16 16:00:00","90","0","bgm_M169","11041007","11041","100232","101410703","-50","1","bgm_M169","bgm_M169","0","斯卡普山系‧東麓 41-7","0"
"101410807","100080","110410081","0","0","10","0","0","0","101410802","215","10","bgm_M169","0","101410804","110410081","116461","211001000","0","110410083","100233","100232","0","-50","bgm_M169","70","0","126252","0","bgm_M169","110410082","2030/12/31 14:59:59","116612","10","100231","0","0","101410803","2021/04/16 16:00:00","90","0","bgm_M169","11041008","11041","100232","101410805","-50","1","bgm_M169","bgm_M169","0","斯卡普山系‧東麓 41-8","0"
"101410906","100080","110410091","0","0","10","0","0","0","101410901","215","10","bgm_M169","0","101410902","110410091","116401","211001000","0","110410093","100233","100232","0","-180","bgm_M169","185","0","116132","0","bgm_M169","110410092","2030/12/31 14:59:59","116552","10","100231","0","0","101410903","2021/04/16 16:00:00","90","0","bgm_M169","11041009","11041","100232","101410907","-50","1","bgm_M169","bgm_M169","0","斯卡普山系‧東麓 41-9","0"
"101411002","100140","110410101","0","0","10","0","0","0","101411004","215","10","bgm_M169","0","101411006","110410101","116311","211001000","0","110410103","100943","100942","25011","-130","bgm_M169","340","0","126222","0","bgm_M169","110410102","2030/12/31 14:59:59","116582","10","100941","0","0","101411003","2021/04/16 16:00:00","90","0","bgm_M169","11041010","11041","100942","101411007","-50","1","bgm_M169","bgm_M169","0","斯卡普山系‧東麓 41-10","0"
"101411103","100140","110410111","0","0","10","0","0","0","101411101","215","10","bgm_M169","0","101411105","110410111","126341","211001000","0","110410113","100943","100942","25012","20","bgm_M169","280","0","126162","0","bgm_M169","110410112","2030/12/31 14:59:59","116552","10","100941","0","0","101411104","2021/04/16 16:00:00","90","0","bgm_M169","11041011","11041","100942","101411106","-50","1","bgm_M169","bgm_M169","0","斯卡普山系‧東麓 41-11","0"
"101411206","100140","110410121","0","0","10","0","0","0","101411205","215","10","bgm_M169","0","101411202","110410121","116042","211001000","0","110410123","100943","100942","25013","120","bgm_M169","420","0","116552","0","bgm_M169","110410122","2030/12/31 14:59:59","116612","10","100941","0","0","101411204","2021/04/16 16:00:00","90","0","bgm_M169","11041012","11041","100942","101411207","-50","1","bgm_M169","bgm_M169","0","斯卡普山系‧東麓 41-12","0"
"101411303","100140","110410131","0","0","10","0","0","0","101411301","215","10","bgm_M169","0","101411305","110410131","116192","211001000","0","110410133","100943","100942","25014","40","bgm_M169","550","0","116612","0","bgm_M169","110410132","2030/12/31 14:59:59","116582","10","100941","0","0","101411304","2021/04/16 16:00:00","90","0","bgm_M169","11041013","11041","100942","101411307","-50","1","bgm_M169","bgm_M169","0","斯卡普山系‧東麓 41-13","0"
"0","100140","110410141","9041156","0","10","0","0","0","101411410","215","10","bgm_M170","0","0","110410141","116072","211001000","0","110410143","100953","100952","25015","-80","bgm_M170","690","0","116582","0","bgm_M170","110410142","2030/12/31 14:59:59","116552","10","100951","0","0","0","2021/04/16 16:00:00","90","0","bgm_M170","11041014","11041","100952","0","-50","1","bgm_M170","bgm_M170","0","斯卡普山系‧東麓 41-14","9041155"
"101420104","100450","110420011","0","0","10","0","0","0","101420101","215","10","bgm_M169","0","101420103","110420011","116132","211001000","0","110420013","101623","101622","0","-150","bgm_M169","-760","0","126102","0","bgm_M169","110420012","2030/12/31 14:59:59","116552","10","101621","0","0","0","2021/05/17 16:00:00","90","0","bgm_M169","11042001","11042","101622","101420106","-50","1","bgm_M169","bgm_M169","0","佩克托斯冰峰‧西壁 42-1","0"
"101420205","100450","110420021","0","0","10","0","0","0","101420204","215","10","bgm_M169","0","101420202","110420021","126012","211001000","0","110420023","101783","101782","0","-250","bgm_M169","-600","0","126222","0","bgm_M169","110420022","2030/12/31 14:59:59","116612","10","101781","0","0","0","2021/05/17 16:00:00","90","0","bgm_M169","11042002","11042","101782","101420206","-50","1","bgm_M169","bgm_M169","0","佩克托斯冰峰‧西壁 42-2","0"
"101420306","100450","110420031","0","0","10","0","0","0","101420301","215","10","bgm_M169","0","101420305","110420031","116042","211001000","0","110420033","101623","101622","0","-160","bgm_M169","-440","0","116072","0","bgm_M169","110420032","2030/12/31 14:59:59","116582","10","101621","0","0","0","2021/05/17 16:00:00","90","0","bgm_M169","11042003","11042","101622","101420303","-50","1","bgm_M169","bgm_M169","0","佩克托斯冰峰‧西壁 42-3","0"
"101420403","100020","110420041","0","0","10","0","0","0","101420401","215","10","bgm_M169","0","101420408","110420041","126222","211001000","0","110420043","100013","100012","0","-300","bgm_M169","-300","0","116612","0","bgm_M169","110420042","2030/12/31 14:59:59","116372","10","100011","0","0","0","2021/05/17 16:00:00","90","0","bgm_M169","11042004","11042","100012","101420406","-50","1","bgm_M169","bgm_M169","0","佩克托斯冰峰‧西壁 42-4","0"
"101420503","100030","110420051","0","0","10","0","0","0","101420504","215","10","bgm_M169","0","101420508","110420051","116192","211001000","0","110420053","100103","100102","0","-160","bgm_M169","-160","0","116582","0","bgm_M169","110420052","2030/12/31 14:59:59","126342","10","100101","0","0","0","2021/05/17 16:00:00","90","0","bgm_M169","11042005","11042","100102","101420506","-50","1","bgm_M169","bgm_M169","0","佩克托斯冰峰‧西壁 42-5","0"
"101420607","100030","110420061","0","0","10","0","0","0","101420604","215","10","bgm_M169","0","101420605","110420061","126012","211001000","0","110420063","100103","100102","0","-165","bgm_M169","38","0","116552","0","bgm_M169","110420062","2030/12/31 14:59:59","116431","10","100101","0","0","0","2021/05/17 16:00:00","90","0","bgm_M169","11042006","11042","100102","101420603","-50","1","bgm_M169","bgm_M169","0","佩克托斯冰峰‧西壁 42-6","0"
"101420706","100030","110420071","0","0","10","0","0","0","101420701","215","10","bgm_M169","0","101420704","110420071","116132","211001000","0","110420073","100103","100102","0","-310","bgm_M169","-70","0","116582","0","bgm_M169","110420072","2030/12/31 14:59:59","126282","10","100101","0","0","101420703","2021/05/17 16:00:00","90","0","bgm_M169","11042007","11042","100102","101420702","-50","1","bgm_M169","bgm_M169","0","佩克托斯冰峰‧西壁 42-7","0"
"101420805","100030","110420081","0","0","10","0","0","0","101420801","215","10","bgm_M169","0","101420802","110420081","126252","211001000","0","110420083","100103","100102","0","-360","bgm_M169","120","0","116612","0","bgm_M169","110420082","2030/12/31 14:59:59","126521","10","100101","0","0","101420807","2021/05/17 16:00:00","90","0","bgm_M169","11042008","11042","100102","101420806","-50","1","bgm_M169","bgm_M169","0","佩克托斯冰峰‧西壁 42-8","0"
"101420902","100080","110420091","0","0","10","0","0","0","101420901","215","10","bgm_M169","0","101420905","110420091","126162","211001000","0","110420093","100233","100232","0","-300","bgm_M169","300","0","116552","0","bgm_M169","110420092","2030/12/31 14:59:59","116312","10","100231","0","0","101420903","2021/05/17 16:00:00","90","0","bgm_M169","11042009","11042","100232","101420907","-50","1","bgm_M169","bgm_M169","0","佩克托斯冰峰‧西壁 42-9","0"
"101421002","100080","110420101","0","0","10","0","0","0","101421001","215","10","bgm_M169","0","101421005","110420101","126222","211001000","0","110420103","100233","100232","25011","-140","bgm_M169","220","0","116582","0","bgm_M169","110420102","2030/12/31 14:59:59","116372","10","100231","0","0","101421007","2021/05/17 16:00:00","90","0","bgm_M169","11042010","11042","100232","101421006","-50","1","bgm_M169","bgm_M169","0","佩克托斯冰峰‧西壁 42-10","0"
"101421107","100080","110420111","0","0","10","0","0","0","101421105","215","10","bgm_M169","0","101421101","110420111","116072","211001000","0","110420113","100233","100232","25012","-100","bgm_M169","450","0","116552","0","bgm_M169","110420112","2030/12/31 14:59:59","126342","10","100231","0","0","101421104","2021/05/17 16:00:00","90","0","bgm_M169","11042011","11042","100232","101421106","-50","1","bgm_M169","bgm_M169","0","佩克托斯冰峰‧西壁 42-11","0"
"101421208","100080","110420121","0","0","10","0","0","0","101421201","215","10","bgm_M169","0","101421207","110420121","116582","211001000","0","110420123","100233","100232","25013","-280","bgm_M169","480","0","126282","0","bgm_M169","110420122","2030/12/31 14:59:59","116431","10","100231","0","0","101421206","2021/05/17 16:00:00","90","0","bgm_M169","11042012","11042","100232","101421205","-50","1","bgm_M169","bgm_M169","0","佩克托斯冰峰‧西壁 42-12","0"
"101421303","100140","110420131","0","0","10","0","0","0","101421302","215","10","bgm_M169","0","101421305","110420131","116612","211001000","0","110420133","100943","100942","25014","-240","bgm_M169","665","0","116372","0","bgm_M169","110420132","2030/12/31 14:59:59","126521","10","100941","0","0","101421304","2021/05/17 16:00:00","90","0","bgm_M169","11042013","11042","100942","101421307","-50","1","bgm_M169","bgm_M169","0","佩克托斯冰峰‧西壁 42-13","0"
"0","100140","110420141","9042156","0","10","0","0","0","101421410","215","10","bgm_M170","0","0","110420141","116552","211001000","0","110420143","100953","100952","25015","-140","bgm_M170","820","0","126342","0","bgm_M170","110420142","2030/12/31 14:59:59","116312","10","100951","0","0","0","2021/05/17 16:00:00","90","0","bgm_M170","11042014","11042","100952","0","-50","1","bgm_M170","bgm_M170","0","佩克托斯冰峰‧西壁 42-14","9042155"
"101430105","100450","110430011","0","0","10","0","0","0","101430101","215","10","bgm_M169","0","101430104","110430011","116582","211001000","0","110430013","101623","101622","0","-300","bgm_M169","-800","0","116552","0","bgm_M169","110430012","2030/12/31 14:59:59","116431","10","101621","0","0","0","2015/12/17 15:00:00","90","0","bgm_M169","11043001","11043","101622","101430106","-50","1","bgm_M169","bgm_M169","0","佩克托斯冰峰‧東壁 43-1","0"
"101430205","100450","110430021","0","0","10","0","0","0","101430201","215","10","bgm_M169","0","101430202","110430021","116552","211001000","0","110430023","101783","101782","0","-220","bgm_M169","-650","0","116582","0","bgm_M169","110430022","2030/12/31 14:59:59","116312","10","101781","0","0","0","2015/12/17 15:00:00","90","0","bgm_M169","11043002","11043","101782","101430203","-50","1","bgm_M169","bgm_M169","0","佩克托斯冰峰‧東壁 43-2","0"
"101430302","100020","110430031","0","0","10","0","0","0","101430301","215","10","bgm_M169","0","101430304","110430031","116582","211001000","0","110430033","100013","100012","0","-400","bgm_M169","-670","0","116612","0","bgm_M169","110430032","2030/12/31 14:59:59","126521","10","100011","0","0","0","2015/12/17 15:00:00","90","0","bgm_M169","11043003","11043","100012","101430305","-50","1","bgm_M169","bgm_M169","0","佩克托斯冰峰‧東壁 43-3","0"
"101430403","100020","110430041","0","0","10","0","0","0","101430404","215","10","bgm_M169","0","101430405","110430041","116612","211001000","0","110430043","100013","100012","0","-420","bgm_M169","-470","0","116372","0","bgm_M169","110430042","2030/12/31 14:59:59","126223","10","100011","0","0","0","2015/12/17 15:00:00","90","0","bgm_M169","11043004","11043","100012","101430406","-50","1","bgm_M169","bgm_M169","0","佩克托斯冰峰‧東壁 43-4","0"
"101430505","100030","110430051","0","0","10","0","0","0","101430501","215","10","bgm_M169","0","101430506","110430051","116552","211001000","0","110430053","100103","100102","0","-190","bgm_M169","-420","0","126342","0","bgm_M169","110430052","2030/12/31 14:59:59","126253","10","100101","0","0","0","2015/12/17 15:00:00","90","0","bgm_M169","11043005","11043","100102","101430503","-50","1","bgm_M169","bgm_M169","0","佩克托斯冰峰‧東壁 43-5","0"
"101430606","100030","110430061","0","0","10","0","0","0","101430601","215","10","bgm_M169","0","101430604","110430061","116582","211001000","0","110430063","100103","100102","0","-250","bgm_M169","-230","0","126282","0","bgm_M169","110430062","2030/12/31 14:59:59","116073","10","100101","0","0","0","2015/12/17 15:00:00","90","0","bgm_M169","11043006","11043","100102","101430605","-50","1","bgm_M169","bgm_M169","0","佩克托斯冰峰‧東壁 43-6","0"
"101430709","100030","110430071","0","0","10","0","0","0","101430701","215","10","bgm_M169","0","101430702","110430071","116612","211001000","0","110430073","100103","100102","0","-430","bgm_M169","-300","0","126521","0","bgm_M169","110430072","2030/12/31 14:59:59","126163","10","100101","0","0","101430706","2015/12/17 15:00:00","90","0","bgm_M169","11043007","11043","100102","101430705","-50","1","bgm_M169","bgm_M169","0","佩克托斯冰峰‧東壁 43-7","0"
"101430808","100030","110430081","0","0","10","0","0","0","101430801","215","10","bgm_M169","0","101430805","110430081","116552","211001000","0","110430083","100103","100102","0","-400","bgm_M169","-80","0","116431","0","bgm_M169","110430082","2030/12/31 14:59:59","116043","10","100101","0","0","101430803","2015/12/17 15:00:00","90","0","bgm_M169","11043008","11043","100102","101430806","-50","1","bgm_M169","bgm_M169","0","佩克托斯冰峰‧東壁 43-8","0"
"101430902","100140","110430091","0","0","10","0","0","0","101430901","215","10","bgm_M169","0","101430904","110430091","116582","211001000","0","110430093","100943","100942","0","-220","bgm_M169","-40","0","116312","0","bgm_M169","110430092","2030/12/31 14:59:59","116133","10","100941","0","0","101430903","2015/12/17 15:00:00","90","0","bgm_M169","11043009","11043","100942","101430906","-50","1","bgm_M169","bgm_M169","0","佩克托斯冰峰‧東壁 43-9","0"
"101431005","100140","110430101","0","0","10","0","0","0","101431001","215","10","bgm_M169","0","101431002","110430101","116552","211001000","0","110430103","100943","100942","25011","-340","bgm_M169","100","0","126342","0","bgm_M169","110430102","2030/12/31 14:59:59","116193","10","100941","0","0","101431007","2015/12/17 15:00:00","90","0","bgm_M169","11043010","11043","100942","101431003","-50","1","bgm_M169","bgm_M169","0","佩克托斯冰峰‧東壁 43-10","0"
"101431105","100080","110430111","0","0","10","0","0","0","101431104","215","10","bgm_M169","0","101431101","110430111","116612","211001000","0","110430113","100233","100232","25012","-250","bgm_M169","240","0","126282","0","bgm_M169","110430112","2030/12/31 14:59:59","126103","10","100231","0","0","101431107","2015/12/17 15:00:00","90","0","bgm_M169","11043011","11043","100232","101431106","-50","1","bgm_M169","bgm_M169","0","佩克托斯冰峰‧東壁 43-11","0"
"101431202","100080","110430121","0","0","10","0","0","0","101431201","215","10","bgm_M169","0","101431207","110430121","116431","211001000","0","110430123","100233","100232","25013","-430","bgm_M169","310","0","116073","0","bgm_M169","110430122","2030/12/31 14:59:59","126013","10","100231","0","0","101431206","2015/12/17 15:00:00","90","0","bgm_M169","11043012","11043","100232","101431203","-50","1","bgm_M169","bgm_M169","0","佩克托斯冰峰‧東壁 43-12","0"
"101431303","100080","110430131","0","0","10","0","0","0","101431301","215","10","bgm_M169","0","101431304","110430131","116372","211001000","0","110430133","100233","100232","25014","-270","bgm_M169","430","0","126253","0","bgm_M169","110430132","2030/12/31 14:59:59","126223","10","100231","0","0","101431306","2015/12/17 15:00:00","90","0","bgm_M169","11043013","11043","100232","101431305","-50","1","bgm_M169","bgm_M169","0","佩克托斯冰峰‧東壁 43-13","0"
"0","100080","110430141","9043156","0","10","0","0","0","101431410","215","10","bgm_M170","0","0","110430141","126342","211001000","0","110430143","100233","100232","25015","-400","bgm_M170","560","0","126163","0","bgm_M170","110430142","2030/12/31 14:59:59","116043","10","100231","0","0","0","2015/12/17 15:00:00","90","0","bgm_M170","11043014","11043","100232","0","-50","1","bgm_M170","bgm_M170","0","佩克托斯冰峰‧東壁 43-14","9043155"
"101440105","100030","110440011","0","0","10","0","0","0","101440101","215","10","bgm_M169","0","101440102","110440011","126521","211001000","0","110440013","100103","100102","0","300","bgm_M169","-800","0","126282","0","bgm_M169","110440012","2030/12/31 14:59:59","126223","10","100101","0","0","0","2015/12/17 15:00:00","90","0","bgm_M169","11044001","11044","100102","101440107","-50","1","bgm_M169","bgm_M169","0","斯夸瑪冰脈‧西壁 44-1","0"
"101440205","100450","110440021","0","0","10","0","0","0","101440201","215","10","bgm_M169","0","101440203","110440021","116312","211001000","0","110440023","101623","101622","0","140","bgm_M169","-680","0","126342","0","bgm_M169","110440022","2030/12/31 14:59:59","126013","10","101621","0","0","0","2015/12/17 15:00:00","90","0","bgm_M169","11044002","11044","101622","101440206","-50","1","bgm_M169","bgm_M169","0","斯夸瑪冰脈‧西壁 44-2","0"
"101440306","100030","110440031","0","0","10","0","0","0","101440304","215","10","bgm_M169","0","101440305","110440031","116431","211001000","0","110440033","100103","100102","0","250","bgm_M169","-530","0","116372","0","bgm_M169","110440032","2030/12/31 14:59:59","126253","10","100101","0","0","0","2015/12/17 15:00:00","90","0","bgm_M169","11044003","11044","100102","101440307","-50","1","bgm_M169","bgm_M169","0","斯夸瑪冰脈‧西壁 44-3","0"
"101440406","100030","110440041","0","0","10","0","0","0","101440405","215","10","bgm_M169","0","101440401","110440041","126282","211001000","0","110440043","100103","100102","0","340","bgm_M169","-370","0","126103","0","bgm_M169","110440042","2030/12/31 14:59:59","116553","10","100101","0","0","0","2015/12/17 15:00:00","90","0","bgm_M169","11044004","11044","100102","101440402","-50","1","bgm_M169","bgm_M169","0","斯夸瑪冰脈‧西壁 44-4","0"
"101440506","100030","110440051","0","0","10","0","0","0","101440501","215","10","bgm_M169","0","101440502","110440051","126342","211001000","0","110440053","100103","100102","0","200","bgm_M169","-260","0","116073","0","bgm_M169","110440052","2030/12/31 14:59:59","116583","10","100101","0","0","0","2015/12/17 15:00:00","90","0","bgm_M169","11044005","11044","100102","101440507","-50","1","bgm_M169","bgm_M169","0","斯夸瑪冰脈‧西壁 44-5","0"
"101440605","100450","110440061","0","0","10","0","0","0","101440601","215","10","bgm_M169","0","101440608","110440061","126521","211001000","0","110440063","101783","101782","0","100","bgm_M169","-420","0","126223","0","bgm_M169","110440062","2030/12/31 14:59:59","116613","10","101781","0","0","0","2015/12/17 15:00:00","90","0","bgm_M169","11044006","11044","101782","101440603","-50","1","bgm_M169","bgm_M169","0","斯夸瑪冰脈‧西壁 44-6","0"
"101440705","100030","110440071","0","0","10","0","0","0","101440710","215","10","bgm_M169","0","101440702","110440071","116312","211001000","0","110440073","100103","100102","0","50","bgm_M169","-170","0","116043","0","bgm_M169","110440072","2030/12/31 14:59:59","116553","10","100101","0","0","101440703","2015/12/17 15:00:00","90","0","bgm_M169","11044007","11044","100102","101440708","-50","1","bgm_M169","bgm_M169","0","斯夸瑪冰脈‧西壁 44-7","0"
"101440810","100140","110440081","0","0","10","0","0","0","101440801","215","10","bgm_M169","0","101440802","110440081","116372","211001000","0","110440083","100943","100942","0","230","bgm_M169","-70","0","126163","0","bgm_M169","110440082","2030/12/31 14:59:59","116583","10","100941","0","0","101440803","2015/12/17 15:00:00","90","0","bgm_M169","11044008","11044","100942","101440804","-50","1","bgm_M169","bgm_M169","0","斯夸瑪冰脈‧西壁 44-8","0"
"101440906","100140","110440091","0","0","10","0","0","0","101440901","215","10","bgm_M169","0","101440902","110440091","126521","211001000","0","110440093","100943","100942","0","100","bgm_M169","50","0","126253","0","bgm_M169","110440092","2030/12/31 14:59:59","116613","10","100941","0","0","101440903","2015/12/17 15:00:00","90","0","bgm_M169","11044009","11044","100942","101440907","-50","1","bgm_M169","bgm_M169","0","斯夸瑪冰脈‧西壁 44-9","0"
"101441007","100080","110440101","0","0","10","0","0","0","101441004","215","10","bgm_M169","0","101441002","110440101","116431","211001000","0","110440103","100233","100232","25011","250","bgm_M169","160","0","116133","0","bgm_M169","110440102","2030/12/31 14:59:59","116553","10","100231","0","0","101441006","2015/12/17 15:00:00","90","0","bgm_M169","11044010","11044","100232","101441003","-50","1","bgm_M169","bgm_M169","0","斯夸瑪冰脈‧西壁 44-10","0"
"101441106","100080","110440111","0","0","10","0","0","0","101441101","215","10","bgm_M169","0","101441102","110440111","126282","211001000","0","110440113","100233","100232","25012","330","bgm_M169","320","0","116193","0","bgm_M169","110440112","2030/12/31 14:59:59","116583","10","100231","0","0","101441103","2015/12/17 15:00:00","90","0","bgm_M169","11044011","11044","100232","101441107","-50","1","bgm_M169","bgm_M169","0","斯夸瑪冰脈‧西壁 44-11","0"
"101441208","100080","110440121","0","0","10","0","0","0","101441201","215","10","bgm_M169","0","101441207","110440121","116073","211001000","0","110440123","100233","100232","25013","270","bgm_M169","500","0","116613","0","bgm_M169","110440122","2030/12/31 14:59:59","116553","10","100231","0","0","101441206","2015/12/17 15:00:00","90","0","bgm_M169","11044012","11044","100232","101441202","-50","1","bgm_M169","bgm_M169","0","斯夸瑪冰脈‧西壁 44-12","0"
"101441306","100080","110440131","0","0","10","0","0","0","101441301","215","10","bgm_M169","0","101441305","110440131","126013","211001000","0","110440133","100233","100232","25014","140","bgm_M169","300","0","116553","0","bgm_M169","110440132","2030/12/31 14:59:59","116583","10","100231","0","0","101441307","2015/12/17 15:00:00","90","0","bgm_M169","11044013","11044","100232","101441303","-50","1","bgm_M169","bgm_M169","0","斯夸瑪冰脈‧西壁 44-13","0"
"0","100080","110440141","9044156","0","10","0","0","0","101441410","215","10","bgm_M170","0","0","110440141","126223","211001000","0","110440143","100233","100232","25015","100","bgm_M170","470","0","116583","0","bgm_M170","110440142","2030/12/31 14:59:59","116613","10","100231","0","0","0","2015/12/17 15:00:00","90","0","bgm_M170","11044014","11044","100232","0","-50","1","bgm_M170","bgm_M170","0","斯夸瑪冰脈‧西壁 44-14","9044155"
"101450105","100450","110450011","0","0","10","0","0","0","101450101","215","10","bgm_M169","0","101450102","110450011","116133","211001000","0","110450013","101623","101622","0","450","bgm_M169","-800","0","126013","0","bgm_M169","110450012","2030/12/31 14:59:59","116553","10","101621","0","0","0","2021/08/17 16:00:00","90","0","bgm_M169","11045001","11045","101622","101450106","-50","1","bgm_M169","bgm_M169","0","斯夸瑪冰脈‧東壁 45-1","0"
"101450206","100030","110450021","0","0","10","0","0","0","101450201","215","10","bgm_M169","0","101450202","110450021","116073","211001000","0","110450023","100103","100102","0","500","bgm_M169","-650","0","116043","0","bgm_M169","110450022","2030/12/31 14:59:59","116583","10","100101","0","0","0","2021/08/17 16:00:00","90","0","bgm_M169","11045002","11045","100102","101450205","-50","1","bgm_M169","bgm_M169","0","斯夸瑪冰脈‧東壁 45-2","0"
"101450302","100030","110450031","0","0","10","0","0","0","101450304","215","10","bgm_M169","0","101450310","110450031","126253","211001000","0","110450033","100103","100102","0","580","bgm_M169","-500","0","126223","0","bgm_M169","110450032","2030/12/31 14:59:59","116613","10","100101","0","0","0","2021/08/17 16:00:00","90","0","bgm_M169","11045003","11045","100102","101450309","-50","1","bgm_M169","bgm_M169","0","斯夸瑪冰脈‧東壁 45-3","0"
"101450405","100030","110450041","0","0","10","0","0","0","101450401","215","10","bgm_M169","0","101450402","110450041","126163","211001000","0","110450043","100103","100102","0","450","bgm_M169","-400","0","116553","0","bgm_M169","110450042","2030/12/31 14:59:59","116491","10","100101","0","0","0","2021/08/17 16:00:00","90","0","bgm_M169","11045004","11045","100102","101450406","-50","1","bgm_M169","bgm_M169","0","斯夸瑪冰脈‧東壁 45-4","0"
"101450502","100030","110450051","0","0","10","0","0","0","101450501","215","10","bgm_M169","0","101450508","110450051","116043","211001000","0","110450053","100103","100102","0","500","bgm_M169","-260","0","116583","0","bgm_M169","110450052","2030/12/31 14:59:59","116462","10","100101","0","0","0","2021/08/17 16:00:00","90","0","bgm_M169","11045005","11045","100102","101450507","-50","1","bgm_M169","bgm_M169","0","斯夸瑪冰脈‧東壁 45-5","0"
"101450602","100080","110450061","0","0","10","0","0","0","101450604","215","10","bgm_M169","0","101450606","110450061","126103","211001000","0","110450063","100233","100232","0","550","bgm_M169","-100","0","116553","0","bgm_M169","110450062","2030/12/31 14:59:59","126343","10","100231","0","0","0","2021/08/17 16:00:00","90","0","bgm_M169","11045006","11045","100232","101450603","-50","1","bgm_M169","bgm_M169","0","斯夸瑪冰脈‧東壁 45-6","0"
"101450707","100080","110450071","0","0","10","0","0","0","101450701","215","10","bgm_M169","0","101450702","110450071","116193","211001000","0","110450073","100233","100232","0","400","bgm_M169","-80","0","116583","0","bgm_M169","110450072","2030/12/31 14:59:59","116313","10","100231","0","0","101450704","2021/08/17 16:00:00","90","0","bgm_M169","11045007","11045","100232","101450705","-50","1","bgm_M169","bgm_M169","0","斯夸瑪冰脈‧東壁 45-7","0"
"101450807","100080","110450081","0","0","10","0","0","0","101450810","215","10","bgm_M169","0","101450809","110450081","126223","211001000","0","110450083","100233","100232","0","250","bgm_M169","30","0","116613","0","bgm_M169","110450082","2030/12/31 14:59:59","126373","10","100231","0","0","101450806","2021/08/17 16:00:00","90","0","bgm_M169","11045008","11045","100232","101450808","-50","1","bgm_M169","bgm_M169","0","斯夸瑪冰脈‧東壁 45-8","0"
"101450902","100140","110450091","0","0","10","0","0","0","101450901","215","10","bgm_M169","0","101450904","110450091","126013","211001000","0","110450093","100943","100942","0","360","bgm_M169","180","0","116553","0","bgm_M169","110450092","2030/12/31 14:59:59","126283","10","100941","0","0","101450903","2021/08/17 16:00:00","90","0","bgm_M169","11045009","11045","100942","101450907","-50","1","bgm_M169","bgm_M169","0","斯夸瑪冰脈‧東壁 45-9","0"
"101451003","100140","110450101","0","0","10","0","0","0","101451001","215","10","bgm_M169","0","101451005","110450101","116133","211001000","0","110450103","100943","100942","25011","520","bgm_M169","100","0","116583","0","bgm_M169","110450102","2030/12/31 14:59:59","116491","10","100941","0","0","101451004","2021/08/17 16:00:00","90","0","bgm_M169","11045010","11045","100942","101451006","-50","1","bgm_M169","bgm_M169","0","斯夸瑪冰脈‧東壁 45-10","0"
"101451102","100080","110450111","0","0","10","0","0","0","101451101","215","10","bgm_M169","0","101451107","110450111","126253","211001000","0","110450113","100233","100232","25012","480","bgm_M169","330","0","116613","0","bgm_M169","110450112","2030/12/31 14:59:59","116462","10","100231","0","0","101451108","2021/08/17 16:00:00","90","0","bgm_M169","11045011","11045","100232","101451105","-50","1","bgm_M169","bgm_M169","0","斯夸瑪冰脈‧東壁 45-11","0"
"101451206","100080","110450121","0","0","10","0","0","0","101451201","215","10","bgm_M169","0","101451202","110450121","116583","211001000","0","110450123","100233","100232","25013","500","bgm_M169","530","0","116313","0","bgm_M169","110450122","2030/12/31 14:59:59","126343","10","100231","0","0","101451203","2021/08/17 16:00:00","90","0","bgm_M169","11045012","11045","100232","101451207","-50","1","bgm_M169","bgm_M169","0","斯夸瑪冰脈‧東壁 45-12","0"
"101451303","100080","110450131","0","0","10","0","0","0","101451305","215","10","bgm_M169","0","101451301","110450131","116613","211001000","0","110450133","100233","100232","25014","300","bgm_M169","400","0","116462","0","bgm_M169","110450132","2030/12/31 14:59:59","126373","10","100231","0","0","101451304","2021/08/17 16:00:00","90","0","bgm_M169","11045013","11045","100232","101451307","-50","1","bgm_M169","bgm_M169","0","斯夸瑪冰脈‧東壁 45-13","0"
"0","100080","110450141","9045156","0","10","0","0","0","101451410","215","10","bgm_M170","0","0","110450141","116553","211001000","0","110450143","100233","100232","25015","320","bgm_M170","600","0","116491","0","bgm_M170","110450142","2030/12/31 14:59:59","126283","10","100231","0","0","0","2021/08/17 16:00:00","90","0","bgm_M170","11045014","11045","100232","0","-50","1","bgm_M170","bgm_M170","0","斯夸瑪冰脈‧東壁 45-14","9045155"
"101460108","100030","110460011","0","0","10","0","0","0","101460101","215","10","bgm_M169","0","101460102","110460011","116613","211001000","0","110460013","100103","100102","0","400","bgm_M169","-800","0","116553","0","bgm_M169","110460012","2030/12/31 14:59:59","116462","10","100101","0","0","0","2021/09/16 16:00:00","90","0","bgm_M169","11046001","11046","100102","101460105","-50","1","bgm_M169","bgm_M169","0","拉泰里山脈‧崖上 46-1","0"
"101460202","100080","110460021","0","0","10","0","0","0","101460204","215","10","bgm_M169","0","101460206","110460021","116583","211001000","0","110460023","100233","100232","0","520","bgm_M169","-650","0","116613","0","bgm_M169","110460022","2030/12/31 14:59:59","116491","10","100231","0","0","0","2021/09/16 16:00:00","90","0","bgm_M169","11046002","11046","100232","101460207","-50","1","bgm_M169","bgm_M169","0","拉泰里山脈‧崖上 46-2","0"
"101460307","100080","110460031","0","0","10","0","0","0","101460304","215","10","bgm_M169","0","101460306","110460031","116553","211001000","0","110460033","100233","100232","0","360","bgm_M169","-550","0","116583","0","bgm_M169","110460032","2030/12/31 14:59:59","116313","10","100231","0","0","0","2021/09/16 16:00:00","90","0","bgm_M169","11046003","11046","100232","101460303","-50","1","bgm_M169","bgm_M169","0","拉泰里山脈‧崖上 46-3","0"
"101460404","100080","110460041","0","0","10","0","0","0","101460401","215","10","bgm_M169","0","101460402","110460041","116553","211001000","0","110460043","100233","100232","0","500","bgm_M169","-400","0","126343","0","bgm_M169","110460042","2030/12/31 14:59:59","127011","10","100231","0","0","0","2021/09/16 16:00:00","90","0","bgm_M169","11046004","11046","100232","101460408","-50","1","bgm_M169","bgm_M169","0","拉泰里山脈‧崖上 46-4","0"
"101460506","100080","110460051","0","0","10","0","0","0","101460501","215","10","bgm_M169","0","101460502","110460051","116613","211001000","0","110460053","100233","100232","0","470","bgm_M169","-200","0","126373","0","bgm_M169","110460052","2030/12/31 14:59:59","117191","10","100231","0","0","0","2021/09/16 16:00:00","90","0","bgm_M169","11046005","11046","100232","101460503","-50","1","bgm_M169","bgm_M169","0","拉泰里山脈‧崖上 46-5","0"
"101460602","100140","110460061","0","0","10","0","0","0","101460604","215","10","bgm_M169","0","101460605","110460061","116553","211001000","0","110460063","100943","100942","0","300","bgm_M169","-320","0","126283","0","bgm_M169","110460062","2030/12/31 14:59:59","117071","10","100941","0","0","0","2021/09/16 16:00:00","90","0","bgm_M169","11046006","11046","100942","101460603","-50","1","bgm_M169","bgm_M169","0","拉泰里山脈‧崖上 46-6","0"
"101460702","100140","110460071","0","0","10","0","0","0","101460701","215","10","bgm_M169","0","101460704","110460071","116613","211001000","0","110460073","100943","100942","0","250","bgm_M169","-120","0","116491","0","bgm_M169","110460072","2030/12/31 14:59:59","127251","10","100941","0","0","101460707","2021/09/16 16:00:00","90","0","bgm_M169","11046007","11046","100942","101460706","-50","1","bgm_M169","bgm_M169","0","拉泰里山脈‧崖上 46-7","0"
"101460805","100030","110460081","0","0","10","0","0","0","101460801","215","10","bgm_M169","0","101460808","110460081","116553","211001000","0","110460083","100103","100102","0","400","bgm_M169","0","0","116462","0","bgm_M169","110460082","2030/12/31 14:59:59","117131","10","100101","0","0","101460807","2021/09/16 16:00:00","90","0","bgm_M169","11046008","11046","100102","101460806","-50","1","bgm_M169","bgm_M169","0","拉泰里山脈‧崖上 46-8","0"
"101460907","100450","110460091","0","0","10","0","0","0","101460901","215","10","bgm_M169","0","101460903","110460091","116583","211001000","0","110460093","101623","101622","0","240","bgm_M169","150","0","126343","0","bgm_M169","110460092","2030/12/31 14:59:59","117041","10","101621","0","0","101460905","2021/09/16 16:00:00","90","0","bgm_M169","11046009","11046","101622","101460908","-50","1","bgm_M169","bgm_M169","0","拉泰里山脈‧崖上 46-9","0"
"101461005","100450","110460101","0","0","10","0","0","0","101461001","215","10","bgm_M169","0","101461003","110460101","116553","211001000","0","110460103","101623","101622","25011","390","bgm_M169","250","0","116313","0","bgm_M169","110460102","2030/12/31 14:59:59","127101","10","101621","0","0","101461007","2021/09/16 16:00:00","90","0","bgm_M169","11046010","11046","101622","101461010","-50","1","bgm_M169","bgm_M169","0","拉泰里山脈‧崖上 46-10","0"
"101461104","100450","110460111","0","0","10","0","0","0","101461101","215","10","bgm_M169","0","101461103","110460111","116583","211001000","0","110460113","101623","101622","25012","270","bgm_M169","400","0","126373","0","bgm_M169","110460112","2030/12/31 14:59:59","127161","10","101621","0","0","101461105","2021/09/16 16:00:00","90","0","bgm_M169","11046011","11046","101622","101461106","-50","1","bgm_M169","bgm_M169","0","拉泰里山脈‧崖上 46-11","0"
"101461203","100450","110460121","0","0","10","0","0","0","101461204","215","10","bgm_M169","0","101461207","110460121","126283","211001000","0","110460123","101623","101622","25013","370","bgm_M169","580","0","127011","0","bgm_M169","110460122","2030/12/31 14:59:59","117191","10","101621","0","0","101461208","2021/09/16 16:00:00","90","0","bgm_M169","11046012","11046","101622","101461206","-50","1","bgm_M169","bgm_M169","0","拉泰里山脈‧崖上 46-12","0"
"101461303","100450","110460131","0","0","10","0","0","0","101461306","215","10","bgm_M169","0","101461302","110460131","116491","211001000","0","110460133","101623","101622","25014","500","bgm_M169","400","0","127251","0","bgm_M169","110460132","2030/12/31 14:59:59","127221","10","101621","0","0","101461305","2021/09/16 16:00:00","90","0","bgm_M169","11046013","11046","101622","101461307","-50","1","bgm_M169","bgm_M169","0","拉泰里山脈‧崖上 46-13","0"
"0","100150","110460141","9046156","0","10","0","0","0","101461410","215","10","bgm_M170","0","0","110460141","116462","211001000","0","110460143","101123","101122","25015","510","bgm_M170","680","0","117131","0","bgm_M170","110460142","2030/12/31 14:59:59","117071","10","101121","0","0","0","2021/09/16 16:00:00","90","0","bgm_M170","11046014","11046","101122","0","-50","1","bgm_M170","bgm_M170","0","拉泰里山脈‧崖上 46-14","9046155"
"101470106","100030","110470011","0","0","10","0","0","0","101470104","215","10","bgm_M169","0","101470102","110470011","126373","211001000","0","110470013","100103","100102","0","70","bgm_M169","-800","0","116462","0","bgm_M169","110470012","2030/12/31 14:59:59","127221","10","100101","0","0","0","2021/10/15 16:00:00","90","0","bgm_M169","11047001","11047","100102","101470103","-50","1","bgm_M169","bgm_M169","0","拉泰里山脈‧崖下 47-1","0"
"101470202","100030","110470021","0","0","10","0","0","0","101470201","215","10","bgm_M169","0","101470205","110470021","116491","211001000","0","110470023","100103","100102","0","-80","bgm_M169","-680","0","126343","0","bgm_M169","110470022","2030/12/31 14:59:59","127011","10","100101","0","0","0","2021/10/15 16:00:00","90","0","bgm_M169","11047002","11047","100102","101470203","-50","1","bgm_M169","bgm_M169","0","拉泰里山脈‧崖下 47-2","0"
"101470306","100030","110470031","0","0","10","0","0","0","101470301","215","10","bgm_M169","0","101470302","110470031","126283","211001000","0","110470033","100103","100102","0","50","bgm_M169","-530","0","116313","0","bgm_M169","110470032","2030/12/31 14:59:59","117071","10","100101","0","0","0","2021/10/15 16:00:00","90","0","bgm_M169","11047003","11047","100102","101470303","-50","1","bgm_M169","bgm_M169","0","拉泰里山脈‧崖下 47-3","0"
"101470403","100030","110470041","0","0","10","0","0","0","101470404","215","10","bgm_M169","0","101470402","110470041","126343","211001000","0","110470043","100103","100102","0","130","bgm_M169","-400","0","127101","0","bgm_M169","110470042","2030/12/31 14:59:59","117551","10","100101","0","0","0","2021/10/15 16:00:00","90","0","bgm_M169","11047004","11047","100102","101470406","-50","1","bgm_M169","bgm_M169","0","拉泰里山脈‧崖下 47-4","0"
"101470506","100450","110470051","0","0","10","0","0","0","101470501","215","10","bgm_M169","0","101470504","110470051","116313","211001000","0","110470053","101623","101622","0","-50","bgm_M169","-320","0","127161","0","bgm_M169","110470052","2030/12/31 14:59:59","117581","10","101621","0","0","0","2021/10/15 16:00:00","90","0","bgm_M169","11047005","11047","101622","101470503","-50","1","bgm_M169","bgm_M169","0","拉泰里山脈‧崖下 47-5","0"
"101470606","100450","110470061","0","0","10","0","0","0","101470601","215","10","bgm_M169","0","101470605","110470061","116462","211001000","0","110470063","101623","101622","0","50","bgm_M169","-180","0","127221","0","bgm_M169","110470062","2030/12/31 14:59:59","117611","10","101621","0","0","0","2021/10/15 16:00:00","90","0","bgm_M169","11047006","11047","101622","101470604","-50","1","bgm_M169","bgm_M169","0","拉泰里山脈‧崖下 47-6","0"
"101470707","100450","110470071","0","0","10","0","0","0","101470701","215","10","bgm_M169","0","101470702","110470071","116491","211001000","0","110470073","101623","101622","0","-130","bgm_M169","-130","0","127011","0","bgm_M169","110470072","2030/12/31 14:59:59","117551","10","101621","0","0","101470706","2021/10/15 16:00:00","90","0","bgm_M169","11047007","11047","101622","101470703","-50","1","bgm_M169","bgm_M169","0","拉泰里山脈‧崖下 47-7","0"
"101470806","100450","110470081","0","0","10","0","0","0","101470801","215","10","bgm_M169","0","101470802","110470081","126283","211001000","0","110470083","101623","101622","0","-20","bgm_M169","20","0","117041","0","bgm_M169","110470082","2030/12/31 14:59:59","117581","10","101621","0","0","101470803","2021/10/15 16:00:00","90","0","bgm_M169","11047008","11047","101622","101470807","-50","1","bgm_M169","bgm_M169","0","拉泰里山脈‧崖下 47-8","0"
"101470908","100450","110470091","0","0","10","0","0","0","101470901","215","10","bgm_M169","0","101470902","110470091","126373","211001000","0","110470093","101623","101622","0","20","bgm_M169","180","0","127251","0","bgm_M169","110470092","2030/12/31 14:59:59","117611","10","101621","0","0","101470903","2021/10/15 16:00:00","90","0","bgm_M169","11047009","11047","101622","101470906","-50","1","bgm_M169","bgm_M169","0","拉泰里山脈‧崖下 47-9","0"
"101471004","100450","110470101","0","0","10","0","0","0","101471001","215","10","bgm_M169","0","101471002","110470101","126343","211001000","0","110470103","101623","101622","25011","-130","bgm_M169","250","0","127161","0","bgm_M169","110470102","2030/12/31 14:59:59","117551","10","101621","0","0","101471005","2021/10/15 16:00:00","90","0","bgm_M169","11047010","11047","101622","101471006","-50","1","bgm_M169","bgm_M169","0","拉泰里山脈‧崖下 47-10","0"
"101471108","100150","110470111","0","0","10","0","0","0","101471104","215","10","bgm_M169","0","101471105","110470111","116462","211001000","0","110470113","101113","101112","25012","20","bgm_M169","400","0","127101","0","bgm_M169","110470112","2030/12/31 14:59:59","117581","10","101111","0","0","101471103","2021/10/15 16:00:00","90","0","bgm_M169","11047011","11047","101112","101471106","-50","1","bgm_M169","bgm_M169","0","拉泰里山脈‧崖下 47-11","0"
"101471202","100150","110470121","0","0","10","0","0","0","101471201","215","10","bgm_M169","0","101471209","110470121","117131","211001000","0","110470123","101113","101112","25013","30","bgm_M169","650","0","117611","0","bgm_M169","110470122","2030/12/31 14:59:59","117551","10","101111","0","0","101471207","2021/10/15 16:00:00","90","0","bgm_M169","11047012","11047","101112","101471206","-50","1","bgm_M169","bgm_M169","0","拉泰里山脈‧崖下 47-12","0"
"101471308","100150","110470131","0","0","10","0","0","0","101471304","215","10","bgm_M169","0","101471302","110470131","117191","211001000","0","110470133","101083","101082","25014","-170","bgm_M169","500","0","117551","0","bgm_M169","110470132","2030/12/31 14:59:59","117581","10","101081","0","0","101471307","2021/10/15 16:00:00","90","0","bgm_M169","11047013","11047","101082","101471303","-50","1","bgm_M169","bgm_M169","0","拉泰里山脈‧崖下 47-13","0"
"101471409","100150","110470141","9047156","0","10","0","0","0","101471410","215","10","bgm_M170","0","101471408","110470141","127251","211001000","0","110470143","101093","101092","25015","-150","bgm_M170","750","0","117581","0","bgm_M170","110470142","2030/12/31 14:59:59","117611","10","101091","0","0","0","2021/10/15 16:00:00","90","0","bgm_M170","11047014","11047","101092","0","-50","1","bgm_M170","bgm_M170","0","拉泰里山脈‧崖下 47-14","9047155"
"101480103","100030","110480011","0","0","10","0","0","0","101480101","215","10","bgm_M169","0","101480105","110480011","117041","211001000","0","110480013","100103","100102","0","70","bgm_M169","-800","0","117071","0","bgm_M169","110480012","2030/12/31 14:59:59","117551","10","100101","0","0","0","2021/11/15 16:00:00","90","0","bgm_M169","11048001","11048","100102","101480107","-50","2","bgm_M169","bgm_M169","0","埃斯塔荒野‧南部 48-1","0"
"101480206","100450","110480021","0","0","10","0","0","0","101480201","215","10","bgm_M169","0","101480202","110480021","127251","211001000","0","110480023","101623","101622","0","-80","bgm_M169","-680","0","127221","0","bgm_M169","110480022","2030/12/31 14:59:59","117611","10","101621","0","0","0","2021/11/15 16:00:00","90","0","bgm_M169","11048002","11048","101622","101480203","-50","2","bgm_M169","bgm_M169","0","埃斯塔荒野‧南部 48-2","0"
"101480302","100450","110480031","0","0","10","0","0","0","101480304","215","10","bgm_M169","0","101480301","110480031","117191","211001000","0","110480033","101623","101622","0","10","bgm_M169","-530","0","127161","0","bgm_M169","110480032","2030/12/31 14:59:59","117581","10","101621","0","0","0","2021/11/15 16:00:00","90","0","bgm_M169","11048003","11048","101622","101480303","-50","2","bgm_M169","bgm_M169","0","埃斯塔荒野‧南部 48-3","0"
"101480405","100450","110480041","0","0","10","0","0","0","101480404","215","10","bgm_M169","0","101480407","110480041","127221","211001000","0","110480043","101623","101622","0","80","bgm_M169","-400","0","117611","0","bgm_M169","110480042","2030/12/31 14:59:59","127371","10","101621","0","0","0","2021/11/15 16:00:00","90","0","bgm_M169","11048004","11048","101622","101480403","-50","2","bgm_M169","bgm_M169","0","埃斯塔荒野‧南部 48-4","0"
"101480506","100450","110480051","0","0","10","0","0","0","101480501","215","10","bgm_M169","0","101480504","110480051","127101","211001000","0","110480053","101623","101622","0","-100","bgm_M169","-320","0","117581","0","bgm_M169","110480052","2030/12/31 14:59:59","117311","10","101621","0","0","0","2021/11/15 16:00:00","90","0","bgm_M169","11048005","11048","101622","101480503","-50","2","bgm_M169","bgm_M169","0","埃斯塔荒野‧南部 48-5","0"
"101480608","100450","110480061","0","0","10","0","0","0","101480601","215","10","bgm_M169","0","101480607","110480061","127011","211001000","0","110480063","101623","101622","0","30","bgm_M169","-180","0","117551","0","bgm_M169","110480062","2030/12/31 14:59:59","127281","10","101621","0","0","0","2021/11/15 16:00:00","90","0","bgm_M169","11048006","11048","101622","101480606","-50","2","bgm_M169","bgm_M169","0","埃斯塔荒野‧南部 48-6","0"
"101480703","100150","110480071","0","0","10","0","0","0","101480701","215","10","bgm_M169","0","101480702","110480071","127251","211001000","0","110480073","101053","101052","0","70","bgm_M169","10","0","117611","0","bgm_M169","110480072","2030/12/31 14:59:59","117461","10","101051","0","0","101480708","2021/11/15 16:00:00","90","0","bgm_M169","11048007","11048","101052","101480707","-50","2","bgm_M169","bgm_M169","0","埃斯塔荒野‧南部 48-7","0"
"101480802","100150","110480081","0","0","10","0","0","0","101480801","215","10","bgm_M169","0","101480805","110480081","117131","211001000","0","110480083","101113","101112","0","-100","bgm_M169","-50","0","117581","0","bgm_M169","110480082","2030/12/31 14:59:59","127341","10","101111","0","0","101480807","2021/11/15 16:00:00","90","0","bgm_M169","11048008","11048","101112","101480806","-50","2","bgm_M169","bgm_M169","0","埃斯塔荒野‧南部 48-8","0"
"101480906","100150","110480091","0","0","10","0","0","0","101480901","215","10","bgm_M169","0","101480902","110480091","117071","211001000","0","110480093","101113","101112","0","20","bgm_M169","180","0","117551","0","bgm_M169","110480092","2030/12/31 14:59:59","117491","10","101111","0","0","101480903","2021/11/15 16:00:00","90","0","bgm_M169","11048009","11048","101112","101480908","-50","2","bgm_M169","bgm_M169","0","埃斯塔荒野‧南部 48-9","0"
"101481006","100150","110480101","0","0","10","0","0","0","101481001","215","10","bgm_M169","0","101481002","110480101","127221","211001000","0","110480103","101113","101112","25011","-40","bgm_M169","400","0","117581","0","bgm_M169","110480102","2030/12/31 14:59:59","127371","10","101111","0","0","101481005","2021/11/15 16:00:00","90","0","bgm_M169","11048010","11048","101112","101481007","-50","2","bgm_M169","bgm_M169","0","埃斯塔荒野‧南部 48-10","0"
"101481105","100150","110480111","0","0","10","0","0","0","101481101","215","10","bgm_M169","0","101481107","110480111","127161","211001000","0","110480113","101113","101112","25012","-150","bgm_M169","150","0","117551","0","bgm_M169","110480112","2030/12/31 14:59:59","127341","10","101111","0","0","101481103","2021/11/15 16:00:00","90","0","bgm_M169","11048011","11048","101112","101481108","-50","2","bgm_M169","bgm_M169","0","埃斯塔荒野‧南部 48-11","0"
"101481202","100150","110480121","0","0","10","0","0","0","101481201","215","10","bgm_M169","0","101481202","110480121","117611","211001000","0","110480123","101113","101112","25013","-240","bgm_M169","350","0","127371","0","bgm_M169","110480122","2030/12/31 14:59:59","117461","10","101111","0","0","101481207","2021/11/15 16:00:00","90","0","bgm_M169","11048012","11048","101112","101481203","-50","2","bgm_M169","bgm_M169","0","埃斯塔荒野‧南部 48-12","0"
"101481302","100150","110480131","0","0","10","0","0","0","101481301","215","10","bgm_M169","0","101481304","110480131","117581","211001000","0","110480133","101113","101112","25014","-170","bgm_M169","550","0","117491","0","bgm_M169","110480132","2030/12/31 14:59:59","117311","10","101111","0","0","101481303","2021/11/15 16:00:00","90","0","bgm_M169","11048013","11048","101112","101481308","-50","2","bgm_M169","bgm_M169","0","埃斯塔荒野‧南部 48-13","0"
"0","100150","110480141","9048156","0","10","0","0","0","101481410","215","10","bgm_M170","0","0","110480141","117551","211001000","0","110480143","101093","101092","25015","-40","bgm_M170","700","0","127281","0","bgm_M170","110480142","2030/12/31 14:59:59","127341","10","101091","0","0","0","2021/11/15 16:00:00","90","0","bgm_M170","11048014","11048","101092","0","-50","2","bgm_M170","bgm_M170","0","埃斯塔荒野‧南部 48-14","9048155"
"101490102","100030","110490011","0","0","10","0","0","0","101490101","215","10","bgm_M169","0","101490104","110490011","117581","211001000","0","110490013","100103","100102","0","70","bgm_M169","-800","0","117611","0","bgm_M169","110490012","2030/12/31 14:59:59","117461","10","100101","0","0","0","2021/12/15 16:00:00","90","0","bgm_M169","11049001","11049","100102","101490103","-50","2","bgm_M169","bgm_M169","0","埃斯塔荒野‧北部 49-1","0"
"101490210","100030","110490021","0","0","10","0","0","0","101490205","215","10","bgm_M169","0","101490206","110490021","117611","211001000","0","110490023","100103","100102","0","-100","bgm_M169","-720","0","117551","0","bgm_M169","110490022","2030/12/31 14:59:59","117311","10","100101","0","0","0","2021/12/15 16:00:00","90","0","bgm_M169","11049002","11049","100102","101490207","-50","2","bgm_M169","bgm_M169","0","埃斯塔荒野‧北部 49-2","0"
"101490307","100450","110490031","0","0","10","0","0","0","101490303","215","10","bgm_M169","0","101490304","110490031","117551","211001000","0","110490033","101623","101622","0","-200","bgm_M169","-530","0","117581","0","bgm_M169","110490032","2030/12/31 14:59:59","127281","10","101621","0","0","0","2021/12/15 16:00:00","90","0","bgm_M169","11049003","11049","101622","101490308","-50","2","bgm_M169","bgm_M169","0","埃斯塔荒野‧北部 49-3","0"
"101490401","100450","110490041","0","0","10","0","0","0","101490404","215","10","bgm_M169","0","101490405","110490041","117581","211001000","0","110490043","101623","101622","0","-130","bgm_M169","-340","0","117491","0","bgm_M169","110490042","2030/12/31 14:59:59","127012","10","101621","0","0","0","2021/12/15 16:00:00","90","0","bgm_M169","11049004","11049","101622","101490403","-50","2","bgm_M169","bgm_M169","0","埃斯塔荒野‧北部 49-4","0"
"101490504","100450","110490051","0","0","10","0","0","0","101490502","215","10","bgm_M169","0","101490505","110490051","117611","211001000","0","110490053","101623","101622","0","40","bgm_M169","-480","0","127371","0","bgm_M169","110490052","2030/12/31 14:59:59","127222","10","101621","0","0","0","2021/12/15 16:00:00","90","0","bgm_M169","11049005","11049","101622","101490510","-50","2","bgm_M169","bgm_M169","0","埃斯塔荒野‧北部 49-5","0"
"101490604","100450","110490061","0","0","10","0","0","0","101490602","215","10","bgm_M169","0","101490608","110490061","117581","211001000","0","110490063","101623","101622","0","50","bgm_M169","-230","0","117461","0","bgm_M169","110490062","2030/12/31 14:59:59","127252","10","101621","0","0","0","2021/12/15 16:00:00","90","0","bgm_M169","11049006","11049","101622","101490610","-50","2","bgm_M169","bgm_M169","0","埃斯塔荒野‧北部 49-6","0"
"101490706","100450","110490071","0","0","10","0","0","0","101490710","215","10","bgm_M169","0","101490703","110490071","117551","211001000","0","110490073","101623","101622","0","0","bgm_M169","-80","0","127341","0","bgm_M169","110490072","2030/12/31 14:59:59","117072","10","101621","0","0","101490705","2021/12/15 16:00:00","90","0","bgm_M169","11049007","11049","101622","101490708","-50","2","bgm_M169","bgm_M169","0","埃斯塔荒野‧北部 49-7","0"
"101490805","100450","110490081","0","0","10","0","0","0","101490804","215","10","bgm_M169","0","101490801","110490081","117611","211001000","0","110490083","101623","101622","0","-220","bgm_M169","-150","0","127371","0","bgm_M169","110490082","2030/12/31 14:59:59","127162","10","101621","0","0","101490806","2021/12/15 16:00:00","90","0","bgm_M169","11049008","11049","101622","101490809","-50","2","bgm_M169","bgm_M169","0","埃斯塔荒野‧北部 49-8","0"
"101490909","100450","110490091","0","0","10","0","0","0","101490901","215","10","bgm_M169","0","101490906","110490091","117551","211001000","0","110490093","101623","101622","0","-170","bgm_M169","50","0","117491","0","bgm_M169","110490092","2030/12/31 14:59:59","117042","10","101621","0","0","101490905","2021/12/15 16:00:00","90","0","bgm_M169","11049009","11049","101622","101490910","-50","2","bgm_M169","bgm_M169","0","埃斯塔荒野‧北部 49-9","0"
"101491005","100150","110490101","0","0","10","0","0","0","101491004","215","10","bgm_M169","0","101491002","110490101","117581","211001000","0","110490103","101053","101052","25011","-110","bgm_M169","230","0","127281","0","bgm_M169","110490102","2030/12/31 14:59:59","127102","10","101051","0","0","101491009","2021/12/15 16:00:00","90","0","bgm_M169","11049010","11049","101052","101491008","-50","2","bgm_M169","bgm_M169","0","埃斯塔荒野‧北部 49-10","0"
"101491109","100150","110490111","0","0","10","0","0","0","101491101","215","10","bgm_M169","0","101491105","110490111","117551","211001000","0","110490113","101113","101112","25012","-220","bgm_M169","380","0","127341","0","bgm_M169","110490112","2030/12/31 14:59:59","117132","10","101111","0","0","101491103","2021/12/15 16:00:00","90","0","bgm_M169","11049011","11049","101112","101491109","-50","2","bgm_M169","bgm_M169","0","埃斯塔荒野‧北部 49-11","0"
"101491203","100150","110490121","0","0","10","0","0","0","101491201","215","10","bgm_M169","0","101491202","110490121","117491","211001000","0","110490123","101113","101112","25013","-150","bgm_M169","600","0","127012","0","bgm_M169","110490122","2030/12/31 14:59:59","117192","10","101111","0","0","101491210","2021/12/15 16:00:00","90","0","bgm_M169","11049012","11049","101112","101491206","-50","2","bgm_M169","bgm_M169","0","埃斯塔荒野‧北部 49-12","0"
"101491308","100150","110490131","0","0","10","0","0","0","101491304","215","10","bgm_M169","0","101491305","110490131","117461","211001000","0","110490133","101113","101112","25014","0","bgm_M169","450","0","127252","0","bgm_M169","110490132","2030/12/31 14:59:59","127222","10","101111","0","0","101491307","2021/12/15 16:00:00","90","0","bgm_M169","11049013","11049","101112","101491303","-50","2","bgm_M169","bgm_M169","0","埃斯塔荒野‧北部 49-13","0"
"101491409","100150","110490141","9049156","0","10","0","0","0","101491410","215","10","bgm_M170","0","101491408","110490141","117311","211001000","0","110490143","101093","101092","25015","30","bgm_M170","740","0","117042","0","bgm_M170","110490142","2030/12/31 14:59:59","117072","10","101091","0","0","0","2021/12/15 16:00:00","90","0","bgm_M170","11049014","11049","101092","0","-50","2","bgm_M170","bgm_M170","0","埃斯塔荒野‧北部 49-14","9049155"
"101500105","100450","110500011","0","0","10","0","0","0","101500101","215","10","bgm_M169","0","101500102","110500011","127341","211001000","0","110500013","101623","101622","0","-70","bgm_M169","-760","0","127281","0","bgm_M169","110500012","2030/12/31 14:59:59","117132","10","101621","0","0","0","2022/01/17 16:00:00","90","0","bgm_M169","11050001","11050","101622","101500103","-50","2","bgm_M169","bgm_M169","0","涅羅礁岩‧西部 50-1","0"
"101500205","100450","110500021","0","0","10","0","0","0","101500204","215","10","bgm_M169","0","101500202","110500021","117311","211001000","0","110500023","101623","101622","0","-100","bgm_M169","-560","0","117461","0","bgm_M169","110500022","2030/12/31 14:59:59","127252","10","101621","0","0","0","2022/01/17 16:00:00","90","0","bgm_M169","11050002","11050","101622","101500203","-50","2","bgm_M169","bgm_M169","0","涅羅礁岩‧西部 50-2","0"
"101500309","100450","110500031","0","0","10","0","0","0","101500304","215","10","bgm_M169","0","101500307","110500031","117461","211001000","0","110500033","101623","101622","0","80","bgm_M169","-580","0","117311","0","bgm_M169","110500032","2030/12/31 14:59:59","127102","10","101621","0","0","0","2022/01/17 16:00:00","90","0","bgm_M169","11050003","11050","101622","101500303","-50","2","bgm_M169","bgm_M169","0","涅羅礁岩‧西部 50-3","0"
"101500407","100500","110500041","0","0","10","0","0","0","101500401","215","10","bgm_M169","0","101500403","110500041","127341","211001000","0","110500043","101823","101822","0","0","bgm_M169","-380","0","127012","0","bgm_M169","110500042","2030/12/31 14:59:59","117552","10","101821","0","0","0","2022/01/17 16:00:00","90","0","bgm_M169","11050004","11050","101822","101500410","-50","2","bgm_M169","bgm_M169","0","涅羅礁岩‧西部 50-4","0"
"101500507","100450","110500051","0","0","10","0","0","0","101500504","215","10","bgm_M169","0","101500503","110500051","117311","211001000","0","110500053","101623","101622","0","80","bgm_M169","-250","0","127162","0","bgm_M169","110500052","2030/12/31 14:59:59","117582","10","101621","0","0","0","2022/01/17 16:00:00","90","0","bgm_M169","11050005","11050","101622","101500508","-50","2","bgm_M169","bgm_M169","0","涅羅礁岩‧西部 50-5","0"
"101500604","100500","110500061","0","0","10","0","0","0","101500603","215","10","bgm_M169","0","101500608","110500061","117461","211001000","0","110500063","101823","101822","0","-40","bgm_M169","-130","0","127222","0","bgm_M169","110500062","2030/12/31 14:59:59","117612","10","101821","0","0","0","2022/01/17 16:00:00","90","0","bgm_M169","11050006","11050","101822","101500610","-50","2","bgm_M169","bgm_M169","0","涅羅礁岩‧西部 50-6","0"
"101500706","100450","110500071","0","0","10","0","0","0","101500701","215","10","bgm_M169","0","101500705","110500071","117491","211001000","0","110500073","101623","101622","0","30","bgm_M169","30","0","117072","0","bgm_M169","110500072","2030/12/31 14:59:59","117582","10","101621","0","0","101500710","2022/01/17 16:00:00","90","0","bgm_M169","11050007","11050","101622","101500708","-50","2","bgm_M169","bgm_M169","0","涅羅礁岩‧西部 50-7","0"
"101500806","100150","110500081","0","0","10","0","0","0","101500801","215","10","bgm_M169","0","101500802","110500081","127281","211001000","0","110500083","101113","101112","0","70","bgm_M169","200","0","117192","0","bgm_M169","110500082","2030/12/31 14:59:59","117552","10","101111","0","0","101500809","2022/01/17 16:00:00","90","0","bgm_M169","11050008","11050","101112","101500803","-50","2","bgm_M169","bgm_M169","0","涅羅礁岩‧西部 50-8","0"
"101500906","100150","110500091","0","0","10","0","0","0","101500910","215","10","bgm_M169","0","101500902","110500091","127371","211001000","0","110500093","101113","101112","0","-80","bgm_M169","300","0","127252","0","bgm_M169","110500092","2030/12/31 14:59:59","117612","10","101111","0","0","101500907","2022/01/17 16:00:00","90","0","bgm_M169","11050009","11050","101112","101500908","-50","2","bgm_M169","bgm_M169","0","涅羅礁岩‧西部 50-9","0"
"101501008","100500","110500101","0","0","10","0","0","0","101501001","215","10","bgm_M169","0","101501010","110500101","117311","211001000","0","110500103","101053","101052","25011","-150","bgm_M169","100","0","117132","0","bgm_M169","110500102","2030/12/31 14:59:59","117552","10","101051","0","0","101501009","2022/01/17 16:00:00","90","0","bgm_M169","11050010","11050","101052","101501007","-50","2","bgm_M169","bgm_M169","0","涅羅礁岩‧西部 50-10","0"
"101501110","100150","110500111","0","0","10","0","0","0","101501102","215","10","bgm_M169","0","101501104","110500111","117461","211001000","0","110500113","101113","101112","25012","-240","bgm_M169","270","0","117042","0","bgm_M169","110500112","2030/12/31 14:59:59","117582","10","101111","0","0","101501105","2022/01/17 16:00:00","90","0","bgm_M169","11050011","11050","101112","101501106","-50","2","bgm_M169","bgm_M169","0","涅羅礁岩‧西部 50-11","0"
"101501208","100150","110500121","0","0","10","0","0","0","101501201","215","10","bgm_M169","0","101501204","110500121","127222","211001000","0","110500123","101113","101112","25013","-170","bgm_M169","460","0","117582","0","bgm_M169","110500122","2030/12/31 14:59:59","117612","10","101111","0","0","101501210","2022/01/17 16:00:00","90","0","bgm_M169","11050012","11050","101112","101501207","-50","2","bgm_M169","bgm_M169","0","涅羅礁岩‧西部 50-12","0"
"101501303","100150","110500131","0","0","10","0","0","0","101501301","215","10","bgm_M169","0","101501304","110500131","127102","211001000","0","110500133","101113","101112","25014","0","bgm_M169","540","0","117612","0","bgm_M169","110500132","2030/12/31 14:59:59","117552","10","101111","0","0","101501302","2022/01/17 16:00:00","90","0","bgm_M169","11050013","11050","101112","101501307","-50","2","bgm_M169","bgm_M169","0","涅羅礁岩‧西部 50-13","0"
"0","100150","110500141","9050156","0","10","0","0","0","101501410","215","10","bgm_M170","0","0","110500141","127162","211001000","0","110500143","101093","101092","25015","-100","bgm_M170","740","0","117552","0","bgm_M170","110500142","2030/12/31 14:59:59","117582","10","101091","0","0","0","2022/01/17 16:00:00","90","0","bgm_M170","11050014","11050","101092","0","-50","2","bgm_M170","bgm_M170","0","涅羅礁岩‧西部 50-14","9050155"
"101510106","100450","110510011","0","0","10","0","0","0","101510102","215","10","bgm_M169","0","101510105","110510011","117132","211001000","0","110510013","101623","101622","0","20","bgm_M169","-760","0","117072","0","bgm_M169","110510012","2030/12/31 14:59:59","117552","10","101621","0","0","0","2015/12/17 15:00:00","90","0","bgm_M169","11051001","11051","101622","101510108","-50","2","bgm_M169","bgm_M169","0","涅羅礁岩‧東部 51-1","0"
"101510206","100500","110510021","0","0","10","0","0","0","101510201","215","10","bgm_M169","0","101510208","110510021","127102","211001000","0","110510023","101823","101822","0","50","bgm_M169","-560","0","127012","0","bgm_M169","110510022","2030/12/31 14:59:59","117612","10","101821","0","0","0","2015/12/17 15:00:00","90","0","bgm_M169","11051002","11051","101822","101510210","-50","2","bgm_M169","bgm_M169","0","涅羅礁岩‧東部 51-2","0"
"101510310","100500","110510031","0","0","10","0","0","0","101510301","215","10","bgm_M169","0","101510303","110510031","127222","211001000","0","110510033","101823","101822","0","80","bgm_M169","-400","0","127252","0","bgm_M169","110510032","2030/12/31 14:59:59","117582","10","101821","0","0","0","2015/12/17 15:00:00","90","0","bgm_M169","11051003","11051","101822","101510305","-50","2","bgm_M169","bgm_M169","0","涅羅礁岩‧東部 51-3","0"
"101510404","100500","110510041","0","0","10","0","0","0","101510401","215","10","bgm_M169","0","101510402","110510041","127162","211001000","0","110510043","101823","101822","0","0","bgm_M169","-200","0","117552","0","bgm_M169","110510042","2030/12/31 14:59:59","117492","10","101821","0","0","0","2015/12/17 15:00:00","90","0","bgm_M169","11051004","11051","101822","101510410","-50","2","bgm_M169","bgm_M169","0","涅羅礁岩‧東部 51-4","0"
"101510507","100150","110510051","0","0","10","0","0","0","101510501","215","10","bgm_M169","0","101510502","110510051","117192","211001000","0","110510053","101113","101112","0","40","bgm_M169","-20","0","117582","0","bgm_M169","110510052","2030/12/31 14:59:59","127342","10","101111","0","0","0","2015/12/17 15:00:00","90","0","bgm_M169","11051005","11051","101112","101510510","-50","2","bgm_M169","bgm_M169","0","涅羅礁岩‧東部 51-5","0"
"101510608","100150","110510061","0","0","10","0","0","0","101510601","215","10","bgm_M169","0","101510605","110510061","117042","211001000","0","110510063","101113","101112","0","-40","bgm_M169","120","0","117552","0","bgm_M169","110510062","2030/12/31 14:59:59","127282","10","101111","0","0","0","2015/12/17 15:00:00","90","0","bgm_M169","11051006","11051","101112","101510610","-50","2","bgm_M169","bgm_M169","0","涅羅礁岩‧東部 51-6","0"
"101510707","100110","110510071","0","0","10","0","0","0","101510701","215","10","bgm_M169","0","101510708","110510071","127252","211001000","0","110510073","101053","101052","0","-150","bgm_M169","0","0","117612","0","bgm_M169","110510072","2030/12/31 14:59:59","127462","10","101051","0","0","101510710","2015/12/17 15:00:00","90","0","bgm_M169","11051007","11051","101052","101510709","-50","2","bgm_M169","bgm_M169","0","涅羅礁岩‧東部 51-7","0"
"101510804","100110","110510081","0","0","10","0","0","0","101510803","215","10","bgm_M169","0","101510802","110510081","117072","211001000","0","110510083","101053","101052","0","-260","bgm_M169","180","0","117582","0","bgm_M169","110510082","2030/12/31 14:59:59","117312","10","101051","0","0","101510809","2015/12/17 15:00:00","90","0","bgm_M169","11051008","11051","101052","101510805","-50","2","bgm_M169","bgm_M169","0","涅羅礁岩‧東部 51-8","0"
"101510902","100150","110510091","0","0","10","0","0","0","101510901","215","10","bgm_M169","0","101510903","110510091","127012","211001000","0","110510093","101113","101112","0","-120","bgm_M169","270","0","117552","0","bgm_M169","110510092","2030/12/31 14:59:59","127342","10","101111","0","0","101510908","2015/12/17 15:00:00","90","0","bgm_M169","11051009","11051","101112","101510905","-50","2","bgm_M169","bgm_M169","0","涅羅礁岩‧東部 51-9","0"
"101511004","100110","110510101","0","0","10","0","0","0","101511002","215","10","bgm_M169","0","101511008","110510101","127252","211001000","0","110510103","101053","101052","25011","-250","bgm_M169","420","0","117612","0","bgm_M169","110510102","2030/12/31 14:59:59","117492","10","101051","0","0","101511007","2015/12/17 15:00:00","90","0","bgm_M169","11051010","11051","101052","101511009","-50","2","bgm_M169","bgm_M169","0","涅羅礁岩‧東部 51-10","0"
"101511107","100150","110510111","0","0","10","0","0","0","101511104","215","10","bgm_M169","0","101511103","110510111","117132","211001000","0","110510113","101113","101112","25012","-120","bgm_M169","520","0","117552","0","bgm_M169","110510112","2030/12/31 14:59:59","127282","10","101111","0","0","101511110","2015/12/17 15:00:00","90","0","bgm_M169","11051011","11051","101112","101511105","-50","2","bgm_M169","bgm_M169","0","涅羅礁岩‧東部 51-11","0"
"101511209","100150","110510121","0","0","10","0","0","0","101511201","215","10","bgm_M169","0","101511205","110510121","117612","211001000","0","110510123","101113","101112","25013","30","bgm_M169","400","0","127462","0","bgm_M169","110510122","2030/12/31 14:59:59","117372","10","101111","0","0","101511203","2015/12/17 15:00:00","90","0","bgm_M169","11051012","11051","101112","101511210","-50","2","bgm_M169","bgm_M169","0","涅羅礁岩‧東部 51-12","0"
"101511306","100150","110510131","0","0","10","0","0","0","101511309","215","10","bgm_M169","0","101511301","110510131","117582","211001000","0","110510133","101113","101112","25014","40","bgm_M169","630","0","127282","0","bgm_M169","110510132","2030/12/31 14:59:59","117312","10","101111","0","0","101511307","2015/12/17 15:00:00","90","0","bgm_M169","11051013","11051","101112","101511305","-50","2","bgm_M169","bgm_M169","0","涅羅礁岩‧東部 51-13","0"
"101511409","100150","110510141","9051156","0","10","0","0","0","101511410","215","10","bgm_M170","0","101511408","110510141","117552","211001000","0","110510143","101093","101092","25015","-150","bgm_M170","740","0","117492","0","bgm_M170","110510142","2030/12/31 14:59:59","127342","10","101091","0","0","0","2015/12/17 15:00:00","90","0","bgm_M170","11051014","11051","101092","0","-50","2","bgm_M170","bgm_M170","0","涅羅礁岩‧東部 51-14","9051155"
"101520103","100500","110520011","0","0","10","0","0","0","101520101","215","10","bgm_M169","0","101520108","110520011","117612","211001000","0","110520013","101823","101822","0","198","bgm_M169","-540","0","117552","0","bgm_M169","110520012","2030/12/31 14:59:59","127462","10","101821","0","0","0","2015/12/17 15:00:00","90","0","bgm_M169","11052001","11052","101822","101520109","-50","2","bgm_M169","bgm_M169","0","皮尼翁沿岸堤‧西岸 52-1","0"
"101520209","100500","110520021","0","0","10","0","0","0","101520208","215","10","bgm_M169","0","101520201","110520021","117582","211001000","0","110520023","101823","101822","0","75","bgm_M169","-398","0","117612","0","bgm_M169","110520022","2030/12/31 14:59:59","117372","10","101821","0","0","0","2015/12/17 15:00:00","90","0","bgm_M169","11052002","11052","101822","101520210","-50","2","bgm_M169","bgm_M169","0","皮尼翁沿岸堤‧西岸 52-2","0"
"101520309","100150","110520031","0","0","10","0","0","0","101520308","215","10","bgm_M169","0","101520301","110520031","117552","211001000","0","110520033","101113","101112","0","144","bgm_M169","-238","0","117582","0","bgm_M169","110520032","2030/12/31 14:59:59","117492","10","101111","0","0","0","2015/12/17 15:00:00","90","0","bgm_M169","11052003","11052","101112","101520310","-50","2","bgm_M169","bgm_M169","0","皮尼翁沿岸堤‧西岸 52-3","0"
"101520409","100110","110520041","0","0","10","0","0","0","101520404","215","10","bgm_M169","0","101520408","110520041","117582","211001000","0","110520043","102183","102182","0","-44","bgm_M169","-224","0","117312","0","bgm_M169","110520042","2030/12/31 14:59:59","117013","10","102181","0","0","0","2015/12/17 15:00:00","90","0","bgm_M169","11052004","11052","102182","101520410","-50","2","bgm_M169","bgm_M169","0","皮尼翁沿岸堤‧西岸 52-4","0"
"101520502","100110","110520051","0","0","10","0","0","0","101520508","215","10","bgm_M169","0","101520507","110520051","117552","211001000","0","110520053","101053","101052","0","-112","bgm_M169","-10","0","127342","0","bgm_M169","110520052","2030/12/31 14:59:59","117253","10","101051","0","0","0","2015/12/17 15:00:00","90","0","bgm_M169","11052005","11052","101052","101520509","-50","2","bgm_M169","bgm_M169","0","皮尼翁沿岸堤‧西岸 52-5","0"
"101520607","100150","110520061","0","0","10","0","0","0","101520601","215","10","bgm_M169","0","101520606","110520061","117612","211001000","0","110520063","101113","101112","0","78","bgm_M169","-66","0","127282","0","bgm_M169","110520062","2030/12/31 14:59:59","117223","10","101111","0","0","0","2015/12/17 15:00:00","90","0","bgm_M169","11052006","11052","101112","101520610","-50","2","bgm_M169","bgm_M169","0","皮尼翁沿岸堤‧西岸 52-6","0"
"101520708","100150","110520071","0","0","10","0","0","0","101520704","215","10","bgm_M169","0","101520701","110520071","117582","211001000","0","110520073","101113","101112","0","181","bgm_M169","91","0","127462","0","bgm_M169","110520072","2030/12/31 14:59:59","117073","10","101111","0","0","101520710","2015/12/17 15:00:00","90","0","bgm_M169","11052007","11052","101112","101520709","-50","2","bgm_M169","bgm_M169","0","皮尼翁沿岸堤‧西岸 52-7","0"
"101520803","100150","110520081","0","0","10","0","0","0","101520801","215","10","bgm_M169","0","101520808","110520081","117552","211001000","0","110520083","101113","101112","0","81","bgm_M169","245","0","117372","0","bgm_M169","110520082","2030/12/31 14:59:59","127133","10","101111","0","0","101520810","2015/12/17 15:00:00","90","0","bgm_M169","11052008","11052","101112","101520809","-50","2","bgm_M169","bgm_M169","0","皮尼翁沿岸堤‧西岸 52-8","0"
"101520903","100110","110520091","0","0","10","0","0","0","101520904","215","10","bgm_M169","0","101520908","110520091","117612","211001000","0","110520093","102183","102182","0","-66","bgm_M169","212","0","117492","0","bgm_M169","110520092","2030/12/31 14:59:59","127043","10","102181","0","0","101520910","2015/12/17 15:00:00","90","0","bgm_M169","11052009","11052","102182","101520909","-50","2","bgm_M169","bgm_M169","0","皮尼翁沿岸堤‧西岸 52-9","0"
"101521008","100110","110520101","0","0","10","0","0","0","101521001","215","10","bgm_M169","0","101521004","110520101","117582","211001000","0","110520103","101053","101052","25011","-54","bgm_M169","401","0","117312","0","bgm_M169","110520102","2030/12/31 14:59:59","127193","10","101051","0","0","101521010","2015/12/17 15:00:00","90","0","bgm_M169","11052010","11052","101052","101521009","-50","2","bgm_M169","bgm_M169","0","皮尼翁沿岸堤‧西岸 52-10","0"
"101521109","100110","110520111","0","0","10","0","0","0","101521101","215","10","bgm_M169","0","101521104","110520111","117552","211001000","0","110520113","101053","101052","25012","0","bgm_M169","577","0","127342","0","bgm_M169","110520112","2030/12/31 14:59:59","127133","10","101051","0","0","101521110","2015/12/17 15:00:00","90","0","bgm_M169","11052011","11052","101052","101521108","-50","2","bgm_M169","bgm_M169","0","皮尼翁沿岸堤‧西岸 52-11","0"
"101521208","100150","110520121","0","0","10","0","0","0","101521201","215","10","bgm_M169","0","101521207","110520121","117492","211001000","0","110520123","101113","101112","25013","131","bgm_M169","418","0","117013","0","bgm_M169","110520122","2030/12/31 14:59:59","117103","10","101111","0","0","101521210","2015/12/17 15:00:00","90","0","bgm_M169","11052012","11052","101112","101521209","-50","2","bgm_M169","bgm_M169","0","皮尼翁沿岸堤‧西岸 52-12","0"
"101521308","100150","110520131","0","0","10","0","0","0","101521302","215","10","bgm_M169","0","101521305","110520131","117372","211001000","0","110520133","101113","101112","25014","174","bgm_M169","622","0","117223","0","bgm_M169","110520132","2030/12/31 14:59:59","117253","10","101111","0","0","101521309","2015/12/17 15:00:00","90","0","bgm_M169","11052013","11052","101112","101521310","-50","2","bgm_M169","bgm_M169","0","皮尼翁沿岸堤‧西岸 52-13","0"
"0","100110","110520141","9052156","0","10","0","0","0","101521410","215","10","bgm_M170","0","0","110520141","127462","211001000","0","110520143","101063","101062","25015","40","bgm_M170","735","0","117163","0","bgm_M170","110520142","2030/12/31 14:59:59","117073","10","101061","0","0","0","2015/12/17 15:00:00","90","0","bgm_M170","11052014","11052","101062","0","-50","2","bgm_M170","bgm_M170","0","皮尼翁沿岸堤‧西岸 52-14","9052155"
"101530103","100500","110530011","0","0","10","0","0","0","101530108","215","10","bgm_M169","0","101530102","110530011","127462","211001000","0","110530013","101823","101822","0","62","bgm_M169","-722","0","127282","0","bgm_M169","110530012","2030/12/31 14:59:59","117103","10","101821","0","0","0","2015/12/17 15:00:00","90","0","bgm_M169","11053001","11053","101822","101530107","-50","2","bgm_M169","bgm_M169","0","皮尼翁沿岸堤‧東岸 53-1","0"
"101530208","100110","110530021","0","0","10","0","0","0","101530201","215","10","bgm_M169","0","101530207","110530021","117492","211001000","0","110530023","102183","102182","0","-88","bgm_M169","-577","0","127462","0","bgm_M169","110530022","2030/12/31 14:59:59","117163","10","102181","0","0","0","2015/12/17 15:00:00","90","0","bgm_M169","11053002","11053","102182","101530205","-50","2","bgm_M169","bgm_M169","0","皮尼翁沿岸堤‧東岸 53-2","0"
"101530310","100110","110530031","0","0","10","0","0","0","101530301","215","10","bgm_M169","0","101530308","110530031","117372","211001000","0","110530033","101053","101052","0","-144","bgm_M169","-388","0","117312","0","bgm_M169","110530032","2030/12/31 14:59:59","127193","10","101051","0","0","0","2015/12/17 15:00:00","90","0","bgm_M169","11053003","11053","101052","101530309","-50","2","bgm_M169","bgm_M169","0","皮尼翁沿岸堤‧東岸 53-3","0"
"101530409","100150","110530041","0","0","10","0","0","0","101530402","215","10","bgm_M169","0","101530410","110530041","117312","211001000","0","110530043","101113","101112","0","58","bgm_M169","-450","0","127043","0","bgm_M169","110530042","2030/12/31 14:59:59","117553","10","101111","0","0","0","2015/12/17 15:00:00","90","0","bgm_M169","11053004","11053","101112","101530407","-50","2","bgm_M169","bgm_M169","0","皮尼翁沿岸堤‧東岸 53-4","0"
"101530508","100150","110530051","0","0","10","0","0","0","101530504","215","10","bgm_M169","0","101530510","110530051","127462","211001000","0","110530053","101113","101112","0","142","bgm_M169","-272","0","117253","0","bgm_M169","110530052","2030/12/31 14:59:59","117583","10","101111","0","0","0","2015/12/17 15:00:00","90","0","bgm_M169","11053005","11053","101112","101530509","-50","2","bgm_M169","bgm_M169","0","皮尼翁沿岸堤‧東岸 53-5","0"
"101530610","100150","110530061","0","0","10","0","0","0","101530602","215","10","bgm_M169","0","101530608","110530061","117372","211001000","0","110530063","101113","101112","0","-35","bgm_M169","-211","0","117223","0","bgm_M169","110530062","2030/12/31 14:59:59","117613","10","101111","0","0","0","2015/12/17 15:00:00","90","0","bgm_M169","11053006","11053","101112","101530609","-50","2","bgm_M169","bgm_M169","0","皮尼翁沿岸堤‧東岸 53-6","0"
"101530706","100150","110530071","0","0","10","0","0","0","101530708","215","10","bgm_M169","0","101530709","110530071","127282","211001000","0","110530073","101113","101112","0","71","bgm_M169","-36","0","117073","0","bgm_M169","110530072","2030/12/31 14:59:59","117553","10","101111","0","0","101530703","2015/12/17 15:00:00","90","0","bgm_M169","11053007","11053","101112","101530710","-50","2","bgm_M169","bgm_M169","0","皮尼翁沿岸堤‧東岸 53-7","0"
"101530807","100110","110530081","0","0","10","0","0","0","101530808","215","10","bgm_M169","0","101530804","110530081","127342","211001000","0","110530083","101053","101052","0","-132","bgm_M169","11","0","127133","0","bgm_M169","110530082","2030/12/31 14:59:59","117583","10","101051","0","0","101530809","2015/12/17 15:00:00","90","0","bgm_M169","11053008","11053","101052","101530810","-50","2","bgm_M169","bgm_M169","0","皮尼翁沿岸堤‧東岸 53-8","0"
"101530909","100110","110530091","0","0","10","0","0","0","101530908","215","10","bgm_M169","0","101530904","110530091","117492","211001000","0","110530093","101053","101052","0","-86","bgm_M169","187","0","117103","0","bgm_M169","110530092","2030/12/31 14:59:59","117613","10","101051","0","0","101530910","2015/12/17 15:00:00","90","0","bgm_M169","11053009","11053","101052","101530907","-50","2","bgm_M169","bgm_M169","0","皮尼翁沿岸堤‧東岸 53-9","0"
"101531008","100150","110530101","0","0","10","0","0","0","101531001","215","10","bgm_M169","0","101531004","110530101","127282","211001000","0","110530103","101113","101112","25011","87","bgm_M169","146","0","117013","0","bgm_M169","110530102","2030/12/31 14:59:59","117553","10","101111","0","0","101531010","2015/12/17 15:00:00","90","0","bgm_M169","11053010","11053","101112","101531009","-50","2","bgm_M169","bgm_M169","0","皮尼翁沿岸堤‧東岸 53-10","0"
"101531109","100150","110530111","0","0","10","0","0","0","101531105","215","10","bgm_M169","0","101531108","110530111","127342","211001000","0","110530113","101113","101112","25012","39","bgm_M169","366","0","117163","0","bgm_M169","110530112","2030/12/31 14:59:59","117613","10","101111","0","0","101531110","2015/12/17 15:00:00","90","0","bgm_M169","11053011","11053","101112","101531102","-50","2","bgm_M169","bgm_M169","0","皮尼翁沿岸堤‧東岸 53-11","0"
"101531207","100110","110530121","0","0","10","0","0","0","101531201","215","10","bgm_M169","0","101531208","110530121","117013","211001000","0","110530123","101053","101052","25013","-112","bgm_M169","522","0","117553","0","bgm_M169","110530122","2030/12/31 14:59:59","117583","10","101051","0","0","101531210","2015/12/17 15:00:00","90","0","bgm_M169","11053012","11053","101052","101531209","-50","2","bgm_M169","bgm_M169","0","皮尼翁沿岸堤‧東岸 53-12","0"
"101531309","100110","110530131","0","0","10","0","0","0","101531304","215","10","bgm_M169","0","101531308","110530131","117223","211001000","0","110530133","101053","101052","25014","64","bgm_M169","586","0","117613","0","bgm_M169","110530132","2030/12/31 14:59:59","117553","10","101051","0","0","101531307","2015/12/17 15:00:00","90","0","bgm_M169","11053013","11053","101052","101531306","-50","2","bgm_M169","bgm_M169","0","皮尼翁沿岸堤‧東岸 53-13","0"
"101531409","100110","110530141","9053156","0","10","0","0","0","101531410","215","10","bgm_M170","0","101531408","110530141","117253","211001000","0","110530143","101063","101062","25015","-87","bgm_M170","756","0","117583","0","bgm_M170","110530142","2030/12/31 14:59:59","117613","10","101061","0","0","0","2015/12/17 15:00:00","90","0","bgm_M170","11053014","11053","101062","0","-50","2","bgm_M170","bgm_M170","0","皮尼翁沿岸堤‧東岸 53-14","9053155"
"101540109","100110","110540011","0","0","10","0","0","0","101540104","215","10","bgm_M169","0","101540101","110540011","127133","211001000","0","110540013","101053","101052","0","-151","bgm_M169","-722","0","117103","0","bgm_M169","110540012","2030/12/31 14:59:59","117583","10","101051","0","0","0","2015/12/17 15:00:00","90","0","bgm_M169","11054001","11054","101052","101540106","-50","2","bgm_M169","bgm_M169","0","托塔提斯沙岸‧西部 54-1","0"
"101540208","100150","110540021","0","0","10","0","0","0","101540210","215","10","bgm_M169","0","101540202","110540021","117223","211001000","0","110540023","101113","101112","0","77","bgm_M169","-683","0","117253","0","bgm_M169","110540022","2030/12/31 14:59:59","117613","10","101111","0","0","0","2015/12/17 15:00:00","90","0","bgm_M169","11054002","11054","101112","101540209","-50","2","bgm_M169","bgm_M169","0","托塔提斯沙岸‧西部 54-2","0"
"101540308","100150","110540031","0","0","10","0","0","0","101540304","215","10","bgm_M169","0","101540310","110540031","127193","211001000","0","110540033","101113","101112","0","66","bgm_M169","-492","0","117073","0","bgm_M169","110540032","2030/12/31 14:59:59","117553","10","101111","0","0","0","2015/12/17 15:00:00","90","0","bgm_M169","11054003","11054","101112","101540309","-50","2","bgm_M169","bgm_M169","0","托塔提斯沙岸‧西部 54-3","0"
"101540409","100110","110540041","0","0","10","0","0","0","101540401","215","10","bgm_M169","0","101540410","110540041","117013","211001000","0","110540043","101053","101052","0","-122","bgm_M169","-520","0","117583","0","bgm_M169","110540042","2030/12/31 14:59:59","127313","10","101051","0","0","0","2015/12/17 15:00:00","90","0","bgm_M169","11054004","11054","101052","101540404","-50","2","bgm_M169","bgm_M169","0","托塔提斯沙岸‧西部 54-4","0"
"101540509","100110","110540051","0","0","10","0","0","0","101540502","215","10","bgm_M169","0","101540508","110540051","117223","211001000","0","110540053","101053","101052","0","-156","bgm_M169","-322","0","117613","0","bgm_M169","110540052","2030/12/31 14:59:59","127373","10","101051","0","0","0","2015/12/17 15:00:00","90","0","bgm_M169","11054005","11054","101052","101540510","-50","2","bgm_M169","bgm_M169","0","托塔提斯沙岸‧西部 54-5","0"
"101540609","100150","110540061","0","0","10","0","0","0","101540604","215","10","bgm_M169","0","101540608","110540061","117163","211001000","0","110540063","101113","101112","0","21","bgm_M169","-271","0","117553","0","bgm_M169","110540062","2030/12/31 14:59:59","117343","10","101111","0","0","0","2015/12/17 15:00:00","90","0","bgm_M169","11054006","11054","101112","101540610","-50","2","bgm_M169","bgm_M169","0","托塔提斯沙岸‧西部 54-6","0"
"101540703","100150","110540071","0","0","10","0","0","0","101540708","215","10","bgm_M169","0","101540709","110540071","117103","211001000","0","110540073","101113","101112","0","88","bgm_M169","-72","0","117583","0","bgm_M169","110540072","2030/12/31 14:59:59","127283","10","101111","0","0","101540707","2015/12/17 15:00:00","90","0","bgm_M169","11054007","11054","101112","101540710","-50","2","bgm_M169","bgm_M169","0","托塔提斯沙岸‧西部 54-7","0"
"101540806","100150","110540081","0","0","10","0","0","0","101540801","215","10","bgm_M169","0","101540808","110540081","117253","211001000","0","110540083","101113","101112","0","-88","bgm_M169","-101","0","117613","0","bgm_M169","110540082","2030/12/31 14:59:59","117463","10","101111","0","0","101540810","2015/12/17 15:00:00","90","0","bgm_M169","11054008","11054","101112","101540809","-50","2","bgm_M169","bgm_M169","0","托塔提斯沙岸‧西部 54-8","0"
"101540906","100110","110540091","0","0","10","0","0","0","101540908","215","10","bgm_M169","0","101540904","110540091","117073","211001000","0","110540093","102183","102182","0","-111","bgm_M169","87","0","117553","0","bgm_M169","110540092","2030/12/31 14:59:59","117493","10","102181","0","0","101540910","2015/12/17 15:00:00","90","0","bgm_M169","11054009","11054","102182","101540909","-50","2","bgm_M169","bgm_M169","0","托塔提斯沙岸‧西部 54-9","0"
"101541006","100150","110540101","0","0","10","0","0","0","101541008","215","10","bgm_M169","0","101541001","110540101","127133","211001000","0","110540103","101113","101112","25011","55","bgm_M169","148","0","117583","0","bgm_M169","110540102","2030/12/31 14:59:59","127313","10","101111","0","0","101541010","2015/12/17 15:00:00","90","0","bgm_M169","11054010","11054","101112","101541009","-50","2","bgm_M169","bgm_M169","0","托塔提斯沙岸‧西部 54-10","0"
"101541109","100110","110540111","0","0","10","0","0","0","101541108","215","10","bgm_M169","0","101541102","110540111","117013","211001000","0","110540113","102183","102182","25012","-113","bgm_M169","246","0","117553","0","bgm_M169","110540112","2030/12/31 14:59:59","117343","10","102181","0","0","101541110","2015/12/17 15:00:00","90","0","bgm_M169","11054011","11054","102182","101541103","-50","2","bgm_M169","bgm_M169","0","托塔提斯沙岸‧西部 54-11","0"
"101541207","100150","110540121","0","0","10","0","0","0","101541201","215","10","bgm_M169","0","101541208","110540121","117583","211001000","0","110540123","101113","101112","25013","-148","bgm_M169","449","0","127283","0","bgm_M169","110540122","2030/12/31 14:59:59","127313","10","101111","0","0","101541210","2015/12/17 15:00:00","90","0","bgm_M169","11054012","11054","101112","101541209","-50","2","bgm_M169","bgm_M169","0","托塔提斯沙岸‧西部 54-12","0"
"101541308","100110","110540131","0","0","10","0","0","0","101541304","215","10","bgm_M169","0","101541302","110540131","117613","211001000","0","110540133","101053","101052","25014","-42","bgm_M169","558","0","117463","0","bgm_M169","110540132","2030/12/31 14:59:59","127373","10","101051","0","0","101541310","2015/12/17 15:00:00","90","0","bgm_M169","11054013","11054","101052","101541309","-50","2","bgm_M169","bgm_M169","0","托塔提斯沙岸‧西部 54-13","0"
"0","100110","110540141","9054156","0","10","0","0","0","101541410","215","10","bgm_M170","0","0","110540141","117553","211001000","0","110540143","101063","101062","25015","78","bgm_M170","428","0","117493","0","bgm_M170","110540142","2030/12/31 14:59:59","117343","10","101061","0","0","0","2015/12/17 15:00:00","90","0","bgm_M170","11054014","11054","101062","0","-50","2","bgm_M170","bgm_M170","0","托塔提斯沙岸‧西部 54-14","9054155"
"101550103","100110","110550011","0","0","10","0","0","0","101550101","215","10","bgm_M169","0","101550108","110550011","117583","211001000","0","110550013","101053","101052","0","-135","bgm_M169","-726","0","127313","0","bgm_M169","110550012","2030/12/31 14:59:59","117343","10","101051","0","0","0","2015/12/17 15:00:00","90","0","bgm_M169","11055001","11055","101052","101550109","-50","2","bgm_M169","bgm_M169","0","托塔提斯沙岸‧東部 55-1","0"
"101550209","100150","110550021","0","0","10","0","0","0","101550208","215","10","bgm_M169","0","101550203","110550021","117613","211001000","0","110550023","101113","101112","0","100","bgm_M169","-668","0","127373","0","bgm_M169","110550022","2030/12/31 14:59:59","117463","10","101111","0","0","0","2015/12/17 15:00:00","90","0","bgm_M169","11055002","11055","101112","101550210","-50","2","bgm_M169","bgm_M169","0","托塔提斯沙岸‧東部 55-2","0"
"101550309","100150","110550031","0","0","10","0","0","0","101550302","215","10","bgm_M169","0","101550308","110550031","117553","211001000","0","110550033","101113","101112","0","52","bgm_M169","-472","0","127283","0","bgm_M169","110550032","2030/12/31 14:59:59","117493","10","101111","0","0","0","2015/12/17 15:00:00","90","0","bgm_M169","11055003","11055","101112","101550310","-50","2","bgm_M169","bgm_M169","0","托塔提斯沙岸‧東部 55-3","0"
"101550409","100110","110550041","0","0","10","0","0","0","101550404","215","10","bgm_M169","0","101550408","110550041","117583","211001000","0","110550043","101053","101052","0","-141","bgm_M169","-510","0","117343","0","bgm_M169","110550042","2030/12/31 14:59:59","118011","10","101051","0","0","0","2015/12/17 15:00:00","90","0","bgm_M169","11055004","11055","101052","101550410","-50","2","bgm_M169","bgm_M169","0","托塔提斯沙岸‧東部 55-4","0"
"101550509","100110","110550051","0","0","10","0","0","0","101550501","215","10","bgm_M169","0","101550508","110550051","117613","211001000","0","110550053","101053","101052","0","-74","bgm_M169","-322","0","127373","0","bgm_M169","110550052","2030/12/31 14:59:59","118221","10","101051","0","0","0","2015/12/17 15:00:00","90","0","bgm_M169","11055005","11055","101052","101550510","-50","2","bgm_M169","bgm_M169","0","托塔提斯沙岸‧東部 55-5","0"
"101550608","100150","110550061","0","0","10","0","0","0","101550603","215","10","bgm_M169","0","101550605","110550061","117553","211001000","0","110550063","101113","101112","0","92","bgm_M169","-241","0","127283","0","bgm_M169","110550062","2030/12/31 14:59:59","128161","10","101111","0","0","0","2015/12/17 15:00:00","90","0","bgm_M169","11055006","11055","101112","101550610","-50","2","bgm_M169","bgm_M169","0","托塔提斯沙岸‧東部 55-6","0"
"101550706","100110","110550071","0","0","10","0","0","0","101550708","215","10","bgm_M169","0","101550701","110550071","117583","211001000","0","110550073","101053","101052","0","-62","bgm_M169","-82","0","127313","0","bgm_M169","110550072","2030/12/31 14:59:59","118191","10","101051","0","0","101550709","2015/12/17 15:00:00","90","0","bgm_M169","11055007","11055","101052","101550710","-50","2","bgm_M169","bgm_M169","0","托塔提斯沙岸‧東部 55-7","0"
"101550807","100150","110550081","0","0","10","0","0","0","101550801","215","10","bgm_M169","0","101550802","110550081","117553","211001000","0","110550083","101113","101112","0","95","bgm_M169","34","0","117493","0","bgm_M169","110550082","2030/12/31 14:59:59","128041","10","101111","0","0","101550810","2015/12/17 15:00:00","90","0","bgm_M169","11055008","11055","101112","101550809","-50","2","bgm_M169","bgm_M169","0","托塔提斯沙岸‧東部 55-8","0"
"101550906","100110","110550091","0","0","10","0","0","0","101550905","215","10","bgm_M169","0","101550908","110550091","117613","211001000","0","110550093","101053","101052","0","66","bgm_M169","225","0","117463","0","bgm_M169","110550092","2030/12/31 14:59:59","118251","10","101051","0","0","101550910","2015/12/17 15:00:00","90","0","bgm_M169","11055009","11055","101052","101550907","-50","2","bgm_M169","bgm_M169","0","托塔提斯沙岸‧東部 55-9","0"
"101551005","100110","110550101","0","0","10","0","0","0","101551001","215","10","bgm_M169","0","101551009","110550101","117583","211001000","0","110550103","101053","101052","25011","-110","bgm_M169","148","0","117343","0","bgm_M169","110550102","2030/12/31 14:59:59","118101","10","101051","0","0","101551010","2015/12/17 15:00:00","90","0","bgm_M169","11055010","11055","101052","101551008","-50","2","bgm_M169","bgm_M169","0","托塔提斯沙岸‧東部 55-10","0"
"101551109","100100","110550111","0","0","10","0","0","0","101551101","215","10","bgm_M169","0","101551108","110550111","117553","211001000","0","110550113","100203","100202","25012","-152","bgm_M169","352","0","117493","0","bgm_M169","110550112","2030/12/31 14:59:59","128131","10","100201","0","0","101551110","2015/12/17 15:00:00","90","0","bgm_M169","11055011","11055","100202","101551103","-50","2","bgm_M169","bgm_M169","0","托塔提斯沙岸‧東部 55-11","0"
"101551208","100100","110550121","0","0","10","0","0","0","101551201","215","10","bgm_M169","0","101551204","110550121","127313","211001000","0","110550123","100203","100202","25013","16","bgm_M169","452","0","118191","0","bgm_M169","110550122","2030/12/31 14:59:59","118011","10","100201","0","0","101551209","2015/12/17 15:00:00","90","0","bgm_M169","11055012","11055","100202","101551210","-50","2","bgm_M169","bgm_M169","0","托塔提斯沙岸‧東部 55-12","0"
"101551303","100110","110550131","0","0","10","0","0","0","101551309","215","10","bgm_M169","0","101551304","110550131","117463","211001000","0","110550133","102183","102182","25014","-83","bgm_M169","611","0","118251","0","bgm_M169","110550132","2030/12/31 14:59:59","118221","10","102181","0","0","101551310","2015/12/17 15:00:00","90","0","bgm_M169","11055013","11055","102182","101551308","-50","2","bgm_M169","bgm_M169","0","托塔提斯沙岸‧東部 55-13","0"
"101551409","100110","110550141","9055156","0","10","0","0","0","101551410","215","10","bgm_M170","0","101551408","110550141","127283","211001000","0","110550143","101063","101062","25015","82","bgm_M170","645","0","118101","0","bgm_M170","110550142","2030/12/31 14:59:59","118071","10","101061","0","0","0","2015/12/17 15:00:00","90","0","bgm_M170","11055014","11055","101062","0","-50","2","bgm_M170","bgm_M170","0","托塔提斯沙岸‧東部 55-14","9055155"
"101560105","100110","110560011","0","0","10","0","0","0","101560101","215","10","bgm_M169","0","101560107","110560011","127313","211001000","0","110560013","101053","101052","0","82","bgm_M169","-555","0","117493","0","bgm_M169","110560012","2030/12/31 14:59:59","118071","10","101051","0","0","0","2022/07/15 16:00:00","90","0","bgm_M169","11056001","11056","101052","101560109","-50","2","bgm_M169","bgm_M169","0","歐呂克斯沙島‧北部 56-1","0"
"101560205","100100","110560021","0","0","10","0","0","0","101560207","215","10","bgm_M169","0","101560206","110560021","127283","211001000","0","110560023","100203","100202","0","51","bgm_M169","-224","0","117343","0","bgm_M169","110560022","2030/12/31 14:59:59","118101","10","100201","0","0","0","2022/07/15 16:00:00","90","0","bgm_M169","11056002","11056","100202","101560210","-50","2","bgm_M169","bgm_M169","0","歐呂克斯沙島‧北部 56-2","0"
"101560308","100150","110560031","0","0","10","0","0","0","101560301","215","10","bgm_M169","0","101560307","110560031","127373","211001000","0","110560033","101113","101112","0","-38","bgm_M169","-394","0","117463","0","bgm_M169","110560032","2030/12/31 14:59:59","118251","10","101111","0","0","0","2022/07/15 16:00:00","90","0","bgm_M169","11056003","11056","101112","101560310","-50","2","bgm_M169","bgm_M169","0","歐呂克斯沙島‧北部 56-3","0"
"101560402","100150","110560041","0","0","10","0","0","0","101560403","215","10","bgm_M169","0","101560409","110560041","117463","211001000","0","110560043","101113","101112","0","-195","bgm_M169","-438","0","118011","0","bgm_M169","110560042","2030/12/31 14:59:59","118551","10","101111","0","0","0","2022/07/15 16:00:00","90","0","bgm_M169","11056004","11056","101112","101560410","-50","2","bgm_M169","bgm_M169","0","歐呂克斯沙島‧北部 56-4","0"
"101560505","100110","110560051","0","0","10","0","0","0","101560504","215","10","bgm_M169","0","101560507","110560051","117343","211001000","0","110560053","101053","101052","0","-118","bgm_M169","-247","0","128161","0","bgm_M169","110560052","2030/12/31 14:59:59","118581","10","101051","0","0","0","2022/07/15 16:00:00","90","0","bgm_M169","11056005","11056","101052","101560510","-50","2","bgm_M169","bgm_M169","0","歐呂克斯沙島‧北部 56-5","0"
"101560607","100150","110560061","0","0","10","0","0","0","101560609","215","10","bgm_M169","0","101560606","110560061","127373","211001000","0","110560063","101113","101112","0","-183","bgm_M169","-55","0","118221","0","bgm_M169","110560062","2030/12/31 14:59:59","118611","10","101111","0","0","0","2022/07/15 16:00:00","90","0","bgm_M169","11056006","11056","101112","101560603","-50","2","bgm_M169","bgm_M169","0","歐呂克斯沙島‧北部 56-6","0"
"101560707","100110","110560071","0","0","10","0","0","0","101560705","215","10","bgm_M169","0","101560702","110560071","117343","211001000","0","110560073","101053","101052","0","-37","bgm_M169","-101","0","128131","0","bgm_M169","110560072","2030/12/31 14:59:59","118551","10","101051","0","0","101560709","2022/07/15 16:00:00","90","0","bgm_M169","11056007","11056","101052","101560703","-50","2","bgm_M169","bgm_M169","0","歐呂克斯沙島‧北部 56-7","0"
"101560809","100150","110560081","0","0","10","0","0","0","101560806","215","10","bgm_M169","0","101560808","110560081","117493","211001000","0","110560083","101113","101112","0","45","bgm_M169","41","0","118071","0","bgm_M169","110560082","2030/12/31 14:59:59","118581","10","101111","0","0","101560810","2022/07/15 16:00:00","90","0","bgm_M169","11056008","11056","101112","101560805","-50","2","bgm_M169","bgm_M169","0","歐呂克斯沙島‧北部 56-8","0"
"101560909","100110","110560091","0","0","10","0","0","0","101560904","215","10","bgm_M169","0","101560902","110560091","117463","211001000","0","110560093","101053","101052","0","24","bgm_M169","230","0","118221","0","bgm_M169","110560092","2030/12/31 14:59:59","118611","10","101051","0","0","101560907","2022/07/15 16:00:00","90","0","bgm_M169","11056009","11056","101052","101560905","-50","2","bgm_M169","bgm_M169","0","歐呂克斯沙島‧北部 56-9","0"
"101561008","100110","110560101","0","0","10","0","0","0","101561002","215","10","bgm_M169","0","101561007","110560101","127283","211001000","0","110560103","101053","101052","25011","-111","bgm_M169","86","0","128041","0","bgm_M169","110560102","2030/12/31 14:59:59","118551","10","101051","0","0","101561010","2022/07/15 16:00:00","90","0","bgm_M169","11056010","11056","101052","101561009","-50","2","bgm_M169","bgm_M169","0","歐呂克斯沙島‧北部 56-10","0"
"101561108","100100","110560111","0","0","10","0","0","0","101561105","215","10","bgm_M169","0","101561106","110560111","127313","211001000","0","110560113","100203","100202","25012","-115","bgm_M169","280","0","118191","0","bgm_M169","110560112","2030/12/31 14:59:59","118581","10","100201","0","0","101561110","2022/07/15 16:00:00","90","0","bgm_M169","11056011","11056","100202","101561103","-50","2","bgm_M169","bgm_M169","0","歐呂克斯沙島‧北部 56-11","0"
"101561207","100110","110560121","0","0","10","0","0","0","101561201","215","10","bgm_M169","0","101561206","110560121","118251","211001000","0","110560123","102183","102182","25013","-15","bgm_M169","399","0","118581","0","bgm_M169","110560122","2030/12/31 14:59:59","118611","10","102181","0","0","101561204","2022/07/15 16:00:00","90","0","bgm_M169","11056012","11056","102182","101561209","-50","2","bgm_M169","bgm_M169","0","歐呂克斯沙島‧北部 56-12","0"
"101561308","100100","110560131","0","0","10","0","0","0","101561301","215","10","bgm_M169","0","101561309","110560131","118101","211001000","0","110560133","100203","100202","25014","-6","bgm_M169","569","0","118551","0","bgm_M169","110560132","2030/12/31 14:59:59","118581","10","100201","0","0","101561303","2022/07/15 16:00:00","90","0","bgm_M169","11056013","11056","100202","101561310","-50","2","bgm_M169","bgm_M169","0","歐呂克斯沙島‧北部 56-13","0"
"0","100100","110560141","9056156","0","10","0","0","0","101561410","215","10","bgm_M170","0","0","110560141","118011","211001000","0","110560143","102193","102192","25015","-85","bgm_M170","714","0","118611","0","bgm_M170","110560142","2030/12/31 14:59:59","118551","10","102191","0","0","0","2022/07/15 16:00:00","90","0","bgm_M170","11056014","11056","102192","0","-50","2","bgm_M170","bgm_M170","0","歐呂克斯沙島‧北部 56-14","9056155"
"101570105","100110","110570011","0","0","10","0","0","0","101570108","215","10","bgm_M169","0","101570104","110570011","118101","211001000","0","110570013","100203","100202","0","-195","bgm_M169","-573","0","118011","0","bgm_M169","110570012","2030/12/31 14:59:59","118551","10","100201","0","0","0","2022/08/15 16:00:00","90","0","bgm_M169","11057001","11057","100202","101570103","-50","2","bgm_M169","bgm_M169","0","歐呂克斯沙島‧南部 57-1","0"
"101570202","100100","110570021","0","0","10","0","0","0","101570204","215","10","bgm_M169","0","101570205","110570021","118071","211001000","0","110570023","102183","102182","0","-140","bgm_M169","-419","0","118191","0","bgm_M169","110570022","2030/12/31 14:59:59","118581","10","102181","0","0","0","2022/08/15 16:00:00","90","0","bgm_M169","11057002","11057","102182","101570207","-50","2","bgm_M169","bgm_M169","0","歐呂克斯沙島‧南部 57-2","0"
"101570310","100150","110570031","0","0","10","0","0","0","101570301","215","10","bgm_M169","0","101570306","110570031","118221","211001000","0","110570033","101113","101112","0","-188","bgm_M169","-273","0","118251","0","bgm_M169","110570032","2030/12/31 14:59:59","118611","10","101111","0","0","0","2022/08/15 16:00:00","90","0","bgm_M169","11057003","11057","101112","101570305","-50","2","bgm_M169","bgm_M169","0","歐呂克斯沙島‧南部 57-3","0"
"101570407","100150","110570041","0","0","10","0","0","0","101570402","215","10","bgm_M169","0","101570409","110570041","118251","211001000","0","110570043","101113","101112","0","-128","bgm_M169","-125","0","118581","0","bgm_M169","110570042","2030/12/31 14:59:59","118371","10","101111","0","0","0","2022/08/15 16:00:00","90","0","bgm_M169","11057004","11057","101112","101570410","-50","2","bgm_M169","bgm_M169","0","歐呂克斯沙島‧南部 57-4","0"
"101570505","100110","110570051","0","0","10","0","0","0","101570501","215","10","bgm_M169","0","101570508","110570051","118011","211001000","0","110570053","100203","100202","0","24","bgm_M169","-151","0","118551","0","bgm_M169","110570052","2030/12/31 14:59:59","118431","10","100201","0","0","0","2022/08/15 16:00:00","90","0","bgm_M169","11057005","11057","100202","101570510","-50","2","bgm_M169","bgm_M169","0","歐呂克斯沙島‧南部 57-5","0"
"101570602","100150","110570061","0","0","10","0","0","0","101570605","215","10","bgm_M169","0","101570609","110570061","118221","211001000","0","110570063","101113","101112","0","66","bgm_M169","13","0","118611","0","bgm_M169","110570062","2030/12/31 14:59:59","118521","10","101111","0","0","0","2022/08/15 16:00:00","90","0","bgm_M169","11057006","11057","101112","101570610","-50","2","bgm_M169","bgm_M169","0","歐呂克斯沙島‧南部 57-6","0"
"101570702","100110","110570071","0","0","10","0","0","0","101570701","215","10","bgm_M169","0","101570705","110570071","128161","211001000","0","110570073","100203","100202","0","45","bgm_M169","192","0","118581","0","bgm_M169","110570072","2030/12/31 14:59:59","128281","10","100201","0","0","101570706","2022/08/15 16:00:00","90","0","bgm_M169","11057007","11057","100202","101570703","-50","2","bgm_M169","bgm_M169","0","歐呂克斯沙島‧南部 57-7","0"
"101570808","100150","110570081","0","0","10","0","0","0","101570802","215","10","bgm_M169","0","101570803","110570081","128131","211001000","0","110570083","101113","101112","0","-105","bgm_M169","23","0","118551","0","bgm_M169","110570082","2030/12/31 14:59:59","128401","10","101111","0","0","101570809","2022/08/15 16:00:00","90","0","bgm_M169","11057008","11057","101112","101570807","-50","2","bgm_M169","bgm_M169","0","歐呂克斯沙島‧南部 57-8","0"
"101570906","100150","110570091","0","0","10","0","0","0","101570901","215","10","bgm_M169","0","101570904","110570091","118011","211001000","0","110570093","101113","101112","0","-116","bgm_M169","176","0","118581","0","bgm_M169","110570092","2030/12/31 14:59:59","128311","10","101111","0","0","101570910","2022/08/15 16:00:00","90","0","bgm_M169","11057009","11057","101112","101570907","-50","2","bgm_M169","bgm_M169","0","歐呂克斯沙島‧南部 57-9","0"
"101571006","100110","110570101","0","0","10","0","0","0","101571004","215","10","bgm_M169","0","101571007","110570101","118101","211001000","0","110570103","101053","101052","25011","-119","bgm_M169","335","0","118551","0","bgm_M169","110570102","2030/12/31 14:59:59","118431","10","101051","0","0","101571010","2022/08/15 16:00:00","90","0","bgm_M169","11057010","11057","101052","101571002","-50","2","bgm_M169","bgm_M169","0","歐呂克斯沙島‧南部 57-10","0"
"101571102","100110","110570111","0","0","10","0","0","0","101571108","215","10","bgm_M169","0","101571110","110570111","118221","211001000","0","110570113","101053","101052","25012","41","bgm_M169","361","0","118611","0","bgm_M169","110570112","2030/12/31 14:59:59","118371","10","101051","0","0","101571109","2022/08/15 16:00:00","90","0","bgm_M169","11057011","11057","101052","101571107","-50","2","bgm_M169","bgm_M169","0","歐呂克斯沙島‧南部 57-11","0"
"101571204","100100","110570121","0","0","10","0","0","0","101571201","215","10","bgm_M169","0","101571202","110570121","118551","211001000","0","110570123","102183","102182","25013","33","bgm_M169","563","0","128281","0","bgm_M169","110570122","2030/12/31 14:59:59","118431","10","102181","0","0","101571209","2022/08/15 16:00:00","90","0","bgm_M169","11057012","11057","102182","101571208","-50","2","bgm_M169","bgm_M169","0","歐呂克斯沙島‧南部 57-12","0"
"101571301","100110","110570131","0","0","10","0","0","0","101571302","215","10","bgm_M169","0","101571308","110570131","118581","211001000","0","110570133","101053","101052","25014","-111","bgm_M169","486","0","128401","0","bgm_M169","110570132","2030/12/31 14:59:59","128311","10","101051","0","0","101571310","2022/08/15 16:00:00","90","0","bgm_M169","11057013","11057","101052","101571309","-50","2","bgm_M169","bgm_M169","0","歐呂克斯沙島‧南部 57-13","0"
"101571409","100100","110570141","9057156","0","10","0","0","0","101571410","215","10","bgm_M170","0","101571408","110570141","118611","211001000","0","110570143","102193","102192","25015","-50","bgm_M170","692","0","118521","0","bgm_M170","110570142","2030/12/31 14:59:59","118371","10","102191","0","0","0","2022/08/15 16:00:00","90","0","bgm_M170","11057014","11057","102192","0","-50","2","bgm_M170","bgm_M170","0","歐呂克斯沙島‧南部 57-14","9057155"
"101580103","100020","110580011","0","0","10","0","0","0","101580101","215","10","bgm_M169","0","101580107","110580011","118551","211001000","0","110580013","100019","100018","0","-123","bgm_M169","-716","0","118431","0","bgm_M169","110580012","2030/12/31 14:59:59","128042","10","100017","0","0","0","2022/09/15 16:00:00","90","0","bgm_M169","11058001","11058","100018","101580108","-50","2","bgm_M169","bgm_M169","0","克魯斯密林‧東部 58-1","0"
"101580210","100020","110580021","0","0","10","0","0","0","101580201","215","10","bgm_M169","0","101580208","110580021","118581","211001000","0","110580023","100019","100018","0","-173","bgm_M169","-552","0","128401","0","bgm_M169","110580022","2030/12/31 14:59:59","118192","10","100017","0","0","0","2022/09/15 16:00:00","90","0","bgm_M169","11058002","11058","100018","101580209","-50","2","bgm_M169","bgm_M169","0","克魯斯密林‧東部 58-2","0"
"101580303","100450","110580031","0","0","10","0","0","0","101580301","215","10","bgm_M169","0","101580302","110580031","118371","211001000","0","110580033","101623","101622","0","-113","bgm_M169","-408","0","128281","0","bgm_M169","110580032","2030/12/31 14:59:59","128132","10","101621","0","0","0","2022/09/15 16:00:00","90","0","bgm_M169","11058003","11058","101622","101580309","-50","2","bgm_M169","bgm_M169","0","克魯斯密林‧東部 58-3","0"
"101580403","100020","110580041","0","0","10","0","0","0","101580402","215","10","bgm_M169","0","101580405","110580041","128311","211001000","0","110580043","100019","100018","0","-180","bgm_M169","-257","0","118431","0","bgm_M169","110580042","2030/12/31 14:59:59","118012","10","100017","0","0","0","2022/09/15 16:00:00","90","0","bgm_M169","11058004","11058","100018","101580410","-50","2","bgm_M169","bgm_M169","0","克魯斯密林‧東部 58-4","0"
"101580506","100450","110580051","0","0","10","0","0","0","101580501","215","10","bgm_M169","0","101580503","110580051","128401","211001000","0","110580053","101623","101622","0","32","bgm_M169","-168","0","128162","0","bgm_M169","110580052","2030/12/31 14:59:59","118072","10","101621","0","0","0","2022/09/15 16:00:00","90","0","bgm_M169","11058005","11058","101622","101580510","-50","2","bgm_M169","bgm_M169","0","克魯斯密林‧東部 58-5","0"
"101580606","100020","110580061","0","0","10","0","0","0","101580603","215","10","bgm_M169","0","101580610","110580061","118431","211001000","0","110580063","100019","100018","0","-172","bgm_M169","-97","0","118102","0","bgm_M169","110580062","2030/12/31 14:59:59","118012","10","100017","0","0","0","2022/09/15 16:00:00","90","0","bgm_M169","11058006","11058","100018","101580609","-50","2","bgm_M169","bgm_M169","0","克魯斯密林‧東部 58-6","0"
"101580703","100020","110580071","0","0","10","0","0","0","101580701","215","10","bgm_M169","0","101580702","110580071","118521","211001000","0","110580073","100023","100022","0","-115","bgm_M169","47","0","118222","0","bgm_M169","110580072","2030/12/31 14:59:59","118252","10","100021","0","0","101580709","2022/09/15 16:00:00","90","0","bgm_M169","11058007","11058","100022","101580705","-50","2","bgm_M169","bgm_M169","0","克魯斯密林‧東部 58-7","0"
"101580807","100450","110580081","0","0","10","0","0","0","101580802","215","10","bgm_M169","0","101580806","110580081","118431","211001000","0","110580083","101623","101622","0","53","bgm_M169","62","0","128042","0","bgm_M169","110580082","2030/12/31 14:59:59","118552","10","101621","0","0","101580805","2022/10/14 16:00:00","90","0","bgm_M169","11058008","11058","101622","101580810","-50","2","bgm_M169","bgm_M169","0","克魯斯密林‧東部 58-8","0"
"101580903","100040","110580091","0","0","10","0","0","0","101580905","215","10","bgm_M169","0","101580902","110580091","118371","211001000","0","110580093","100039","100038","0","32","bgm_M169","295","0","118192","0","bgm_M169","110580092","2030/12/31 14:59:59","118612","10","100037","0","0","101580910","2022/10/14 16:00:00","90","0","bgm_M169","11058009","11058","100038","101580907","-50","2","bgm_M169","bgm_M169","0","克魯斯密林‧東部 58-9","0"
"101581005","100020","110580101","0","0","10","0","0","0","101581001","215","10","bgm_M169","0","101581008","110580101","128162","211001000","0","110580103","100023","100022","25011","-123","bgm_M169","198","0","118072","0","bgm_M169","110580102","2030/12/31 14:59:59","118582","10","100021","0","0","101581010","2022/10/14 16:00:00","90","0","bgm_M169","11058010","11058","100022","101581007","-50","2","bgm_M169","bgm_M169","0","克魯斯密林‧東部 58-10","0"
"101581107","100020","110580111","0","0","10","0","0","0","101581101","215","10","bgm_M169","0","101581105","110580111","118222","211001000","0","110580113","100023","100022","25012","-115","bgm_M169","362","0","118252","0","bgm_M169","110580112","2030/12/31 14:59:59","118612","10","100021","0","0","101581109","2022/10/14 16:00:00","90","0","bgm_M169","11058011","11058","100022","101581103","-50","2","bgm_M169","bgm_M169","0","克魯斯密林‧東部 58-11","0"
"101581208","100040","110580121","0","0","10","0","0","0","101581201","215","10","bgm_M169","0","101581203","110580121","128132","211001000","0","110580123","100039","100038","25013","39","bgm_M169","463","0","118102","0","bgm_M169","110580122","2030/12/31 14:59:59","118552","10","100037","0","0","101581209","2022/10/14 16:00:00","90","0","bgm_M169","11058012","11058","100038","101581206","-50","2","bgm_M169","bgm_M169","0","克魯斯密林‧東部 58-12","0"
"101581305","100020","110580131","0","0","10","0","0","0","101581306","215","10","bgm_M169","0","101581302","110580131","118252","211001000","0","110580133","100023","100022","25014","-124","bgm_M169","510","0","118552","0","bgm_M169","110580132","2030/12/31 14:59:59","118612","10","100021","0","0","101581309","2022/10/14 16:00:00","90","0","bgm_M169","11058013","11058","100022","101581310","-50","2","bgm_M169","bgm_M169","0","克魯斯密林‧東部 58-13","0"
"0","100020","110580141","9058156","0","10","0","0","0","101581410","215","10","bgm_M170","0","0","110580141","118012","211001000","0","110580143","102103","102102","25015","-4","bgm_M170","633","0","118582","0","bgm_M170","110580142","2030/12/31 14:59:59","118552","10","102101","0","0","0","2022/10/14 16:00:00","90","0","bgm_M170","11058014","11058","102102","0","-50","2","bgm_M170","bgm_M170","0","克魯斯密林‧東部 58-14","9058155"
"101590106","100050","110590011","0","0","10","0","0","0","101590104","215","10","bgm_M169","0","101590102","110590011","118192","211001000","0","110590013","101413","101412","0","6","bgm_M169","-763","0","118552","0","bgm_M169","110590012","2030/12/31 14:59:59","118492","10","101411","0","0","0","2022/11/15 16:00:00","90","0","bgm_M169","11059001","11059","101412","101590109","-50","2","bgm_M169","bgm_M169","0","克魯斯密林‧西部 59-1","0"
"101590204","100050","110590021","0","0","10","0","0","0","101590202","215","10","bgm_M169","0","101590208","110590021","118222","211001000","0","110590023","101413","101412","0","-90","bgm_M169","-635","0","118612","0","bgm_M169","110590022","2030/12/31 14:59:59","118462","10","101411","0","0","0","2022/11/15 16:00:00","90","0","bgm_M169","11059002","11059","101412","101590210","-50","2","bgm_M169","bgm_M169","0","克魯斯密林‧西部 59-2","0"
"101590305","100020","110590031","0","0","10","0","0","0","101590302","215","10","bgm_M169","0","101590308","110590031","118552","211001000","0","110590033","100023","100022","0","21","bgm_M169","-523","0","118582","0","bgm_M169","110590032","2030/12/31 14:59:59","118342","10","100021","0","0","0","2022/11/15 16:00:00","90","0","bgm_M169","11059003","11059","100022","101590309","-50","2","bgm_M169","bgm_M169","0","克魯斯密林‧西部 59-3","0"
"101590403","100050","110590041","0","0","10","0","0","0","101590401","215","10","bgm_M169","0","101590407","110590041","118582","211001000","0","110590043","101413","101412","0","-147","bgm_M169","-482","0","118552","0","bgm_M169","110590042","2030/12/31 14:59:59","118492","10","101411","0","0","0","2022/11/15 16:00:00","90","0","bgm_M169","11059004","11059","101412","101590408","-50","2","bgm_M169","bgm_M169","0","克魯斯密林‧西部 59-4","0"
"101590506","100020","110590051","0","0","10","0","0","0","101590507","215","10","bgm_M169","0","101590504","110590051","118552","211001000","0","110590053","100023","100022","0","-5","bgm_M169","-369","0","118582","0","bgm_M169","110590052","2030/12/31 14:59:59","128312","10","100021","0","0","0","2022/11/15 16:00:00","90","0","bgm_M169","11059005","11059","100022","101590509","-50","2","bgm_M169","bgm_M169","0","克魯斯密林‧西部 59-5","0"
"101590604","100500","110590061","0","0","10","0","0","0","101590602","215","10","bgm_M169","0","101590607","110590061","118612","211001000","0","110590063","101823","101822","0","-138","bgm_M169","-252","0","118462","0","bgm_M169","110590062","2030/12/31 14:59:59","128372","10","101821","0","0","0","2022/11/15 16:00:00","90","0","bgm_M169","11059006","11059","101822","101590608","-50","2","bgm_M169","bgm_M169","0","克魯斯密林‧西部 59-6","0"
"101590701","100020","110590071","0","0","10","0","0","0","101590703","215","10","bgm_M169","0","101590707","110590071","118552","211001000","0","110590073","100023","100022","0","36","bgm_M169","-190","0","118342","0","bgm_M169","110590072","2030/12/31 14:59:59","128282","10","100021","0","0","101590710","2022/11/15 16:00:00","90","0","bgm_M169","11059007","11059","100022","101590706","-50","2","bgm_M169","bgm_M169","0","克魯斯密林‧西部 59-7","0"
"101590804","100040","110590081","0","0","10","0","0","0","101590802","215","10","bgm_M169","0","101590803","110590081","118552","211001000","0","110590083","100039","100038","0","57","bgm_M169","33","0","118342","0","bgm_M169","110590082","2030/12/31 14:59:59","128043","10","100037","0","0","101590810","2022/11/15 16:00:00","90","0","bgm_M169","11059008","11059","100038","101590807","-50","2","bgm_M169","bgm_M169","0","克魯斯密林‧西部 59-8","0"
"101590906","100020","110590091","0","0","10","0","0","0","101590910","215","10","bgm_M169","0","101590902","110590091","118582","211001000","0","110590093","100023","100022","0","-119","bgm_M169","-77","0","128282","0","bgm_M169","110590092","2030/12/31 14:59:59","118163","10","100021","0","0","101590909","2022/11/15 16:00:00","90","0","bgm_M169","11059009","11059","100022","101590905","-50","2","bgm_M169","bgm_M169","0","克魯斯密林‧西部 59-9","0"
"101591004","100020","110590101","0","0","10","0","0","0","101591009","215","10","bgm_M169","0","101591003","110590101","128372","211001000","0","110590103","100023","100022","25011","-109","bgm_M169","127","0","118492","0","bgm_M169","110590102","2030/12/31 14:59:59","128073","10","100021","0","0","101591010","2022/11/15 16:00:00","90","0","bgm_M169","11059010","11059","100022","101591006","-50","2","bgm_M169","bgm_M169","0","克魯斯密林‧西部 59-10","0"
"101591105","100040","110590111","0","0","10","0","0","0","101591101","215","10","bgm_M169","0","101591107","110590111","128282","211001000","0","110590113","100039","100038","25012","59","bgm_M169","222","0","128312","0","bgm_M169","110590112","2030/12/31 14:59:59","118013","10","100037","0","0","101591104","2022/11/15 16:00:00","90","0","bgm_M169","11059011","11059","100038","101591106","-50","2","bgm_M169","bgm_M169","0","克魯斯密林‧西部 59-11","0"
"101591207","100040","110590121","0","0","10","0","0","0","101591201","215","10","bgm_M169","0","101591204","110590121","118342","211001000","0","110590123","100039","100038","25013","40","bgm_M169","404","0","128133","0","bgm_M169","110590122","2030/12/31 14:59:59","118193","10","100037","0","0","101591209","2022/11/15 16:00:00","90","0","bgm_M169","11059012","11059","100038","101591202","-50","2","bgm_M169","bgm_M169","0","克魯斯密林‧西部 59-12","0"
"101591306","100020","110590131","0","0","10","0","0","0","101591302","215","10","bgm_M169","0","101591304","110590131","128312","211001000","0","110590133","100023","100022","25014","-107","bgm_M169","312","0","118013","0","bgm_M169","110590132","2030/12/31 14:59:59","118103","10","100021","0","0","101591310","2022/11/15 16:00:00","90","0","bgm_M169","11059013","11059","100022","101591303","-50","2","bgm_M169","bgm_M169","0","克魯斯密林‧西部 59-13","0"
"101591409","100020","110590141","9059156","0","10","0","0","0","101591410","215","10","bgm_M170","0","101591408","110590141","118462","211001000","0","110590143","102103","102102","25015","-58","bgm_M170","530","0","118223","0","bgm_M170","110590142","2030/12/31 14:59:59","118253","10","102101","0","0","0","2022/11/15 16:00:00","90","0","bgm_M170","11059014","11059","102102","0","-50","2","bgm_M170","bgm_M170","0","克魯斯密林‧西部 59-14","9059155"
"101600106","100050","110600011","0","0","10","0","0","0","101600102","215","10","bgm_M169","0","101600107","110600011","118342","211001000","0","110600013","101413","101412","0","-173","bgm_M169","-686","0","128043","0","bgm_M169","110600012","2030/12/31 14:59:59","118553","10","101411","0","0","0","2023/01/16 16:00:00","90","0","bgm_M169","11060001","11060","101412","101600109","-50","2","bgm_M169","bgm_M169","0","考達海灘‧北部 60-1","0"
"101600205","100050","110600021","0","0","10","0","0","0","101600201","215","10","bgm_M169","0","101600207","110600021","118462","211001000","0","110600023","101413","101412","0","-153","bgm_M169","-528","0","118223","0","bgm_M169","110600022","2030/12/31 14:59:59","118613","10","101411","0","0","0","2023/01/16 16:00:00","90","0","bgm_M169","11060002","11060","101412","101600210","-50","2","bgm_M169","bgm_M169","0","考達海灘‧北部 60-2","0"
"101600307","100450","110600031","0","0","10","0","0","0","101600302","215","10","bgm_M169","0","101600306","110600031","118013","211001000","0","110600033","101623","101622","0","57","bgm_M169","-632","0","118103","0","bgm_M169","110600032","2030/12/31 14:59:59","118553","10","101621","0","0","0","2023/01/16 16:00:00","90","0","bgm_M169","11060003","11060","101622","101600309","-50","2","bgm_M169","bgm_M169","0","考達海灘‧北部 60-3","0"
"101600407","100050","110600041","0","0","10","0","0","0","101600401","215","10","bgm_M169","0","101600405","110600041","128073","211001000","0","110600043","101413","101412","0","45","bgm_M169","-369","0","118163","0","bgm_M169","110600042","2030/12/31 14:59:59","118583","10","101411","0","0","0","2023/01/16 16:00:00","90","0","bgm_M169","11060004","11060","101412","101600410","-50","2","bgm_M169","bgm_M169","0","考達海灘‧北部 60-4","0"
"101600507","100050","110600051","0","0","10","0","0","0","101600501","215","10","bgm_M169","0","101600505","110600051","128133","211001000","0","110600053","101413","101412","0","-159","bgm_M169","-369","0","118193","0","bgm_M169","110600052","2030/12/31 14:59:59","118553","10","101411","0","0","0","2023/01/16 16:00:00","90","0","bgm_M169","11060005","11060","101412","101600509","-50","2","bgm_M169","bgm_M169","0","考達海灘‧北部 60-5","0"
"101600607","100110","110600061","0","0","10","0","0","0","101600602","215","10","bgm_M169","0","101600605","110600061","118253","211001000","0","110600063","100203","100202","0","-171","bgm_M169","-195","0","118583","0","bgm_M169","110600062","2030/12/31 14:59:59","118613","10","100201","0","0","0","2023/01/16 16:00:00","90","0","bgm_M169","11060006","11060","100202","101600609","-50","2","bgm_M169","bgm_M169","0","考達海灘‧北部 60-6","0"
"101600706","100110","110600071","0","0","10","0","0","0","101600701","215","10","bgm_M169","0","101600703","110600071","118013","211001000","0","110600073","100203","100202","0","-159","bgm_M169","-30","0","118583","0","bgm_M169","110600072","2030/12/31 14:59:59","118553","10","100201","0","0","101600710","2023/01/16 16:00:00","90","0","bgm_M169","11060007","11060","100202","101600708","-50","2","bgm_M169","bgm_M169","0","考達海灘‧北部 60-7","0"
"101600809","100080","110600081","0","0","10","0","0","0","101600807","215","10","bgm_M169","0","101600804","110600081","118253","211001000","0","110600083","100233","100232","0","-92","bgm_M169","136","0","118583","0","bgm_M169","110600082","2030/12/31 14:59:59","128373","10","100231","0","0","101600806","2023/01/16 16:00:00","90","0","bgm_M169","11060008","11060","100232","101600805","-50","2","bgm_M169","bgm_M169","0","考達海灘‧北部 60-8","0"
"101600910","100080","110600091","0","0","10","0","0","0","101600909","215","10","bgm_M169","0","101600906","110600091","118223","211001000","0","110600093","100233","100232","0","127","bgm_M169","120","0","118613","0","bgm_M169","110600092","2030/12/31 14:59:59","118523","10","100231","0","0","101600908","2023/01/16 16:00:00","90","0","bgm_M169","11060009","11060","100232","101600902","-50","2","bgm_M169","bgm_M169","0","考達海灘‧北部 60-9","0"
"101601002","100020","110600101","0","0","10","0","0","0","101601001","215","10","bgm_M169","0","101601008","110600101","118583","211001000","0","110600103","100023","100022","25011","110","bgm_M169","341","0","118553","0","bgm_M169","110600102","2030/12/31 14:59:59","128313","10","100021","0","0","101601009","2023/01/16 16:00:00","90","0","bgm_M169","11060010","11060","100022","101601006","-50","2","bgm_M169","bgm_M169","0","考達海灘‧北部 60-10","0"
"101601106","100080","110600111","0","0","10","0","0","0","101601107","215","10","bgm_M169","0","101601109","110600111","118583","211001000","0","110600113","100233","100232","25012","109","bgm_M169","556","0","118613","0","bgm_M169","110600112","2030/12/31 14:59:59","118523","10","100231","0","0","101601102","2023/01/16 16:00:00","90","0","bgm_M169","11060011","11060","100232","101601103","-50","2","bgm_M169","bgm_M169","0","考達海灘‧北部 60-11","0"
"101601207","100080","110600121","0","0","10","0","0","0","101601203","215","10","bgm_M169","0","101601209","110600121","118613","211001000","0","110600123","100233","100232","25013","-97","bgm_M169","317","0","118553","0","bgm_M169","110600122","2030/12/31 14:59:59","128283","10","100231","0","0","101601204","2023/01/16 16:00:00","90","0","bgm_M169","11060012","11060","100232","101601208","-50","2","bgm_M169","bgm_M169","0","考達海灘‧北部 60-12","0"
"101601304","100020","110600131","0","0","10","0","0","0","101601308","215","10","bgm_M169","0","101601309","110600131","118583","211001000","0","110600133","100023","100022","25014","-51","bgm_M169","573","0","128373","0","bgm_M169","110600132","2030/12/31 14:59:59","118343","10","100021","0","0","101601305","2023/01/16 16:00:00","90","0","bgm_M169","11060013","11060","100022","101601307","-50","2","bgm_M169","bgm_M169","0","考達海灘‧北部 60-13","0"
"0","100020","110600141","9060156","0","10","0","0","0","101601410","215","10","bgm_M170","0","0","110600141","118553","211001000","0","110600143","102103","102102","25015","-15","bgm_M170","742","0","118343","0","bgm_M170","110600142","2030/12/31 14:59:59","118403","10","102101","0","0","0","2023/01/16 16:00:00","90","0","bgm_M170","11060014","11060","102102","0","-50","2","bgm_M170","bgm_M170","0","考達海灘‧北部 60-14","9060155"
"101610107","100450","110610011","0","0","10","0","0","0","101610101","215","10","bgm_M169","0","101610102","110610011","118553","211001000","0","110610013","101623","101622","0","-200","bgm_M169","-717","0","128313","0","bgm_M169","110610012","2030/12/31 14:59:59","118014","10","101621","0","0","0","2015/12/17 15:00:00","90","0","bgm_M169","11061001","11061","101622","101610108","-50","2","bgm_M169","bgm_M169","0","考達海灘‧南部 61-1","0"
"101610204","100450","110610021","0","0","10","0","0","0","101610201","215","10","bgm_M169","0","101610202","110610021","118613","211001000","0","110610023","101623","101622","0","80","bgm_M169","-565","0","118403","0","bgm_M169","110610022","2030/12/31 14:59:59","128044","10","101621","0","0","0","2015/12/17 15:00:00","90","0","bgm_M169","11061002","11061","101622","101610208","-50","2","bgm_M169","bgm_M169","0","考達海灘‧南部 61-2","0"
"101610306","100050","110610031","0","0","10","0","0","0","101610301","215","10","bgm_M169","0","101610303","110610031","118403","211001000","0","110610033","101413","101412","0","-130","bgm_M169","-437","0","128283","0","bgm_M169","110610032","2030/12/31 14:59:59","128194","10","101411","0","0","0","2015/12/17 15:00:00","90","0","bgm_M169","11061003","11061","101412","101610309","-50","2","bgm_M169","bgm_M169","0","考達海灘‧南部 61-3","0"
"101610401","100050","110610041","0","0","10","0","0","0","101610405","215","10","bgm_M169","0","101610403","110610041","128373","211001000","0","110610043","101413","101412","0","-102","bgm_M169","-248","0","118343","0","bgm_M169","110610042","2030/12/31 14:59:59","128134","10","101411","0","0","0","2015/12/17 15:00:00","90","0","bgm_M169","11061004","11061","101412","101610407","-50","2","bgm_M169","bgm_M169","0","考達海灘‧南部 61-4","0"
"101610506","100110","110610051","0","0","10","0","0","0","101610502","215","10","bgm_M169","0","101610508","110610051","118343","211001000","0","110610053","100203","100202","0","-157","bgm_M169","-31","0","118254","0","bgm_M169","110610052","2030/12/31 14:59:59","118224","10","100201","0","0","0","2015/12/17 15:00:00","90","0","bgm_M169","11061005","11061","100202","101610510","-50","2","bgm_M169","bgm_M169","0","考達海灘‧南部 61-5","0"
"101610603","100050","110610061","0","0","10","0","0","0","101610601","215","10","bgm_M169","0","101610604","110610061","128283","211001000","0","110610063","101413","101412","0","44","bgm_M169","-135","0","118014","0","bgm_M169","110610062","2030/12/31 14:59:59","118104","10","101411","0","0","0","2015/12/17 15:00:00","90","0","bgm_M169","11061006","11061","101412","101610606","-50","2","bgm_M169","bgm_M169","0","考達海灘‧南部 61-6","0"
"101610705","100110","110610071","0","0","10","0","0","0","101610701","215","10","bgm_M169","0","101610704","110610071","118523","211001000","0","110610073","100203","100202","0","-46","bgm_M169","80","0","118074","0","bgm_M169","110610072","2030/12/31 14:59:59","118164","10","100201","0","0","101610710","2015/12/17 15:00:00","90","0","bgm_M169","11061007","11061","100202","101610707","-50","2","bgm_M169","bgm_M169","0","考達海灘‧南部 61-7","0"
"101610803","100050","110610081","0","0","10","0","0","0","101610810","215","10","bgm_M169","0","101610809","110610081","118343","211001000","0","110610083","101413","101412","0","113","bgm_M169","129","0","118104","0","bgm_M169","110610082","2030/12/31 14:59:59","118554","10","101411","0","0","101610805","2015/12/17 15:00:00","90","0","bgm_M169","11061008","11061","101412","101610806","-50","2","bgm_M169","bgm_M169","0","考達海灘‧南部 61-8","0"
"101610904","100110","110610091","0","0","10","0","0","0","101610902","215","10","bgm_M169","0","101610909","110610091","118523","211001000","0","110610093","100203","100202","0","36","bgm_M169","297","0","118224","0","bgm_M169","110610092","2030/12/31 14:59:59","118614","10","100201","0","0","101610910","2015/12/17 15:00:00","90","0","bgm_M169","11061009","11061","100202","101610907","-50","2","bgm_M169","bgm_M169","0","考達海灘‧南部 61-9","0"
"101611006","100110","110610101","0","0","10","0","0","0","101611008","215","10","bgm_M169","0","101611003","110610101","128194","211001000","0","110610103","100203","100202","25011","50","bgm_M169","481","0","128044","0","bgm_M169","110610102","2030/12/31 14:59:59","118554","10","100201","0","0","101611005","2015/12/17 15:00:00","90","0","bgm_M169","11061010","11061","100202","101611009","-50","2","bgm_M169","bgm_M169","0","考達海灘‧南部 61-10","0"
"101611106","100100","110610111","0","0","10","0","0","0","101611110","215","10","bgm_M169","0","101611101","110610111","128134","211001000","0","110610113","102183","102182","25012","-141","bgm_M169","255","0","118164","0","bgm_M169","110610112","2030/12/31 14:59:59","118584","10","102181","0","0","101611105","2015/12/17 15:00:00","90","0","bgm_M169","11061011","11061","102182","101611104","-50","2","bgm_M169","bgm_M169","0","考達海灘‧南部 61-11","0"
"101611206","100100","110610121","0","0","10","0","0","0","101611201","215","10","bgm_M169","0","101611207","110610121","118014","211001000","0","110610123","102183","102182","25013","-136","bgm_M169","482","0","118614","0","bgm_M169","110610122","2030/12/31 14:59:59","118554","10","102181","0","0","101611208","2015/12/17 15:00:00","90","0","bgm_M169","11061012","11061","102182","101611204","-50","2","bgm_M169","bgm_M169","0","考達海灘‧南部 61-12","0"
"101611306","100450","110610131","0","0","10","0","0","0","101611303","215","10","bgm_M169","0","101611307","110610131","118254","211001000","0","110610133","101623","101622","25014","-87","bgm_M169","651","0","118584","0","bgm_M169","110610132","2030/12/31 14:59:59","118614","10","101621","0","0","101611308","2015/12/17 15:00:00","90","0","bgm_M169","11061013","11061","101622","101611304","-50","2","bgm_M169","bgm_M169","0","考達海灘‧南部 61-13","0"
"101611409","100020","110610141","9061156","0","10","0","0","0","101611410","215","10","bgm_M170","0","101611408","110610141","118074","211001000","0","110610143","102103","102102","25015","68","bgm_M170","747","0","118584","0","bgm_M170","110610142","2030/12/31 14:59:59","118554","10","102101","0","0","0","2015/12/17 15:00:00","90","0","bgm_M170","11061014","11061","102102","0","-50","2","bgm_M170","bgm_M170","0","考達海灘‧南部 61-14","9061155"
"101620108","100450","110620011","0","0","10","0","0","0","101620103","215","10","bgm_M169","0","101620101","110620011","118254","211001000","0","110620013","101623","101622","0","44","bgm_M169","-665","0","118584","0","bgm_M169","110620012","2030/12/31 14:59:59","128314","10","101621","0","0","0","2015/12/17 15:00:00","90","0","bgm_M169","11062001","11062","101622","101620109","-50","2","bgm_M169","bgm_M169","0","普洛庇那海角 62-1","0"
"101620204","100050","110620021","0","0","10","0","0","0","101620202","215","10","bgm_M169","0","101620201","110620021","118224","211001000","0","110620023","101413","101412","0","90","bgm_M169","-482","0","118614","0","bgm_M169","110620022","2030/12/31 14:59:59","128374","10","101411","0","0","0","2015/12/17 15:00:00","90","0","bgm_M169","11062002","11062","101412","101620209","-50","2","bgm_M169","bgm_M169","0","普洛庇那海角 62-2","0"
"101620304","100050","110620031","0","0","10","0","0","0","101620301","215","10","bgm_M169","0","101620307","110620031","118584","211001000","0","110620033","101413","101412","0","-10","bgm_M169","-368","0","118554","0","bgm_M169","110620032","2030/12/31 14:59:59","128314","10","101411","0","0","0","2015/12/17 15:00:00","90","0","bgm_M169","11062003","11062","101412","101620310","-50","2","bgm_M169","bgm_M169","0","普洛庇那海角 62-3","0"
"101620405","100110","110620041","0","0","10","0","0","0","101620407","215","10","bgm_M169","0","101620409","110620041","118584","211001000","0","110620043","100203","100202","0","74","bgm_M169","-252","0","118614","0","bgm_M169","110620042","2030/12/31 14:59:59","118524","10","100201","0","0","0","2015/12/17 15:00:00","90","0","bgm_M169","11062004","11062","100202","101620406","-50","2","bgm_M169","bgm_M169","0","普洛庇那海角 62-4","0"
"101620505","100050","110620051","0","0","10","0","0","0","101620510","215","10","bgm_M169","0","101620502","110620051","118584","211001000","0","110620053","101413","101412","0","-57","bgm_M169","-154","0","118554","0","bgm_M169","110620052","2030/12/31 14:59:59","128284","10","101411","0","0","0","2015/12/17 15:00:00","90","0","bgm_M169","11062005","11062","101412","101620506","-50","2","bgm_M169","bgm_M169","0","普洛庇那海角 62-5","0"
"101620609","100050","110620061","0","0","10","0","0","0","101620606","215","10","bgm_M169","0","101620602","110620061","118614","211001000","0","110620063","101413","101412","0","-95","bgm_M169","30","0","128374","0","bgm_M169","110620062","2030/12/31 14:59:59","118524","10","101411","0","0","0","2015/12/17 15:00:00","90","0","bgm_M169","11062006","11062","101412","101620607","-50","2","bgm_M169","bgm_M169","0","普洛庇那海角 62-6","0"
"101620701","100110","110620071","0","0","10","0","0","0","101620705","215","10","bgm_M169","0","101620709","110620071","118554","211001000","0","110620073","100203","100202","0","52","bgm_M169","-54","0","118434","0","bgm_M169","110620072","2030/12/31 14:59:59","118494","10","100201","0","0","101620704","2015/12/17 15:00:00","90","0","bgm_M169","11062007","11062","100202","101620708","-50","2","bgm_M169","bgm_M169","0","普洛庇那海角 62-7","0"
"101620806","100050","110620081","0","0","10","0","0","0","101620803","215","10","bgm_M169","0","101620801","110620081","118554","211001000","0","110620083","101413","101412","0","-141","bgm_M169","184","0","118494","0","bgm_M169","110620082","2030/12/31 14:59:59","119011","10","101411","0","0","101620810","2015/12/17 15:00:00","90","0","bgm_M169","11062008","11062","101412","101620808","-50","2","bgm_M169","bgm_M169","0","普洛庇那海角 62-8","0"
"101620907","100110","110620091","0","0","10","0","0","0","101620901","215","10","bgm_M169","0","101620903","110620091","118614","211001000","0","110620093","100203","100202","0","16","bgm_M169","197","0","118434","0","bgm_M169","110620092","2030/12/31 14:59:59","129041","10","100201","0","0","101620909","2015/12/17 15:00:00","90","0","bgm_M169","11062009","11062","100202","101620910","-50","2","bgm_M169","bgm_M169","0","普洛庇那海角 62-9","0"
"101621004","100110","110620101","0","0","10","0","0","0","101621009","215","10","bgm_M169","0","101621003","110620101","128284","211001000","0","110620103","100203","100202","25011","-110","bgm_M169","336","0","118524","0","bgm_M169","110620102","2030/12/31 14:59:59","129191","10","100201","0","0","101621010","2015/12/17 15:00:00","90","0","bgm_M169","11062010","11062","100202","101621006","-50","2","bgm_M169","bgm_M169","0","普洛庇那海角 62-10","0"
"101621104","100100","110620111","0","0","10","0","0","0","101621103","215","10","bgm_M169","0","101621101","110620111","118434","211001000","0","110620113","102183","102182","25012","19","bgm_M169","436","0","128314","0","bgm_M169","110620112","2030/12/31 14:59:59","129131","10","102181","0","0","101621107","2015/12/17 15:00:00","90","0","bgm_M169","11062011","11062","102182","101621108","-50","2","bgm_M169","bgm_M169","0","普洛庇那海角 62-11","0"
"101621204","100110","110620121","0","0","10","0","0","0","101621208","215","10","bgm_M169","0","101621206","110620121","118524","211001000","0","110620123","100203","100202","25013","-130","bgm_M169","536","0","119251","0","bgm_M169","110620122","2030/12/31 14:59:59","119221","10","100201","0","0","101621203","2015/12/17 15:00:00","90","0","bgm_M169","11062012","11062","100202","101621202","-50","2","bgm_M169","bgm_M169","0","普洛庇那海角 62-12","0"
"101621301","100100","110620131","0","0","10","0","0","0","101621304","215","10","bgm_M169","0","101621302","110620131","118494","211001000","0","110620133","102183","102182","25014","44","bgm_M169","622","0","119011","0","bgm_M169","110620132","2030/12/31 14:59:59","119101","10","102181","0","0","101621306","2015/12/17 15:00:00","90","0","bgm_M169","11062013","11062","102182","101621308","-50","2","bgm_M169","bgm_M169","0","普洛庇那海角 62-13","0"
"0","100050","110620141","9062156","0","10","0","0","0","101621410","215","10","bgm_M170","0","0","110620141","128374","211001000","0","110620143","101423","101422","25015","-84","bgm_M170","775","0","119071","0","bgm_M170","110620142","2030/12/31 14:59:59","119161","10","101421","0","0","0","2015/12/17 15:00:00","90","0","bgm_M170","11062014","11062","101422","0","-50","2","bgm_M170","bgm_M170","0","普洛庇那海角 62-14","9062155"
"101630105","100760","110630011","0","0","10","0","0","0","101630103","215","10","bgm_MC022","0","101630104","110630011","129041","211001000","0","110630013","103203","103202","0","115","bgm_MC022","-356","0","129131","0","bgm_MC022","110630012","2030/12/31 14:59:59","129191","10","103201","0","0","101630110","2015/12/17 15:00:00","90","0","bgm_MC022","11063001","11063","103202","101630107","-50","2","bgm_MC022","bgm_MC022","0","阿帕雷尤街道‧西側 63-1","0"
"101630205","100750","110630021","0","0","10","0","0","0","101630203","215","10","bgm_MC022","0","101630204","110630021","119101","211001000","0","110630023","103173","103172","0","-8","bgm_MC022","-241","0","119161","0","bgm_MC022","110630022","2030/12/31 14:59:59","119071","10","103171","0","0","101630210","2015/12/17 15:00:00","90","0","bgm_MC022","11063002","11063","103172","101630208","-50","2","bgm_MC022","bgm_MC022","0","阿帕雷尤街道‧西側 63-2","0"
"101630307","100760","110630031","0","0","10","0","0","0","101630303","215","10","bgm_MC022","0","101630305","110630031","119011","211001000","0","110630033","103203","103202","0","-191","bgm_MC022","-502","0","119581","0","bgm_MC022","110630032","2030/12/31 14:59:59","119551","10","103201","0","0","101630310","2015/12/17 15:00:00","90","0","bgm_MC022","11063003","11063","103202","101630309","-50","2","bgm_MC022","bgm_MC022","0","阿帕雷尤街道‧西側 63-3","0"
"101630406","100750","110630041","0","0","10","0","0","0","101630402","215","10","bgm_MC022","0","101630404","110630041","119221","211001000","0","110630043","103173","103172","0","-104","bgm_MC022","81","0","119611","0","bgm_MC022","110630042","2030/12/31 14:59:59","119581","10","103171","0","0","101630410","2015/12/17 15:00:00","90","0","bgm_MC022","11063004","11063","103172","101630407","-50","2","bgm_MC022","bgm_MC022","0","阿帕雷尤街道‧西側 63-4","0"
"101630505","100750","110630051","0","0","10","0","0","0","101630501","215","10","bgm_MC022","0","101630503","110630051","119251","211001000","0","110630053","103173","103172","0","75","bgm_MC022","100","0","119551","0","bgm_MC022","110630052","2030/12/31 14:59:59","119611","10","103171","0","0","101630510","2015/12/17 15:00:00","90","0","bgm_MC022","11063005","11063","103172","101630507","-50","2","bgm_MC022","bgm_MC022","0","阿帕雷尤街道‧西側 63-5","0"
"101630606","100750","110630061","0","0","10","0","0","0","101630603","215","10","bgm_MC022","0","101630604","110630061","119581","211001000","0","110630063","103173","103172","25011","-65","bgm_MC022","253","0","119551","0","bgm_MC022","110630062","2030/12/31 14:59:59","129401","10","103171","0","0","101630608","2015/12/17 15:00:00","90","0","bgm_MC022","11063006","11063","103172","101630610","-50","2","bgm_MC022","bgm_MC022","0","阿帕雷尤街道‧西側 63-6","0"
"101630707","100760","110630071","0","0","10","0","0","0","101630702","215","10","bgm_MC022","0","101630705","110630071","119611","211001000","0","110630073","103203","103202","25012","51","bgm_MC022","362","0","119341","0","bgm_MC022","110630072","2030/12/31 14:59:59","119461","10","103201","0","0","101630708","2015/12/17 15:00:00","90","0","bgm_MC022","11063007","11063","103202","101630710","-50","2","bgm_MC022","bgm_MC022","0","阿帕雷尤街道‧西側 63-7","0"
"101630806","100750","110630081","0","0","10","0","0","0","101630803","215","10","bgm_MC022","0","101630804","110630081","119581","211001000","0","110630083","103173","103172","25013","-130","bgm_MC022","395","0","129311","0","bgm_MC022","110630082","2030/12/31 14:59:59","129281","10","103171","0","0","101630810","2015/12/17 15:00:00","90","0","bgm_MC022","11063008","11063","103172","101630809","-50","2","bgm_MC022","bgm_MC022","0","阿帕雷尤街道‧西側 63-8","0"
"101630906","100760","110630091","0","0","10","0","0","0","101630901","215","10","bgm_MC022","0","101630903","110630091","119551","211001000","0","110630093","103203","103202","25014","-26","bgm_MC022","514","0","119371","0","bgm_MC022","110630092","2030/12/31 14:59:59","119341","10","103201","0","0","101630910","2015/12/17 15:00:00","90","0","bgm_MC022","11063009","11063","103202","101630907","-50","2","bgm_MC022","bgm_MC022","0","阿帕雷尤街道‧西側 63-9","0"
"0","100750","110630101","9063156","0","10","0","0","0","101631010","215","10","bgm_MC023","0","0","110630101","119611","211001000","0","110630103","103183","103182","25015","-115","bgm_MC023","797","0","119461","0","bgm_MC023","110630102","2030/12/31 14:59:59","119371","10","103181","0","0","0","2015/12/17 15:00:00","90","0","bgm_MC023","11063010","11063","103182","0","-50","2","bgm_MC023","bgm_MC023","0","阿帕雷尤街道‧西側 63-10","9063155"
"101640107","100760","110640011","0","0","10","0","0","0","101640101","215","10","bgm_MC022","0","101640104","110640011","129281","211001000","0","110640013","103203","103202","0","-90","bgm_MC022","-501","0","129401","0","bgm_MC022","110640012","2030/12/31 14:59:59","129042","10","103201","0","0","101640110","2015/12/17 15:00:00","90","0","bgm_MC022","11064001","11064","103202","101640109","-50","2","bgm_MC022","bgm_MC022","0","阿帕雷尤街道‧東側 64-1","0"
"101640207","100750","110640021","0","0","10","0","0","0","101640203","215","10","bgm_MC022","0","101640204","110640021","119341","211001000","0","110640023","103173","103172","0","-20","bgm_MC022","-306","0","119102","0","bgm_MC022","110640022","2030/12/31 14:59:59","119012","10","103171","0","0","101640210","2015/12/17 15:00:00","90","0","bgm_MC022","11064002","11064","103172","101640209","-50","2","bgm_MC022","bgm_MC022","0","阿帕雷尤街道‧東側 64-2","0"
"101640305","100750","110640031","0","0","10","0","0","0","101640302","215","10","bgm_MC022","0","101640303","110640031","129311","211001000","0","110640033","103173","103172","0","100","bgm_MC022","-206","0","119192","0","bgm_MC022","110640032","2030/12/31 14:59:59","119072","10","103171","0","0","101640310","2015/12/17 15:00:00","90","0","bgm_MC022","11064003","11064","103172","101640309","-50","2","bgm_MC022","bgm_MC022","0","阿帕雷尤街道‧東側 64-3","0"
"101640407","100750","110640041","0","0","10","0","0","0","101640403","215","10","bgm_MC022","0","101640404","110640041","119461","211001000","0","110640043","103173","103172","0","-32","bgm_MC022","-124","0","129132","0","bgm_MC022","110640042","2030/12/31 14:59:59","129162","10","103171","0","0","101640410","2015/12/17 15:00:00","90","0","bgm_MC022","11064004","11064","103172","101640409","-50","2","bgm_MC022","bgm_MC022","0","阿帕雷尤街道‧東側 64-4","0"
"101640506","100750","110640051","0","0","10","0","0","0","101640503","215","10","bgm_MC022","0","101640504","110640051","119371","211001000","0","110640053","103173","103172","0","82","bgm_MC022","0","0","119252","0","bgm_MC022","110640052","2030/12/31 14:59:59","119222","10","103171","0","0","101640510","2015/12/17 15:00:00","90","0","bgm_MC022","11064005","11064","103172","101640509","-50","2","bgm_MC022","bgm_MC022","0","阿帕雷尤街道‧東側 64-5","0"
"101640606","100750","110640061","0","0","10","0","0","0","101640601","215","10","bgm_MC022","0","101640605","110640061","119102","211001000","0","110640063","103173","103172","25011","100","bgm_MC022","175","0","119072","0","bgm_MC022","110640062","2030/12/31 14:59:59","119192","10","103171","0","0","101640610","2015/12/17 15:00:00","90","0","bgm_MC022","11064006","11064","103172","101640609","-50","2","bgm_MC022","bgm_MC022","0","阿帕雷尤街道‧東側 64-6","0"
"101640705","100750","110640071","0","0","10","0","0","0","101640701","215","10","bgm_MC022","0","101640703","110640071","129042","211001000","0","110640073","103173","103172","25012","-42","bgm_MC022","294","0","129132","0","bgm_MC022","110640072","2030/12/31 14:59:59","129162","10","103171","0","0","101640710","2015/12/17 15:00:00","90","0","bgm_MC022","11064007","11064","103172","101640707","-50","2","bgm_MC022","bgm_MC022","0","阿帕雷尤街道‧東側 64-7","0"
"101640805","100750","110640081","0","0","10","0","0","0","101640803","215","10","bgm_MC022","0","101640804","110640081","119012","211001000","0","110640083","103173","103172","25013","100","bgm_MC022","381","0","119582","0","bgm_MC022","110640082","2030/12/31 14:59:59","119552","10","103171","0","0","101640810","2015/12/17 15:00:00","90","0","bgm_MC022","11064008","11064","103172","101640809","-50","2","bgm_MC022","bgm_MC022","0","阿帕雷尤街道‧東側 64-8","0"
"101640906","100760","110640091","0","0","10","0","0","0","101640903","215","10","bgm_MC022","0","101640904","110640091","119252","211001000","0","110640093","103203","103202","25014","-90","bgm_MC022","658","0","119612","0","bgm_MC022","110640092","2030/12/31 14:59:59","119582","10","103201","0","0","101640910","2015/12/17 15:00:00","90","0","bgm_MC022","11064009","11064","103202","101640908","-50","2","bgm_MC022","bgm_MC022","0","阿帕雷尤街道‧東側 64-9","0"
"101641008","100750","110640101","9064156","0","10","0","0","0","101641010","215","10","bgm_MC023","0","101641009","110640101","119222","211001000","0","110640103","103183","103182","25015","82","bgm_MC023","726","0","119552","0","bgm_MC023","110640102","2030/12/31 14:59:59","119612","10","103181","0","0","0","2015/12/17 15:00:00","90","0","bgm_MC023","11064010","11064","103182","0","-50","2","bgm_MC023","bgm_MC023","0","阿帕雷尤街道‧東側 64-10","9064155"
"101650105","100760","110650011","0","0","10","0","0","0","101650101","215","10","bgm_MC022","0","101650103","110650011","119612","211001000","0","110650013","103203","103202","0","-163","bgm_MC022","-806","0","119552","0","bgm_MC022","110650012","2030/12/31 14:59:59","119432","10","103201","0","0","101650110","2015/12/17 15:00:00","90","0","bgm_MC022","11065001","11065","103202","101650109","-50","2","bgm_MC022","bgm_MC022","0","芭菲之城城鎮 65-1","0"
"101650208","100760","110650021","0","0","10","0","0","0","101650203","215","10","bgm_MC022","0","101650205","110650021","119552","211001000","0","110650023","103203","103202","0","-63","bgm_MC022","-665","0","129312","0","bgm_MC022","110650022","2030/12/31 14:59:59","129402","10","103201","0","0","101650210","2015/12/17 15:00:00","90","0","bgm_MC022","11065002","11065","103202","101650209","-50","2","bgm_MC022","bgm_MC022","0","芭菲之城城鎮 65-2","0"
"101650306","100760","110650031","0","0","10","0","0","0","101650301","215","10","bgm_MC022","0","101650304","110650031","119552","211001000","0","110650033","103203","103202","0","123","bgm_MC022","-580","0","119432","0","bgm_MC022","110650032","2030/12/31 14:59:59","119522","10","103201","0","0","101650310","2015/12/17 15:00:00","90","0","bgm_MC022","11065003","11065","103202","101650308","-50","2","bgm_MC022","bgm_MC022","0","芭菲之城城鎮 65-3","0"
"101650407","100760","110650041","0","0","10","0","0","0","101650403","215","10","bgm_MC022","0","101650404","110650041","119582","211001000","0","110650043","103203","103202","0","56","bgm_MC022","-432","0","129282","0","bgm_MC022","110650042","2030/12/31 14:59:59","129312","10","103201","0","0","101650410","2015/12/17 15:00:00","90","0","bgm_MC022","11065004","11065","103202","101650408","-50","2","bgm_MC022","bgm_MC022","0","芭菲之城城鎮 65-4","0"
"101650507","100750","110650051","0","0","10","0","0","0","101650501","215","10","bgm_MC022","0","101650504","110650051","119612","211001000","0","110650053","103173","103172","0","-75","bgm_MC022","-289","0","119522","0","bgm_MC022","110650052","2030/12/31 14:59:59","119372","10","103171","0","0","101650510","2015/12/17 15:00:00","90","0","bgm_MC022","11065005","11065","103172","101650509","-50","2","bgm_MC022","bgm_MC022","0","芭菲之城城鎮 65-5","0"
"101650606","100750","110650061","0","0","10","0","0","0","101650603","215","10","bgm_MC022","0","101650605","110650061","129402","211001000","0","110650063","103173","103172","25011","37","bgm_MC022","-111","0","129282","0","bgm_MC022","110650062","2030/12/31 14:59:59","129043","10","103171","0","0","101650610","2015/12/17 15:00:00","90","0","bgm_MC022","11065006","11065","103172","101650609","-50","2","bgm_MC022","bgm_MC022","0","芭菲之城城鎮 65-6","0"
"101650706","100750","110650071","0","0","10","0","0","0","101650703","215","10","bgm_MC022","0","101650705","110650071","119432","211001000","0","110650073","103173","103172","25012","100","bgm_MC022","57","0","119103","0","bgm_MC022","110650072","2030/12/31 14:59:59","119013","10","103171","0","0","101650710","2015/12/17 15:00:00","90","0","bgm_MC022","11065007","11065","103172","101650709","-50","2","bgm_MC022","bgm_MC022","0","芭菲之城城鎮 65-7","0"
"101650806","100750","110650081","0","0","10","0","0","0","101650803","215","10","bgm_MC022","0","101650804","110650081","119522","211001000","0","110650083","103173","103172","25013","-77","bgm_MC022","0","0","119163","0","bgm_MC022","110650082","2030/12/31 14:59:59","119073","10","103171","0","0","101650810","2015/12/17 15:00:00","90","0","bgm_MC022","11065008","11065","103172","101650809","-50","2","bgm_MC022","bgm_MC022","0","芭菲之城城鎮 65-8","0"
"101650906","100760","110650091","0","0","10","0","0","0","101650901","215","10","bgm_MC022","0","101650903","110650091","129312","211001000","0","110650093","103203","103202","25014","78","bgm_MC022","214","0","129193","0","bgm_MC022","110650092","2030/12/31 14:59:59","129133","10","103201","0","0","101650910","2015/12/17 15:00:00","90","0","bgm_MC022","11065009","11065","103202","101650908","-50","2","bgm_MC022","bgm_MC022","0","芭菲之城城鎮 65-9","0"
"0","100750","110650101","9065156","0","10","0","0","0","101651010","215","10","bgm_MC023","0","0","110650101","119372","211001000","0","110650103","103183","103182","25015","-15","bgm_MC023","502","0","119253","0","bgm_MC023","110650102","2030/12/31 14:59:59","119223","10","103181","0","0","0","2015/12/17 15:00:00","90","0","bgm_MC023","11065010","11065","103182","0","-50","2","bgm_MC023","bgm_MC023","0","芭菲之城城鎮 65-10","9065155"
"101660107","100760","110660011","0","0","10","0","0","0","101660102","215","10","bgm_MC022","0","101660105","110660011","119103","211001000","0","110660013","103203","103202","0","109","bgm_MC022","-742","0","119073","0","bgm_MC022","110660012","2030/12/31 14:59:59","119163","10","103201","0","0","101660110","2015/12/17 15:00:00","90","0","bgm_MC022","11066001","11066","103202","101660109","-50","2","bgm_MC022","bgm_MC022","0","拉摩利爾平原 66-1","0"
"101660207","100760","110660021","0","0","10","0","0","0","101660203","215","10","bgm_MC022","0","101660204","110660021","129043","211001000","0","110660023","103203","103202","0","-34","bgm_MC022","-882","0","129133","0","bgm_MC022","110660022","2030/12/31 14:59:59","129193","10","103201","0","0","101660209","2015/12/17 15:00:00","90","0","bgm_MC022","11066002","11066","103202","101660208","-50","2","bgm_MC022","bgm_MC022","0","拉摩利爾平原 66-2","0"
"101660305","100760","110660031","0","0","10","0","0","0","101660301","215","10","bgm_MC022","0","101660304","110660031","119013","211001000","0","110660033","103203","103202","0","-193","bgm_MC022","-822","0","119583","0","bgm_MC022","110660032","2030/12/31 14:59:59","119553","10","103201","0","0","101660310","2015/12/17 15:00:00","90","0","bgm_MC022","11066003","11066","103202","101660307","-50","2","bgm_MC022","bgm_MC022","0","拉摩利爾平原 66-3","0"
"101660406","100750","110660041","0","0","10","0","0","0","101660401","215","10","bgm_MC022","0","101660404","110660041","119253","211001000","0","110660043","103173","103172","0","90","bgm_MC022","-575","0","119613","0","bgm_MC022","110660042","2030/12/31 14:59:59","119583","10","103171","0","0","101660409","2015/12/17 15:00:00","90","0","bgm_MC022","11066004","11066","103172","101660407","-50","2","bgm_MC022","bgm_MC022","0","拉摩利爾平原 66-4","0"
"101660506","100750","110660051","0","0","10","0","0","0","101660503","215","10","bgm_MC022","0","101660504","110660051","119223","211001000","0","110660053","103173","103172","0","-94","bgm_MC022","-408","0","119553","0","bgm_MC022","110660052","2030/12/31 14:59:59","119613","10","103171","0","0","101660510","2015/12/17 15:00:00","90","0","bgm_MC022","11066005","11066","103172","101660507","-50","2","bgm_MC022","bgm_MC022","0","拉摩利爾平原 66-5","0"
"101660605","100750","110660061","0","0","10","0","0","0","101660603","215","10","bgm_MC022","0","101660604","110660061","119613","211001000","0","110660063","103173","103172","25011","-158","bgm_MC022","-279","0","119553","0","bgm_MC022","110660062","2030/12/31 14:59:59","119343","10","103171","0","0","101660610","2015/12/17 15:00:00","90","0","bgm_MC022","11066006","11066","103172","101660609","-50","2","bgm_MC022","bgm_MC022","0","拉摩利爾平原 66-6","0"
"101660707","100750","110660071","0","0","10","0","0","0","101660702","215","10","bgm_MC022","0","101660704","110660071","119553","211001000","0","110660073","103173","103172","25012","50","bgm_MC022","-281","0","119463","0","bgm_MC022","110660072","2030/12/31 14:59:59","119493","10","103171","0","0","101660710","2015/12/17 15:00:00","90","0","bgm_MC022","11066007","11066","103172","101660708","-50","2","bgm_MC022","bgm_MC022","0","拉摩利爾平原 66-7","0"
"101660806","100750","110660081","0","0","10","0","0","0","101660803","215","10","bgm_MC022","0","101660804","110660081","119553","211001000","0","110660083","103173","103172","25013","-93","bgm_MC022","-35","0","119493","0","bgm_MC022","110660082","2030/12/31 14:59:59","119343","10","103171","0","0","101660810","2015/12/17 15:00:00","90","0","bgm_MC022","11066008","11066","103172","101660809","-50","2","bgm_MC022","bgm_MC022","0","拉摩利爾平原 66-8","0"
"101660906","100750","110660091","0","0","10","0","0","0","101660903","215","10","bgm_MC022","0","101660904","110660091","119583","211001000","0","110660093","103173","103172","25014","82","bgm_MC022","-18","0","129313","0","bgm_MC022","110660092","2030/12/31 14:59:59","129283","10","103171","0","0","101660910","2015/12/17 15:00:00","90","0","bgm_MC022","11066009","11066","103172","101660909","-50","2","bgm_MC022","bgm_MC022","0","拉摩利爾平原 66-9","0"
"101661009","100750","110660101","9066156","0","10","0","0","0","101661010","215","10","bgm_MC023","0","101661008","110660101","119613","211001000","0","110660103","103183","103182","25015","104","bgm_MC023","270","0","129373","0","bgm_MC023","110660102","2030/12/31 14:59:59","119463","10","103181","0","0","0","2015/12/17 15:00:00","90","0","bgm_MC023","11066010","11066","103182","0","-50","2","bgm_MC023","bgm_MC023","0","拉摩利爾平原 66-10","9066155"
"101670105","100800","110670011","0","0","10","0","0","0","101670103","215","10","bgm_MC086","0","101670104","110670011","129313","211001000","0","110670013","103333","103332","0","-191","bgm_MC086","-561","0","129283","0","bgm_MC086","110670012","2030/12/31 14:59:59","129044","10","103331","0","0","101670110","2015/12/17 15:00:00","90","0","bgm_MC086","11067001","11067","103332","101670107","-50","2","bgm_MC086","bgm_MC086","0","渦炎密林 67-1","0"
"101670207","100800","110670021","0","0","10","0","0","0","101670202","215","10","bgm_MC086","0","101670204","110670021","119493","211001000","0","110670023","103333","103332","0","-138","bgm_MC086","-414","0","119104","0","bgm_MC086","110670022","2030/12/31 14:59:59","119014","10","103331","0","0","101670210","2015/12/17 15:00:00","90","0","bgm_MC086","11067002","11067","103332","101670208","-50","2","bgm_MC086","bgm_MC086","0","渦炎密林 67-2","0"
"101670307","100790","110670031","0","0","10","0","0","0","101670302","215","10","bgm_MC086","0","101670305","110670031","119343","211001000","0","110670033","103363","103362","0","-187","bgm_MC086","-280","0","119074","0","bgm_MC086","110670032","2030/12/31 14:59:59","119164","10","103361","0","0","101670310","2015/12/17 15:00:00","90","0","bgm_MC086","11067003","11067","103362","101670309","-50","2","bgm_MC086","bgm_MC086","0","渦炎密林 67-3","0"
"101670406","100800","110670041","0","0","10","0","0","0","101670403","215","10","bgm_MC086","0","101670405","110670041","129373","211001000","0","110670043","103333","103332","0","-32","bgm_MC086","-326","0","129194","0","bgm_MC086","110670042","2030/12/31 14:59:59","129134","10","103331","0","0","101670410","2015/12/17 15:00:00","90","0","bgm_MC086","11067004","11067","103332","101670407","-50","2","bgm_MC086","bgm_MC086","0","渦炎密林 67-4","0"
"101670507","100790","110670051","0","0","10","0","0","0","101670501","215","10","bgm_MC086","0","101670505","110670051","119463","211001000","0","110670053","103363","103362","0","-141","bgm_MC086","55","0","119254","0","bgm_MC086","110670052","2030/12/31 14:59:59","119224","10","103361","0","0","101670510","2015/12/17 15:00:00","90","0","bgm_MC086","11067005","11067","103362","101670508","-50","2","bgm_MC086","bgm_MC086","0","渦炎密林 67-5","0"
"101670607","100800","110670061","0","0","10","0","0","0","101670601","215","10","bgm_MC086","0","101670606","110670061","129044","211001000","0","110670063","103333","103332","25011","7","bgm_MC086","136","0","129134","0","bgm_MC086","110670062","2030/12/31 14:59:59","129194","10","103331","0","0","101670610","2015/12/17 15:00:00","90","0","bgm_MC086","11067006","11067","103332","101670608","-50","2","bgm_MC086","bgm_MC086","0","渦炎密林 67-6","0"
"101670707","100800","110670071","0","0","10","0","0","0","101670703","215","10","bgm_MC086","0","101670704","110670071","119164","211001000","0","110670073","103333","103332","25012","-146","bgm_MC086","190","0","119074","0","bgm_MC086","110670072","2030/12/31 14:59:59","119104","10","103331","0","0","101670710","2015/12/17 15:00:00","90","0","bgm_MC086","11067007","11067","103332","101670709","-50","2","bgm_MC086","bgm_MC086","0","渦炎密林 67-7","0"
"101670806","100790","110670081","0","0","10","0","0","0","101670803","215","10","bgm_MC086","0","101670804","110670081","119014","211001000","0","110670083","103363","103362","25013","-116","bgm_MC086","325","0","119584","0","bgm_MC086","110670082","2030/12/31 14:59:59","119554","10","103361","0","0","101670808","2015/12/17 15:00:00","90","0","bgm_MC086","11067008","11067","103362","101670809","-50","2","bgm_MC086","bgm_MC086","0","渦炎密林 67-8","0"
"101670906","100800","110670091","0","0","10","0","0","0","101670903","215","10","bgm_MC086","0","101670904","110670091","119254","211001000","0","110670093","103333","103332","25014","39","bgm_MC086","292","0","119614","0","bgm_MC086","110670092","2030/12/31 14:59:59","119584","10","103331","0","0","101670910","2015/12/17 15:00:00","90","0","bgm_MC086","11067009","11067","103332","101670908","-50","2","bgm_MC086","bgm_MC086","0","渦炎密林 67-9","0"
"0","100800","110670101","9067156","0","10","0","0","0","101671010","215","10","bgm_MC087","0","0","110670101","119224","211001000","0","110670103","103353","103352","25015","-100","bgm_MC087","462","0","119554","0","bgm_MC087","110670102","2030/12/31 14:59:59","119614","10","103351","0","0","0","2015/12/17 15:00:00","90","0","bgm_MC087","11067010","11067","103352","0","-50","2","bgm_MC087","bgm_MC087","0","渦炎密林 67-10","9067155"
"101680105","100800","110680011","0","0","10","0","0","0","101680103","215","10","bgm_MC086","0","101680104","110680011","119554","211001000","0","110680013","103363","103362","0","-20","bgm_MC086","-389","0","119614","0","bgm_MC086","110680012","2030/12/31 14:59:59","119524","10","103361","0","0","101680110","2015/12/17 15:00:00","90","0","bgm_MC086","11068001","11068","103362","101680109","-50","2","bgm_MC086","bgm_MC086","0","思索樹海 68-1","0"
"101680207","100800","110680021","0","0","10","0","0","0","101680202","215","10","bgm_MC086","0","101680205","110680021","119554","211001000","0","110680023","103363","103362","0","-171","bgm_MC086","-216","0","119494","0","bgm_MC086","110680022","2030/12/31 14:59:59","119434","10","103361","0","0","101680210","2015/12/17 15:00:00","90","0","bgm_MC086","11068002","11068","103362","101680208","-50","2","bgm_MC086","bgm_MC086","0","思索樹海 68-2","0"
"101680305","100800","110680031","0","0","10","0","0","0","101680301","215","10","bgm_MC086","0","101680303","110680031","119584","211001000","0","110680033","103363","103362","0","4","bgm_MC086","-174","0","129314","0","bgm_MC086","110680032","2030/12/31 14:59:59","129284","10","103361","0","0","101680310","2015/12/17 15:00:00","90","0","bgm_MC086","11068003","11068","103362","101680306","-50","2","bgm_MC086","bgm_MC086","0","思索樹海 68-3","0"
"101680407","100800","110680041","0","0","10","0","0","0","101680401","215","10","bgm_MC086","0","101680403","110680041","119614","211001000","0","110680043","103363","103362","0","-179","bgm_MC086","-59","0","119524","0","bgm_MC086","110680042","2030/12/31 14:59:59","129374","10","103361","0","0","101680410","2015/12/17 15:00:00","90","0","bgm_MC086","11068004","11068","103362","101680405","-50","2","bgm_MC086","bgm_MC086","0","思索樹海 68-4","0"
"101680507","100800","110680051","0","0","10","0","0","0","101680502","215","10","bgm_MC086","0","101680504","110680051","119614","211001000","0","110680053","103363","103362","0","-8","bgm_MC086","139","0","129374","0","bgm_MC086","110680052","2030/12/31 14:59:59","119434","10","103361","0","0","101680510","2015/12/17 15:00:00","90","0","bgm_MC086","11068005","11068","103362","101680508","-50","2","bgm_MC086","bgm_MC086","0","思索樹海 68-5","0"
"101680607","100790","110680061","0","0","10","0","0","0","101680602","215","10","bgm_MC086","0","101680606","110680061","129284","211001000","0","110680063","103333","103332","25011","16","bgm_MC086","288","0","129314","0","bgm_MC086","110680062","2030/12/31 14:59:59","12004032","10","103331","0","0","101680610","2015/12/17 15:00:00","90","0","bgm_MC086","11068006","11068","103332","101680609","-50","2","bgm_MC086","bgm_MC086","0","思索樹海 68-6","0"
"101680707","100790","110680071","0","0","10","0","0","0","101680701","215","10","bgm_MC086","0","101680704","110680071","119494","211001000","0","110680073","103333","103332","25012","-100","bgm_MC086","397","0","11010032","0","bgm_MC086","110680072","2030/12/31 14:59:59","11001032","10","103331","0","0","101680710","2015/12/17 15:00:00","90","0","bgm_MC086","11068007","11068","103332","101680708","-50","2","bgm_MC086","bgm_MC086","0","思索樹海 68-7","0"
"101680806","100790","110680081","0","0","10","0","0","0","101680803","215","10","bgm_MC086","0","101680804","110680081","119434","211001000","0","110680083","103333","103332","25013","80","bgm_MC086","502","0","11019032","0","bgm_MC086","110680082","2030/12/31 14:59:59","11007032","10","103331","0","0","101680810","2015/12/17 15:00:00","90","0","bgm_MC086","11068008","11068","103332","101680809","-50","2","bgm_MC086","bgm_MC086","0","思索樹海 68-8","0"
"101680906","100790","110680091","0","0","10","0","0","0","101680901","215","10","bgm_MC086","0","101680903","110680091","129374","211001000","0","110680093","103333","103332","25014","-125","bgm_MC086","602","0","12013032","0","bgm_MC086","110680092","2030/12/31 14:59:59","12016032","10","103331","0","0","101680910","2015/12/17 15:00:00","90","0","bgm_MC086","11068009","11068","103332","101680908","-50","2","bgm_MC086","bgm_MC086","0","思索樹海 68-9","0"
"101681009","100800","110680101","9068156","0","10","0","0","0","101681010","215","10","bgm_MC087","0","101681008","110680101","119524","211001000","0","110680103","103353","103352","25015","-71","bgm_MC087","942","0","11025032","0","bgm_MC087","110680102","2030/12/31 14:59:59","11022032","10","103351","0","0","0","2015/12/17 15:00:00","90","0","bgm_MC087","11068010","11068","103352","0","-50","2","bgm_MC087","bgm_MC087","0","思索樹海 68-10","9068155"
"101690107","100800","110690011","0","0","10","0","0","0","101690103","215","10","bgm_MC086","0","101690105","110690011","12004032","211001000","0","110690013","103363","103362","0","-113","bgm_MC086","-867","0","12013032","0","bgm_MC086","110690012","2030/12/31 14:59:59","12016032","10","103361","0","0","101690110","2015/12/17 15:00:00","90","0","bgm_MC086","11069001","11069","103362","101690108","-50","2","bgm_MC086","bgm_MC086","0","鬼的跟前 69-1","0"
"101690206","100800","110690021","0","0","10","0","0","0","101690203","215","10","bgm_MC086","0","101690204","110690021","11019032","211001000","0","110690023","103363","103362","0","-167","bgm_MC086","-715","0","11007032","0","bgm_MC086","110690022","2030/12/31 14:59:59","11010032","10","103361","0","0","101690210","2015/12/17 15:00:00","90","0","bgm_MC086","11069002","11069","103362","101690209","-50","2","bgm_MC086","bgm_MC086","0","鬼的跟前 69-2","0"
"101690306","100800","110690031","0","0","10","0","0","0","101690302","215","10","bgm_MC086","0","101690305","110690031","11001032","211001000","0","110690033","103363","103362","0","-150","bgm_MC086","-565","0","11058032","0","bgm_MC086","110690032","2030/12/31 14:59:59","11055032","10","103361","0","0","101690310","2015/12/17 15:00:00","90","0","bgm_MC086","11069003","11069","103362","101690308","-50","2","bgm_MC086","bgm_MC086","0","鬼的跟前 69-3","0"
"101690405","100800","110690041","0","0","10","0","0","0","101690403","215","10","bgm_MC086","0","101690404","110690041","11025032","211001000","0","110690043","103363","103362","0","-67","bgm_MC086","-446","0","11061032","0","bgm_MC086","110690042","2030/12/31 14:59:59","11058032","10","103361","0","0","101690409","2015/12/17 15:00:00","90","0","bgm_MC086","11069004","11069","103362","101690407","-50","2","bgm_MC086","bgm_MC086","0","鬼的跟前 69-4","0"
"101690505","100790","110690051","0","0","10","0","0","0","101690503","215","10","bgm_MC086","0","101690504","110690051","11022032","211001000","0","110690053","103333","103332","0","91","bgm_MC086","-45","0","11055032","0","bgm_MC086","110690052","2030/12/31 14:59:59","11061032","10","103331","0","0","101690510","2015/12/17 15:00:00","90","0","bgm_MC086","11069005","11069","103332","101690508","-50","2","bgm_MC086","bgm_MC086","0","鬼的跟前 69-5","0"
"101690607","100800","110690061","0","0","10","0","0","0","101690601","215","10","bgm_MC086","0","101690605","110690061","11058032","211001000","0","110690063","103363","103362","25011","78","bgm_MC086","100","0","11055032","0","bgm_MC086","110690062","2030/12/31 14:59:59","11040032","10","103361","0","0","101690610","2015/12/17 15:00:00","90","0","bgm_MC086","11069006","11069","103362","101690608","-50","2","bgm_MC086","bgm_MC086","0","鬼的跟前 69-6","0"
"101690706","100790","110690071","0","0","10","0","0","0","101690701","215","10","bgm_MC086","0","101690704","110690071","11061032","211001000","0","110690073","103333","103332","25012","81","bgm_MC086","251","0","11046032","0","bgm_MC086","110690072","2030/12/31 14:59:59","12037032","10","103331","0","0","101690710","2015/12/17 15:00:00","90","0","bgm_MC086","11069007","11069","103332","101690708","-50","2","bgm_MC086","bgm_MC086","0","鬼的跟前 69-7","0"
"101690807","100790","110690081","0","0","10","0","0","0","101690803","215","10","bgm_MC086","0","101690804","110690081","11058032","211001000","0","110690083","103333","103332","25013","-94","bgm_MC086","151","0","11040032","0","bgm_MC086","110690082","2030/12/31 14:59:59","11034032","10","103331","0","0","101690810","2015/12/17 15:00:00","90","0","bgm_MC086","11069008","11069","103332","101690808","-50","2","bgm_MC086","bgm_MC086","0","鬼的跟前 69-8","0"
"101690907","100790","110690091","0","0","10","0","0","0","101690901","215","10","bgm_MC086","0","101690906","110690091","11061032","211001000","0","110690093","103333","103332","25014","-145","bgm_MC086","290","0","11034032","0","bgm_MC086","110690092","2030/12/31 14:59:59","11046032","10","103331","0","0","101690910","2015/12/17 15:00:00","90","0","bgm_MC086","11069009","11069","103332","101690908","-50","2","bgm_MC086","bgm_MC086","0","鬼的跟前 69-9","0"
"0","100790","110690101","9069156","0","10","0","0","0","101691010","215","10","bgm_MC087","0","0","110690101","11055032","211001000","0","110690103","103471","103512","25015","-140","bgm_MC087","709","0","12031032","0","bgm_MC087","110690102","2030/12/31 14:59:59","12028032","10","103511","1.5","0","0","2015/12/17 15:00:00","90","0","bgm_MC142","11069010","11069","103471","0","-50","2","bgm_MC087","bgm_MC142","0","鬼的跟前 69-10","9069155"
"101700105","100800","110700011","0","0","10","0","0","0","101700101","215","10","bgm_MC086","0","101700103","110700011","12037032","211001000","0","110700013","103363","103362","0","28","bgm_MC086","-734","0","11034032","0","bgm_MC086","110700012","2030/12/31 14:59:59","11001033","10","103361","0","0","101700110","2015/12/17 15:00:00","90","0","bgm_MC086","11070001","11070","103362","101700108","-50","2","bgm_MC086","bgm_MC086","0","炎繩河 70-1","0"
"101700206","100790","110700021","0","0","10","0","0","0","101700202","215","10","bgm_MC086","0","101700204","110700021","11040032","211001000","0","110700023","103333","103332","0","149","bgm_MC086","-505","0","11007033","0","bgm_MC086","110700022","2030/12/31 14:59:59","11010033","10","103331","0","0","101700210","2015/12/17 15:00:00","90","0","bgm_MC086","11070002","11070","103332","101700208","-50","2","bgm_MC086","bgm_MC086","0","炎繩河 70-2","0"
"101700307","100790","110700031","0","0","10","0","0","0","101700302","215","10","bgm_MC086","0","101700304","110700031","11046032","211001000","0","110700033","103333","103332","0","-38","bgm_MC086","-505","0","11025033","0","bgm_MC086","110700032","2030/12/31 14:59:59","11022033","10","103331","0","0","101700309","2015/12/17 15:00:00","90","0","bgm_MC086","11070003","11070","103332","101700308","-50","2","bgm_MC086","bgm_MC086","0","炎繩河 70-3","0"
"101700406","100790","110700041","0","0","10","0","0","0","101700401","215","10","bgm_MC086","0","101700403","110700041","12031032","211001000","0","110700043","103333","103332","0","-16","bgm_MC086","-362","0","12004033","0","bgm_MC086","110700042","2030/12/31 14:59:59","12013033","10","103331","0","0","101700410","2015/12/17 15:00:00","90","0","bgm_MC086","11070004","11070","103332","101700408","-50","2","bgm_MC086","bgm_MC086","0","炎繩河 70-4","0"
"101700507","100790","110700051","0","0","10","0","0","0","101700502","215","10","bgm_MC086","0","101700505","110700051","12028032","211001000","0","110700053","103333","103332","0","-116","bgm_MC086","-159","0","12016033","0","bgm_MC086","110700052","2030/12/31 14:59:59","12019033","10","103331","0","0","101700509","2015/12/17 15:00:00","90","0","bgm_MC086","11070005","11070","103332","101700508","-50","2","bgm_MC086","bgm_MC086","0","炎繩河 70-5","0"
"101700607","100790","110700061","0","0","10","0","0","0","101700601","215","10","bgm_MC086","0","101700605","110700061","11007033","211001000","0","110700063","103333","103332","25011","-193","bgm_MC086","61","0","11010033","0","bgm_MC086","110700062","2030/12/31 14:59:59","11001033","10","103331","0","0","101700610","2015/12/17 15:00:00","90","0","bgm_MC086","11070006","11070","103332","101700608","-50","2","bgm_MC086","bgm_MC086","0","炎繩河 70-6","0"
"101700706","100800","110700071","0","0","10","0","0","0","101700702","215","10","bgm_MC086","0","101700704","110700071","12004033","211001000","0","110700073","103363","103362","25012","-180","bgm_MC086","223","0","11025033","0","bgm_MC086","110700072","2030/12/31 14:59:59","11022033","10","103361","0","0","101700710","2015/12/17 15:00:00","90","0","bgm_MC086","11070007","11070","103362","101700708","-50","2","bgm_MC086","bgm_MC086","0","炎繩河 70-7","0"
"101700805","100800","110700081","0","0","10","0","0","0","101700802","215","10","bgm_MC086","0","101700804","110700081","12019033","211001000","0","110700083","103363","103362","25013","0","bgm_MC086","171","0","11058033","0","bgm_MC086","110700082","2030/12/31 14:59:59","11055033","10","103361","0","0","101700810","2015/12/17 15:00:00","90","0","bgm_MC086","11070008","11070","103362","101700808","-50","2","bgm_MC086","bgm_MC086","0","炎繩河 70-8","0"
"101700907","100800","110700091","0","0","10","0","0","0","101700901","215","10","bgm_MC086","0","101700905","110700091","12016033","211001000","0","110700093","103363","103362","25014","-36","bgm_MC086","311","0","11061033","0","bgm_MC086","110700092","2030/12/31 14:59:59","11058033","10","103361","0","0","101700910","2015/12/17 15:00:00","90","0","bgm_MC086","11070009","11070","103362","101700908","-50","2","bgm_MC086","bgm_MC086","0","炎繩河 70-9","0"
"101701009","100790","110700101","9070156","0","10","0","0","0","101701010","215","10","bgm_MC087","0","101701008","110700101","12013033","211001000","0","110700103","103471","103512","25015","-180","bgm_MC087","393","0","11055033","0","bgm_MC087","110700102","2030/12/31 14:59:59","11061033","10","103511","1.5","0","0","2015/12/17 15:00:00","90","0","bgm_MC142","11070010","11070","103471","0","-50","2","bgm_MC087","bgm_MC142","0","炎繩河 70-10","9070155"
"101710107","100800","110710011","0","0","10","0","0","0","101710103","215","10","bgm_MC086","0","101710104","110710011","11058033","211001000","0","110710013","103363","103362","0","86","bgm_MC086","-601","0","11055033","0","bgm_MC086","110710012","2030/12/31 14:59:59","11043033","10","103361","0","0","101710110","2015/12/17 15:00:00","90","0","bgm_MC086","11071001","11071","103362","101710109","-50","2","bgm_MC086","bgm_MC086","0","崩豹山巔 71-1","0"
"101710207","100800","110710021","0","0","10","0","0","0","101710203","215","10","bgm_MC086","0","101710204","110710021","11061033","211001000","0","110710023","103363","103362","0","138","bgm_MC086","-454","0","12037033","0","bgm_MC086","110710022","2030/12/31 14:59:59","11046033","10","103361","0","0","101710210","2015/12/17 15:00:00","90","0","bgm_MC086","11071002","11071","103362","101710208","-50","2","bgm_MC086","bgm_MC086","0","崩豹山巔 71-2","0"
"101710306","100800","110710031","0","0","10","0","0","0","101710303","215","10","bgm_MC086","0","101710304","110710031","11055033","211001000","0","110710033","103363","103362","0","82","bgm_MC086","-308","0","11046033","0","bgm_MC086","110710032","2030/12/31 14:59:59","11043033","10","103361","0","0","101710310","2015/12/17 15:00:00","90","0","bgm_MC086","11071003","11071","103362","101710308","-50","2","bgm_MC086","bgm_MC086","0","崩豹山巔 71-3","0"
"101710406","100790","110710041","0","0","10","0","0","0","101710401","215","10","bgm_MC086","0","101710404","110710041","11061033","211001000","0","110710043","103333","103332","0","53","bgm_MC086","-158","0","12040033","0","bgm_MC086","110710042","2030/12/31 14:59:59","12037033","10","103331","0","0","101710410","2015/12/17 15:00:00","90","0","bgm_MC086","11071004","11071","103332","101710409","-50","2","bgm_MC086","bgm_MC086","0","崩豹山巔 71-4","0"
"101710507","100800","110710051","0","0","10","0","0","0","101710503","215","10","bgm_MC086","0","101710504","110710051","11058033","211001000","0","110710053","103363","103362","0","-154","bgm_MC086","-217","0","12031033","0","bgm_MC086","110710052","2030/12/31 14:59:59","12028033","10","103361","0","0","101710510","2015/12/17 15:00:00","90","0","bgm_MC086","11071005","11071","103362","101710508","-50","2","bgm_MC086","bgm_MC086","0","崩豹山巔 71-5","0"
"101710608","100800","110710061","0","0","10","0","0","0","101710603","215","10","bgm_MC086","0","101710605","110710061","12031033","211001000","0","110710063","103363","103362","25011","-181","bgm_MC086","51","0","11043033","0","bgm_MC086","110710062","2030/12/31 14:59:59","11001034","10","103361","0","0","101710610","2015/12/17 15:00:00","90","0","bgm_MC086","11071006","11071","103362","101710609","-50","2","bgm_MC086","bgm_MC086","0","崩豹山巔 71-6","0"
"101710706","100800","110710071","0","0","10","0","0","0","101710703","215","10","bgm_MC086","0","101710705","110710071","11046033","211001000","0","110710073","103363","103362","25012","-35","bgm_MC086","115","0","11025034","0","bgm_MC086","110710072","2030/12/31 14:59:59","11022034","10","103361","0","0","101710710","2015/12/17 15:00:00","90","0","bgm_MC086","11071007","11071","103362","101710707","-50","2","bgm_MC086","bgm_MC086","0","崩豹山巔 71-7","0"
"101710807","100790","110710081","0","0","10","0","0","0","101710801","215","10","bgm_MC086","0","101710804","110710081","12040033","211001000","0","110710083","103333","103332","25013","100","bgm_MC086","208","0","11007034","0","bgm_MC086","110710082","2030/12/31 14:59:59","11010034","10","103331","0","0","101710810","2015/12/17 15:00:00","90","0","bgm_MC086","11071008","11071","103332","101710808","-50","2","bgm_MC086","bgm_MC086","0","崩豹山巔 71-8","0"
"101710909","100800","110710091","0","0","10","0","0","0","101710901","215","10","bgm_MC086","0","101710904","110710091","12028033","211001000","0","110710093","103363","103362","25014","100","bgm_MC086","371","0","12013034","0","bgm_MC086","110710092","2030/12/31 14:59:59","12004034","10","103361","0","0","101710910","2015/12/17 15:00:00","90","0","bgm_MC086","11071009","11071","103362","101710908","-50","2","bgm_MC086","bgm_MC086","0","崩豹山巔 71-9","0"
"0","100790","110710101","9071156","0","10","0","0","0","101711010","215","10","bgm_MC087","0","0","110710101","12037033","211001000","0","110710103","103353","103352","25015","-28","bgm_MC087","490","0","12016034","0","bgm_MC087","110710102","2030/12/31 14:59:59","12019034","10","103351","0","0","0","2015/12/17 15:00:00","90","0","bgm_MC087","11071010","11071","103352","0","-50","2","bgm_MC087","bgm_MC087","0","崩豹山巔 71-10","9071155"
"101720106","100800","110720011","0","0","10","0","0","0","101720102","215","10","bgm_MC086","0","101720104","110720011","12013034","211001000","0","110720013","103363","103362","0","74","bgm_MC086","-687","0","12019034","0","bgm_MC086","110720012","2030/12/31 14:59:59","11010034","10","103361","0","0","101720110","2015/12/17 15:00:00","90","0","bgm_MC086","11072001","11072","103362","101720108","-50","2","bgm_MC086","bgm_MC086","0","怒錐山岳 72-1","0"
"101720206","100800","110720021","0","0","10","0","0","0","101720201","215","10","bgm_MC086","0","101720204","110720021","12004034","211001000","0","110720023","103363","103362","0","-10","bgm_MC086","-557","0","12016034","0","bgm_MC086","110720022","2030/12/31 14:59:59","11007034","10","103361","0","0","101720210","2015/12/17 15:00:00","90","0","bgm_MC086","11072002","11072","103362","101720208","-50","2","bgm_MC086","bgm_MC086","0","怒錐山岳 72-2","0"
"101720306","100800","110720031","0","0","10","0","0","0","101720303","215","10","bgm_MC086","0","101720305","110720031","11001034","211001000","0","110720033","103363","103362","0","79","bgm_MC086","-423","0","11058034","0","bgm_MC086","110720032","2030/12/31 14:59:59","11055034","10","103361","0","0","101720310","2015/12/17 15:00:00","90","0","bgm_MC086","11072003","11072","103362","101720308","-50","2","bgm_MC086","bgm_MC086","0","怒錐山岳 72-3","0"
"101720406","100800","110720041","0","0","10","0","0","0","101720403","215","10","bgm_MC086","0","101720404","110720041","11025034","211001000","0","110720043","103363","103362","0","-59","bgm_MC086","-323","0","11061034","0","bgm_MC086","110720042","2030/12/31 14:59:59","11058034","10","103361","0","0","101720410","2015/12/17 15:00:00","90","0","bgm_MC086","11072004","11072","103362","101720408","-50","2","bgm_MC086","bgm_MC086","0","怒錐山岳 72-4","0"
"101720507","100790","110720051","0","0","10","0","0","0","101720502","215","10","bgm_MC086","0","101720504","110720051","11022034","211001000","0","110720053","103333","103332","0","104","bgm_MC086","-93","0","11055034","0","bgm_MC086","110720052","2030/12/31 14:59:59","11061034","10","103331","0","0","101720510","2015/12/17 15:00:00","90","0","bgm_MC086","11072005","11072","103332","101720508","-50","2","bgm_MC086","bgm_MC086","0","怒錐山岳 72-5","0"
"101720606","100800","110720061","0","0","10","0","0","0","101720602","215","10","bgm_MC086","0","101720605","110720061","11058034","211001000","0","110720063","103363","103362","25011","-79","bgm_MC086","-31","0","11055034","0","bgm_MC086","110720062","2030/12/31 14:59:59","11034034","10","103361","0","0","101720610","2015/12/17 15:00:00","90","0","bgm_MC086","11072006","11072","103362","101720609","-50","2","bgm_MC086","bgm_MC086","0","怒錐山岳 72-6","0"
"101720707","100800","110720071","0","0","10","0","0","0","101720702","215","10","bgm_MC086","0","101720705","110720071","11061034","211001000","0","110720073","103363","103362","25012","-106","bgm_MC086","137","0","12037034","0","bgm_MC086","110720072","2030/12/31 14:59:59","11052034","10","103361","0","0","101720710","2015/12/17 15:00:00","90","0","bgm_MC086","11072007","11072","103362","101720709","-50","2","bgm_MC086","bgm_MC086","0","怒錐山岳 72-7","0"
"101720806","100790","110720081","0","0","10","0","0","0","101720801","215","10","bgm_MC086","0","101720804","110720081","11055034","211001000","0","110720083","103333","103332","25013","90","bgm_MC086","249","0","11052034","0","bgm_MC086","110720082","2030/12/31 14:59:59","11034034","10","103331","0","0","101720809","2015/12/17 15:00:00","90","0","bgm_MC086","11072008","11072","103332","101720808","-50","2","bgm_MC086","bgm_MC086","0","怒錐山岳 72-8","0"
"101720907","100790","110720091","0","0","10","0","0","0","101720903","215","10","bgm_MC086","0","101720905","110720091","11061034","211001000","0","110720093","103333","103332","25014","76","bgm_MC086","410","0","12049034","0","bgm_MC086","110720092","2030/12/31 14:59:59","12037034","10","103331","0","0","101720910","2015/12/17 15:00:00","90","0","bgm_MC086","11072009","11072","103332","101720908","-50","2","bgm_MC086","bgm_MC086","0","怒錐山岳 72-9","0"
"101721009","100790","110720101","9072156","0","10","0","0","0","101721010","215","10","bgm_MC087","0","101721008","110720101","11058034","211001000","0","110720103","103353","103352","25015","59","bgm_MC087","603","0","12031034","0","bgm_MC087","110720102","2030/12/31 14:59:59","12028034","10","103351","0","0","0","2015/12/17 15:00:00","90","0","bgm_MC087","11072010","11072","103352","0","-50","2","bgm_MC087","bgm_MC087","0","怒錐山岳 72-10","9072155"
"101730106","100890","110730011","0","0","10","0","0","0","101730102","215","10","bgm_MC202","0","101730104","110730011","12028034","211001000","0","110730013","103603","103602","0","-85","bgm_MC202","-677","0","11034034","0","bgm_MC202","110730012","2030/12/31 14:59:59","11001035","10","103601","0","0","101730109","2015/12/17 15:00:00","90","0","bgm_MC202","11073001","11073","103602","101730108","-50","2","bgm_MC202","bgm_MC202","0","久遠冰河‧南端 73-1","0"
"101730206","100900","110730021","0","0","10","0","0","0","101730201","215","10","bgm_MC202","0","101730204","110730021","11052034","211001000","0","110730023","103583","103582","0","68","bgm_MC202","-507","0","11025035","0","bgm_MC202","110730022","2030/12/31 14:59:59","11022035","10","103581","0","0","101730209","2015/12/17 15:00:00","90","0","bgm_MC202","11073002","11073","103582","101730207","-50","2","bgm_MC202","bgm_MC202","0","久遠冰河‧南端 73-2","0"
"101730306","100890","110730031","0","0","10","0","0","0","101730303","215","10","bgm_MC202","0","101730305","110730031","12031034","211001000","0","110730033","103603","103602","0","48","bgm_MC202","-347","0","11007035","0","bgm_MC202","110730032","2030/12/31 14:59:59","11010035","10","103601","0","0","101730310","2015/12/17 15:00:00","90","0","bgm_MC202","11073003","11073","103602","101730308","-50","2","bgm_MC202","bgm_MC202","0","久遠冰河‧南端 73-3","0"
"101730405","100900","110730041","0","0","10","0","0","0","101730402","215","10","bgm_MC202","0","101730404","110730041","12037034","211001000","0","110730043","103583","103582","0","-97","bgm_MC202","-358","0","12013035","0","bgm_MC202","110730042","2030/12/31 14:59:59","12004035","10","103581","0","0","101730409","2015/12/17 15:00:00","90","0","bgm_MC202","11073004","11073","103582","101730408","-50","2","bgm_MC202","bgm_MC202","0","久遠冰河‧南端 73-4","0"
"101730506","100890","110730051","0","0","10","0","0","0","101730501","215","10","bgm_MC202","0","101730505","110730051","12049034","211001000","0","110730053","103603","103602","0","-171","bgm_MC202","-42","0","12016035","0","bgm_MC202","110730052","2030/12/31 14:59:59","12019035","10","103601","0","0","101730509","2015/12/17 15:00:00","90","0","bgm_MC202","11073005","11073","103602","101730508","-50","2","bgm_MC202","bgm_MC202","0","久遠冰河‧南端 73-5","0"
"101730606","100900","110730061","0","0","10","0","0","0","101730603","215","10","bgm_MC202","0","101730606","110730061","11007035","211001000","0","110730063","103583","103582","25011","-8","bgm_MC202","53","0","11010035","0","bgm_MC202","110730062","2030/12/31 14:59:59","11001035","10","103581","0","0","101730609","2015/12/17 15:00:00","90","0","bgm_MC202","11073006","11073","103582","101730608","-50","2","bgm_MC202","bgm_MC202","0","久遠冰河‧南端 73-6","0"
"101730706","100890","110730071","0","0","10","0","0","0","101730702","215","10","bgm_MC202","0","101730703","110730071","12019035","211001000","0","110730073","103603","103602","25012","-137","bgm_MC202","189","0","11025035","0","bgm_MC202","110730072","2030/12/31 14:59:59","11022035","10","103601","0","0","101730709","2015/12/17 15:00:00","90","0","bgm_MC202","11073007","11073","103602","101730707","-50","2","bgm_MC202","bgm_MC202","0","久遠冰河‧南端 73-7","0"
"101730806","100900","110730081","0","0","10","0","0","0","101730801","215","10","bgm_MC202","0","101730805","110730081","12016035","211001000","0","110730083","103583","103582","25013","-76","bgm_MC202","314","0","11058035","0","bgm_MC202","110730082","2030/12/31 14:59:59","11055035","10","103581","0","0","101730809","2015/12/17 15:00:00","90","0","bgm_MC202","11073008","11073","103582","101730808","-50","2","bgm_MC202","bgm_MC202","0","久遠冰河‧南端 73-8","0"
"101730905","100890","110730091","0","0","10","0","0","0","101730901","215","10","bgm_MC202","0","101730903","110730091","12013035","211001000","0","110730093","103603","103602","25014","80","bgm_MC202","346","0","11061035","0","bgm_MC202","110730092","2030/12/31 14:59:59","11058035","10","103601","0","0","101730910","2015/12/17 15:00:00","90","0","bgm_MC202","11073009","11073","103602","101730907","-50","2","bgm_MC202","bgm_MC202","0","久遠冰河‧南端 73-9","0"
"0","100900","110730101","9073156","0","10","0","0","0","101731010","215","10","bgm_MC203","0","0","110730101","12004035","211001000","0","110730103","103583","103582","25015","-171","bgm_MC203","499","0","11055035","0","bgm_MC203","110730102","2030/12/31 14:59:59","11061035","10","103581","0","0","0","2015/12/17 15:00:00","90","0","bgm_MC203","11073010","11073","103582","0","-50","2","bgm_MC203","bgm_MC203","0","久遠冰河‧南端 73-10","9073155"
"101740107","100900","110740011","0","0","10","0","0","0","101740103","215","10","bgm_MC202","0","101740104","110740011","11058035","211001000","0","110740013","103583","103582","0","58","bgm_MC202","-459","0","11055035","0","bgm_MC202","110740012","2030/12/31 14:59:59","11043035","10","103581","0","0","101740109","2015/12/17 15:00:00","90","0","bgm_MC202","11074001","11074","103582","101740108","-50","2","bgm_MC202","bgm_MC202","0","幽魂濕地 74-1","0"
"101740206","100900","110740021","0","0","10","0","0","0","101740201","215","10","bgm_MC202","0","101740204","110740021","11061035","211001000","0","110740023","103583","103582","0","-84","bgm_MC202","-531","0","12037035","0","bgm_MC202","110740022","2030/12/31 14:59:59","11052035","10","103581","0","0","101740210","2015/12/17 15:00:00","90","0","bgm_MC202","11074002","11074","103582","101740207","-50","2","bgm_MC202","bgm_MC202","0","幽魂濕地 74-2","0"
"101740306","100890","110740031","0","0","10","0","0","0","101740301","215","10","bgm_MC202","0","101740302","110740031","11055035","211001000","0","110740033","103603","103602","0","-170","bgm_MC202","-338","0","11052035","0","bgm_MC202","110740032","2030/12/31 14:59:59","11043035","10","103601","0","0","101740310","2015/12/17 15:00:00","90","0","bgm_MC202","11074003","11074","103602","101740307","-50","2","bgm_MC202","bgm_MC202","0","幽魂濕地 74-3","0"
"101740406","100900","110740041","0","0","10","0","0","0","101740401","215","10","bgm_MC202","0","101740404","110740041","11061035","211001000","0","110740043","103583","103582","0","62","bgm_MC202","-298","0","12040035","0","bgm_MC202","110740042","2030/12/31 14:59:59","12037035","10","103581","0","0","101740410","2015/12/17 15:00:00","90","0","bgm_MC202","11074004","11074","103582","101740408","-50","2","bgm_MC202","bgm_MC202","0","幽魂濕地 74-4","0"
"101740506","100900","110740051","0","0","10","0","0","0","101740501","215","10","bgm_MC202","0","101740504","110740051","11058035","211001000","0","110740053","103583","103582","0","90","bgm_MC202","-58","0","12031035","0","bgm_MC202","110740052","2030/12/31 14:59:59","12028035","10","103581","0","0","101740510","2015/12/17 15:00:00","90","0","bgm_MC202","11074005","11074","103582","101740507","-50","2","bgm_MC202","bgm_MC202","0","幽魂濕地 74-5","0"
"101740606","100890","110740061","0","0","10","0","0","0","101740603","215","10","bgm_MC202","0","101740605","110740061","12031035","211001001","0","110740063","103603","103602","25011","-135","bgm_MC202","95","0","11043035","0","bgm_MC202","110740062","2030/12/31 14:59:59","11001036","10","103601","0","0","101740608","2015/12/17 15:00:00","90","0","bgm_MC202","11074006","11074","103602","101740607","-50","2","bgm_MC202","bgm_MC202","0","幽魂濕地 74-6","0"
"101740706","100890","110740071","0","0","10","0","0","0","101740701","215","10","bgm_MC202","0","101740705","110740071","12037035","211001001","0","110740073","103603","103602","25012","-82","bgm_MC202","250","0","11025036","0","bgm_MC202","110740072","2030/12/31 14:59:59","11022036","10","103601","0","0","101740709","2015/12/17 15:00:00","90","0","bgm_MC202","11074007","11074","103602","101740707","-50","2","bgm_MC202","bgm_MC202","0","幽魂濕地 74-7","0"
"101740806","100890","110740081","0","0","10","0","0","0","101740801","215","10","bgm_MC202","0","101740804","110740081","12040035","211001001","0","110740083","103603","103602","25013","73","bgm_MC202","324","0","11007036","0","bgm_MC202","110740082","2030/12/31 14:59:59","11010036","10","103601","0","0","101740809","2015/12/17 15:00:00","90","0","bgm_MC202","11074008","11074","103602","101740807","-50","2","bgm_MC202","bgm_MC202","0","幽魂濕地 74-8","0"
"101740906","100900","110740091","0","0","10","0","0","0","101740904","215","10","bgm_MC202","0","101740905","110740091","12028035","211001001","0","110740093","103583","103582","25014","44","bgm_MC202","497","0","12013036","0","bgm_MC202","110740092","2030/12/31 14:59:59","12004036","10","103581","0","0","101740909","2015/12/17 15:00:00","90","0","bgm_MC202","11074009","11074","103582","101740908","-50","2","bgm_MC202","bgm_MC202","0","幽魂濕地 74-9","0"
"101741009","100900","110740101","9074156","0","10","0","0","0","101741010","215","10","bgm_MC203","0","101741008","110740101","11052035","211001001","0","110740103","103583","103582","25015","-116","bgm_MC203","570","0","12016036","0","bgm_MC203","110740102","2030/12/31 14:59:59","12019036","10","103581","0","0","0","2015/12/17 15:00:00","90","0","bgm_MC203","11074010","11074","103582","0","-50","2","bgm_MC203","bgm_MC203","0","幽魂濕地 74-10","9074155"
"101750105","100900","110750011","0","0","10","0","0","0","101750104","215","10","bgm_MC202","0","101750103","110750011","12013036","211001001","0","110750013","103583","103582","0","108","bgm_MC202","-550","0","12019036","0","bgm_MC202","110750012","2030/12/31 14:59:59","11010036","10","103581","0","0","101750110","2015/12/17 15:00:00","90","0","bgm_MC202","11075001","11075","103582","101750108","-50","2","bgm_MC202","bgm_MC202","0","巨鯨城‧近郊 75-1","0"
"101750205","100900","110750021","0","0","10","0","0","0","101750203","215","10","bgm_MC202","0","101750202","110750021","12004036","211001001","0","110750023","103583","103582","0","-100","bgm_MC202","-527","0","12016036","0","bgm_MC202","110750022","2030/12/31 14:59:59","11007036","10","103581","0","0","101750209","2015/12/17 15:00:00","90","0","bgm_MC202","11075002","11075","103582","101750207","-50","2","bgm_MC202","bgm_MC202","0","巨鯨城‧近郊 75-2","0"
"101750308","100900","110750031","0","0","10","0","0","0","101750302","215","10","bgm_MC202","0","101750305","110750031","11001036","211001001","0","110750033","103583","103582","0","-183","bgm_MC202","-323","0","11058036","0","bgm_MC202","110750032","2030/12/31 14:59:59","11055036","10","103581","0","0","101750310","2015/12/17 15:00:00","90","0","bgm_MC202","11075003","11075","103582","101750307","-50","2","bgm_MC202","bgm_MC202","0","巨鯨城‧近郊 75-3","0"
"101750407","100900","110750041","0","0","10","0","0","0","101750405","215","10","bgm_MC202","0","101750406","110750041","11025036","211001001","0","110750043","103583","103582","0","28","bgm_MC202","-372","0","11061036","0","bgm_MC202","110750042","2030/12/31 14:59:59","11058036","10","103581","0","0","101750410","2015/12/17 15:00:00","90","0","bgm_MC202","11075004","11075","103582","101750408","-50","2","bgm_MC202","bgm_MC202","0","巨鯨城‧近郊 75-4","0"
"101750506","100900","110750051","0","0","10","0","0","0","101750504","215","10","bgm_MC202","0","101750505","110750051","11022036","211001001","0","110750053","103583","103582","0","62","bgm_MC202","-64","0","11055036","0","bgm_MC202","110750052","2030/12/31 14:59:59","11061036","10","103581","0","0","101750508","2015/12/17 15:00:00","90","0","bgm_MC202","11075005","11075","103582","101750507","-50","2","bgm_MC202","bgm_MC202","0","巨鯨城‧近郊 75-5","0"
"101750607","100890","110750061","0","0","10","0","0","0","101750602","215","10","bgm_MC202","0","101750605","110750061","11058036","211001001","0","110750063","103603","103602","25011","-129","bgm_MC202","66","0","11055036","0","bgm_MC202","110750062","2030/12/31 14:59:59","11034036","10","103601","0","0","101750610","2015/12/17 15:00:00","90","0","bgm_MC202","11075006","11075","103602","101750609","-50","2","bgm_MC202","bgm_MC202","0","巨鯨城‧近郊 75-6","0"
"101750707","100890","110750071","0","0","10","0","0","0","101750703","215","10","bgm_MC202","0","101750704","110750071","11061036","211001001","0","110750073","103603","103602","25012","-156","bgm_MC202","257","0","12037036","0","bgm_MC202","110750072","2030/12/31 14:59:59","11046036","10","103601","0","0","101750708","2015/12/17 15:00:00","90","0","bgm_MC202","11075007","11075","103602","101750710","-50","2","bgm_MC202","bgm_MC202","0","巨鯨城‧近郊 75-7","0"
"101750807","100890","110750081","0","0","10","0","0","0","101750803","215","10","bgm_MC202","0","101750806","110750081","11055036","211001001","0","110750083","103603","103602","25013","82","bgm_MC202","288","0","11046036","0","bgm_MC202","110750082","2030/12/31 14:59:59","11034036","10","103601","0","0","101750809","2015/12/17 15:00:00","90","0","bgm_MC202","11075008","11075","103602","101750810","-50","2","bgm_MC202","bgm_MC202","0","巨鯨城‧近郊 75-8","0"
"101750908","100890","110750091","0","0","10","0","0","0","101750906","215","10","bgm_MC202","0","101750903","110750091","11058036","211001001","0","110750093","103603","103602","25014","-106","bgm_MC202","433","0","12040036","0","bgm_MC202","110750092","2030/12/31 14:59:59","12037036","10","103601","0","0","101750910","2015/12/17 15:00:00","90","0","bgm_MC202","11075009","11075","103602","101750909","-50","2","bgm_MC202","bgm_MC202","0","巨鯨城‧近郊 75-9","0"
"0","100900","110750101","9075156","0","10","0","0","0","101751010","215","10","bgm_MC203","0","0","110750101","11061036","211001001","0","110750103","103583","103582","25015","-95","bgm_MC203","753","0","12031036","0","bgm_MC203","110750102","2030/12/31 14:59:59","12028036","10","103581","0","0","0","2015/12/17 15:00:00","90","0","bgm_MC203","11075010","11075","103582","0","-50","2","bgm_MC203","bgm_MC203","0","巨鯨城‧近郊 75-10","9075155"
"101760108","100900","110760011","0","0","10","0","0","0","101760103","215","10","bgm_MC202","0","101760105","110760011","11046036","211001001","0","110760013","103583","103582","0","-65","bgm_MC202","-804","0","11034036","0","bgm_MC202","110760012","2030/12/31 14:59:59","11022037","10","103581","0","0","101760110","2015/12/17 15:00:00","90","0","bgm_MC202","11076001","11076","103582","101760109","-50","2","bgm_MC202","bgm_MC202","0","被遺忘的城鎮 76-1","0"
"101760206","100900","110760021","0","0","10","0","0","0","101760203","215","10","bgm_MC202","0","101760204","110760021","12037036","211001001","0","110760023","103583","103582","0","120","bgm_MC202","-725","0","12004037","0","bgm_MC202","110760022","2030/12/31 14:59:59","11001037","10","103581","0","0","101760210","2015/12/17 15:00:00","90","0","bgm_MC202","11076002","11076","103582","101760209","-50","2","bgm_MC202","bgm_MC202","0","被遺忘的城鎮 76-2","0"
"101760306","100890","110760031","0","0","10","0","0","0","101760304","215","10","bgm_MC202","0","101760307","110760031","12028036","211001001","0","110760033","103603","103602","0","168","bgm_MC202","-502","0","12013037","0","bgm_MC202","110760032","2030/12/31 14:59:59","11025037","10","103601","0","0","101760310","2015/12/17 15:00:00","90","0","bgm_MC202","11076003","11076","103602","101760309","-50","2","bgm_MC202","bgm_MC202","0","被遺忘的城鎮 76-3","0"
"101760407","100900","110760041","0","0","10","0","0","0","101760403","215","10","bgm_MC202","0","101760406","110760041","12031036","211001001","0","110760043","103583","103582","0","14","bgm_MC202","-580","0","12016037","0","bgm_MC202","110760042","2030/12/31 14:59:59","11010037","10","103581","0","0","101760410","2015/12/17 15:00:00","90","0","bgm_MC202","11076004","11076","103582","101760408","-50","2","bgm_MC202","bgm_MC202","0","被遺忘的城鎮 76-4","0"
"101760505","100890","110760051","0","0","10","0","0","0","101760503","215","10","bgm_MC202","0","101760504","110760051","12040036","211001001","0","110760053","103603","103602","0","-130","bgm_MC202","-196","0","12019037","0","bgm_MC202","110760052","2030/12/31 14:59:59","11007037","10","103601","0","0","101760510","2015/12/17 15:00:00","90","0","bgm_MC202","11076005","11076","103602","101760507","-50","2","bgm_MC202","bgm_MC202","0","被遺忘的城鎮 76-5","0"
"101760606","100900","110760061","0","0","10","0","0","0","101760603","215","10","bgm_MC202","0","101760605","110760061","11007037","211001001","0","110760063","103583","103582","25011","-217","bgm_MC202","-48","0","11010037","0","bgm_MC202","110760062","2030/12/31 14:59:59","11022037","10","103581","0","0","101760610","2015/12/17 15:00:00","90","0","bgm_MC202","11076006","11076","103582","101760608","-50","2","bgm_MC202","bgm_MC202","0","被遺忘的城鎮 76-6","0"
"101760708","100890","110760071","0","0","10","0","0","0","101760703","215","10","bgm_MC202","0","101760706","110760071","12019037","211001001","0","110760073","103603","103602","25012","-217","bgm_MC202","228","0","11025037","0","bgm_MC202","110760072","2030/12/31 14:59:59","11001037","10","103601","0","0","101760710","2015/12/17 15:00:00","90","0","bgm_MC202","11076007","11076","103602","101760709","-50","2","bgm_MC202","bgm_MC202","0","被遺忘的城鎮 76-7","0"
"101760805","100900","110760081","0","0","10","0","0","0","101760802","215","10","bgm_MC202","0","101760804","110760081","12016037","211001001","0","110760083","103583","103582","25013","37","bgm_MC202","230","0","11058037","0","bgm_MC202","110760082","2030/12/31 14:59:59","11055037","10","103581","0","0","101760809","2015/12/17 15:00:00","90","0","bgm_MC202","11076008","11076","103582","101760807","-50","2","bgm_MC202","bgm_MC202","0","被遺忘的城鎮 76-8","0"
"101760905","100890","110760091","0","0","10","0","0","0","101760903","215","10","bgm_MC202","0","101760904","110760091","12013037","211001001","0","110760093","103603","103602","25014","-101","bgm_MC202","347","0","11061037","0","bgm_MC202","110760092","2030/12/31 14:59:59","11058037","10","103601","0","0","101760909","2015/12/17 15:00:00","90","0","bgm_MC202","11076009","11076","103602","101760908","-50","2","bgm_MC202","bgm_MC202","0","被遺忘的城鎮 76-9","0"
"101761009","100900","110760101","9076156","0","10","0","0","0","101761010","215","10","bgm_MC203","0","101761008","110760101","12004037","211001001","0","110760103","103583","103582","25015","96","bgm_MC203","415","0","11055037","0","bgm_MC203","110760102","2030/12/31 14:59:59","11061037","10","103581","0","0","0","2015/12/17 15:00:00","90","0","bgm_MC203","11076010","11076","103582","0","-50","2","bgm_MC203","bgm_MC203","0","被遺忘的城鎮 76-10","9076155"
"101770108","100900","110770011","0","0","10","0","0","0","101770106","215","10","bgm_MC202","0","101770107","110770011","11058037","211001001","0","110770013","103583","103582","0","58","bgm_MC202","-687","0","11055037","0","bgm_MC202","110770012","2030/12/31 14:59:59","11034037","10","103581","0","0","101770110","2015/12/17 15:00:00","90","0","bgm_MC202","11077001","11077","103582","101770109","-50","2","bgm_MC202","bgm_MC202","0","面對黑曜的山丘 77-1","0"
"101770207","100900","110770021","0","0","10","0","0","0","101770203","215","10","bgm_MC202","0","101770205","110770021","11061037","211001001","0","110770023","103583","103582","0","84","bgm_MC202","-417","0","12037037","0","bgm_MC202","110770022","2030/12/31 14:59:59","11046037","10","103581","0","0","101770210","2015/12/17 15:00:00","90","0","bgm_MC202","11077002","11077","103582","101770208","-50","2","bgm_MC202","bgm_MC202","0","面對黑曜的山丘 77-2","0"
"101770305","100900","110770031","0","0","10","0","0","0","101770302","215","10","bgm_MC202","0","101770303","110770031","11055037","211001001","0","110770033","103583","103582","0","-61","bgm_MC202","-275","0","11046037","0","bgm_MC202","110770032","2030/12/31 14:59:59","11034037","10","103581","0","0","101770306","2015/12/17 15:00:00","90","0","bgm_MC202","11077003","11077","103582","101770308","-50","2","bgm_MC202","bgm_MC202","0","面對黑曜的山丘 77-3","0"
"101770407","100900","110770041","0","0","10","0","0","0","101770403","215","10","bgm_MC202","0","101770406","110770041","11058037","211001001","0","110770043","103583","103582","0","-76","bgm_MC202","-546","0","12049037","0","bgm_MC202","110770042","2030/12/31 14:59:59","12037037","10","103581","0","0","101770409","2015/12/17 15:00:00","90","0","bgm_MC202","11077004","11077","103582","101770408","-50","2","bgm_MC202","bgm_MC202","0","面對黑曜的山丘 77-4","0"
"101770506","100900","110770051","0","0","10","0","0","0","101770503","215","10","bgm_MC202","0","101770505","110770051","11061037","211001001","0","110770053","103583","103582","0","-149","bgm_MC202","-129","0","12031037","0","bgm_MC202","110770052","2030/12/31 14:59:59","12028037","10","103581","0","0","101770510","2015/12/17 15:00:00","90","0","bgm_MC202","11077005","11077","103582","101770509","-50","2","bgm_MC202","bgm_MC202","0","面對黑曜的山丘 77-5","0"
"101770607","100900","110770061","0","0","10","0","0","0","101770603","215","10","bgm_MC202","0","101770605","110770061","11046037","211001001","0","110770063","103583","103582","25011","58","bgm_MC202","-59","0","11034037","0","bgm_MC202","110770062","2030/12/31 14:59:59","11022038","10","103581","0","0","101770610","2015/12/17 15:00:00","90","0","bgm_MC202","11077006","11077","103582","101770608","-50","2","bgm_MC202","bgm_MC202","0","面對黑曜的山丘 77-6","0"
"101770706","100890","110770071","0","0","10","0","0","0","101770703","215","10","bgm_MC202","0","101770705","110770071","12037037","211001001","0","110770073","103603","103602","25012","32","bgm_MC202","174","0","12004038","0","bgm_MC202","110770072","2030/12/31 14:59:59","11001038","10","103601","0","0","101770710","2015/12/17 15:00:00","90","0","bgm_MC202","11077007","11077","103602","101770708","-50","2","bgm_MC202","bgm_MC202","0","面對黑曜的山丘 77-7","0"
"101770807","100900","110770081","0","0","10","0","0","0","101770803","215","10","bgm_MC202","0","101770805","110770081","12028037","211001001","0","110770083","103583","103582","25013","-147","bgm_MC202","278","0","12013038","0","bgm_MC202","110770082","2030/12/31 14:59:59","11025038","10","103581","0","0","101770810","2015/12/17 15:00:00","90","0","bgm_MC202","11077008","11077","103582","101770809","-50","2","bgm_MC202","bgm_MC202","0","面對黑曜的山丘 77-8","0"
"101770905","100890","110770091","0","0","10","0","0","0","101770902","215","10","bgm_MC202","0","101770904","110770091","12031037","211001001","0","110770093","103603","103602","25014","35","bgm_MC202","390","0","12016038","0","bgm_MC202","110770092","2030/12/31 14:59:59","11010038","10","103601","0","0","101770910","2015/12/17 15:00:00","90","0","bgm_MC202","11077009","11077","103602","101770909","-50","2","bgm_MC202","bgm_MC202","0","面對黑曜的山丘 77-9","0"
"0","100900","110770101","9077156","0","10","0","0","0","101771010","215","10","bgm_MC203","0","0","110770101","12049037","211001001","0","110770103","103583","103582","25015","-107","bgm_MC203","863","0","12019038","0","bgm_MC203","110770102","2030/12/31 14:59:59","11007038","10","103581","0","0","0","2015/12/17 15:00:00","90","0","bgm_MC203","11077010","11077","103582","0","-50","2","bgm_MC203","bgm_MC203","0","面對黑曜的山丘 77-10","9077155"
"101780106","100900","110780011","0","0","10","0","0","0","101780103","215","10","bgm_MC202","0","101780105","110780011","11022038","211001001","0","110780013","103583","103582","0","114","bgm_MC202","-639","0","11058038","0","bgm_MC202","110780012","2030/12/31 14:59:59","11055038","10","103581","0","0","101780110","2015/12/17 15:00:00","90","0","bgm_MC202","11078001","11078","103582","101780109","-50","2","bgm_MC202","bgm_MC202","0","屍蠟的沉眠之城 78-1","0"
"101780206","100900","110780021","0","0","10","0","0","0","101780201","215","10","bgm_MC202","0","101780203","110780021","11001038","211001001","0","110780023","103583","103582","25011","-44","bgm_MC202","-555","0","11061038","0","bgm_MC202","110780022","2030/12/31 14:59:59","11058038","10","103581","0","0","101780210","2015/12/17 15:00:00","90","0","bgm_MC202","11078002","11078","103582","101780208","-50","2","bgm_MC202","bgm_MC202","0","屍蠟的沉眠之城 78-2","0"
"101780307","100900","110780031","0","0","10","0","0","0","101780304","215","10","bgm_MC202","0","101780303","110780031","11025038","211001001","0","110780033","103583","103582","25012","102","bgm_MC202","-214","0","11055038","0","bgm_MC202","110780032","2030/12/31 14:59:59","11061038","10","103581","0","0","101780308","2015/12/17 15:00:00","90","0","bgm_MC202","11078003","11078","103582","101780310","-50","2","bgm_MC202","bgm_MC202","0","屍蠟的沉眠之城 78-3","0"
"0","100900","0","0","0","0","0","0","0","0","0","0","0","0","0","0","0","0","0","0","0","0","0","115","0","6","0","0","0","0","0","2030/12/31 14:59:59","0","0","103581","0","0","0","2015/12/17 15:00:00","0","0","0","11078004","11078","0","0","0","0","0","0","0","屍蠟的沉眠之城 78-4","0"
"0","100900","0","0","0","0","0","0","0","0","0","0","0","0","0","0","0","0","0","0","0","0","0","-4","0","143","0","0","0","0","0","2030/12/31 14:59:59","0","0","103581","0","0","0","2015/12/17 15:00:00","0","0","0","11078005","11078","0","0","0","0","0","0","0","屍蠟的沉眠之城 78-5","0"
"0","100900","0","0","0","0","0","0","0","0","0","0","0","0","0","0","0","0","0","0","0","0","0","-151","0","292","0","0","0","0","0","2030/12/31 14:59:59","0","0","103581","0","0","0","2015/12/17 15:00:00","0","0","0","11078006","11078","0","0","0","0","0","0","0","屍蠟的沉眠之城 78-6","0"
"0","100900","0","0","0","0","0","0","0","0","0","0","0","0","0","0","0","0","0","0","0","0","0","73","0","332","0","0","0","0","0","2030/12/31 14:59:59","0","0","103581","0","0","0","2015/12/17 15:00:00","0","0","0","11078007","11078","0","0","0","0","0","0","0","屍蠟的沉眠之城 78-7","0"
"0","100900","0","0","0","0","0","0","0","0","0","0","0","0","0","0","0","0","0","0","0","0","0","49","0","543","0","0","0","0","0","2030/12/31 14:59:59","0","0","103581","0","0","0","2015/12/17 15:00:00","0","0","0","11078008","11078","0","0","0","0","0","0","0","屍蠟的沉眠之城 78-8","0"
"0","100900","0","0","0","0","0","0","0","0","0","0","0","0","0","0","0","0","0","0","0","0","0","-74","0","892","0","0","0","0","0","2030/12/31 14:59:59","0","0","103581","0","0","0","2015/12/17 15:00:00","0","0","0","11078009","11078","0","0","0","0","0","0","0","屍蠟的沉眠之城 78-9","0"
"102010105","100010","120010011","9101016","0","16","0","0","3","102010107","240","16","bgm_M06","0","102010105","120010011","101281","211001000","0","120010013","100913","100912","101431","-100","bgm_M06","-310","0","101161","0","bgm_M06","120010012","2030/12/31 14:59:59","31059","16","100911","0","0","0","2015/12/17 15:00:00","90","0","bgm_M06","12001001","12001","100912","102010106","0","0","bgm_M06","bgm_M06","0","朱諾平原 1-1","9101015"
"102010205","100010","120010021","0","0","16","0","0","3","102010207","240","16","bgm_M06","0","102010206","120010021","101581","211001000","0","120010023","100919","100918","101551","0","bgm_M06","-20","0","101281","0","bgm_M06","120010022","2030/12/31 14:59:59","31021","16","100917","0","0","0","2015/12/17 15:00:00","90","0","bgm_M06","12001002","12001","100918","102010204","0","0","bgm_M06","bgm_M06","0","朱諾平原 1-2","0"
"0","100020","120010031","0","0","16","0","0","3","102010301","240","16","bgm_M17_02","0","102010309","120010031","101431","211001000","0","120010033","100369","100368","102581","-75","bgm_M17","285","0","102131","0","bgm_M17","120010032","2030/12/31 14:59:59","31040","16","100367","0","0","0","2015/12/17 15:00:00","90","0","bgm_M63","12001003","12001","100368","0","0","0","bgm_M17_02","bgm_M63","0","朱諾平原 1-3","0"
"102020102","100010","120020011","0","0","16","0","0","3","102020107","260","16","bgm_M06","0","102020101","120020011","122311","211001000","0","120020013","100893","100892","102551","-5","bgm_M06","-265","0","102011","0","bgm_M06","120020012","2030/12/31 14:59:59","31003","16","100891","0","0","0","2015/12/17 15:00:00","90","0","bgm_M06","12002001","12002","100892","0","0","0","bgm_M06","bgm_M06","0","帕拉斯高原 2-1","0"
"102020204","100030","120020021","0","0","16","0","0","3","102020208","260","16","bgm_M06","0","102020204","120020021","122371","211001000","0","120020023","100733","100732","102611","-130","bgm_M06","-15","0","102251","0","bgm_M06","120020022","2030/12/31 14:59:59","31002","16","100731","0","0","0","2015/12/17 15:00:00","90","0","bgm_M06","12002002","12002","100732","102020207","0","0","bgm_M06","bgm_M06","0","帕拉斯高原 2-2","0"
"102020305","100030","120020031","0","0","16","0","0","3","102020301","260","16","bgm_M17_02","0","102020308","120020031","102071","211001000","0","120020033","100383","100382","102582","-95","bgm_M17","330","0","122493","0","bgm_M17","120020032","2030/12/31 14:59:59","31028","16","100381","0","0","0","2015/12/17 15:00:00","90","0","bgm_M63","12002003","12002","100382","0","0","0","bgm_M17_02","bgm_M63","0","帕拉斯高原 2-3","0"
"102030105","100010","120030011","0","0","16","0","0","3","102030110","280","16","bgm_M06","0","102030108","120030011","122311","211001000","0","120030013","100913","100912","101581","10","bgm_M06","-300","0","102013","0","bgm_M06","120030012","2030/12/31 14:59:59","31058","16","100911","0","0","0","2015/12/17 15:00:00","90","0","bgm_M06","12003001","12003","100912","102030104","0","0","bgm_M06","bgm_M06","0","赫柏丘陵 3-1","0"
"102030203","100020","120030021","0","0","16","0","0","3","102030209","280","16","bgm_M06","0","102030201","120030021","122312","211001000","0","120030023","100513","100512","102582","-110","bgm_M06","-10","0","102163","0","bgm_M06","120030022","2030/12/31 14:59:59","31052","16","100511","0","0","0","2015/12/17 15:00:00","90","0","bgm_M06","12003002","12003","100512","102030204","0","0","bgm_M06","bgm_M06","0","赫柏丘陵 3-2","0"
"102030304","100080","120030031","0","0","16","0","0","3","102030307","280","16","bgm_M17_02","0","102030308","120030031","102192","211001000","0","120030033","100393","100392","102552","-10","bgm_M17","315","0","113191","0","bgm_M17","120030032","2030/12/31 14:59:59","31020","16","100391","0","0","0","2015/12/17 15:00:00","90","0","bgm_M63","12003003","12003","100392","0","0","0","bgm_M17_02","bgm_M63","0","赫柏丘陵 3-3","0"
"102040107","100100","120040011","0","0","18","0","0","3","102040110","300","18","bgm_M06","0","102040101","120040011","102162","211001000","0","120040013","100603","100602","102552","-10","bgm_M06","-310","0","123161","0","bgm_M06","120040012","2030/12/31 14:59:59","31059","18","100601","0","0","102040105","2015/12/17 15:00:00","90","0","bgm_M06","12004001","12004","100602","102040102","0","0","bgm_M06","bgm_M06","0","維斯塔溪谷 4-1","0"
"102040205","100070","120040021","0","0","18","0","0","3","102040208","300","18","bgm_M06","0","102040202","120040021","113522","211001000","0","120040023","100733","100732","122613","40","bgm_M06","0","0","113252","0","bgm_M06","120040022","2030/12/31 14:59:59","31050","18","100731","0","0","102040201","2015/12/17 15:00:00","90","0","bgm_M06","12004002","12004","100732","102040203","0","0","bgm_M06","bgm_M06","0","維斯塔溪谷 4-2","0"
"102040306","100110","120040031","0","0","18","0","0","3","102040301","300","18","bgm_M17_02","0","102040308","120040031","123281","211001000","0","120040033","100473","100472","102041","20","bgm_M17","375","0","113401","0","bgm_M17","120040032","2030/12/31 14:59:59","31030","18","100471","0","0","0","2015/12/17 15:00:00","90","0","bgm_M63","12004003","12004","100472","0","0","0","bgm_M17_02","bgm_M63","0","維斯塔溪谷 4-3","0"
"102050107","100020","120050011","0","0","18","0","0","3","102050110","330","18","bgm_M06","0","102050108","120050011","113581","211001000","0","120050013","100366","100365","122401","-70","bgm_M06","-315","0","123282","0","bgm_M06","120050012","2030/12/31 14:59:59","31021","18","100364","0","0","0","2015/12/17 15:00:00","90","0","bgm_M06","12005001","12005","100365","102050105","0","0","bgm_M06","bgm_M06","0","刻瑞斯森林 5-1","0"
"102050204","100040","120050021","0","0","18","0","0","3","102050208","330","18","bgm_M06","0","102050201","120050021","123281","211001000","0","120050023","100753","100752","113431","35","bgm_M06","-40","0","123192","0","bgm_M06","120050022","2030/12/31 14:59:59","31048","18","100751","0","0","0","2015/12/17 15:00:00","90","0","bgm_M06","12005002","12005","100752","102050205","0","0","bgm_M06","bgm_M06","0","刻瑞斯森林 5-2","0"
"102050303","100080","120050031","0","0","18","0","0","3","102050301","330","18","bgm_M17_02","0","102050311","120050031","113551","211001000","0","120050033","100933","100932","123341","0","bgm_M17","290","0","113131","0","bgm_M17","120050032","2030/12/31 14:59:59","31038","18","100931","0","0","0","2015/12/17 15:00:00","90","0","bgm_M63","12005003","12005","100932","102050303","0","0","bgm_M17_02","bgm_M63","0","刻瑞斯森林 5-3","0"
"102060101","100040","120060011","0","0","18","0","0","3","102060110","360","18","bgm_M06","0","102060101","120060011","123371","211001000","0","120060013","100493","100492","123612","-45","bgm_M06","-285","0","113222","0","bgm_M06","120060012","2030/12/31 14:59:59","31002","18","100491","0","0","102060102","2015/12/17 15:00:00","90","0","bgm_M06","12006001","12006","100492","102060107","0","0","bgm_M06","bgm_M06","0","佛洛拉湖畔 6-1","0"
"102060207","100050","120060021","0","0","18","0","0","3","102060209","360","18","bgm_M06","0","102060206","120060021","123491","211001000","0","120060023","100433","100432","113581","-55","bgm_M06","20","0","123193","0","bgm_M06","120060022","2030/12/31 14:59:59","31033","18","100431","0","0","0","2015/12/17 15:00:00","90","0","bgm_M06","12006002","12006","100432","102060208","0","0","bgm_M06","bgm_M06","0","佛洛拉湖畔 6-2","0"
"102060304","100120","120060031","0","0","18","0","0","3","102060301","360","18","bgm_M17_02","0","102060310","120060031","113283","211001000","0","120060033","100713","100712","113552","20","bgm_M17","315","0","113013","0","bgm_M17","120060032","2030/12/31 14:59:59","31049","18","100711","0","0","0","2015/12/17 15:00:00","90","0","bgm_M63","12006003","12006","100712","0","0","0","bgm_M17_02","bgm_M63","0","佛洛拉湖畔 6-3","0"
"102070104","100030","120070011","0","0","20","0","0","3","102070108","380","20","bgm_M06","0","102070105","120070011","113012","211001000","0","120070013","100383","100382","113581","40","bgm_M06","-275","0","123583","0","bgm_M06","120070012","2030/12/31 14:59:59","31058","20","100381","0","0","102070107","2015/12/17 15:00:00","90","0","bgm_M06","12007001","12007","100382","102070101","0","0","bgm_M06","bgm_M06","0","墨提斯大瀑布 7-1","0"
"102070201","100070","120070021","0","0","20","0","0","3","102070209","380","20","bgm_M06","0","102070208","120070021","113552","211001000","0","120070023","100813","100812","123282","-95","bgm_M06","-5","0","114191","0","bgm_M06","120070022","2030/12/31 14:59:59","31027","20","100811","0","0","0","2015/12/17 15:00:00","90","0","bgm_M06","12007002","12007","100812","102070206","0","0","bgm_M06","bgm_M06","0","墨提斯大瀑布 7-2","0"
"102070305","100120","120070031","0","0","20","0","0","3","102070301","380","20","bgm_M17_02","0","102070311","120070031","123042","211001000","0","120070033","100793","100792","113401","-25","bgm_M17","355","0","114041","0","bgm_M17","120070032","2030/12/31 14:59:59","31031","20","100791","0","0","0","2015/12/17 15:00:00","90","0","bgm_M63","12007003","12007","100792","0","0","0","bgm_M17_02","bgm_M63","0","墨提斯大瀑布 7-3","0"
"102080109","100020","120080011","0","0","20","0","0","3","102080110","400","20","bgm_M06","0","102080107","120080011","123282","211001000","0","120080013","100513","100512","123582","-160","bgm_M06","-350","0","114011","0","bgm_M06","120080012","2030/12/31 14:59:59","31003","20","100511","0","0","102080109","2015/12/17 15:00:00","90","0","bgm_M06","12008001","12008","100512","102080103","0","0","bgm_M06","bgm_M06","0","伊麗絲樹海 8-1","0"
"102080202","100060","120080021","0","0","20","0","0","3","102080209","400","20","bgm_M06","0","102080205","120080021","114371","211001000","0","120080023","100773","100772","113614","-110","bgm_M06","0","0","124251","0","bgm_M06","120080022","2030/12/31 14:59:59","31008","20","100771","0","0","0","2015/12/17 15:00:00","90","0","bgm_M06","12008002","12008","100772","102080207","0","0","bgm_M06","bgm_M06","0","伊麗絲樹海 8-2","0"
"102080305","100090","120080031","0","0","20","0","0","3","102080301","400","20","bgm_M17_02","0","102080309","120080031","113401","211001000","0","120080033","100453","100452","113553","-30","bgm_M17","310","0","114011","0","bgm_M17","120080032","2030/12/31 14:59:59","31032","20","100451","0","0","0","2015/12/17 15:00:00","90","0","bgm_M63","12008003","12008","100452","0","0","0","bgm_M17_02","bgm_M63","0","伊麗絲樹海 8-3","0"
"102090101","100130","120090011","0","0","20","0","0","3","102090107","410","20","bgm_M06","0","102090102","120090011","124431","211001000","0","120090013","100853","100852","113553","0","bgm_M06","-350","0","114132","0","bgm_M06","120090012","2030/12/31 14:59:59","31040","20","100851","0","0","102090106","2015/12/17 15:00:00","90","0","bgm_M06","12009001","12009","100852","102090101","-50","0","bgm_M06","bgm_M06","0","弗麗嘉雪原 9-1","0"
"102090201","100140","120090021","0","0","20","0","0","3","102090207","410","20","bgm_M06","0","102090201","120090021","124491","211001000","0","120090023","100933","100932","123583","-110","bgm_M06","0","0","124192","0","bgm_M06","120090022","2030/12/31 14:59:59","31020","20","100931","0","0","102090206","2015/12/17 15:00:00","90","0","bgm_M06","12009002","12009","100932","102090205","0","0","bgm_M06","bgm_M06","0","弗麗嘉雪原 9-2","0"
"102090302","100140","120090031","0","0","20","0","0","3","102090301","410","20","bgm_M17_02","0","102090307","120090031","124401","211001000","0","120090033","100963","100962","113614","-30","bgm_M17","380","0","114012","0","bgm_M17","120090032","2030/12/31 14:59:59","31028","20","100961","0","0","0","2015/12/17 15:00:00","90","0","bgm_M63","12009003","12009","100962","0","0","0","bgm_M17_02","bgm_M63","0","弗麗嘉雪原 9-3","0"
"102100107","100020","120100011","0","0","20","0","0","3","102100108","420","20","bgm_M06","0","102100101","120100011","114611","211001000","0","120100013","100753","100752","114222","-120","bgm_M06","-350","0","124522","0","bgm_M06","120100012","2030/12/31 14:59:59","31050","20","100751","0","0","102100103","2018/10/05 16:00:00","90","0","bgm_M06","12010001","12010","100752","102100102","0","0","bgm_M06","bgm_M06","0","洛麗泰海岸 10-1","0"
"102100204","100040","120100021","0","0","20","0","0","3","102100207","420","20","bgm_M06","0","102100201","120100021","114581","211001000","0","120100023","100893","100892","124192","30","bgm_M06","0","0","124432","0","bgm_M06","120100022","2030/12/31 14:59:59","31048","20","100891","0","0","0","2018/10/05 16:00:00","90","0","bgm_M06","12010002","12010","100892","102100206","0","0","bgm_M06","bgm_M06","0","洛麗泰海岸 10-2","0"
"102100302","100110","120100031","0","0","20","0","0","3","102100304","420","20","bgm_M17_02","0","102100305","120100031","114551","211001000","0","120100033","100473","100472","124042","-80","bgm_M17","380","0","124312","0","bgm_M17","120100032","2030/12/31 14:59:59","31030","20","100471","0","0","0","2018/10/05 16:00:00","90","0","bgm_M63","12010003","12010","100472","0","0","0","bgm_M17_02","bgm_M63","0","洛麗泰海岸 10-3","0"
"102110106","100150","120110011","0","0","20","0","0","3","102110107","430","20","bgm_M06","0","102110104","120110011","124312","211001000","0","120110013","101103","101102","114581","-120","bgm_M06","-350","0","124163","0","bgm_M06","120110012","2030/12/31 14:59:59","31052","20","101101","0","0","0","2018/11/07 16:00:00","90","0","bgm_M06","12011001","12011","101102","102110103","0","0","bgm_M06","bgm_M06","0","蓋奴亞荒漠 11-1","0"
"102110204","100080","120110021","0","0","20","0","0","3","102110209","430","20","bgm_M06","0","102110207","120110021","124192","211001000","0","120110023","100933","100932","114551","30","bgm_M06","0","0","114193","0","bgm_M06","120110022","2030/12/31 14:59:59","31027","20","100931","0","0","0","2018/11/07 16:00:00","90","0","bgm_M06","12011002","12011","100932","102110208","0","0","bgm_M06","bgm_M06","0","蓋奴亞荒漠 11-2","0"
"102110304","100150","120110031","0","0","20","0","0","3","102110307","430","20","bgm_M17_02","0","102110308","120110031","124432","211001000","0","120110033","100663","100662","114551","-80","bgm_M17","380","0","114013","0","bgm_M17","120110032","2030/12/31 14:59:59","31049","20","100661","0","0","0","2018/11/07 16:00:00","90","0","bgm_M63","12011003","12011","100662","102110303","0","0","bgm_M17_02","bgm_M63","0","蓋奴亞荒漠 11-3","0"
"102120104","100150","120120011","0","0","20","0","0","3","102120107","430","20","bgm_M06","0","102120101","120120011","114582","211001000","0","120120013","101103","101102","124163","20","bgm_M06","-350","0","124283","0","bgm_M06","120120012","2030/12/31 14:59:59","31033","20","101101","0","0","102120105","2018/12/07 16:00:00","90","0","bgm_M06","12012001","12012","101102","102120102","0","0","bgm_M06","bgm_M06","0","波諾尼亞砂丘 12-1","0"
"102120201","100150","120120021","0","0","20","0","0","3","102120209","430","20","bgm_M06","0","102120203","120120021","114552","211001000","0","120120023","101073","101072","114133","-120","bgm_M06","0","0","124343","0","bgm_M06","120120022","2030/12/31 14:59:59","31038","20","101071","0","0","102120206","2018/12/07 16:00:00","90","0","bgm_M06","12012002","12012","101072","102120204","0","0","bgm_M06","bgm_M06","0","波諾尼亞砂丘 12-2","0"
"102120302","100150","120120031","0","0","20","0","0","3","102120307","430","20","bgm_M17_02","0","102120308","120120031","114582","211001000","0","120120033","101133","101132","114013","40","bgm_M17","380","0","124313","0","bgm_M17","120120032","2030/12/31 14:59:59","31032","20","101131","0","0","0","2018/12/07 16:00:00","90","0","bgm_M63","12012003","12012","101132","102120303","0","0","bgm_M17_02","bgm_M63","0","波諾尼亞砂丘 12-3","0"
"102130105","100150","120130011","0","0","20","0","0","3","102130109","430","20","bgm_M06","0","102130108","120130011","124343","211001000","0","120130013","101103","101102","114582","20","bgm_M06","-350","0","114164","0","bgm_M06","120130012","2030/12/31 14:59:59","31059","20","101101","0","0","0","2019/01/03 16:00:00","90","0","bgm_M06","12013001","12013","101102","102130107","0","0","bgm_M06","bgm_M06","0","朵羅西亞溼地 13-1","0"
"102130202","100100","120130021","0","0","20","0","0","3","102130209","430","20","bgm_M06","0","102130208","120130021","124462","211001000","0","120130023","100813","100812","114612","-120","bgm_M06","0","0","114254","0","bgm_M06","120130022","2030/12/31 14:59:59","31008","20","100811","0","0","0","2019/01/03 16:00:00","90","0","bgm_M06","12013002","12013","100812","102130206","0","0","bgm_M06","bgm_M06","0","朵羅西亞溼地 13-2","0"
"102130307","100040","120130031","0","0","20","0","0","3","102130309","430","20","bgm_M17_02","0","102130310","120130031","114013","211001000","0","120130033","100754","100753","114552","-100","bgm_M17","380","0","114014","0","bgm_M17","120130032","2030/12/31 14:59:59","31057","20","100752","0","0","0","2019/01/03 16:00:00","90","0","bgm_M63","12013003","12013","100753","102130303","0","0","bgm_M17_02","bgm_M63","0","朵羅西亞溼地 13-3","0"
"102140107","100020","120140011","0","0","20","0","0","3","102140108","430","20","bgm_M06","0","102140104","120140011","114194","211001000","0","120140013","100363","100362","114582","-100","bgm_M06","-350","0","114583","0","bgm_M06","120140012","2030/12/31 14:59:59","31021","20","100361","0","0","102140105","2019/01/30 16:00:00","90","0","bgm_M06","12014001","12014","100362","102140102","0","0","bgm_M06","bgm_M06","0","尤金尼亞熱地 14-1","0"
"102140202","100170","120140021","0","0","20","0","0","3","102140209","430","20","bgm_M06","0","102140204","120140021","124044","211001000","0","120140023","101233","101232","114552","20","bgm_M06","0","0","114554","0","bgm_M06","120140022","2030/12/31 14:59:59","31031","20","101231","0","0","102140207","2019/01/30 16:00:00","90","0","bgm_M06","12014002","12014","101232","102140208","-50","0","bgm_M06","bgm_M06","0","尤金尼亞熱地 14-2","0"
"102140306","100060","120140031","0","0","20","0","0","3","102140309","430","20","bgm_M17_02","0","102140307","120140031","114014","211001000","0","120140033","100873","100872","124402","-90","bgm_M17","380","0","114553","0","bgm_M17","120140032","2030/12/31 14:59:59","31047","20","100871","0","0","0","2019/01/30 16:00:00","90","0","bgm_M63","12014003","12014","100872","102140308","0","0","bgm_M17_02","bgm_M63","0","尤金尼亞熱地 14-3","0"
"102150101","100030","120150011","0","0","20","0","0","3","102150108","430","20","bgm_M06","0","102150103","120150011","114613","211001000","0","120150013","100383","100382","114254","50","bgm_M06","-350","0","124373","0","bgm_M06","120150012","2030/12/31 14:59:59","31002","20","100381","0","0","102150106","2019/02/18 16:00:00","90","0","bgm_M06","12015001","12015","100382","102150104","-50","0","bgm_M06","bgm_M06","0","塔利亞火山 15-1","0"
"102150204","100160","120150021","0","0","20","0","0","3","102150209","430","20","bgm_M06","0","102150201","120150021","114553","211001000","0","120150023","100193","100192","114194","-130","bgm_M06","0","0","124284","0","bgm_M06","120150022","2030/12/31 14:59:59","31020","20","100191","0","0","102150206","2019/02/18 16:00:00","90","0","bgm_M06","12015002","12015","100192","102150205","-50","0","bgm_M06","bgm_M06","0","塔利亞火山 15-2","0"
"102150306","100170","120150031","0","0","20","0","0","3","102150309","430","20","bgm_M17_02","0","102150307","120150031","114554","211001000","0","120150033","100199","100198","114134","-30","bgm_M17","380","0","124433","0","bgm_M17","120150032","2030/12/31 14:59:59","31063","20","100197","0","0","0","2019/02/18 16:00:00","90","0","bgm_M63","12015003","12015","100198","0","-50","0","bgm_M17_02","bgm_M63","0","塔利亞火山 15-3","0"
"102160101","100240","120160011","0","0","20","0","0","3","102160108","430","20","bgm_M06","0","102160102","120160011","114134","211001000","0","120160013","100993","100992","114553","-130","bgm_M06","-350","0","125131","0","bgm_M06","120160012","2030/12/31 14:59:59","31040","20","100991","0","0","102160103","2019/03/21 16:00:00","90","0","bgm_M06","12016001","12016","100992","102160107","-50","0","bgm_M06","bgm_M06","0","泰美斯銀嶺 16-1","0"
"102160204","100140","120160021","0","0","20","0","0","3","102160207","430","20","bgm_M06","0","102160201","120160021","124433","211001000","0","120160023","100963","100962","124314","0","bgm_M06","0","0","115161","0","bgm_M06","120160022","2030/12/31 14:59:59","31048","20","100961","0","0","102160206","2019/03/21 16:00:00","90","0","bgm_M06","12016002","12016","100962","102160205","-50","0","bgm_M06","bgm_M06","0","泰美斯銀嶺 16-2","0"
"102160304","100080","120160031","0","0","20","0","0","3","102160309","430","20","bgm_M17_02","0","102160307","120160031","124463","211001000","0","120160033","100233","100232","124224","-30","bgm_M17","380","0","115221","0","bgm_M17","120160032","2030/12/31 14:59:59","31036","20","100231","0","0","0","2019/03/21 16:00:00","90","0","bgm_M63","12016003","12016","100232","102160310","-50","0","bgm_M17_02","bgm_M63","0","泰美斯銀嶺 16-3","0"
"102170102","100240","120170011","0","0","20","0","0","3","102170108","430","20","bgm_M06","0","102170101","120170011","115011","211001000","0","120170013","100993","100992","124433","-30","bgm_M06","-350","0","115581","0","bgm_M06","120170012","2030/12/31 14:59:59","31058","20","100991","0","0","102170107","2019/04/19 16:00:00","90","0","bgm_M06","12017001","12017","100992","102170107","-50","0","bgm_M06","bgm_M06","0","菲得斯冰原 17-1","0"
"102170203","100140","120170021","0","0","20","0","0","3","102170209","430","20","bgm_M06","0","102170206","120170021","125191","211001000","0","120170023","100963","100962","114553","-110","bgm_M06","0","0","115551","0","bgm_M06","120170022","2030/12/31 14:59:59","31027","20","100961","0","0","102170207","2019/04/19 16:00:00","90","0","bgm_M06","12017002","12017","100962","102170205","-50","0","bgm_M06","bgm_M06","0","菲得斯冰原 17-2","0"
"102170304","100240","120170031","0","0","20","0","0","3","102170309","430","20","bgm_M17_02","0","102170307","120170031","115221","211001000","0","120170033","100993","100992","114613","-10","bgm_M17","380","0","115611","0","bgm_M17","120170032","2030/12/31 14:59:59","31044","20","100991","0","0","0","2019/04/19 16:00:00","90","0","bgm_M63","12017003","12017","100992","102170310","-50","0","bgm_M17_02","bgm_M63","0","菲得斯冰原 17-3","0"
"102180103","100050","120180011","0","0","20","0","0","3","102180108","430","20","bgm_M169","0","102180104","120180011","115011","211001000","0","120180013","101403","101402","124284","0","bgm_M169","-350","0","125281","0","bgm_M169","120180012","2030/12/31 14:59:59","31003","20","101401","0","0","102180107","2019/05/21 16:00:00","90","0","bgm_M169","12018001","12018","101402","102180101","-50","0","bgm_M169","bgm_M169","0","法艾頓草原‧北部 18-1","0"
"102180204","100020","120180021","0","0","20","0","0","3","102180207","430","20","bgm_M169","0","102180203","120180021","125131","211001000","0","120180023","100693","100692","114134","-130","bgm_M169","0","0","125341","0","bgm_M169","120180022","2030/12/31 14:59:59","31038","20","100691","0","0","102180206","2019/05/21 16:00:00","90","0","bgm_M169","12018002","12018","100692","102180205","-50","0","bgm_M169","bgm_M169","0","法艾頓草原‧北部 18-2","0"
"102180301","100050","120180031","0","0","20","0","0","3","102180305","430","20","bgm_M170","0","102180307","120180031","115551","211001000","0","120180033","101433","101432","115011","-30","bgm_M170","380","0","125401","0","bgm_M170","120180032","2030/12/31 14:59:59","31028","20","101431","0","0","0","2019/05/21 16:00:00","90","0","bgm_M170","12018003","12018","101432","102180302","-50","0","bgm_M170","bgm_M170","0","法艾頓草原‧北部 18-3","0"
"102190105","100050","120190011","0","0","20","0","0","3","102190108","430","20","bgm_M169","0","102190104","120190011","125521","211001000","0","120190013","101403","101402","115611","-90","bgm_M169","-350","0","115222","0","bgm_M169","120190012","2030/12/31 14:59:59","31050","20","101401","0","0","102190107","2019/06/17 16:00:00","90","0","bgm_M169","12019001","12019","101402","102190103","-50","0","bgm_M169","bgm_M169","0","法艾頓草原‧南部 19-1","0"
"102190202","100050","120190021","0","0","20","0","0","3","102190209","430","20","bgm_M169","0","102190206","120190021","125281","211001000","0","120190023","101403","101402","125191","-10","bgm_M169","0","0","125162","0","bgm_M169","120190022","2030/12/31 14:59:59","31033","20","101401","0","0","102190201","2019/06/17 16:00:00","90","0","bgm_M169","12019002","12019","101402","102190207","-50","0","bgm_M169","bgm_M169","0","法艾頓草原‧南部 19-2","0"
"102190302","100020","120190031","0","0","20","0","0","3","102190308","430","20","bgm_M170","0","102190309","120190031","115011","211001000","0","120190033","101433","101432","115551","-75","bgm_M170","380","0","125012","0","bgm_M170","120190032","2030/12/31 14:59:59","31057","20","101431","0","0","0","2019/06/17 16:00:00","90","0","bgm_M170","12019003","12019","101432","102190307","-50","0","bgm_M170","bgm_M170","0","法艾頓草原‧南部 19-3","0"
"102200106","100010","120200011","0","0","20","0","0","3","102200109","430","20","bgm_M169","0","102200104","120200011","125162","211001000","0","120200013","101403","101402","115581","-10","bgm_M169","-350","0","115582","0","bgm_M169","120200012","2030/12/31 14:59:59","31052","20","101401","0","0","102200107","2019/08/15 16:00:00","90","0","bgm_M169","12020001","12020","101402","102200108","-50","0","bgm_M169","bgm_M169","0","卡斯塔利亞樹林‧西部 20-1","0"
"102200204","100080","120200021","0","0","20","0","0","3","102200208","430","20","bgm_M169","0","102200206","120200021","125252","211001000","0","120200023","100933","100932","125521","-90","bgm_M169","0","0","115612","0","bgm_M169","120200022","2030/12/31 14:59:59","31008","20","100931","0","0","102200205","2019/08/15 16:00:00","90","0","bgm_M169","12020002","12020","100932","102200207","-50","0","bgm_M169","bgm_M169","0","卡斯塔利亞樹林‧西部 20-2","0"
"102200311","100020","120200031","0","0","20","0","0","3","102200309","430","20","bgm_M170","0","102200310","120200031","115042","211001000","0","120200033","100369","100368","125311","0","bgm_M170","380","0","115552","0","bgm_M170","120200032","2030/12/31 14:59:59","31030","20","100367","0","0","0","2019/08/15 16:00:00","90","0","bgm_M170","12020003","12020","100368","0","-50","0","bgm_M170","bgm_M170","0","卡斯塔利亞樹林‧西部 20-3","0"
"102210106","100050","120210011","0","0","20","0","0","3","102210109","430","20","bgm_M169","0","102210106","120210011","125371","211001000","0","120210013","101403","101402","125252","-10","bgm_M169","-350","0","125522","0","bgm_M169","120210012","2030/12/31 14:59:59","31002","20","101401","0","0","102210104","2019/08/15 16:00:00","90","0","bgm_M169","12021001","12021","101402","102210107","-50","0","bgm_M169","bgm_M169","0","卡斯塔利亞樹林‧東部 21-1","0"
"102210207","100080","120210021","0","0","20","0","0","3","102210208","430","20","bgm_M169","0","102210206","120210021","115042","211001000","0","120210023","100933","100932","125401","-90","bgm_M169","0","0","125312","0","bgm_M169","120210022","2030/12/31 14:59:59","31031","20","100931","0","0","0","2019/08/15 16:00:00","90","0","bgm_M169","12021002","12021","100932","102210205","-50","0","bgm_M169","bgm_M169","0","卡斯塔利亞樹林‧東部 21-2","0"
"102210311","100020","120210031","0","0","20","0","0","3","102210309","430","20","bgm_M170","0","102210310","120210031","125072","211001000","0","120210033","100369","100368","115551","0","bgm_M170","380","0","125282","0","bgm_M170","120210032","2030/12/31 14:59:59","31037","20","100367","0","0","0","2019/08/15 16:00:00","90","0","bgm_M170","12021003","12021","100368","102210308","-50","0","bgm_M170","bgm_M170","0","卡斯塔利亞樹林‧東部 21-3","0"
"102220107","100050","120220011","0","0","20","0","0","3","102220109","430","20","bgm_M169","0","102220106","120220011","125342","211001000","0","120220013","100433","100432","115551","-90","bgm_M169","-350","0","125193","0","bgm_M169","120220012","2030/12/31 14:59:59","31021","20","100431","0","0","102220104","2019/09/17 16:00:00","90","0","bgm_M169","12022001","12022","100432","102220108","-50","0","bgm_M169","bgm_M169","0","馬提爾德岩峰‧南部 22-1","0"
"102220207","100080","120220021","0","0","20","0","0","3","102220209","430","20","bgm_M169","0","102220206","120220021","115582","211001000","0","120220023","100363","100362","115192","-10","bgm_M169","0","0","115163","0","bgm_M169","120220022","2030/12/31 14:59:59","31048","20","100361","0","0","102220208","2019/09/17 16:00:00","90","0","bgm_M169","12022002","12022","100362","102220205","-50","0","bgm_M169","bgm_M169","0","馬提爾德岩峰‧南部 22-2","0"
"102220311","100020","120220031","0","0","20","0","0","3","102220308","430","20","bgm_M170","0","102220309","120220031","125431","211001000","0","120220033","101643","101642","125012","-75","bgm_M170","380","0","125013","0","bgm_M170","120220032","2030/12/31 14:59:59","31047","20","101641","0","0","0","2019/09/17 16:00:00","90","0","bgm_M170","12022003","12022","101642","102220307","-50","0","bgm_M170","bgm_M170","0","馬提爾德岩峰‧南部 22-3","0"
"102230107","100050","120230011","0","0","20","0","0","3","102230109","430","20","bgm_M169","0","102230108","120230011","115163","211001000","0","120230013","100433","100432","125342","-20","bgm_M169","-350","0","115613","0","bgm_M169","120230012","2030/12/31 14:59:59","31059","20","100431","0","0","102230105","2019/09/17 16:00:00","90","0","bgm_M169","12023001","12023","100432","102230106","-50","0","bgm_M169","bgm_M169","0","馬提爾德岩峰‧北部 23-1","0"
"102230206","100080","120230021","0","0","20","0","0","3","102230209","430","20","bgm_M169","0","102230205","120230021","125193","211001000","0","120230023","100363","100362","115552","-90","bgm_M169","0","0","115583","0","bgm_M169","120230022","2030/12/31 14:59:59","31020","20","100361","0","0","0","2019/09/17 16:00:00","90","0","bgm_M169","12023002","12023","100362","102230201","-50","0","bgm_M169","bgm_M169","0","馬提爾德岩峰‧北部 23-2","0"
"102230311","100020","120230031","0","0","20","0","0","3","102230308","430","20","bgm_M170","0","102230309","120230031","125013","211001000","0","120230033","101643","101642","125431","10","bgm_M170","380","0","115553","0","bgm_M170","120230032","2030/12/31 14:59:59","31049","20","101641","0","0","102230307","2019/09/17 16:00:00","90","0","bgm_M170","12023003","12023","101642","102230304","-50","0","bgm_M170","bgm_M170","0","馬提爾德岩峰‧北部 23-3","0"
"102240101","100450","120240011","0","0","20","0","0","3","102240109","430","20","bgm_M169","0","102240108","120240011","125373","211001000","0","120240013","101643","101642","115613","-40","bgm_M169","-350","0","125283","0","bgm_M169","120240012","2030/12/31 14:59:59","31040","20","101641","0","0","102240105","2019/10/15 16:00:00","90","0","bgm_M169","12024001","12024","101642","102240107","-50","0","bgm_M169","bgm_M169","0","雷蒂烏斯群峰‧西麓 24-1","0"
"102240201","100460","120240021","0","0","20","0","0","3","102240209","430","20","bgm_M169","0","102240205","120240021","125343","211001000","0","120240023","101693","101692","115553","-120","bgm_M169","0","0","125462","0","bgm_M169","120240022","2030/12/31 14:59:59","31027","20","101691","0","0","102240206","2019/10/15 16:00:00","90","0","bgm_M169","12024002","12024","101692","102240202","-50","0","bgm_M169","bgm_M169","0","雷蒂烏斯群峰‧西麓 24-2","0"
"102240311","100450","120240031","0","0","20","0","0","3","102240308","430","20","bgm_M170","0","102240309","120240031","125313","211001000","0","120240033","101803","101802","115583","10","bgm_M170","380","0","125491","0","bgm_M170","120240032","2030/12/31 14:59:59","31056","20","101801","0","0","0","2019/10/15 16:00:00","90","0","bgm_M170","12024003","12024","101802","0","-50","0","bgm_M170","bgm_M170","0","雷蒂烏斯群峰‧西麓 24-3","0"
"102250107","100450","120250011","0","0","20","0","0","3","102250109","430","20","bgm_M169","0","102250104","120250011","125283","211001000","0","120250013","101643","101642","115613","-40","bgm_M169","-350","0","125014","0","bgm_M169","120250012","2030/12/31 14:59:59","31058","20","101641","0","0","102250105","2019/11/15 16:00:00","90","0","bgm_M169","12025001","12025","101642","102250101","-50","0","bgm_M169","bgm_M169","0","雷蒂烏斯群峰‧東麓 25-1","0"
"102250206","100460","120250021","0","0","20","0","0","3","102250209","430","20","bgm_M169","0","102250202","120250021","125373","211001000","0","120250023","101693","101692","115553","-120","bgm_M169","0","0","125224","0","bgm_M169","120250022","2030/12/31 14:59:59","31038","20","101691","0","0","102250204","2019/11/15 16:00:00","90","0","bgm_M169","12025002","12025","101692","102250208","-50","0","bgm_M169","bgm_M169","0","雷蒂烏斯群峰‧東麓 25-2","0"
"102250304","100450","120250031","0","0","20","0","0","3","102250308","430","20","bgm_M170","0","102250309","120250031","125343","211001000","0","120250033","101803","101802","115583","10","bgm_M170","380","0","115254","0","bgm_M170","120250032","2030/12/31 14:59:59","31014","20","101801","0","0","0","2019/11/15 16:00:00","90","0","bgm_M170","12025003","12025","101802","0","-50","0","bgm_M170","bgm_M170","0","雷蒂烏斯群峰‧東麓 25-3","0"
"102260107","100450","120260011","0","0","20","0","0","3","102260109","430","20","bgm_M169","0","102260108","120260011","115254","211001000","0","120260013","101643","101642","125491","-50","bgm_M169","-350","0","115614","0","bgm_M169","120260012","2030/12/31 14:59:59","31003","20","101641","0","0","102260105","2019/12/13 16:00:00","90","0","bgm_M169","12026001","12026","101642","102260101","-50","0","bgm_M169","bgm_M169","0","佩特羅大森林‧西部 26-1","0"
"102260206","100460","120260021","0","0","20","0","0","3","102260209","430","20","bgm_M169","0","102260201","120260021","125224","211001000","0","120260023","101693","101692","125283","25","bgm_M169","0","0","115584","0","bgm_M169","120260022","2030/12/31 14:59:59","31033","20","101691","0","0","102260204","2019/12/13 16:00:00","90","0","bgm_M169","12026002","12026","101692","102260208","-50","0","bgm_M169","bgm_M169","0","佩特羅大森林‧西部 26-2","0"
"102260307","100500","120260031","0","0","20","0","0","3","102260308","430","20","bgm_M170","0","102260309","120260031","125014","211001000","0","120260033","101843","101842","125343","-110","bgm_M170","380","0","115554","0","bgm_M170","120260032","2030/12/31 14:59:59","31092","20","101841","0","0","0","2019/12/13 16:00:00","90","0","bgm_M170","12026003","12026","101842","0","-50","0","bgm_M170","bgm_M170","0","佩特羅大森林‧西部 26-3","0"
"102270106","100020","120270011","0","0","20","0","0","3","102270109","430","20","bgm_M169","0","102270107","120270011","115614","211001000","0","120270013","100693","100692","125044","-30","bgm_M169","-350","0","125523","0","bgm_M169","120270012","2030/12/31 14:59:59","31052","20","100691","0","0","102270105","2020/01/10 16:00:00","90","0","bgm_M169","12027001","12027","100692","102270101","-50","0","bgm_M169","bgm_M169","0","佩特羅大森林‧東部 27-1","0"
"102270208","100460","120270021","0","0","20","0","0","3","102270209","430","20","bgm_M169","0","102270206","120270021","115584","211001000","0","120270023","101693","101692","115104","-130","bgm_M169","0","0","115284","0","bgm_M169","120270022","2030/12/31 14:59:59","31031","20","101691","0","0","102270207","2020/01/10 16:00:00","90","0","bgm_M169","12027002","12027","101692","102270203","-50","0","bgm_M169","bgm_M169","0","佩特羅大森林‧東部 27-2","0"
"102270301","100500","120270031","0","0","20","0","0","3","102270308","430","20","bgm_M170","0","102270309","120270031","115554","211001000","0","120270033","101843","101842","115254","-40","bgm_M170","380","0","115344","0","bgm_M170","120270032","2030/12/31 14:59:59","31094","20","101841","0","0","0","2020/01/10 16:00:00","90","0","bgm_M170","12027003","12027","101842","0","-50","0","bgm_M170","bgm_M170","0","佩特羅大森林‧東部 27-3","0"
"102280101","100020","120280011","0","0","20","0","0","3","102280109","430","20","bgm_M169","0","102280108","120280011","115344","211001000","0","120280013","100693","100692","115614","40","bgm_M169","-310","0","125015","0","bgm_M169","120280012","2030/12/31 14:59:59","31050","20","100691","0","0","102280103","2020/01/14 16:00:00","90","0","bgm_M169","12028001","12028","100692","102280105","-50","0","bgm_M169","bgm_M169","0","迪茲塔爾河蝕岸‧北部 28-1","0"
"102280206","100450","120280021","0","0","20","0","0","3","102280209","430","20","bgm_M169","0","102280201","120280021","125523","211001000","0","120280023","101643","101642","115584","-110","bgm_M169","20","0","115165","0","bgm_M169","120280022","2030/12/31 14:59:59","31008","20","101641","0","0","102280205","2020/01/14 16:00:00","90","0","bgm_M169","12028002","12028","101642","102280203","-50","0","bgm_M169","bgm_M169","0","迪茲塔爾河蝕岸‧北部 28-2","0"
"102280304","100560","120280031","0","0","20","0","0","3","102280308","430","20","bgm_M170","0","102280309","120280031","115284","211001000","0","120280033","102043","102042","115554","-20","bgm_M170","400","0","115225","0","bgm_M170","120280032","2030/12/31 14:59:59","31095","20","102041","0","0","0","2020/01/14 16:00:00","90","0","bgm_M170","12028003","12028","102042","0","-50","0","bgm_M170","bgm_M170","0","迪茲塔爾河蝕岸‧北部 28-3","0"
"102290102","100020","120290011","0","0","20","0","0","3","102290109","430","20","bgm_M169","0","102290106","120290011","115165","211001000","0","120290013","100693","100692","125523","-110","bgm_M169","-400","0","115615","0","bgm_M169","120290012","2030/12/31 14:59:59","31059","20","100691","0","0","102290105","2020/03/13 16:00:00","90","0","bgm_M169","12029001","12029","100692","102290103","-50","0","bgm_M169","bgm_M169","0","迪茲塔爾河蝕岸‧南部 29-1","0"
"102290204","100450","120290021","0","0","20","0","0","3","102290209","430","20","bgm_M169","0","102290202","120290021","125015","211001000","0","120290023","101643","101642","115344","60","bgm_M169","-40","0","115585","0","bgm_M169","120290022","2030/12/31 14:59:59","31048","20","101641","0","0","102290207","2020/03/13 16:00:00","90","0","bgm_M169","12029002","12029","101642","102290203","-50","0","bgm_M169","bgm_M169","0","迪茲塔爾河蝕岸‧南部 29-2","0"
"102290306","100560","120290031","0","0","20","0","0","3","102290308","430","20","bgm_M170","0","102290309","120290031","115225","211001000","0","120290033","102043","102042","115284","-100","bgm_M170","400","0","115555","0","bgm_M170","120290032","2030/12/31 14:59:59","31096","20","102041","0","0","0","2020/03/13 16:00:00","90","0","bgm_M170","12029003","12029","102042","0","-50","0","bgm_M170","bgm_M170","0","迪茲塔爾河蝕岸‧南部 29-3","0"
"102300104","100560","120300011","0","0","20","0","0","3","102300109","430","20","bgm_M169","0","102300108","120300011","115615","211001000","0","120300013","101643","101642","115165","0","bgm_M169","-400","0","125345","0","bgm_M169","120300012","2030/12/31 14:59:59","31002","20","101641","0","0","102300103","2020/04/14 16:00:00","90","0","bgm_M169","12030001","12030","101642","102300105","-50","0","bgm_M169","bgm_M169","0","弗泰拉斷崖‧北部 30-1","0"
"102300208","100080","120300021","0","0","20","0","0","3","102300209","430","20","bgm_M169","0","102300207","120300021","115585","211001000","0","120300023","100933","100932","125015","30","bgm_M169","0","0","125285","0","bgm_M169","120300022","2030/12/31 14:59:59","31027","20","100931","0","0","102300203","2020/04/14 16:00:00","90","0","bgm_M169","12030002","12030","100932","102300204","-50","0","bgm_M169","bgm_M169","0","弗泰拉斷崖‧北部 30-2","0"
"102300302","100110","120300031","0","0","20","0","0","3","102300308","430","20","bgm_M170","0","102300309","120300031","115555","211001000","0","120300033","102203","102202","115225","-100","bgm_M170","400","0","115375","0","bgm_M170","120300032","2030/12/31 14:59:59","31063","20","102201","0","0","0","2020/04/14 16:00:00","90","0","bgm_M170","12030003","12030","102202","0","-50","0","bgm_M170","bgm_M170","0","弗泰拉斷崖‧北部 30-3","0"
"102310102","100560","120310011","0","0","20","0","0","3","102310109","430","20","bgm_M169","0","102310101","120310011","125345","211001000","0","120310013","101693","101692","115615","45","bgm_M169","-400","0","125076","0","bgm_M169","120310012","2030/12/31 14:59:59","31021","20","101691","0","0","102310104","2020/05/15 16:00:00","90","0","bgm_M169","12031001","12031","101692","102310107","-50","0","bgm_M169","bgm_M169","0","弗泰拉斷崖‧南部 31-1","0"
"102310208","100450","120310021","0","0","20","0","0","3","102310209","430","20","bgm_M169","0","102310202","120310021","115375","211001000","0","120310023","101643","101642","115585","-105","bgm_M169","10","0","125046","0","bgm_M169","120310022","2030/12/31 14:59:59","31020","20","101641","0","0","102310205","2020/05/15 16:00:00","90","0","bgm_M169","12031002","12031","101642","102310207","-50","0","bgm_M169","bgm_M169","0","弗泰拉斷崖‧南部 31-2","0"
"102310302","100110","120310031","0","0","20","0","0","3","102310308","430","20","bgm_M170","0","102310309","120310031","125285","211001000","0","120310033","102203","102202","115555","-95","bgm_M170","400","0","125016","0","bgm_M170","120310032","2030/12/31 14:59:59","31044","20","102201","0","0","0","2020/05/15 16:00:00","90","0","bgm_M170","12031003","12031","102202","0","-50","0","bgm_M170","bgm_M170","0","弗泰拉斷崖‧南部 31-3","0"
"102320101","100560","120320011","0","0","20","0","0","3","102320109","430","20","bgm_M169","0","102320104","120320011","125256","211001000","0","120320013","102043","102042","115315","-105","bgm_M169","-400","0","115616","0","bgm_M169","120320012","2030/12/31 14:59:59","31058","20","102041","0","0","102320106","2020/06/15 16:00:00","90","0","bgm_M169","12032001","12032","102042","102320103","-50","0","bgm_M169","bgm_M169","0","法斯奇亞森林‧南部 32-1","0"
"102320204","100500","120320021","0","0","20","0","0","3","102320209","430","20","bgm_M169","0","102320201","120320021","125016","211001000","0","120320023","101843","101842","115375","30","bgm_M169","10","0","115586","0","bgm_M169","120320022","2030/12/31 14:59:59","31038","20","101841","0","0","102320203","2020/06/15 16:00:00","90","0","bgm_M169","12032002","12032","101842","102320202","-50","0","bgm_M169","bgm_M169","0","法斯奇亞森林‧南部 32-2","0"
"102320301","100020","120320031","0","0","20","0","0","3","102320308","430","20","bgm_M170","0","102320309","120320031","125226","211001000","0","120320033","102113","102112","115402","-95","bgm_M170","400","0","115556","0","bgm_M170","120320032","2030/12/31 14:59:59","31107","20","102111","0","0","0","2020/06/15 16:00:00","90","0","bgm_M170","12032003","12032","102112","0","-50","0","bgm_M170","bgm_M170","0","法斯奇亞森林‧南部 32-3","0"
"102330103","100500","120330011","0","0","20","0","0","3","102330107","430","20","bgm_M169","0","102330101","120330011","115616","211001000","0","120330013","101843","101842","115166","50","bgm_M169","-400","0","125286","0","bgm_M169","120330012","2030/12/31 14:59:59","31040","20","101841","0","0","102330102","2020/07/13 16:00:00","90","0","bgm_M169","12033001","12033","101842","102330104","-50","0","bgm_M169","bgm_M169","0","法斯奇亞森林‧東部 33-1","0"
"102330202","100080","120330021","0","0","20","0","0","3","102330207","430","20","bgm_M169","0","102330201","120330021","115586","211001000","0","120330023","100933","100932","125016","-135","bgm_M169","10","0","125376","0","bgm_M169","120330022","2030/12/31 14:59:59","31033","20","100931","0","0","102330203","2020/07/13 16:00:00","90","0","bgm_M169","12033002","12033","100932","102330202","-50","0","bgm_M169","bgm_M169","0","法斯奇亞森林‧東部 33-2","0"
"102330305","100020","120330031","0","0","20","0","0","3","102330306","430","20","bgm_M170","0","102330307","120330031","115556","211001000","0","120330033","102113","102112","125226","10","bgm_M170","400","0","115346","0","bgm_M170","120330032","2030/12/31 14:59:59","31108","20","102111","0","0","0","2020/07/13 16:00:00","90","0","bgm_M170","12033003","12033","102112","0","-50","0","bgm_M170","bgm_M170","0","法斯奇亞森林‧東部 33-3","0"
"102340107","100450","120340011","0","0","20","0","0","3","102340108","430","20","bgm_M169","0","102340104","120340011","115433","211001000","0","120340013","101643","101642","115616","-135","bgm_M169","-400","0","125257","0","bgm_M169","120340012","2030/12/31 14:59:59","31003","20","101641","0","0","102340105","2020/08/17 16:00:00","90","0","bgm_M169","12034001","12034","101642","102340102","-50","0","bgm_M169","bgm_M169","0","迪克斯提亞岩崖‧西壁 34-1","0"
"102340205","100450","120340021","0","0","20","0","0","3","102340209","430","20","bgm_M169","0","102340207","120340021","115316","211001000","0","120340023","101643","101642","115556","15","bgm_M169","10","0","125017","0","bgm_M169","120340022","2030/12/31 14:59:59","31031","20","101641","0","0","102340206","2020/08/17 16:00:00","90","0","bgm_M169","12034002","12034","101642","102340208","-50","0","bgm_M169","bgm_M169","0","迪克斯提亞岩崖‧西壁 34-2","0"
"102340302","100020","120340031","0","0","20","0","0","3","102340306","430","20","bgm_M170","0","102340307","120340031","125524","211001000","0","120340033","100363","100362","115616","-65","bgm_M170","400","0","125227","0","bgm_M170","120340032","2030/12/31 14:59:59","31113","20","100361","0","0","0","2020/08/17 16:00:00","90","0","bgm_M170","12034003","12034","100362","0","-50","0","bgm_M170","bgm_M170","0","迪克斯提亞岩崖‧西壁 34-3","0"
"102350107","100450","120350011","0","0","20","0","0","3","102350108","430","20","bgm_M169","0","102350106","120350011","125107","211001000","0","120350013","101643","101642","115433","35","bgm_M169","-375","0","115587","0","bgm_M169","120350012","2030/12/31 14:59:59","31052","20","101641","0","0","102350103","2015/12/17 15:00:00","90","0","bgm_M169","12035001","12035","101642","102350102","-50","0","bgm_M169","bgm_M169","0","迪克斯提亞岩崖‧東壁 35-1","0"
"102350202","100500","120350021","0","0","20","0","0","3","102350210","430","20","bgm_M169","0","102350204","120350021","125257","211001000","0","120350023","101843","101842","115346","-75","bgm_M169","-15","0","115617","0","bgm_M169","120350022","2030/12/31 14:59:59","31008","20","101841","0","0","102350209","2015/12/17 15:00:00","90","0","bgm_M169","12035002","12035","101842","102350202","-50","0","bgm_M169","bgm_M169","0","迪克斯提亞岩崖‧東壁 35-2","0"
"102350306","100020","120350031","0","0","20","0","0","3","102350307","430","20","bgm_M170","0","102350308","120350031","125227","211001000","0","120350033","100363","100362","125524","-100","bgm_M170","365","0","115557","0","bgm_M170","120350032","2030/12/31 14:59:59","31114","20","100361","0","0","0","2015/12/17 15:00:00","90","0","bgm_M170","12035003","12035","100362","0","-50","0","bgm_M170","bgm_M170","0","迪克斯提亞岩崖‧東壁 35-3","0"
"102360106","100450","120360011","0","0","20","0","0","3","102360110","430","20","bgm_M169","0","102360101","120360011","115587","211001000","0","120360013","101643","101642","125257","-50","bgm_M169","-375","0","125347","0","bgm_M169","120360012","2030/12/31 14:59:59","31050","20","101641","0","0","102360103","2020/11/13 16:00:00","90","0","bgm_M169","12036001","12036","101642","102360108","-50","0","bgm_M169","bgm_M169","0","維娜湖畔道‧南部 36-1","0"
"102360207","100500","120360021","0","0","20","0","0","3","102360210","430","20","bgm_M169","0","102360206","120360021","115617","211001000","0","120360023","101843","101842","125227","-80","bgm_M169","40","0","125377","0","bgm_M169","120360022","2030/12/31 14:59:59","31048","20","101841","0","0","102360208","2020/11/13 16:00:00","90","0","bgm_M169","12036002","12036","101842","102360205","-50","0","bgm_M169","bgm_M169","0","維娜湖畔道‧南部 36-2","0"
"102360302","100500","120360031","0","0","20","0","0","3","102360307","430","20","bgm_M170","0","102360308","120360031","115557","211001000","0","120360033","101843","101842","125017","30","bgm_M170","430","0","125287","0","bgm_M170","120360032","2030/12/31 14:59:59","31065","20","101841","0","0","0","2020/11/13 16:00:00","90","0","bgm_M170","12036003","12036","101842","0","-50","0","bgm_M170","bgm_M170","0","維娜湖畔道‧南部 36-3","0"
"102370103","100020","120370011","0","0","20","0","0","3","102370110","430","20","bgm_M169","0","102370102","120370011","125377","211001000","0","120370013","100693","100692","115617","55","bgm_M169","-345","0","126251","0","bgm_M169","120370012","2030/12/31 14:59:59","31059","20","100691","0","0","102370109","2020/12/14 16:00:00","90","0","bgm_M169","12037001","12037","100692","102370108","-50","1","bgm_M169","bgm_M169","0","維娜湖畔道‧北部 37-1","0"
"102370202","100080","120370021","0","0","20","0","0","3","102370210","430","20","bgm_M169","0","102370203","120370021","125287","211001000","0","120370023","100933","100932","115587","35","bgm_M169","40","0","126011","0","bgm_M169","120370022","2030/12/31 14:59:59","31027","20","100931","0","0","102370208","2020/12/14 16:00:00","90","0","bgm_M169","12037002","12037","100932","102370204","-50","1","bgm_M169","bgm_M169","0","維娜湖畔道‧北部 37-2","0"
"102370301","100500","120370031","0","0","20","0","0","3","102370310","430","20","bgm_M170","0","102370309","120370031","115464","211001000","0","120370033","101843","101842","115557","-125","bgm_M170","370","0","126221","0","bgm_M170","120370032","2030/12/31 14:59:59","31117","20","101841","0","0","0","2020/12/14 16:00:00","90","0","bgm_M170","12037003","12037","101842","0","-50","1","bgm_M170","bgm_M170","0","維娜湖畔道‧北部 37-3","0"
"102380103","100020","120380011","0","0","20","0","0","3","102380110","430","20","bgm_M169","0","102380101","120380011","126251","211001000","0","120380013","102113","102112","115317","-35","bgm_M169","-370","0","116581","0","bgm_M169","120380012","2030/12/31 14:59:59","31021","20","102111","0","0","102380109","2021/01/15 16:00:00","90","0","bgm_M169","12038001","12038","102112","102380105","-50","1","bgm_M169","bgm_M169","0","拉圖斯斷崖‧南部 38-1","0"
"102380206","100460","120380021","0","0","20","0","0","3","102380208","430","20","bgm_M169","0","102380206","120380021","126221","211001000","0","120380023","101693","101692","115403","-135","bgm_M169","10","0","116611","0","bgm_M169","120380022","2030/12/31 14:59:59","31033","20","101691","0","0","102380209","2021/01/15 16:00:00","90","0","bgm_M169","12038002","12038","101692","102380210","-50","1","bgm_M169","bgm_M169","0","拉圖斯斷崖‧南部 38-2","0"
"0","100030","120380031","0","0","20","0","0","3","102380310","430","20","bgm_M170","0","102380309","120380031","126011","211001000","0","120380033","102373","102372","125347","0","bgm_M170","370","0","116551","0","bgm_M170","120380032","2030/12/31 14:59:59","31122","20","102371","0","0","0","2021/01/15 16:00:00","90","0","bgm_M170","12038003","12038","102372","0","-50","1","bgm_M170","bgm_M170","0","拉圖斯斷崖‧南部 38-3","0"
"102390107","100050","120390011","0","0","20","0","0","3","102390110","430","20","bgm_M169","0","102390106","120390011","116611","211001000","0","120390013","102113","102112","126221","-35","bgm_M169","-370","0","126371","0","bgm_M169","120390012","2030/12/31 14:59:59","31002","20","102111","0","0","102390109","2021/02/09 16:00:00","90","0","bgm_M169","12039001","12039","102112","102390108","-50","1","bgm_M169","bgm_M169","0","拉圖斯斷崖‧北部 39-1","0"
"102390207","100020","120390021","0","0","20","0","0","3","102390210","430","20","bgm_M169","0","102390206","120390021","116551","211001000","0","120390023","101693","101692","126011","-135","bgm_M169","10","0","126281","0","bgm_M169","120390022","2030/12/31 14:59:59","31031","20","101691","0","0","102390209","2021/02/09 16:00:00","90","0","bgm_M169","12039002","12039","101692","102390208","-50","1","bgm_M169","bgm_M169","0","拉圖斯斷崖‧北部 39-2","0"
"102390308","100030","120390031","0","0","20","0","0","3","102390310","430","20","bgm_M170","0","102390309","120390031","116581","211001000","0","120390033","101643","101642","126251","0","bgm_M170","370","0","116461","0","bgm_M170","120390032","2030/12/31 14:59:59","31110","20","101641","0","0","0","2021/02/09 16:00:00","90","0","bgm_M170","12039003","12039","101642","102390307","-50","1","bgm_M170","bgm_M170","0","拉圖斯斷崖‧北部 39-3","0"
"102400108","100030","120400011","0","0","20","0","0","3","102400110","430","20","bgm_M169","0","102400107","120400011","126341","211001000","0","120400013","101643","101642","116551","-35","bgm_M169","-370","0","126012","0","bgm_M169","120400012","2030/12/31 14:59:59","31058","20","101641","0","0","102400109","2021/03/15 16:00:00","90","0","bgm_M169","12040001","12040","101642","102400106","-50","1","bgm_M169","bgm_M169","0","斯卡普山系‧西麓 40-1","0"
"102400209","100050","120400021","0","0","20","0","0","3","102400210","430","20","bgm_M169","0","102400207","120400021","126371","211001000","0","120400023","102113","102112","116611","-135","bgm_M169","10","0","126222","0","bgm_M169","120400022","2030/12/31 14:59:59","31008","20","102111","0","0","102400208","2021/03/15 16:00:00","90","0","bgm_M169","12040002","12040","102112","102400209","-50","1","bgm_M169","bgm_M169","0","斯卡普山系‧西麓 40-2","0"
"0","100140","120400031","0","0","20","0","0","3","102400310","430","20","bgm_M170","0","102400309","120400031","126281","211001000","0","120400033","100963","100962","116551","0","bgm_M170","370","0","116132","0","bgm_M170","120400032","2030/12/31 14:59:59","31109","20","100961","0","0","0","2021/03/15 16:00:00","90","0","bgm_M170","12040003","12040","100962","0","-50","1","bgm_M170","bgm_M170","0","斯卡普山系‧西麓 40-3","0"
"102410107","100030","120410011","0","0","20","0","0","3","102410110","430","20","bgm_M169","0","102410106","120410011","126012","211001000","0","120410013","101643","101642","126281","-35","bgm_M169","-370","0","116582","0","bgm_M169","120410012","2030/12/31 14:59:59","31050","20","101641","0","0","102410109","2021/04/16 16:00:00","90","0","bgm_M169","12041001","12041","101642","102410108","-50","1","bgm_M169","bgm_M169","0","斯卡普山系‧東麓 41-1","0"
"102410208","100050","120410021","0","0","20","0","0","3","102410210","430","20","bgm_M169","0","102410207","120410021","126252","211001000","0","120410023","102113","102112","126371","-135","bgm_M169","10","0","116612","0","bgm_M169","120410022","2030/12/31 14:59:59","31020","20","102111","0","0","102410209","2021/04/16 16:00:00","90","0","bgm_M169","12041002","12041","102112","102410208","-50","1","bgm_M169","bgm_M169","0","斯卡普山系‧東麓 41-2","0"
"0","100140","120410031","0","0","20","0","0","3","102410310","430","20","bgm_M170","0","102410309","120410031","116072","211001000","0","120410033","100963","100962","126341","0","bgm_M170","370","0","116552","0","bgm_M170","120410032","2030/12/31 14:59:59","31127","20","100961","0","0","0","2021/04/16 16:00:00","90","0","bgm_M170","12041003","12041","100962","0","-50","1","bgm_M170","bgm_M170","0","斯卡普山系‧東麓 41-3","0"
"102420107","100030","120420011","0","0","20","0","0","3","102420110","430","20","bgm_M169","0","102420106","120420011","116582","211001000","0","120420013","100733","100732","116042","-215","bgm_M169","-370","0","116431","0","bgm_M169","120420012","2030/12/31 14:59:59","31052","20","100731","0","0","102420109","2021/05/17 16:00:00","90","0","bgm_M169","12042001","12042","100732","102420108","-50","1","bgm_M169","bgm_M169","0","佩克托斯冰峰‧西壁 42-1","0"
"102420207","100080","120420021","0","0","20","0","0","3","102420210","430","20","bgm_M169","0","102420206","120420021","116552","211001000","0","120420023","100233","100232","126012","-315","bgm_M169","10","0","126282","0","bgm_M169","120420022","2030/12/31 14:59:59","31038","20","100231","0","0","102420209","2021/05/17 16:00:00","90","0","bgm_M169","12042002","12042","100232","102420208","-50","1","bgm_M169","bgm_M169","0","佩克托斯冰峰‧西壁 42-2","0"
"0","100140","120420031","0","0","20","0","0","3","102420310","430","20","bgm_M170","0","102420309","120420031","116612","211001000","0","120420033","100963","100962","126252","-180","bgm_M170","370","0","126521","0","bgm_M170","120420032","2030/12/31 14:59:59","31128","20","100961","0","0","0","2021/05/17 16:00:00","90","0","bgm_M170","12042003","12042","100962","0","-50","1","bgm_M170","bgm_M170","0","佩克托斯冰峰‧西壁 42-3","0"
"102430108","100030","120430011","0","0","20","0","0","3","102430110","430","20","bgm_M169","0","102430107","120430011","126521","211001000","0","120430013","100733","100732","116612","-350","bgm_M169","-370","0","116133","0","bgm_M169","120430012","2030/12/31 14:59:59","31040","20","100731","0","0","102430109","2015/12/17 15:00:00","90","0","bgm_M169","12043001","12043","100732","102430108","-50","1","bgm_M169","bgm_M169","0","佩克托斯冰峰‧東壁 43-1","0"
"102430207","100140","120430021","0","0","20","0","0","3","102430210","430","20","bgm_M169","0","102430206","120430021","116431","211001000","0","120430023","100963","100962","116552","-450","bgm_M169","10","0","126013","0","bgm_M169","120430022","2030/12/31 14:59:59","31033","20","100961","0","0","102430209","2015/12/17 15:00:00","90","0","bgm_M169","12043002","12043","100962","102430208","-50","1","bgm_M169","bgm_M169","0","佩克托斯冰峰‧東壁 43-2","0"
"102430307","100080","120430031","0","0","20","0","0","3","102430310","430","20","bgm_M170","0","102430309","120430031","116312","211001000","0","120430033","100233","100232","116582","-315","bgm_M170","370","0","116193","0","bgm_M170","120430032","2030/12/31 14:59:59","31129","20","100231","0","0","0","2015/12/17 15:00:00","90","0","bgm_M170","12043003","12043","100232","102430308","-50","1","bgm_M170","bgm_M170","0","佩克托斯冰峰‧東壁 43-3","0"
"102440107","100030","120440011","0","0","20","0","0","3","102440110","430","20","bgm_M169","0","102440106","120440011","126163","211001000","0","120440013","100733","100732","116431","170","bgm_M169","-370","0","116583","0","bgm_M169","120440012","2030/12/31 14:59:59","31021","20","100731","0","0","102440109","2015/12/17 15:00:00","90","0","bgm_M169","12044001","12044","100732","102440108","-50","1","bgm_M169","bgm_M169","0","斯夸瑪冰脈‧西壁 44-1","0"
"102440207","100140","120440021","0","0","20","0","0","3","102440210","430","20","bgm_M169","0","102440206","120440021","126253","211001000","0","120440023","100963","100962","126342","70","bgm_M169","10","0","116613","0","bgm_M169","120440022","2030/12/31 14:59:59","31031","20","100961","0","0","102440209","2015/12/17 15:00:00","90","0","bgm_M169","12044002","12044","100962","102440208","-50","1","bgm_M169","bgm_M169","0","斯夸瑪冰脈‧西壁 44-2","0"
"0","100080","120440031","0","0","20","0","0","3","102440310","430","20","bgm_M170","0","102440309","120440031","116043","211001000","0","120440033","100233","100232","126282","205","bgm_M170","370","0","116553","0","bgm_M170","120440032","2030/12/31 14:59:59","31066","20","100231","0","0","0","2015/12/17 15:00:00","90","0","bgm_M170","12044003","12044","100232","0","-50","1","bgm_M170","bgm_M170","0","斯夸瑪冰脈‧西壁 44-3","0"
"102450107","100030","120450011","0","0","20","0","0","3","102450110","430","20","bgm_M169","0","102450106","120450011","116583","211001000","0","120450013","100733","100732","116073","380","bgm_M169","-370","0","116313","0","bgm_M169","120450012","2030/12/31 14:59:59","31059","20","100731","0","0","102450109","2021/08/17 16:00:00","90","0","bgm_M169","12045001","12045","100732","102450108","-50","1","bgm_M169","bgm_M169","0","斯夸瑪冰脈‧東壁 45-1","0"
"102450208","100140","120450021","0","0","20","0","0","3","102450210","430","20","bgm_M169","0","102450206","120450021","116553","211001000","0","120450023","100963","100962","126013","280","bgm_M169","10","0","126343","0","bgm_M169","120450022","2030/12/31 14:59:59","31048","20","100961","0","0","102450207","2021/08/17 16:00:00","90","0","bgm_M169","12045002","12045","100962","102450209","-50","1","bgm_M169","bgm_M169","0","斯夸瑪冰脈‧東壁 45-2","0"
"0","100080","120450031","0","0","20","0","0","3","102450310","430","20","bgm_M170","0","102450309","120450031","116613","211001000","0","120450033","100233","100232","126223","415","bgm_M170","370","0","126373","0","bgm_M170","120450032","2030/12/31 14:59:59","31133","20","100231","0","0","0","2021/08/17 16:00:00","90","0","bgm_M170","12045003","12045","100232","0","-50","1","bgm_M170","bgm_M170","0","斯夸瑪冰脈‧東壁 45-3","0"
"102460107","100080","120460011","0","0","20","0","0","3","102460110","430","20","bgm_M169","0","102460106","120460011","126343","211001000","0","120460013","100233","100232","116553","380","bgm_M169","-370","0","117041","0","bgm_M169","120460012","2030/12/31 14:59:59","31003","20","100231","0","0","102460109","2021/09/16 16:00:00","90","0","bgm_M169","12046001","12046","100232","102460108","-50","1","bgm_M169","bgm_M169","0","拉泰里山脈‧崖上 46-1","0"
"102460208","100030","120460021","0","0","20","0","0","3","102460210","430","20","bgm_M169","0","102460207","120460021","126373","211001000","0","120460023","100733","100732","116613","280","bgm_M169","10","0","127221","0","bgm_M169","120460022","2030/12/31 14:59:59","31008","20","100731","0","0","102460209","2021/09/16 16:00:00","90","0","bgm_M169","12046002","12046","100732","102460209","-50","1","bgm_M169","bgm_M169","0","拉泰里山脈‧崖上 46-2","0"
"0","100150","120460031","0","0","20","0","0","3","102460310","430","20","bgm_M170","0","102460309","120460031","116313","211001000","0","120460033","101133","101132","116583","415","bgm_M170","370","0","127011","0","bgm_M170","120460032","2030/12/31 14:59:59","31136","20","101131","0","0","0","2021/09/16 16:00:00","90","0","bgm_M170","12046003","12046","101132","0","-50","1","bgm_M170","bgm_M170","0","拉泰里山脈‧崖上 46-3","0"
"102470107","100030","120470011","0","0","20","0","0","3","102470110","430","20","bgm_M169","0","102470106","120470011","117071","211001000","0","120470013","100733","100732","116491","-35","bgm_M169","-370","0","117581","0","bgm_M169","120470012","2030/12/31 14:59:59","31002","20","100731","0","0","102470109","2021/10/15 16:00:00","90","0","bgm_M169","12047001","12047","100732","102470108","-50","1","bgm_M169","bgm_M169","0","拉泰里山脈‧崖下 47-1","0"
"102470207","100450","120470021","0","0","20","0","0","3","102470210","430","20","bgm_M169","0","102470206","120470021","127011","211001000","0","120470023","101643","101642","126283","-135","bgm_M169","10","0","117551","0","bgm_M169","120470022","2030/12/31 14:59:59","31027","20","101641","0","0","102470209","2021/10/15 16:00:00","90","0","bgm_M169","12047002","12047","101642","102470208","-50","1","bgm_M169","bgm_M169","0","拉泰里山脈‧崖下 47-2","0"
"0","100150","120470031","0","0","20","0","0","3","102470310","430","20","bgm_M170","0","102470309","120470031","127251","211001000","0","120470033","101103","101102","116462","-20","bgm_M170","370","0","117611","0","bgm_M170","120470032","2030/12/31 14:59:59","31137","20","101101","0","0","0","2021/10/15 16:00:00","90","0","bgm_M170","12047003","12047","101102","0","-50","1","bgm_M170","bgm_M170","0","拉泰里山脈‧崖下 47-3","0"
"102480108","100450","120480011","0","0","20","0","0","3","102480110","430","20","bgm_M169","0","102480106","120480011","117581","211001000","0","120480013","101643","101642","117041","-35","bgm_M169","-370","0","127281","0","bgm_M169","120480012","2030/12/31 14:59:59","31040","20","101641","0","0","102480109","2021/11/15 16:00:00","90","0","bgm_M169","12048001","12048","101642","102480107","-50","2","bgm_M169","bgm_M169","0","埃斯塔荒野‧南部 48-1","0"
"102480207","100450","120480021","0","0","20","0","0","3","102480210","430","20","bgm_M169","0","102480206","120480021","117551","211001000","0","120480023","101643","101642","127011","-135","bgm_M169","10","0","117491","0","bgm_M169","120480022","2030/12/31 14:59:59","31038","20","101641","0","0","102480209","2021/11/15 16:00:00","90","0","bgm_M169","12048002","12048","101642","102480208","-50","2","bgm_M169","bgm_M169","0","埃斯塔荒野‧南部 48-2","0"
"0","100150","120480031","0","0","20","0","0","3","102480310","430","20","bgm_M170","0","102480309","120480031","117611","211001000","0","120480033","101103","101102","127251","-20","bgm_M170","370","0","117461","0","bgm_M170","120480032","2030/12/31 14:59:59","31138","20","101101","0","0","0","2021/11/15 16:00:00","90","0","bgm_M170","12048003","12048","101102","0","-50","2","bgm_M170","bgm_M170","0","埃斯塔荒野‧南部 48-3","0"
"102490107","100450","120490011","0","0","20","0","0","3","102490110","430","20","bgm_M169","0","102490106","120490011","127281","211001000","0","120490013","101643","101642","117551","-35","bgm_M169","-370","0","127012","0","bgm_M169","120490012","2030/12/31 14:59:59","31058","20","101641","0","0","102490109","2021/12/15 16:00:00","90","0","bgm_M169","12049001","12049","101642","102490108","-50","2","bgm_M169","bgm_M169","0","埃斯塔荒野‧北部 49-1","0"
"102490207","100150","120490021","0","0","20","0","0","3","102490210","430","20","bgm_M169","0","102490206","120490021","127341","211001000","0","120490023","101103","101102","117611","-135","bgm_M169","10","0","117192","0","bgm_M169","120490022","2030/12/31 14:59:59","31020","20","101101","0","0","102490209","2021/12/15 16:00:00","90","0","bgm_M169","12049002","12049","101102","102490208","-50","2","bgm_M169","bgm_M169","0","埃斯塔荒野‧北部 49-2","0"
"102490308","100150","120490031","0","0","20","0","0","3","102490310","430","20","bgm_M170","0","102490309","120490031","117042","211001000","0","120490033","101103","101102","127281","-20","bgm_M170","370","0","117552","0","bgm_M170","120490032","2030/12/31 14:59:59","31140","20","101101","0","0","0","2022/01/17 16:00:00","90","0","bgm_M170","12049003","12049","101102","102490308","-50","2","bgm_M170","bgm_M170","0","埃斯塔荒野‧北部 49-3","0"
"102500107","100450","120500011","0","0","20","0","0","3","102500110","430","20","bgm_M169","0","102500106","120500011","117612","211001000","0","120500013","101643","101642","127222","-35","bgm_M169","-370","0","117372","0","bgm_M169","120500012","2030/12/31 14:59:59","31050","20","101641","0","0","102500109","2022/02/15 16:00:00","90","0","bgm_M169","12050001","12050","101642","102500108","-50","2","bgm_M169","bgm_M169","0","涅羅礁岩‧西部 50-1","0"
"102500207","100500","120500021","0","0","20","0","0","3","102500210","430","20","bgm_M169","0","102500206","120500021","117582","211001000","0","120500023","101843","101842","127012","-135","bgm_M169","10","0","117312","0","bgm_M169","120500022","2030/12/31 14:59:59","31048","20","101841","0","0","102500209","2022/02/15 16:00:00","90","0","bgm_M169","12050002","12050","101842","102500208","-50","2","bgm_M169","bgm_M169","0","涅羅礁岩‧西部 50-2","0"
"102500307","100150","120500031","0","0","20","0","0","3","102500310","430","20","bgm_M170","0","102500309","120500031","127282","211001000","0","120500033","101133","101132","117612","-20","bgm_M170","370","0","127043","0","bgm_M170","120500032","2030/12/31 14:59:59","31142","20","101131","0","0","0","2022/02/15 16:00:00","90","0","bgm_M170","12050003","12050","101132","102500308","-50","2","bgm_M170","bgm_M170","0","涅羅礁岩‧西部 50-3","0"
"102510107","100500","120510011","0","0","20","0","0","3","102510110","430","20","bgm_M169","0","102510106","120510011","117163","211001000","0","120510013","101843","101842","117312","50","bgm_M169","-370","0","117583","0","bgm_M169","120510012","2030/12/31 14:59:59","31052","20","101841","0","0","102510109","2022/04/15 16:00:00","90","0","bgm_M169","12051001","12051","101842","102510108","-50","2","bgm_M169","bgm_M169","0","涅羅礁岩‧東部 51-1","0"
"102510207","100110","120510021","0","0","20","0","0","3","102510210","430","20","bgm_M169","0","102510206","120510021","127193","211001000","0","120510023","101073","101072","127342","-135","bgm_M169","10","0","117553","0","bgm_M169","120510022","2030/12/31 14:59:59","31033","20","101071","0","0","102510209","2022/04/15 16:00:00","90","0","bgm_M169","12051002","12051","101072","102510208","-50","2","bgm_M169","bgm_M169","0","涅羅礁岩‧東部 51-2","0"
"102510307","100150","120510031","0","0","20","0","0","3","102510310","430","20","bgm_M170","0","102510309","120510031","117553","211001000","0","120510033","101133","101132","127043","-20","bgm_M170","370","0","117493","0","bgm_M170","120510032","2030/12/31 14:59:59","31143","20","101131","0","0","0","2022/05/16 16:00:00","90","0","bgm_M170","12051003","12051","101132","102510308","-50","2","bgm_M170","bgm_M170","0","涅羅礁岩‧東部 51-3","0"
"102520108","100500","120520011","0","0","20","0","0","3","102520110","430","20","bgm_M169","0","102520109","120520011","127283","211001000","0","120520013","101843","101842","117553","50","bgm_M169","-370","0","118011","0","bgm_M169","120520012","2030/12/31 14:59:59","31003","20","101841","0","0","102520106","2022/06/15 16:00:00","90","0","bgm_M169","12052001","12052","101842","102520107","-50","2","bgm_M169","bgm_M169","0","皮尼翁沿岸堤‧西岸 52-1","0"
"102520208","100110","120520021","0","0","20","0","0","3","102520210","430","20","bgm_M169","0","102520209","120520021","117343","211001000","0","120520023","101073","101072","117583","-50","bgm_M169","10","0","118071","0","bgm_M169","120520022","2030/12/31 14:59:59","31020","20","101071","0","0","102520206","2022/06/15 16:00:00","90","0","bgm_M169","12052002","12052","101072","102520207","-50","2","bgm_M169","bgm_M169","0","皮尼翁沿岸堤‧西岸 52-2","0"
"102520307","100150","120520031","0","0","20","0","0","3","102520310","430","20","bgm_M170","0","102520309","120520031","118011","211001000","0","120520033","101133","101132","117493","130","bgm_M170","370","0","118551","0","bgm_M170","120520032","2030/12/31 14:59:59","31064","20","101131","0","0","0","2022/07/15 16:00:00","90","0","bgm_M170","12052003","12052","101132","102520308","-50","2","bgm_M170","bgm_M170","0","皮尼翁沿岸堤‧西岸 52-3","0"
"102530108","100150","120530011","0","0","20","0","0","3","102530110","430","20","bgm_M169","0","102530109","120530011","118581","211001000","0","120530013","101133","101132","128131","30","bgm_M169","-370","0","128281","0","bgm_M169","120530012","2030/12/31 14:59:59","31040","20","101131","0","0","102530106","2022/08/15 16:00:00","90","0","bgm_M169","12053001","12053","101132","102530107","-50","2","bgm_M169","bgm_M169","0","皮尼翁沿岸堤‧東岸 53-1","0"
"102530206","100110","120530021","0","0","20","0","0","3","102530210","430","20","bgm_M169","0","102530207","120530021","118551","211001000","0","120530023","101073","101072","128041","-70","bgm_M169","10","0","128401","0","bgm_M169","120530022","2030/12/31 14:59:59","31031","20","101071","0","0","102530208","2022/08/15 16:00:00","90","0","bgm_M169","12053002","12053","101072","102530209","-50","2","bgm_M169","bgm_M169","0","皮尼翁沿岸堤‧東岸 53-2","0"
"102530307","100150","120530031","0","0","20","0","0","3","102530310","430","20","bgm_M170","0","102530309","120530031","118371","211001000","0","120530033","101133","101132","118611","20","bgm_M170","370","0","118222","0","bgm_M170","120530032","2030/12/31 14:59:59","31157","20","101131","0","0","0","2022/09/15 16:00:00","90","0","bgm_M170","12053003","12053","101132","102530308","-50","2","bgm_M170","bgm_M170","0","皮尼翁沿岸堤‧東岸 53-3","0"
"102540107","100150","120540011","0","0","20","0","0","3","102540110","430","20","bgm_M169","0","102540106","120540011","118222","211001000","0","120540013","101133","101132","118521","30","bgm_M169","-370","0","118582","0","bgm_M169","120540012","2030/12/31 14:59:59","31002","20","101131","0","0","102540109","2022/10/14 16:00:00","90","0","bgm_M169","12054001","12054","101132","102540108","-50","2","bgm_M169","bgm_M169","0","托塔提斯沙岸‧西部 54-1","0"
"102540207","100110","120540021","0","0","20","0","0","3","102540210","430","20","bgm_M169","0","102540206","120540021","118252","211001000","0","120540023","101073","101072","118371","-70","bgm_M169","10","0","118612","0","bgm_M169","120540022","2030/12/31 14:59:59","31008","20","101071","0","0","102540209","2022/10/14 16:00:00","90","0","bgm_M169","12054002","12054","101072","102540208","-50","2","bgm_M169","bgm_M169","0","托塔提斯沙岸‧西部 54-2","0"
"102540307","100150","120540031","0","0","20","0","0","3","102540310","430","20","bgm_M170","0","102540309","120540031","118612","211001000","0","120540033","101133","101132","118252","-30","bgm_M170","370","0","128372","0","bgm_M170","120540032","2030/12/31 14:59:59","31160","20","101131","0","0","0","2022/10/14 16:00:00","90","0","bgm_M170","12054003","12054","101132","102540308","-50","2","bgm_M170","bgm_M170","0","托塔提斯沙岸‧西部 54-3","0"
"102550107","100150","120550011","0","0","20","0","0","3","102550110","430","20","bgm_M169","0","102550106","120550011","128282","211001000","0","120550013","101133","101132","118582","30","bgm_M169","-370","0","118193","0","bgm_M169","120550012","2030/12/31 14:59:59","31021","20","101131","0","0","102550109","2022/12/15 16:00:00","90","0","bgm_M169","12055001","12055","101132","102550108","-50","2","bgm_M169","bgm_M169","0","托塔提斯沙岸‧東部 55-1","0"
"102550208","100110","120550021","0","0","20","0","0","3","102550210","430","20","bgm_M169","0","102550206","120550021","118342","211001000","0","120550023","101073","101072","118552","-70","bgm_M169","10","0","118193","0","bgm_M169","120550022","2030/12/31 14:59:59","31027","20","101071","0","0","102550209","2022/12/15 16:00:00","90","0","bgm_M169","12055002","12055","101072","102550207","-50","2","bgm_M169","bgm_M169","0","托塔提斯沙岸‧東部 55-2","0"
"102550307","100100","120550031","0","0","20","0","0","3","102550310","430","20","bgm_M170","0","102550309","120550031","118103","211001000","0","120550033","100813","100812","118342","-30","bgm_M170","370","0","118553","0","bgm_M170","120550032","2030/12/31 14:59:59","31163","20","100811","0","0","0","2022/12/15 16:00:00","90","0","bgm_M170","12055003","12055","100812","102550308","-50","2","bgm_M170","bgm_M170","0","托塔提斯沙岸‧東部 55-3","0"
"102560107","100150","120560011","0","0","20","0","0","3","102560110","430","20","bgm_M169","0","102560106","120560011","118583","211001000","0","120560013","101133","101132","118013","30","bgm_M169","-370","0","128313","0","bgm_M169","120560012","2030/12/31 14:59:59","31058","20","101131","0","0","102560109","2015/12/17 15:00:00","90","0","bgm_M169","12056001","12056","101132","102560108","-50","2","bgm_M169","bgm_M169","0","歐呂克斯沙島‧北部 56-1","0"
"102560207","100110","120560021","0","0","20","0","0","3","102560210","430","20","bgm_M169","0","102560206","120560021","118553","211001000","0","120560023","101073","101072","128133","-70","bgm_M169","10","0","118343","0","bgm_M169","120560022","2030/12/31 14:59:59","31038","20","101071","0","0","102560209","2015/12/17 15:00:00","90","0","bgm_M169","12056002","12056","101072","102560208","-50","2","bgm_M169","bgm_M169","0","歐呂克斯沙島‧北部 56-2","0"
"102560308","100100","120560031","0","0","20","0","0","3","102560310","430","20","bgm_M170","0","102560309","120560031","128283","211001000","0","120560033","100813","100812","118553","-30","bgm_M170","370","0","128194","0","bgm_M170","120560032","2030/12/31 14:59:59","31165","20","100811","0","0","0","2015/12/17 15:00:00","90","0","bgm_M170","12056003","12056","100812","102560307","-50","2","bgm_M170","bgm_M170","0","歐呂克斯沙島‧北部 56-3","0"
"102570107","100100","120570011","0","0","20","0","0","3","102570110","430","20","bgm_M169","0","102570106","120570011","118224","211001000","0","120570013","100813","100812","118523","30","bgm_M169","-370","0","118614","0","bgm_M169","120570012","2030/12/31 14:59:59","31050","20","100811","0","0","102570109","2015/12/17 15:00:00","90","0","bgm_M169","12057001","12057","100812","102570108","-50","2","bgm_M169","bgm_M169","0","歐呂克斯沙島‧南部 57-1","0"
"102570207","100150","120570021","0","0","20","0","0","3","102570210","430","20","bgm_M169","0","102570206","120570021","118164","211001000","0","120570023","101133","101132","128283","-70","bgm_M169","10","0","118584","0","bgm_M169","120570022","2030/12/31 14:59:59","31048","20","101131","0","0","102570209","2015/12/17 15:00:00","90","0","bgm_M169","12057002","12057","101132","102570208","-50","2","bgm_M169","bgm_M169","0","歐呂克斯沙島‧南部 57-2","0"
"102570307","100110","120570031","0","0","20","0","0","3","102570310","430","20","bgm_M170","0","102570309","120570031","118554","211001000","0","120570033","101073","101072","118104","-30","bgm_M170","370","0","128314","0","bgm_M170","120570032","2030/12/31 14:59:59","31166","20","101071","0","0","0","2015/12/17 15:00:00","90","0","bgm_M170","12057003","12057","101072","102570308","-50","2","bgm_M170","bgm_M170","0","歐呂克斯沙島‧南部 57-3","0"
"102580107","100100","120580011","0","0","20","0","0","3","102580110","430","20","bgm_M169","0","102580106","120580011","118494","211001000","0","120580013","100813","100812","118554","30","bgm_M169","-370","0","119011","0","bgm_M169","120580012","2030/12/31 14:59:59","31003","20","100811","0","0","102580109","2015/12/17 15:00:00","90","0","bgm_M169","12058001","12058","100812","102580108","-50","2","bgm_M169","bgm_M169","0","克魯斯密林‧東部 58-1","0"
"102580207","100150","120580021","0","0","20","0","0","3","102580210","430","20","bgm_M169","0","102580206","120580021","118494","211001000","0","120580023","101133","101132","118554","-70","bgm_M169","10","0","129041","0","bgm_M169","120580022","2030/12/31 14:59:59","31031","20","101131","0","0","102580209","2015/12/17 15:00:00","90","0","bgm_M169","12058002","12058","101132","102580208","-50","2","bgm_M169","bgm_M169","0","克魯斯密林‧東部 58-2","0"
"102580307","100110","120580031","0","0","20","0","0","3","102580310","430","20","bgm_M170","0","102580309","120580031","119161","211001000","0","120580033","101073","101072","118494","-30","bgm_M170","370","0","119551","0","bgm_M170","120580032","2030/12/31 14:59:59","31169","20","101071","0","0","0","2015/12/17 15:00:00","90","0","bgm_M170","12058003","12058","101072","102580308","-50","2","bgm_M170","bgm_M170","0","克魯斯密林‧東部 58-3","0"
"102630107","100750","120630011","0","0","20","0","0","3","102630110","430","20","bgm_MC022","0","102630106","120630011","119581","211001000","0","120630013","103193","103192","119161","30","bgm_MC022","-370","0","129311","0","bgm_MC022","120630012","2030/12/31 14:59:59","31052","20","103191","0","0","102630109","2015/12/17 15:00:00","90","0","bgm_MC022","12063001","12063","103192","102630108","-50","2","bgm_MC022","bgm_MC022","0","阿帕雷尤街道‧西側 63-1","0"
"102630207","100750","120630021","0","0","20","0","0","3","102630210","430","20","bgm_MC022","0","102630206","120630021","119611","211001000","0","120630023","103193","103192","119251","-70","bgm_MC022","10","0","119371","0","bgm_MC022","120630022","2030/12/31 14:59:59","31008","20","103191","0","0","102630209","2015/12/17 15:00:00","90","0","bgm_MC022","12063002","12063","103192","102630208","-50","2","bgm_MC022","bgm_MC022","0","阿帕雷尤街道‧西側 63-2","0"
"102630304","100750","120630031","0","0","20","0","0","3","102630310","430","20","bgm_MC023","0","102630309","120630031","129311","211001000","0","120630033","103193","103192","119581","-30","bgm_MC023","370","0","119012","0","bgm_MC023","120630032","2030/12/31 14:59:59","31171","20","103191","0","0","0","2015/12/17 15:00:00","90","0","bgm_MC023","12063003","12063","103192","102630307","-50","2","bgm_MC023","bgm_MC023","0","阿帕雷尤街道‧西側 63-3","0"
"102640107","100750","120640011","0","0","20","0","0","3","102640110","430","20","bgm_MC022","0","102640106","120640011","129162","211001000","0","120640013","103193","103192","129281","30","bgm_MC022","-370","0","119582","0","bgm_MC022","120640012","2030/12/31 14:59:59","31059","20","103191","0","0","102640109","2015/12/17 15:00:00","90","0","bgm_MC022","12064001","12064","103192","102640108","-50","2","bgm_MC022","bgm_MC022","0","阿帕雷尤街道‧東側 64-1","0"
"102640207","100750","120640021","0","0","20","0","0","3","102640210","430","20","bgm_MC022","0","102640206","120640021","119012","211001000","0","120640023","103193","103192","129401","-70","bgm_MC022","10","0","119552","0","bgm_MC022","120640022","2030/12/31 14:59:59","31020","20","103191","0","0","102640209","2015/12/17 15:00:00","90","0","bgm_MC022","12064002","12064","103192","102640208","-50","2","bgm_MC022","bgm_MC022","0","阿帕雷尤街道‧東側 64-2","0"
"102640307","100750","120640031","0","0","20","0","0","3","102640310","430","20","bgm_MC023","0","102640309","120640031","119552","211001000","0","120640033","103193","103192","119012","-30","bgm_MC023","370","0","129402","0","bgm_MC023","120640032","2030/12/31 14:59:59","31175","20","103191","0","0","0","2015/12/17 15:00:00","90","0","bgm_MC023","12064003","12064","103192","102640308","-50","2","bgm_MC023","bgm_MC023","0","阿帕雷尤街道‧東側 64-3","0"
"102650107","100750","120650011","0","0","20","0","0","3","102650110","430","20","bgm_MC022","0","102650106","120650011","129282","211001000","0","120650013","103193","103192","119552","30","bgm_MC022","-370","0","129133","0","bgm_MC022","120650012","2030/12/31 14:59:59","31040","20","103191","0","0","102650108","2015/12/17 15:00:00","90","0","bgm_MC022","12065001","12065","103192","102650109","-50","2","bgm_MC022","bgm_MC022","0","芭菲之城城鎮 65-1","0"
"102650207","100750","120650021","0","0","20","0","0","3","102650210","430","20","bgm_MC022","0","102650206","120650021","119432","211001000","0","120650023","103193","103192","119552","-70","bgm_MC022","10","0","129193","0","bgm_MC022","120650022","2030/12/31 14:59:59","31027","20","103191","0","0","102650209","2015/12/17 15:00:00","90","0","bgm_MC022","12065002","12065","103192","102650208","-50","2","bgm_MC022","bgm_MC022","0","芭菲之城城鎮 65-2","0"
"102650307","100750","120650031","0","0","20","0","0","3","102650310","430","20","bgm_MC023","0","102650309","120650031","119253","211001000","0","120650033","103193","103192","119372","-30","bgm_MC023","370","0","119613","0","bgm_MC023","120650032","2030/12/31 14:59:59","31176","20","103191","0","0","0","2015/12/17 15:00:00","90","0","bgm_MC023","12065003","12065","103192","102650308","-50","2","bgm_MC023","bgm_MC023","0","芭菲之城城鎮 65-3","0"
"102660107","100750","120660011","0","0","20","0","0","3","102660110","430","20","bgm_MC022","0","102660106","120660011","119583","211001000","0","120660013","103193","103192","119253","30","bgm_MC022","-370","0","129373","0","bgm_MC022","120660012","2030/12/31 14:59:59","31002","20","103191","0","0","102660109","2015/12/17 15:00:00","90","0","bgm_MC022","12066001","12066","103192","102660108","-50","2","bgm_MC022","bgm_MC022","0","拉摩利爾平原 66-1","0"
"102660207","100750","120660021","0","0","20","0","0","3","102660210","430","20","bgm_MC022","0","102660206","120660021","119553","211001000","0","120660023","103193","103192","129193","-70","bgm_MC022","10","0","119343","0","bgm_MC022","120660022","2030/12/31 14:59:59","31033","20","103191","0","0","102660209","2015/12/17 15:00:00","90","0","bgm_MC022","12066002","12066","103192","102660208","-50","2","bgm_MC022","bgm_MC022","0","拉摩利爾平原 66-2","0"
"102660307","100750","120660031","0","0","20","0","0","3","102660310","430","20","bgm_MC023","0","102660309","120660031","129373","211001000","0","120660033","103193","103192","119583","-30","bgm_MC023","370","0","119254","0","bgm_MC023","120660032","2030/12/31 14:59:59","31190","20","103191","0","0","0","2015/12/17 15:00:00","90","0","bgm_MC023","12066003","12066","103192","102660308","-50","2","bgm_MC023","bgm_MC023","0","拉摩利爾平原 66-3","0"
"102670107","100800","120670011","0","0","20","0","0","3","102670110","430","20","bgm_MC086","0","102670106","120670011","129194","211001000","0","120670013","103343","103342","129283","-110","bgm_MC086","-326","0","119584","0","bgm_MC086","120670012","2030/12/31 14:59:59","31021","20","103341","0","0","102670109","2015/12/17 15:00:00","90","0","bgm_MC086","12067001","12067","103342","102670108","-50","2","bgm_MC086","bgm_MC086","0","渦炎密林 67-1","0"
"102670207","100800","120670021","0","0","20","0","0","3","102670210","430","20","bgm_MC086","0","102670206","120670021","129134","211001000","0","120670023","103343","103342","119493","-70","bgm_MC086","10","0","119554","0","bgm_MC086","120670022","2030/12/31 14:59:59","31038","20","103341","0","0","102670209","2015/12/17 15:00:00","90","0","bgm_MC086","12067002","12067","103342","102670208","-50","2","bgm_MC086","bgm_MC086","0","渦炎密林 67-2","0"
"102670307","100800","120670031","0","0","20","0","0","3","102670310","430","20","bgm_MC087","0","102670309","120670031","119584","211001000","0","120670033","103343","103342","119254","-20","bgm_MC087","290","0","129314","0","bgm_MC087","120670032","2030/12/31 14:59:59","31191","20","103341","0","0","0","2015/12/17 15:00:00","90","0","bgm_MC087","12067003","12067","103342","102670308","-50","2","bgm_MC087","bgm_MC087","0","渦炎密林 67-3","0"
"102680107","100800","120680011","0","0","20","0","0","3","102680110","430","20","bgm_MC086","0","102680106","120680011","129314","211001000","0","120680013","103343","103342","119584","-125","bgm_MC086","-83","0","11001032","0","bgm_MC086","120680012","2030/12/31 14:59:59","31058","20","103341","0","0","102680109","2015/12/17 15:00:00","90","0","bgm_MC086","12068001","12068","103342","102680108","-50","2","bgm_MC086","bgm_MC086","0","思索樹海 68-1","0"
"102680207","100800","120680021","0","0","20","0","0","3","102680210","430","20","bgm_MC086","0","102680206","120680021","129284","211001000","0","120680023","103343","103342","119584","-41","bgm_MC086","145","0","12016032","0","bgm_MC086","120680022","2030/12/31 14:59:59","31048","20","103341","0","0","102680209","2015/12/17 15:00:00","90","0","bgm_MC086","12068002","12068","103342","102680208","-50","2","bgm_MC086","bgm_MC086","0","思索樹海 68-2","0"
"102680307","100800","120680031","0","0","20","0","0","3","102680310","430","20","bgm_MC087","0","102680309","120680031","11025032","211001000","0","120680033","103343","103342","129374","-90","bgm_MC087","377","0","11058032","0","bgm_MC087","120680032","2030/12/31 14:59:59","31164","20","103341","0","0","0","2015/12/17 15:00:00","90","0","bgm_MC087","12068003","12068","103342","102680308","-50","2","bgm_MC087","bgm_MC087","0","思索樹海 68-3","0"
"102690107","100800","120690011","0","0","20","0","0","3","102690110","430","20","bgm_MC086","0","102690106","120690011","11061032","211001000","0","120690013","103343","103342","11022032","-34","bgm_MC086","-400","0","11046032","0","bgm_MC086","120690012","2030/12/31 14:59:59","31050","20","103341","0","0","102690109","2015/12/17 15:00:00","90","0","bgm_MC086","12069001","12069","103342","102690108","-50","2","bgm_MC086","bgm_MC086","0","鬼的跟前 69-1","0"
"102690207","100800","120690021","0","0","20","0","0","3","102690210","430","20","bgm_MC086","0","102690206","120690021","11055032","211001000","0","120690023","103343","103342","12004032","58","bgm_MC086","0","0","11040032","0","bgm_MC086","120690022","2030/12/31 14:59:59","31031","20","103341","0","0","102690209","2015/12/17 15:00:00","90","0","bgm_MC086","12069002","12069","103342","102690208","-50","2","bgm_MC086","bgm_MC086","0","鬼的跟前 69-2","0"
"102690307","100800","120690031","0","0","20","0","0","3","102690310","430","20","bgm_MC087","0","102690309","120690031","12028032","211001000","0","120690033","103472","103522","11058032","-88","bgm_MC087","350","0","12019033","0","bgm_MC087","120690032","2030/12/31 14:59:59","31213","20","103521","1.5","0","0","2015/12/17 15:00:00","90","0","bgm_MC142","12069003","12069","103472","102690308","-50","2","bgm_MC087","bgm_MC142","0","鬼的跟前 69-3","0"
"102700107","100800","120700011","0","0","20","0","0","3","102700110","430","20","bgm_MC086","0","102700106","120700011","12016033","211001000","0","120700013","103343","103342","12031032","-34","bgm_MC086","-400","0","11058033","0","bgm_MC086","120700012","2030/12/31 14:59:59","31052","20","103341","0","0","102700109","2015/12/17 15:00:00","90","0","bgm_MC086","12070001","12070","103342","102700108","-50","2","bgm_MC086","bgm_MC086","0","炎繩河 70-1","0"
"102700207","100800","120700021","0","0","20","0","0","3","102700210","430","20","bgm_MC086","0","102700206","120700021","11001033","211001000","0","120700023","103343","103342","11040032","58","bgm_MC086","0","0","11055033","0","bgm_MC086","120700022","2030/12/31 14:59:59","31020","20","103341","0","0","102700209","2015/12/17 15:00:00","90","0","bgm_MC086","12070002","12070","103342","102700208","-50","2","bgm_MC086","bgm_MC086","0","炎繩河 70-2","0"
"102700307","100800","120700031","0","0","20","0","0","3","102700310","430","20","bgm_MC087","0","102700309","120700031","11055033","211001000","0","120700033","103472","103522","12019033","-88","bgm_MC087","350","0","11043033","0","bgm_MC087","120700032","2030/12/31 14:59:59","31216","20","103521","1.5","0","0","2015/12/17 15:00:00","90","0","bgm_MC142","12070003","12070","103472","102700308","-50","2","bgm_MC087","bgm_MC142","0","炎繩河 70-3","0"
"102710107","100800","120710011","0","0","20","0","0","3","102710110","430","20","bgm_MC086","0","102710106","120710011","12040033","211001000","0","120710013","103343","103342","11055033","-168","bgm_MC086","-308","0","11001034","0","bgm_MC086","120710012","2030/12/31 14:59:59","31003","20","103341","0","0","102710109","2015/12/17 15:00:00","90","0","bgm_MC086","12071001","12071","103342","102710108","-50","2","bgm_MC086","bgm_MC086","0","崩豹山巔 71-1","0"
"102710207","100800","120710021","0","0","20","0","0","3","102710210","430","20","bgm_MC086","0","102710206","120710021","11043033","211001000","0","120710023","103343","103342","11055033","58","bgm_MC086","0","0","12013034","0","bgm_MC086","120710022","2030/12/31 14:59:59","31038","20","103341","0","0","102710209","2015/12/17 15:00:00","90","0","bgm_MC086","12071002","12071","103342","102710208","-50","2","bgm_MC086","bgm_MC086","0","崩豹山巔 71-2","0"
"102710307","100800","120710031","0","0","20","0","0","3","102710310","430","20","bgm_MC087","0","102710309","120710031","12019034","211001000","0","120710033","103343","103342","11043033","-88","bgm_MC087","350","0","11055034","0","bgm_MC087","120710032","2030/12/31 14:59:59","31220","20","103341","0","0","0","2015/12/17 15:00:00","90","0","bgm_MC087","12071003","12071","103342","102710302","-50","2","bgm_MC087","bgm_MC087","0","崩豹山巔 71-3","0"
"102720107","100800","120720011","0","0","20","0","0","3","102720110","430","20","bgm_MC086","0","102720106","120720011","11058034","211001000","0","120720013","103343","103342","12016034","-1","bgm_MC086","-323","0","12028034","0","bgm_MC086","120720012","2030/12/31 14:59:59","31059","20","103341","0","0","102720105","2015/12/17 15:00:00","90","0","bgm_MC086","12072001","12072","103342","102720108","-50","2","bgm_MC086","bgm_MC086","0","怒錐山岳 72-1","0"
"102720202","100800","120720021","0","0","20","0","0","3","102720210","430","20","bgm_MC086","0","102720206","120720021","11061034","211001000","0","120720023","103343","103342","11025034","-75","bgm_MC086","7","0","12037034","0","bgm_MC086","120720022","2030/12/31 14:59:59","31008","20","103341","0","0","102720204","2015/12/17 15:00:00","90","0","bgm_MC086","12072002","12072","103342","102720209","-50","2","bgm_MC086","bgm_MC086","0","怒錐山岳 72-2","0"
"102720307","100800","120720031","0","0","20","0","0","3","102720310","430","20","bgm_MC087","0","102720309","120720031","11034034","211001000","0","120720033","103343","103342","11055034","34","bgm_MC087","307","0","11001035","0","bgm_MC087","120720032","2030/12/31 14:59:59","31222","20","103341","0","0","0","2015/12/17 15:00:00","90","0","bgm_MC087","12072003","12072","103342","102720308","-50","2","bgm_MC087","bgm_MC087","0","怒錐山岳 72-3","0"
"102730103","100900","120730011","0","0","20","0","0","3","102730110","430","20","bgm_MC202","0","102730101","120730011","11022035","211001000","0","120730013","103593","103592","11052034","-34","bgm_MC202","-400","0","11061035","0","bgm_MC202","120730012","2030/12/31 14:59:59","31050","20","103591","0","0","102730109","2015/12/17 15:00:00","90","0","bgm_MC202","12073001","12073","103592","102730104","-50","2","bgm_MC202","bgm_MC202","0","久遠冰河‧南端 73-1","0"
"102730207","100900","120730021","0","0","20","0","0","3","102730210","430","20","bgm_MC202","0","102730201","120730021","12019035","211001000","0","120730023","103593","103592","11034034","58","bgm_MC202","0","0","11055035","0","bgm_MC202","120730022","2030/12/31 14:59:59","31027","20","103591","0","0","102730209","2015/12/17 15:00:00","90","0","bgm_MC202","12073002","12073","103592","102730203","-50","2","bgm_MC202","bgm_MC202","0","久遠冰河‧南端 73-2","0"
"102730301","100900","120730031","0","0","20","0","0","3","102730310","430","20","bgm_MC203","0","102730309","120730031","11061035","211001000","0","120730033","103593","103592","11022035","46","bgm_MC203","330","0","11052035","0","bgm_MC203","120730032","2030/12/31 14:59:59","31223","20","103591","0","0","102730308","2015/12/17 15:00:00","90","0","bgm_MC203","12073003","12073","103592","102730307","-50","2","bgm_MC203","bgm_MC203","0","久遠冰河‧南端 73-3","0"
"102740108","100900","120740011","0","0","20","0","0","3","102740110","430","20","bgm_MC202","0","102740107","120740011","12028035","211001000","0","120740013","103593","103592","11055035","-34","bgm_MC202","-400","0","12013036","0","bgm_MC202","120740012","2030/12/31 14:59:59","31040","20","103591","0","0","102740109","2015/12/17 15:00:00","90","0","bgm_MC202","12074001","12074","103592","102740104","-50","2","bgm_MC202","bgm_MC202","0","幽魂濕地 74-1","0"
"102740207","100900","120740021","0","0","20","0","0","3","102740210","430","20","bgm_MC202","0","102740201","120740021","12040035","211001000","0","120740023","103593","103592","11055035","58","bgm_MC202","0","0","12016036","0","bgm_MC202","120740022","2030/12/31 14:59:59","31033","20","103591","0","0","102740209","2015/12/17 15:00:00","90","0","bgm_MC202","12074002","12074","103592","102740208","-50","2","bgm_MC202","bgm_MC202","0","幽魂濕地 74-2","0"
"102740307","100900","120740031","0","0","20","0","0","3","102740310","430","20","bgm_MC203","0","102740309","120740031","11022036","211001000","0","120740033","103593","103592","11052035","-88","bgm_MC203","350","0","11061036","0","bgm_MC203","120740032","2030/12/31 14:59:59","31227","20","103591","0","0","0","2015/12/17 15:00:00","90","0","bgm_MC203","12074003","12074","103592","102740308","-50","2","bgm_MC203","bgm_MC203","0","幽魂濕地 74-3","0"
"102750107","100900","120750011","0","0","20","0","0","3","102750110","430","20","bgm_MC202","0","102750106","120750011","11058036","211001000","0","120750013","103593","103592","11025036","-34","bgm_MC202","-400","0","12037036","0","bgm_MC202","120750012","2030/12/31 14:59:59","31002","20","103591","0","0","102750109","2015/12/17 15:00:00","90","0","bgm_MC202","12075001","12075","103592","102750108","-50","2","bgm_MC202","bgm_MC202","0","巨鯨城‧近郊 75-1","0"
"102750207","100900","120750021","0","0","20","0","0","3","102750210","430","20","bgm_MC202","0","102750206","120750021","11055036","211001000","0","120750023","103593","103592","12004036","58","bgm_MC202","0","0","12040036","0","bgm_MC202","120750022","2030/12/31 14:59:59","31031","20","103591","0","0","102750209","2015/12/17 15:00:00","90","0","bgm_MC202","12075002","12075","103592","102750208","-50","2","bgm_MC202","bgm_MC202","0","巨鯨城‧近郊 75-2","0"
"102750307","100900","120750031","0","0","20","0","0","3","102750310","430","20","bgm_MC203","0","102750309","120750031","11046036","211001000","0","120750033","103593","103592","11061036","-88","bgm_MC203","350","0","11022037","0","bgm_MC203","120750032","2030/12/31 14:59:59","31231","20","103591","0","0","0","2015/12/17 15:00:00","90","0","bgm_MC203","12075003","12075","103592","102750308","-50","2","bgm_MC203","bgm_MC203","0","巨鯨城‧近郊 75-3","0"
"102760107","100900","120760011","0","0","20","0","0","3","102760110","430","20","bgm_MC202","0","102760106","120760011","12019037","211001000","0","120760013","103593","103592","12028036","-34","bgm_MC202","-400","0","11058037","0","bgm_MC202","120760012","2030/12/31 14:59:59","31021","20","103591","0","0","102760109","2015/12/17 15:00:00","90","0","bgm_MC202","12076001","12076","103592","102760108","-50","2","bgm_MC202","bgm_MC202","0","被遺忘的城鎮 76-1","0"
"102760207","100900","120760021","0","0","20","0","0","3","102760210","430","20","bgm_MC202","0","102760206","120760021","11001037","211001000","0","120760023","103593","103592","12028036","58","bgm_MC202","0","0","11055037","0","bgm_MC202","120760022","2030/12/31 14:59:59","31020","20","103591","0","0","102760209","2015/12/17 15:00:00","90","0","bgm_MC202","12076002","12076","103592","102760208","-50","2","bgm_MC202","bgm_MC202","0","被遺忘的城鎮 76-2","0"
"102760307","100900","120760031","0","0","20","0","0","3","102760310","430","20","bgm_MC203","0","102760309","120760031","11061037","211001000","0","120760033","103593","103592","11022037","-88","bgm_MC203","350","0","11046037","0","bgm_MC203","120760032","2030/12/31 14:59:59","31237","20","103591","0","0","0","2015/12/17 15:00:00","90","0","bgm_MC203","12076003","12076","103592","102760308","-50","2","bgm_MC203","bgm_MC203","0","被遺忘的城鎮 76-3","0"
"102770107","100900","120770011","0","0","20","0","0","3","102770110","430","20","bgm_MC202","0","102770106","120770011","12031037","211001000","0","120770013","103593","103592","11058037","-34","bgm_MC202","-400","0","12016038","0","bgm_MC202","120770012","2030/12/31 14:59:59","31052","20","103591","0","0","102770109","2015/12/17 15:00:00","90","0","bgm_MC202","12077001","12077","103592","102770108","-50","2","bgm_MC202","bgm_MC202","0","面對黑曜的山丘 77-1","0"
"102770207","100900","120770021","0","0","20","0","0","3","102770210","430","20","bgm_MC202","0","102770206","120770021","12028037","211001000","0","120770023","103593","103592","11058037","58","bgm_MC202","0","0","12016038","0","bgm_MC202","120770022","2030/12/31 14:59:59","31048","20","103591","0","0","102770209","2015/12/17 15:00:00","90","0","bgm_MC202","12077002","12077","103592","102770208","-50","2","bgm_MC202","bgm_MC202","0","面對黑曜的山丘 77-2","0"
"102770307","100900","120770031","0","0","20","0","0","3","102770310","430","20","bgm_MC203","0","102770309","120770031","11007038","211001002","0","120770033","103593","103592","12031037","-88","bgm_MC203","350","0","11058038","0","bgm_MC203","120770032","2030/12/31 14:59:59","31239","20","103591","0","0","0","2015/12/17 15:00:00","90","0","bgm_MC203","12077003","12077","103592","102770308","-50","2","bgm_MC203","bgm_MC203","0","面對黑曜的山丘 77-3","0"
"103180102","100050","130180011","0","0","20","0","0","3","103180108","430","20","bgm_M169","0","103180103","130180011","115194","211001000","0","130180013","101403","101402","125134","0","bgm_M169","-350","0","115554","0","bgm_M169","130180012","2030/12/31 14:59:59","32058","20","101401","0","0","103180105","2020/01/02 16:00:00","90","125343","bgm_M169","13018001","13018","101402","103180107","-50","0","bgm_M169","bgm_M169","0","法艾頓草原‧北部 18-1","0"
"103180204","100020","130180021","0","0","20","0","0","3","103180207","430","20","bgm_M169","0","103180203","130180021","125074","211001000","0","130180023","100693","100692","115104","-130","bgm_M169","0","0","115584","0","bgm_M169","130180022","2030/12/31 14:59:59","32059","20","100691","0","0","103180206","2020/01/02 16:00:00","90","125373","bgm_M169","13018002","13018","100692","103180205","-50","0","bgm_M169","bgm_M169","0","法艾頓草原‧北部 18-2","0"
"103180304","100050","130180031","0","0","20","0","0","3","103180307","430","20","bgm_M169","0","103180301","130180031","115254","211001000","0","130180033","101433","101432","125044","-30","bgm_M169","380","0","115614","0","bgm_M169","130180032","2030/12/31 14:59:59","32060","20","101431","0","0","103180310","2020/01/02 16:00:00","90","125283","bgm_M169","13018003","13018","101432","103180308","-50","0","bgm_M169","bgm_M169","0","法艾頓草原‧北部 18-3","0"
"103190101","100050","130190011","0","0","20","0","0","3","103190110","430","20","bgm_M169","0","103190104","130190011","125314","211001000","0","130190013","101403","101402","125014","-90","bgm_M169","-350","0","115344","0","bgm_M169","130190012","2030/12/31 14:59:59","32011","20","101401","0","0","103190107","2020/02/04 16:00:00","90","125164","bgm_M169","13019001","13019","101402","103190103","-50","0","bgm_M169","bgm_M169","0","法艾頓草原‧南部 19-1","0"
"103190209","100050","130190021","0","0","20","0","0","3","103190210","430","20","bgm_M169","0","103190208","130190021","125015","211001000","0","130190023","101403","101402","125523","-10","bgm_M169","0","0","115225","0","bgm_M169","130190022","2030/12/31 14:59:59","32052","20","101401","0","0","103190207","2020/03/04 16:00:00","90","115284","bgm_M169","13019002","13019","101402","103190204","-50","0","bgm_M169","bgm_M169","0","法艾頓草原‧南部 19-2","0"
"103190305","100020","130190031","0","0","20","0","0","3","103190310","430","20","bgm_M169","0","103190307","130190031","115585","211001000","0","130190033","101433","101432","115165","-75","bgm_M169","380","0","115555","0","bgm_M169","130190032","2030/12/31 14:59:59","32018","20","101431","0","0","103190309","2020/04/01 16:00:00","90","125045","bgm_M169","13019003","13019","101432","103190304","-50","0","bgm_M169","bgm_M169","0","法艾頓草原‧南部 19-3","0"
"103200103","100010","130200011","0","0","20","0","0","3","103200110","430","20","bgm_M169","0","103200104","130200011","115375","211001000","0","130200013","101403","101402","115615","-10","bgm_M169","-350","0","125285","0","bgm_M169","130200012","2030/12/31 14:59:59","32034","20","101401","0","0","103200109","2020/05/05 16:00:00","90","125255","bgm_M169","13020001","13020","101402","103200102","-50","0","bgm_M169","bgm_M169","0","卡斯塔利亞樹林‧西部 20-1","0"
"103200203","100080","130200021","0","0","20","0","0","3","103200210","430","20","bgm_M169","0","103200204","130200021","125016","211001000","0","130200023","100933","100932","115402","-90","bgm_M169","0","0","125226","0","bgm_M169","130200022","2030/12/31 14:59:59","32010","20","100931","0","0","103200205","2020/05/05 16:00:00","90","115315","bgm_M169","13020002","13020","100932","103200207","-50","0","bgm_M169","bgm_M169","0","卡斯塔利亞樹林‧西部 20-2","0"
"103200302","100020","130200031","0","0","20","0","0","3","103200310","430","20","bgm_M169","0","103200301","130200031","125256","211001000","0","130200033","100369","100368","115196","0","bgm_M169","380","0","115616","0","bgm_M169","130200032","2030/12/31 14:59:59","32002","20","100367","0","0","103200309","2020/05/05 16:00:00","90","125463","bgm_M169","13020003","13020","100368","103200304","-50","0","bgm_M169","bgm_M169","0","卡斯塔利亞樹林‧西部 20-3","0"
"103210106","100050","130210011","0","0","20","0","0","3","103210110","430","20","bgm_M169","0","103210104","130210011","115166","211001000","0","130210013","101403","101402","115136","-10","bgm_M169","-350","0","115556","0","bgm_M169","130210012","2030/12/31 14:59:59","32003","20","101401","0","0","103210109","2020/07/02 16:00:00","90","125345","bgm_M169","13021001","13021","101402","103210105","-50","0","bgm_M169","bgm_M169","0","卡斯塔利亞樹林‧東部 21-1","0"
"103210207","100080","130210021","0","0","20","0","0","3","103210210","430","20","bgm_M169","0","103210204","130210021","115106","211001000","0","130210023","100933","100932","125226","-90","bgm_M169","0","0","115586","0","bgm_M169","130210022","2030/12/31 14:59:59","32001","20","100931","0","0","103210205","2020/07/02 16:00:00","90","115315","bgm_M169","13021002","13021","100932","103210207","-50","0","bgm_M169","bgm_M169","0","卡斯塔利亞樹林‧東部 21-2","0"
"103210307","100020","130210031","0","0","20","0","0","3","103210310","430","20","bgm_M169","0","103210304","130210031","115166","211001000","0","130210033","100369","100368","115196","0","bgm_M169","380","0","115556","0","bgm_M169","130210032","2030/12/31 14:59:59","32012","20","100367","0","0","103210303","2020/07/02 16:00:00","90","115402","bgm_M169","13021003","13021","100368","103210302","-50","0","bgm_M169","bgm_M169","0","卡斯塔利亞樹林‧東部 21-3","0"
"103220109","100050","130220011","0","0","20","0","0","3","103220110","430","20","bgm_M169","0","103220104","130220011","115433","211001000","0","130220013","100433","100432","115616","-90","bgm_M169","-350","0","115316","0","bgm_M169","130220012","2030/12/31 14:59:59","32046","20","100431","0","0","103220108","2020/09/04 16:00:00","90","125016","bgm_M169","13022001","13022","100432","103220103","-50","0","bgm_M169","bgm_M169","0","馬提爾德岩峰‧南部 22-1","0"
"103220204","100080","130220021","0","0","20","0","0","3","103220210","430","20","bgm_M169","0","103220207","130220021","125017","211001000","0","130220023","100363","100362","125286","-10","bgm_M169","0","0","125227","0","bgm_M169","130220022","2030/12/31 14:59:59","32048","20","100361","0","0","103220208","2020/09/04 16:00:00","90","125376","bgm_M169","13022002","13022","100362","103220202","-50","0","bgm_M169","bgm_M169","0","馬提爾德岩峰‧南部 22-2","0"
"103220304","100020","130220031","0","0","20","0","0","3","103220310","430","20","bgm_M169","0","103220309","130220031","115587","211001000","0","130220033","101643","101642","125257","-75","bgm_M169","380","0","115557","0","bgm_M169","130220032","2030/12/31 14:59:59","32049","20","101641","0","0","103220308","2020/09/04 16:00:00","90","115346","bgm_M169","13022003","13022","101642","103220305","-50","0","bgm_M169","bgm_M169","0","馬提爾德岩峰‧南部 22-3","0"
"103230102","100050","130230011","0","0","20","0","0","3","103230110","430","20","bgm_M169","0","103230101","130230011","115464","211001000","0","130230013","100433","100432","115557","-20","bgm_M169","-350","0","125287","0","bgm_M169","130230012","2030/12/31 14:59:59","32023","20","100431","0","0","103230108","2020/12/04 16:00:00","90","125227","bgm_M169","13023001","13023","100432","103230103","-50","0","bgm_M169","bgm_M169","0","馬提爾德岩峰‧北部 23-1","0"
"103230204","100080","130230021","0","0","20","0","0","3","103230210","430","20","bgm_M169","0","103230203","130230021","126101","211001000","0","130230023","100363","100362","115464","-90","bgm_M169","0","0","126251","0","bgm_M169","130230022","2030/12/31 14:59:59","32028","20","100361","0","0","103230208","2020/12/04 16:00:00","90","115557","bgm_M169","13023002","13023","100362","103230205","-50","1","bgm_M169","bgm_M169","0","馬提爾德岩峰‧北部 23-2","0"
"103230304","100020","130230031","0","0","20","0","0","3","103230310","430","20","bgm_M169","0","103230303","130230031","126011","211001000","0","130230033","101643","101642","115403","10","bgm_M169","380","0","126221","0","bgm_M169","130230032","2030/12/31 14:59:59","32032","20","101641","0","0","103230308","2020/12/04 16:00:00","90","115617","bgm_M169","13023003","13023","101642","103230305","-50","1","bgm_M169","bgm_M169","0","馬提爾德岩峰‧北部 23-3","0"
"103240105","100450","130240011","0","0","20","0","0","3","103240110","430","20","bgm_M169","0","103240101","130240011","116581","211001000","0","130240013","101643","101642","116041","-40","bgm_M169","-350","0","116551","0","bgm_M169","130240012","2030/12/31 14:59:59","32030","20","101641","0","0","103240109","2021/02/09 16:00:00","90","125287","bgm_M169","13024001","13024","101642","103240104","-50","1","bgm_M169","bgm_M169","0","雷蒂烏斯群峰‧西麓 24-1","0"
"103240204","100460","130240021","0","0","20","0","0","3","103240210","430","20","bgm_M169","0","103240201","130240021","126341","211001000","0","130240023","101693","101692","116551","-120","bgm_M169","0","0","116311","0","bgm_M169","130240022","2030/12/31 14:59:59","32033","20","101691","0","0","103240209","2021/02/09 16:00:00","90","116191","bgm_M169","13024002","13024","101692","103240206","-50","1","bgm_M169","bgm_M169","0","雷蒂烏斯群峰‧西麓 24-2","0"
"103240304","100450","130240031","0","0","20","0","0","3","103240310","430","20","bgm_M169","0","103240301","130240031","116072","211001000","0","130240033","101803","101802","116401","10","bgm_M169","380","0","116042","0","bgm_M169","130240032","2030/12/31 14:59:59","32016","20","101801","0","0","103240309","2021/04/08 16:00:00","90","116551","bgm_M169","13024003","13024","101802","103240306","-50","1","bgm_M169","bgm_M169","0","雷蒂烏斯群峰‧西麓 24-3","0"
"103250103","100450","130250011","0","0","20","0","0","3","103250110","430","20","bgm_M169","0","103250101","130250011","116582","211001000","0","130250013","101643","101642","126222","-40","bgm_M169","-350","0","116612","0","bgm_M169","130250012","2030/12/31 14:59:59","32006","20","101641","0","0","103250109","2021/05/11 16:00:00","90","126371","bgm_M169","13025001","13025","101642","103250106","-50","1","bgm_M169","bgm_M169","0","雷蒂烏斯群峰‧東麓 25-1","0"
"103250204","100460","130250021","0","0","20","0","0","3","103250210","430","20","bgm_M169","0","103250202","130250021","116312","211001000","0","130250023","101693","101692","116612","-120","bgm_M169","0","0","116372","0","bgm_M169","130250022","2030/12/31 14:59:59","32022","20","101691","0","0","103250207","2015/12/17 15:00:00","90","126252","bgm_M169","13025002","13025","101692","103250205","-50","1","bgm_M169","bgm_M169","0","雷蒂烏斯群峰‧東麓 25-2","0"
"103250303","100450","130250031","0","0","20","0","0","3","103250310","430","20","bgm_M169","0","103250301","130250031","116133","211001000","0","130250033","101803","101802","116612","10","bgm_M169","380","0","126103","0","bgm_M169","130250032","2030/12/31 14:59:59","32004","20","101801","0","0","103250307","2021/05/11 16:00:00","90","116431","bgm_M169","13025003","13025","101802","103250304","-50","1","bgm_M169","bgm_M169","0","雷蒂烏斯群峰‧東麓 25-3","0"
"103260103","100450","130260011","0","0","20","0","0","3","103260110","430","20","bgm_M169","0","103260101","130260011","116043","211001000","0","130260013","101643","101642","116552","-50","bgm_M169","-350","0","126013","0","bgm_M169","130260012","2030/12/31 14:59:59","32020","20","101641","0","0","103260106","2021/07/13 16:00:00","90","116312","bgm_M169","13026001","13026","101642","103260105","-50","1","bgm_M169","bgm_M169","0","佩特羅大森林‧西部 26-1","0"
"103260207","100460","130260021","0","0","20","0","0","3","103260210","430","20","bgm_M169","0","103260202","130260021","116193","211001000","0","130260023","101693","101692","116582","25","bgm_M169","0","0","126223","0","bgm_M169","130260022","2030/12/31 14:59:59","32036","20","101691","0","0","103260206","2021/07/13 16:00:00","90","126521","bgm_M169","13026002","13026","101692","103260205","-50","1","bgm_M169","bgm_M169","0","佩特羅大森林‧西部 26-2","0"
"103260306","100500","130260031","0","0","20","0","0","3","103260310","430","20","bgm_M169","0","103260301","130260031","116553","211001000","0","130260033","101843","101842","126013","-110","bgm_M169","380","0","116583","0","bgm_M169","130260032","2030/12/31 14:59:59","32029","20","101841","0","0","103260307","2015/12/17 15:00:00","90","116431","bgm_M169","13026003","13026","101842","103260305","-50","1","bgm_M169","bgm_M169","0","佩特羅大森林‧西部 26-3","0"
"103270102","100020","130270011","0","0","20","0","0","3","103270110","430","20","bgm_M169","0","103270101","130270011","126373","211001000","0","130270013","100693","100692","116613","-30","bgm_M169","-350","0","116462","0","bgm_M169","130270012","2030/12/31 14:59:59","32025","20","100691","0","0","103270108","2015/12/17 15:00:00","90","126253","bgm_M169","13027001","13027","100692","103270104","-50","1","bgm_M169","bgm_M169","0","佩特羅大森林‧東部 27-1","0"
"103270206","100460","130270021","0","0","20","0","0","3","103270210","430","20","bgm_M169","0","103270202","130270021","127101","211001000","0","130270023","101693","101692","116313","-130","bgm_M169","0","0","117191","0","bgm_M169","130270022","2030/12/31 14:59:59","32021","20","101691","0","0","103270207","2015/12/17 15:00:00","90","116583","bgm_M169","13027002","13027","101692","103270205","-50","1","bgm_M169","bgm_M169","0","佩特羅大森林‧東部 27-2","0"
"103270305","100500","130270031","0","0","20","0","0","3","103270310","430","20","bgm_M169","0","103270301","130270031","117581","211001000","0","130270033","101843","101842","127101","-40","bgm_M169","380","0","117551","0","bgm_M169","130270032","2030/12/31 14:59:59","32017","20","101841","0","0","103270303","2015/12/17 15:00:00","90","126283","bgm_M169","13027003","13027","101842","103270307","-50","1","bgm_M169","bgm_M169","0","佩特羅大森林‧東部 27-3","0"
"103280108","100020","130280011","0","0","20","0","0","3","103280110","430","20","bgm_M169","0","103280102","130280011","117461","211001000","0","130280013","100693","100692","117581","40","bgm_M169","-310","0","127341","0","bgm_M169","130280012","2030/12/31 14:59:59","32040","20","100691","0","0","103280109","2015/12/17 15:00:00","90","117131","bgm_M169","13028001","13028","100692","103280104","-50","2","bgm_M169","bgm_M169","0","迪茲塔爾河蝕岸‧北部 28-1","0"
"103280202","100450","130280021","0","0","20","0","0","3","103280210","430","20","bgm_M169","0","103280201","130280021","127162","211001000","0","130280023","101643","101642","127341","-110","bgm_M169","20","0","127012","0","bgm_M169","130280022","2030/12/31 14:59:59","32057","20","101641","0","0","103280207","2015/12/17 15:00:00","90","117551","bgm_M169","13028002","13028","101642","103280206","-50","2","bgm_M169","bgm_M169","0","迪茲塔爾河蝕岸‧北部 28-2","0"
"103280301","100560","130280031","0","0","20","0","0","3","103280310","430","20","bgm_M169","0","103280302","130280031","117552","211001000","0","130280033","102043","102042","127222","-20","bgm_M169","400","0","117612","0","bgm_M169","130280032","2030/12/31 14:59:59","32013","20","102041","0","0","103280307","2015/12/17 15:00:00","90","127371","bgm_M169","13028003","13028","102042","103280305","-50","2","bgm_M169","bgm_M169","0","迪茲塔爾河蝕岸‧北部 28-3","0"
"103290106","100020","130290011","0","0","20","0","0","3","103290110","430","20","bgm_M169","0","103290102","130290011","127282","211001000","0","130290013","100693","100692","117612","-110","bgm_M169","-400","0","117492","0","bgm_M169","130290012","2030/12/31 14:59:59","32063","20","100691","0","0","103290105","2015/12/17 15:00:00","90","117132","bgm_M169","13029001","13029","100692","103290108","-50","2","bgm_M169","bgm_M169","0","迪茲塔爾河蝕岸‧南部 29-1","0"
"103290204","100450","130290021","0","0","20","0","0","3","103290210","430","20","bgm_M169","0","103290201","130290021","127462","211001000","0","130290023","101643","101642","117552","60","bgm_M169","-40","0","127342","0","bgm_M169","130290022","2030/12/31 14:59:59","32053","20","101641","0","0","103290202","2015/12/17 15:00:00","90","117072","bgm_M169","13029002","13029","101642","103290207","-50","2","bgm_M169","bgm_M169","0","迪茲塔爾河蝕岸‧南部 29-2","0"
"103290302","100560","130290031","0","0","20","0","0","3","103290310","430","20","bgm_M169","0","103290303","130290031","127193","211001000","0","130290033","102043","102042","117372","-100","bgm_M169","400","0","117223","0","bgm_M169","130290032","2030/12/31 14:59:59","32050","20","102041","0","0","103290305","2015/12/17 15:00:00","90","117612","bgm_M169","13029003","13029","102042","103290306","-50","2","bgm_M169","bgm_M169","0","迪茲塔爾河蝕岸‧南部 29-3","0"
"103300102","100560","130300011","0","0","20","0","0","3","103300110","430","20","bgm_M169","0","103300103","130300011","117553","211001000","0","130300013","101643","101642","117253","0","bgm_M169","-400","0","117583","0","bgm_M169","130300012","2030/12/31 14:59:59","32042","20","101641","0","0","103300105","2015/12/17 15:00:00","90","127462","bgm_M169","13030001","13030","101642","103300104","-50","2","bgm_M169","bgm_M169","0","弗泰拉斷崖‧北部 30-1","0"
"103300205","100080","130300021","0","0","20","0","0","3","103300210","430","20","bgm_M169","0","103300202","130300021","118251","211001000","0","130300023","100933","100932","127283","30","bgm_M169","0","0","118011","0","bgm_M169","130300022","2030/12/31 14:59:59","32075","20","100931","0","0","103300206","2015/12/17 15:00:00","90","117553","bgm_M169","13030002","13030","100932","103300207","-50","2","bgm_M169","bgm_M169","0","弗泰拉斷崖‧北部 30-2","0"
"103300309","100110","130300031","0","0","20","0","0","3","103300310","430","20","bgm_M169","0","103300305","130300031","118221","211001000","0","130300033","102203","102202","117343","-100","bgm_M169","400","0","128161","0","bgm_M169","130300032","2030/12/31 14:59:59","32076","20","102201","0","0","103300306","2015/12/17 15:00:00","90","117583","bgm_M169","13030003","13030","102202","103300307","-50","2","bgm_M169","bgm_M169","0","弗泰拉斷崖‧北部 30-3","0"
"103310108","100560","130310011","0","0","20","0","0","3","103310110","430","20","bgm_M169","0","103310109","130310011","118251","211001000","0","130310013","101693","101692","127373","45","bgm_M169","-400","0","118221","0","bgm_M169","130310012","2030/12/31 14:59:59","32078","20","101691","0","0","103310106","2015/12/17 15:00:00","90","117613","bgm_M169","13031001","13031","101692","103310107","-50","2","bgm_M169","bgm_M169","0","弗泰拉斷崖‧南部 31-1","0"
"103310208","100450","130310021","0","0","20","0","0","3","103310210","430","20","bgm_M169","0","103310209","130310021","118551","211001000","0","130310023","101643","101642","118071","-105","bgm_M169","10","0","118581","0","bgm_M169","130310022","2030/12/31 14:59:59","32045","20","101641","0","0","103310206","2015/12/17 15:00:00","90","117463","bgm_M169","13031002","13031","101642","103310207","-50","2","bgm_M169","bgm_M169","0","弗泰拉斷崖‧南部 31-2","0"
"103310309","100110","130310031","0","0","20","0","0","3","103310310","430","20","bgm_M169","0","103310308","130310031","118431","211001000","0","130310033","102203","102202","118581","-95","bgm_M169","400","0","128281","0","bgm_M169","130310032","2030/12/31 14:59:59","32026","20","102201","0","0","103310306","2015/12/17 15:00:00","90","128161","bgm_M169","13031003","13031","102202","103310307","-50","2","bgm_M169","bgm_M169","0","弗泰拉斷崖‧南部 31-3","0"
"103320108","100560","130320011","0","0","20","0","0","3","103320110","430","20","bgm_M169","0","103320109","130320011","118012","211001000","0","130320013","102043","102042","118581","-105","bgm_M169","-400","0","128162","0","bgm_M169","130320012","2030/12/31 14:59:59","32007","20","102041","0","0","103320106","2015/12/17 15:00:00","90","128281","bgm_M169","13032001","13032","102042","103320107","-50","2","bgm_M169","bgm_M169","0","法斯奇亞森林‧南部 32-1","0"
"103320207","100500","130320021","0","0","20","0","0","3","103320210","430","20","bgm_M169","0","103320206","130320021","118552","211001000","0","130320023","101843","101842","118252","30","bgm_M169","10","0","118582","0","bgm_M169","130320022","2030/12/31 14:59:59","32015","20","101841","0","0","103320209","2015/12/17 15:00:00","90","118371","bgm_M169","13032002","13032","101842","103320208","-50","2","bgm_M169","bgm_M169","0","法斯奇亞森林‧南部 32-2","0"
"103320308","100020","130320031","0","0","20","0","0","3","103320310","430","20","bgm_M169","0","103320306","130320031","118492","211001000","0","130320033","102113","102112","118552","-95","bgm_M169","400","0","118342","0","bgm_M169","130320032","2030/12/31 14:59:59","32027","20","102111","0","0","103320309","2015/12/17 15:00:00","90","118192","bgm_M169","13032003","13032","102112","103320307","-50","2","bgm_M169","bgm_M169","0","法斯奇亞森林‧南部 32-3","0"
"103330107","100500","130330011","0","0","20","0","0","3","103330110","430","20","bgm_M169","0","103330106","130330011","118013","211001000","0","130330013","101843","101842","118492","50","bgm_M169","-400","0","128043","0","bgm_M169","130330012","2030/12/31 14:59:59","32031","20","101841","0","0","103330109","2015/12/17 15:00:00","90","118552","bgm_M169","13033001","13033","101842","103330108","-50","2","bgm_M169","bgm_M169","0","法斯奇亞森林‧東部 33-1","0"
"103330207","100080","130330021","0","0","20","0","0","3","103330210","430","20","bgm_M169","0","103330206","130330021","118253","211001000","0","130330023","100933","100932","118462","-135","bgm_M169","10","0","118223","0","bgm_M169","130330022","2030/12/31 14:59:59","32044","20","100931","0","0","103330209","2015/12/17 15:00:00","90","118612","bgm_M169","13033002","13033","100932","103330208","-50","2","bgm_M169","bgm_M169","0","法斯奇亞森林‧東部 33-2","0"
"103330306","100020","130330031","0","0","20","0","0","3","103330310","430","20","bgm_M169","0","103330307","130330031","118553","211001000","0","130330033","102113","102112","128073","10","bgm_M169","400","0","118583","0","bgm_M169","130330032","2030/12/31 14:59:59","32037","20","102111","0","0","103330309","2015/12/17 15:00:00","90","118342","bgm_M169","13033003","13033","102112","103330308","-50","2","bgm_M169","bgm_M169","0","法斯奇亞森林‧東部 33-3","0"
"103340107","100450","130340011","0","0","20","0","0","3","103340110","430","20","bgm_M169","0","103340106","130340011","118403","211001000","0","130340013","101643","101642","118553","-135","bgm_M169","-400","0","118343","0","bgm_M169","130340012","2030/12/31 14:59:59","32064","20","101641","0","0","103340109","2015/12/17 15:00:00","90","118013","bgm_M169","13034001","13034","101642","103340108","-50","2","bgm_M169","bgm_M169","0","迪克斯提亞岩崖‧西壁 34-1","0"
"103340207","100450","130340021","0","0","20","0","0","3","103340210","430","20","bgm_M169","0","103340206","130340021","118224","211001000","0","130340023","101643","101642","118343","15","bgm_M169","10","0","118014","0","bgm_M169","130340022","2030/12/31 14:59:59","32051","20","101641","0","0","103340209","2015/12/17 15:00:00","90","118553","bgm_M169","13034002","13034","101642","103340208","-50","2","bgm_M169","bgm_M169","0","迪克斯提亞岩崖‧西壁 34-2","0"
"103340307","100020","130340031","0","0","20","0","0","3","103340310","430","20","bgm_M169","0","103340306","130340031","118554","211001000","0","130340033","100363","100362","118014","-65","bgm_M169","400","0","118584","0","bgm_M169","130340032","2030/12/31 14:59:59","32047","20","100361","0","0","103340309","2015/12/17 15:00:00","90","128283","bgm_M169","13034003","13034","100362","103340308","-50","2","bgm_M169","bgm_M169","0","迪克斯提亞岩崖‧西壁 34-3","0"
"103350107","100450","130350011","0","0","20","0","0","3","103350110","430","20","bgm_M169","0","103350106","130350011","118494","211001000","0","130350013","101643","101642","118584","35","bgm_M169","-375","0","128314","0","bgm_M169","130350012","2030/12/31 14:59:59","32055","20","101641","0","0","103350109","2015/12/17 15:00:00","90","118164","bgm_M169","13035001","13035","101642","103350108","-50","2","bgm_M169","bgm_M169","0","迪克斯提亞岩崖‧東壁 35-1","0"
"103350207","100500","130350021","0","0","20","0","0","3","103350210","430","20","bgm_M169","0","103350206","130350021","119221","211001000","0","130350023","101843","101842","118494","-75","bgm_M169","-15","0","119011","0","bgm_M169","130350022","2030/12/31 14:59:59","32071","20","101841","0","0","103350209","2015/12/17 15:00:00","90","118554","bgm_M169","13035002","13035","101842","103350208","-50","2","bgm_M169","bgm_M169","0","迪克斯提亞岩崖‧東壁 35-2","0"
"103350307","100020","130350031","0","0","20","0","0","3","103350310","430","20","bgm_M169","0","103350306","130350031","119551","211001000","0","130350033","100363","100362","119221","-100","bgm_M169","365","0","119611","0","bgm_M169","130350032","2030/12/31 14:59:59","32009","20","100361","0","0","103350309","2015/12/17 15:00:00","90","118524","bgm_M169","13035003","13035","100362","103350308","-50","2","bgm_M169","bgm_M169","0","迪克斯提亞岩崖‧東壁 35-3","0"
"103630107","100750","130630011","0","0","20","0","0","3","103630110","430","20","bgm_MC022","0","103630106","130630011","119461","211001000","0","130630013","103193","103192","119551","30","bgm_MC022","-370","0","119341","0","bgm_MC022","130630012","2030/12/31 14:59:59","32061","20","103191","0","0","103630109","2015/12/17 15:00:00","90","119071","bgm_MC022","13063001","13063","103192","103630108","-50","2","bgm_MC022","bgm_MC022","0","阿帕雷尤街道‧西側 63-1","0"
"103630207","100750","130630021","0","0","20","0","0","3","103630210","430","20","bgm_MC022","0","103630206","130630021","119012","211001000","0","130630023","103193","103192","119371","-70","bgm_MC022","10","0","119252","0","bgm_MC022","130630022","2030/12/31 14:59:59","32008","20","103191","0","0","103630209","2015/12/17 15:00:00","90","119611","bgm_MC022","13063002","13063","103192","103630208","-50","2","bgm_MC022","bgm_MC022","0","阿帕雷尤街道‧西側 63-2","0"
"103630307","100750","130630031","0","0","20","0","0","3","103630310","430","20","bgm_MC022","0","103630306","130630031","119552","211001000","0","130630033","103193","103192","119102","-30","bgm_MC022","370","0","119582","0","bgm_MC022","130630032","2030/12/31 14:59:59","32054","20","103191","0","0","103630309","2015/12/17 15:00:00","90","129401","bgm_MC022","13063003","13063","103192","103630308","-50","2","bgm_MC022","bgm_MC022","0","阿帕雷尤街道‧西側 63-3","0"
"103640107","100750","130640011","0","0","20","0","0","3","103640110","430","20","bgm_MC022","0","103640106","130640011","119432","211001000","0","130640013","103193","103192","119582","30","bgm_MC022","-370","0","129312","0","bgm_MC022","130640012","2030/12/31 14:59:59","32005","20","103191","0","0","103640109","2015/12/17 15:00:00","90","119072","bgm_MC022","13064001","13064","103192","103640108","-50","2","bgm_MC022","bgm_MC022","0","阿帕雷尤街道‧東側 64-1","0"
"103640207","100750","130640021","0","0","20","0","0","3","103640210","430","20","bgm_MC022","0","103640206","130640021","119013","211001000","0","130640023","103193","103192","119432","-70","bgm_MC022","10","0","129043","0","bgm_MC022","130640022","2030/12/31 14:59:59","32043","20","103191","0","0","103640209","2015/12/17 15:00:00","90","119552","bgm_MC022","13064002","13064","103192","103640208","-50","2","bgm_MC022","bgm_MC022","0","阿帕雷尤街道‧東側 64-2","0"
"103640307","100750","130640031","0","0","20","0","0","3","103640310","430","20","bgm_MC022","0","103640306","130640031","119553","211001000","0","130640033","103193","103192","119253","-30","bgm_MC022","370","0","119613","0","bgm_MC022","130640032","2030/12/31 14:59:59","32014","20","103191","0","0","103640309","2015/12/17 15:00:00","90","119372","bgm_MC022","13064003","13064","103192","103640308","-50","2","bgm_MC022","bgm_MC022","0","阿帕雷尤街道‧東側 64-3","0"
"103650107","100750","130650011","0","0","20","0","0","3","103650110","430","20","bgm_MC022","0","103650106","130650011","119343","211001000","0","130650013","103193","103192","119553","30","bgm_MC022","-370","0","119493","0","bgm_MC022","130650012","2030/12/31 14:59:59","32038","20","103191","0","0","103650109","2015/12/17 15:00:00","90","129133","bgm_MC022","13065001","13065","103192","103650108","-50","2","bgm_MC022","bgm_MC022","0","芭菲之城城鎮 65-1","0"
"103650207","100750","130650021","0","0","20","0","0","3","103650210","430","20","bgm_MC022","0","103650206","130650021","119014","211001000","0","130650023","103193","103192","119343","-70","bgm_MC022","10","0","129194","0","bgm_MC022","130650022","2030/12/31 14:59:59","32066","20","103191","0","0","103650209","2015/12/17 15:00:00","90","119553","bgm_MC022","13065002","13065","103192","103650208","-50","2","bgm_MC022","bgm_MC022","0","芭菲之城城鎮 65-2","0"
"103650307","100750","130650031","0","0","20","0","0","3","103650310","430","20","bgm_MC022","0","103650306","130650031","119584","211001000","0","130650033","103193","103192","119104","-30","bgm_MC022","370","0","119554","0","bgm_MC022","130650032","2030/12/31 14:59:59","32065","20","103191","0","0","103650309","2015/12/17 15:00:00","90","119493","bgm_MC022","13065003","13065","103192","103650308","-50","2","bgm_MC022","bgm_MC022","0","芭菲之城城鎮 65-3","0"
"103670107","100800","130670011","0","0","20","0","0","3","103670110","430","20","bgm_MC086","0","103670106","130670011","11022032","211001000","0","130670013","103343","103342","129374","-110","bgm_MC086","-326","0","11025032","0","bgm_MC086","130670012","2030/12/31 14:59:59","32088","20","103341","0","0","103670109","2015/12/17 15:00:00","90","119584","bgm_MC086","13067001","13067","103342","103670108","-50","2","bgm_MC086","bgm_MC086","0","渦炎密林 67-1","0"
"103670207","100800","130670021","0","0","20","0","0","3","103670210","430","20","bgm_MC086","0","103670206","130670021","11022032","211001000","0","130670023","103343","103342","129314","-70","bgm_MC086","10","0","11001032","0","bgm_MC086","130670022","2030/12/31 14:59:59","32089","20","103341","0","0","103670209","2015/12/17 15:00:00","90","119584","bgm_MC086","13067002","13067","103342","103670208","-50","2","bgm_MC086","bgm_MC086","0","渦炎密林 67-2","0"
"103670307","100800","130670031","0","0","20","0","0","3","103670310","430","20","bgm_MC086","0","103670306","130670031","11001032","211001000","0","130670033","103343","103342","119494","-20","bgm_MC086","290","0","11010032","0","bgm_MC086","130670032","2030/12/31 14:59:59","32087","20","103341","0","0","103670309","2015/12/17 15:00:00","90","119554","bgm_MC086","13067003","13067","103342","103670308","-50","2","bgm_MC086","bgm_MC086","0","渦炎密林 67-3","0"
"103680107","100800","130680011","0","0","20","0","0","3","103680110","430","20","bgm_MC086","0","103680106","130680011","11001033","211001000","0","130680013","103343","103342","12031032","-125","bgm_MC086","-83","0","12004033","0","bgm_MC086","130680012","2030/12/31 14:59:59","32056","20","103341","0","0","103680109","2015/12/17 15:00:00","90","11058032","bgm_MC086","13068001","13068","103342","103680108","-50","2","bgm_MC086","bgm_MC086","0","思索樹海 68-1","0"
"103680206","100800","130680021","0","0","20","0","0","3","103680210","430","20","bgm_MC086","0","103680207","130680021","11001036","211001000","0","130680023","103343","103342","11052035","-41","bgm_MC086","145","0","11022036","0","bgm_MC086","130680022","2030/12/31 14:59:59","32223","20","103341","0","0","103680209","2015/12/17 15:00:00","90","11061035","bgm_MC086","13068002","13068","103342","103680208","-50","2","bgm_MC086","bgm_MC086","0","思索樹海 68-2","0"
"0","100800","0","0","0","20","0","0","0","0","0","0","0","0","0","0","0","0","0","0","0","0","0","-90","0","377","0","0","0","0","0","2030/12/31 14:59:59","0","0","0","0","0","0","2015/12/17 15:00:00","0","0","0","13068003","13068","0","0","0","0","0","0","0","思索樹海 68-3","0"
"108010107","0","180010011","0","0","15","0","0","5","108010108","200","15","bgm_M17_02","0","108010101","180010011","0","211001000","0","180010013","101333","101332","0","0","bgm_M17","0","0","99002","1","bgm_M17","180010012","2030/12/31 14:59:59","140001","15","101331","0","1","0","2019/03/06 16:00:00","90","0","bgm_M63","18001001","18001","101333","0","-50","0","bgm_M17_02","bgm_M63","0","聖跡調查冒險Lv1","0"
"108010205","0","180010021","0","0","15","0","0","5","108010208","300","15","bgm_M17_02","0","108010201","180010021","0","211001000","0","180010023","101343","101342","0","0","bgm_M17","0","0","99002","1","bgm_M17","180010022","2030/12/31 14:59:59","140001","15","101341","0","1","0","2019/03/06 16:00:00","90","0","bgm_M63","18001002","18001","101343","108010207","-50","0","bgm_M17_02","bgm_M63","0","聖跡調查冒險Lv2","0"
"108010306","0","180010031","0","0","15","0","0","5","108010308","400","15","bgm_M17_02","0","108010301","180010031","0","211001000","0","180010033","101343","101342","0","0","bgm_M17","0","0","99002","1","bgm_M17","180010032","2030/12/31 14:59:59","140001","15","101341","0","1","0","2021/02/09 05:00:00","90","0","bgm_M63","18001003","18001","101343","0","-50","0","bgm_M17_02","bgm_M63","0","聖跡調查冒險Lv3","0"
"108010403","0","180010041","0","0","15","0","0","5","108010408","400","15","bgm_M17_02","0","108010402","180010041","0","211001000","0","180010043","101343","101342","0","0","bgm_M17","0","0","99002","1","bgm_M17","180010042","2030/12/31 14:59:59","140001","15","101341","0","1","0","2022/02/01 16:00:00","90","0","bgm_M63","18001004","18001","101343","108010404","-50","0","bgm_M17_02","bgm_M63","0","聖跡調查冒險Lv4","0"
"108010501","0","180010051","0","0","15","0","0","5","108010508","400","15","bgm_M17_02","0","108010503","180010051","0","211001000","0","180010053","101343","101342","0","0","bgm_M17","0","0","99002","1","bgm_M17","180010052","2030/12/31 14:59:59","140001","15","101341","0","1","0","2023/01/20 16:00:00","90","0","bgm_M63","18001005","18001","101343","108010507","-50","0","bgm_M17_02","bgm_M63","0","聖跡調查冒險Lv5","0"
"108010606","0","180010061","0","0","15","0","0","5","108010608","400","15","bgm_M17_02","0","108010607","180010061","0","211001000","0","180010063","101343","101342","0","0","bgm_M17","0","0","99002","1","bgm_M17","180010062","2030/12/31 14:59:59","140001","15","101341","0","1","0","2023/08/01 16:00:00","90","0","bgm_M63","18001006","18001","101343","108010605","-50","0","bgm_M17_02","bgm_M63","0","聖跡調查冒險Lv6","0"
"108010706","0","180010071","0","0","15","0","0","5","108010708","400","15","bgm_M17_02","0","108010705","180010071","0","211001000","0","180010073","101343","101342","0","0","bgm_M17","0","0","99002","1","bgm_M17","180010072","2030/12/31 14:59:59","140001","15","101341","0","1","0","2015/12/17 15:00:00","90","0","bgm_M63","18001007","18001","101343","108010707","-50","0","bgm_M17_02","bgm_M63","0","聖跡調查冒險Lv7","0"
"108010806","0","180010081","0","0","15","0","0","5","108010808","400","15","bgm_M17_02","0","108010805","180010081","0","211001000","0","180010083","101343","101342","0","0","bgm_M17","0","0","99002","1","bgm_M17","180010082","2030/12/31 14:59:59","140001","15","101341","0","1","0","2015/12/17 15:00:00","90","0","bgm_M63","18001008","18001","101343","108010807","-50","0","bgm_M17_02","bgm_M63","0","聖跡調查冒險Lv8","0"
"108010906","0","180010091","0","0","15","0","0","5","108010908","400","15","bgm_M17_02","0","108010906","180010091","0","211001000","0","180010093","101343","101342","0","0","bgm_M17","0","0","99002","1","bgm_M17","180010092","2030/12/31 14:59:59","140001","15","101341","0","1","0","2015/12/17 15:00:00","90","0","bgm_M63","18001009","18001","101343","108010906","-50","0","bgm_M17_02","bgm_M63","0","聖跡調查冒險Lv9","0"
"109010106","0","190010011","0","0","15","0","0","5","109010108","200","15","bgm_M169","0","109010104","190010011","0","211001000","0","190010013","102003","102002","0","0","bgm_M169","0","0","99002","1","bgm_M169","190010012","2030/12/31 14:59:59","25001","15","102001","0","1","0","2020/01/02 16:00:00","90","0","bgm_M169","19001001","19001","102003","0","-50","0","bgm_M169","bgm_M169","0","神殿調查冒險Lv1","0"
"109010205","0","190010021","0","0","15","0","0","5","109010208","300","15","bgm_M169","0","109010203","190010021","0","211001000","0","190010023","102003","102002","0","0","bgm_M169","0","0","99002","1","bgm_M169","190010022","2030/12/31 14:59:59","25001","15","102001","0","1","0","2020/01/02 16:00:00","90","0","bgm_M169","19001002","19001","102003","0","-50","0","bgm_M169","bgm_M169","0","神殿調查冒險Lv2","0"
"109010304","0","190010031","0","0","15","0","0","5","109010308","400","15","bgm_M169","0","109010302","190010031","0","211001000","0","190010033","102003","102002","0","0","bgm_M169","0","0","99002","1","bgm_M169","190010032","2030/12/31 14:59:59","25001","15","102001","0","1","0","2025/02/01 16:00:00","90","0","bgm_M169","19001003","19001","102003","0","-50","0","bgm_M169","bgm_M169","0","神殿調查冒險Lv3","0"