8cf9066d36fa93dc617847f89cff39e79768659c7f597e4305824eda340e4736,5b155672581878b9e22a68525e7a487ce3b4c93212fa1c20e2c0ddea83762d8b,70da7d2298e2924c7b15817786d8044171c810d007fc25e4deb1ab929b38d028,9b11a341626b037742d35af9b7a7368f42e7a38081be46c976a7d4db6b48db2b,4d397a56e24a93b0e4570b811a845b327422b9eec462fa46969058d8123c8203,0b8768eec46f10af742e41ff92f0574cc19aae5ad6c136ee208506e0b7ea57d9,bdae1ff806c5aee30ac593d0b85cfb9edc004db8a8ad6f89374841577bd8c048,528ca0d6dcb5d5de1ad3d740d337aad9381ca8ce347b7e9ba644e31f3d7b16ec,a0f7de513ee967ed8c3186d460dfb74cff3d32e16ad2963b1868cd5d28456049,c3f2b62aa7fe0de3b56333488911dcec8927c94844eb002b51fbf7a482f01f71,8321850fd99cf610f5a1baba3cc5767141194a01fd25fa7fc5edccc24dd03610,af703c318eb68650d1a5e51e9ef5a8bba387dfda12aff34382195bff46027bd1,ee8a851b20c28d8e0c0614400991c7d4a14211079e9cfc68a322c9366417881f,63bcf94232f9720b3ff921dfc675f943f5be398319956a7a4daa0e1ad1181b08,832c7a76a7879ffac446377a8bcdd453dc7001645c8676352cf2f356fea3d864,cc42707985b8e8c3a8ec1ded2912843cc7cdaeeb041980294acecf5addbe03ee,276d902bd654b27cf600e84a297804421c5a2cf4411d1e7eba0c07e4bd1f8c4f,37daa16aa36f7c202ec7a33633171ae617d10822ea84243c9444ba511f24c82e,d02214b0d194f90bf3f2198e0edfe1be6f4dedd45794f4e8d8c905257cb94061,3c5bebbacf086afe0932e180175fc286ccd52c0b02a521be9af0aec132c6b843,2054ea3620e9cecd843db9eaca8be4406d28787b576e404852fd8fe5c95c7f2f,8deeeccbc011dee328236779d027ec0ef436785f3881b89e3fcec7ccd1718ee0,8d832b5db196678c076adc59cfcaa8c8c590a1e0a51b6c1c974cb6f7d03e2317,d6763e32641952379a62eb684b7edff944280aee8b8cfa7c9731fb5e218c26f0
"0","0","1001","0","0","0","0","0","0","1","1","0","0","7","0","1","3","10010101","1002","0","1002","1001","100101","0"
"0","0","1001","0","1001","1","0","0","1","1","1","0","0","10","0","1","3","10020101","1002","0","1002","1001","100201","0"
"0","0","1001","0","0","1002","0","0","0","1","1002","0","0","8","0","1001","4","10030101","1","0","1","1","100301","0"
"0","0","1001","0","0","0","0","0","0","1","1","0","0","7","0","1","3","10040101","1002","0","1001","1001","100401","0"
"0","0","1001","0","0","0","0","0","0","1","1","0","0","7","0","1","3","10050101","1002","0","1002","1001","100501","0"
"0","0","1001","0","0","1","0","0","1001","1","1","0","0","9","0","1","3","10060101","1002","0","1002","1001","100601","0"
"0","0","1","0","0","1001","0","0","1002","1","1001","0","0","9","0","1","6","10070101","1","0","1002","1","100701","0"
"0","0","1002","0","1002","1001","0","0","1","1001","1","0","0","10","0","1002","3","10080101","1001","0","1","1","100801","0"
"0","0","1","0","0","0","0","0","0","1","1001","0","0","7","0","1","3","10090101","1001","0","1001","1001","100901","0"
"0","0","1001","0","1","1","0","0","1002","1002","1","0","0","10","0","1","3","10100101","1002","0","1","1001","101001","0"
"0","0","1002","0","0","0","0","0","0","1","1","0","0","7","0","1","3","10110101","1001","0","1001","1002","101101","0"
"0","0","1001","0","0","0","0","0","0","1","1","0","0","7","0","1","3","10120101","1002","0","1002","1001","101201","0"
"0","0","1002","0","0","0","0","0","0","1001","1","0","0","7","0","1002","3","10130101","1001","0","1","1","101301","0"
"0","0","1002","0","0","0","0","0","0","1","1","0","0","7","0","1","3","10140101","1001","0","1001","1002","101401","0"
"0","0","1002","0","0","0","0","0","0","1","1","0","0","7","0","1","3","10150101","1001","0","1001","1002","101501","0"
"0","0","1001","0","0","0","0","0","0","1","1","0","0","7","0","1","3","10160101","1002","0","1002","1001","101601","0"
"0","0","1001","0","0","1","0","0","1001","1001","1","0","0","9","0","1","5","10170101","1002","0","1","1001","101701","0"
"0","0","1002","0","0","0","0","0","0","1","1","0","0","7","0","1","3","10180101","1001","0","1001","1002","101801","0"
"0","0","1001","0","0","0","0","0","0","1","1","0","0","7","0","1","3","10200101","1002","0","1002","1001","102001","0"
"0","0","1001","0","0","0","0","0","0","1","1","0","0","7","0","1","3","10210101","1002","0","1002","1001","102101","0"
"0","0","1002","0","0","0","0","0","0","1","1","0","0","7","0","1","3","10220101","1001","0","1001","1002","102201","0"
"0","0","1001","0","0","0","0","0","0","1","1","0","0","7","0","1","3","10230101","1002","0","1002","1001","102301","0"
"0","0","1001","0","0","1001","0","0","0","1002","1","0","0","8","0","1001","3","10250101","1002","0","1","1","102501","0"
"0","0","1002","1002","1001","1","0","0","1","1001","1","0","0","12","0","1001","4","10260101","1001","0","1","1002","102601","1"
"0","0","1002","0","0","1001","0","0","0","1002","1","0","0","8","0","1002","3","10270101","1001","0","1","1","102701","0"
"0","0","1002","0","0","0","0","0","0","1","1","0","0","7","0","1","3","10280101","1001","0","1001","1002","102801","0"
"0","0","1001","0","0","1","0","0","1001","1","1","0","0","9","0","1","3","10290101","1002","0","1002","1001","102901","0"
"0","0","1001","0","0","0","0","0","0","1","1","0","0","7","0","1","3","10300101","1002","0","1002","1001","103001","0"
"0","0","1002","0","0","0","0","0","0","1","1","0","0","7","0","1","3","10310101","1001","0","1001","1002","103101","0"
"0","0","1002","0","0","0","0","0","0","1","1","0","0","7","0","1","3","10320101","1001","0","1001","1002","103201","0"
"0","0","1001","0","0","0","0","0","0","1","1","0","0","7","0","1","3","10330101","1002","0","1002","1001","103301","0"
"0","0","1","0","0","1002","0","0","0","1","1002","0","0","8","0","1001","4","10340101","1002","0","1","1","103401","0"
"0","0","1001","1001","1","1001","0","0","1","1002","1","0","0","12","0","1","3","10360101","1002","0","1001","1002","103601","1002"
"0","0","1001","0","1","1001","0","0","1001","1002","1","0","0","10","0","1","3","10370101","1002","0","1001","1002","103701","0"
"0","0","1002","0","0","0","0","0","0","1","1","0","0","7","0","1","3","10380101","1001","0","1001","1002","103801","0"
"0","0","1002","0","0","0","0","0","0","1","1","0","0","7","0","1","3","10400101","1001","0","1001","1002","104001","0"
"0","0","1002","0","0","0","0","0","0","1","1","0","0","7","0","1","3","10420101","1001","0","1001","1002","104201","0"
"0","0","1001","0","0","0","0","0","0","1","1","0","0","7","0","1","3","10430101","1002","0","1002","1001","104301","0"
"0","0","1002","1001","1","1001","0","0","1","1002","1","0","0","12","0","1","3","10440101","1001","0","1001","1002","104401","1002"
"0","0","1002","0","0","1001","0","0","1002","1001","1","0","0","9","0","1","3","10450101","1001","0","1002","1","104501","0"
"0","0","1002","0","0","0","0","0","0","1","1","0","0","7","0","1","3","10460101","1001","0","1001","1002","104601","0"
"0","0","1001","0","0","0","0","0","0","1","1","0","0","7","0","1","3","10470101","1002","0","1002","1001","104701","0"
"0","0","1001","0","0","0","0","0","0","1","1","0","0","7","0","1","3","10480101","1002","0","1002","1001","104801","0"
"0","0","1001","1","1","1001","0","0","1","1","1","0","0","13","0","1","3","10490101","1002","1001","1002","1","104901","1002"
"0","0","1002","0","0","0","0","0","0","1","1","0","0","7","0","1","3","10500101","1001","0","1001","1002","105001","0"
"0","0","1001","0","0","0","0","0","0","1","1","0","0","7","0","1","3","10510101","1002","0","1002","1001","105101","0"
"0","0","1","0","0","0","0","0","0","1","1002","0","0","7","0","1","2","10520101","1001","0","1002","1002","105201","0"
"0","0","1","0","0","0","0","0","0","1","1002","0","0","6","0","1002","4","10530101","1001","0","1","0","105301","0"
"0","0","1","0","1","1","0","0","1002","1","1002","0","0","11","0","1002","4","10540101","1001","0","1","1","105401","1001"
"0","0","1002","0","0","1002","0","0","0","1","1","0","0","8","0","1","3","10550101","1001","0","1001","1","105501","0"
"0","0","1002","0","0","1001","0","0","1002","1001","1","0","0","9","0","1","3","10560101","1001","0","1002","1","105601","0"
"0","0","1002","0","0","0","0","0","0","1","1","0","0","7","0","1","3","10570101","1001","0","1001","1002","105701","0"
"0","0","1001","0","0","0","0","0","0","1","1","0","0","7","0","1","3","10580101","1002","0","1002","1001","105801","0"
"0","0","1001","0","0","0","0","0","0","1","1","0","0","9","0","1","3","10590101","1002","0","1002","1001","105901","0"
"0","0","1001","0","0","0","0","0","0","1","1","0","0","7","0","1","3","10600101","1002","0","1002","1001","106001","0"
"0","0","1001","0","0","1002","0","0","1001","1002","1","0","0","9","0","1001","3","10610101","1002","0","1","1","106101","0"
"0","0","2002","0","0","0","0","0","0","0","2001","0","0","3","0","0","2","10610102","2001","0","0","0","106101","0"
"0","0","1002","0","1","1","0","0","1002","1002","1","0","0","11","0","1002","4","10630101","1001","0","1","1001","106301","1002"
"0","0","1001","0","1002","1001","0","0","1","1","1002","0","0","11","0","1002","5","10640101","2001","0","1001","1","106401","1"
"0","1","1001","1001","1002","1001","0","1","1","1002","1001","0","0","16","1002","1001","8","10650101","1002","1","1","1002","106501","1"
"0","0","1002","0","0","1","0","0","1002","1","1","0","0","9","0","1","3","10660101","1001","0","1001","1002","106601","0"
"0","0","1001","0","1002","1001","0","0","1","1001","1002","0","0","10","0","1002","4","10670101","2001","0","1","1","106701","0"
"0","0","1001","0","0","1002","0","0","1001","1002","1","0","0","9","0","1001","3","10680101","1002","0","1","1","106801","0"
"0","0","2001","0","0","2003","0","0","2003","2001","2002","0","0","9","0","2001","8","10680102","2002","0","2002","2003","106801","0"
"0","0","1001","2001","1001","2001","0","0","2001","1001","2001","0","0","13","0","1002","3","10690101","1002","1001","2001","1001","106901","1002"
"0","0","1001","1","1001","1","0","0","1","1001","1","0","0","13","0","1002","3","10700101","1002","1001","1","1001","107001","1002"
"0","0","1002","1","1002","1","0","0","1","1002","1","0","0","13","0","1001","3","10710101","1001","1002","1","1002","107101","1001"
"0","0","1002","1","1","1002","0","0","1","1001","1","0","0","13","0","1","3","10750101","1001","1002","1","1001","107501","1001"
"0","0","1002","0","1","1","0","0","1002","1002","1","0","0","11","0","1002","4","10760101","1001","0","1","1001","107601","1002"
"0","0","1002","1","1","1","0","0","1","1","1","0","0","13","0","1","3","10770101","1001","1002","1001","1002","107701","1001"
"0","0","1001","1","1","1","0","0","1001","1002","1","0","0","13","0","1","3","10780101","1002","1001","1001","1002","107801","1002"
"0","0","1001","0","1","1","0","0","1002","1002","1","0","0","11","0","1","4","10790101","1002","0","1","1001","107901","1"
"0","0","1001","0","0","1001","0","0","0","1","1","0","0","8","0","1001","3","10800101","1002","0","1002","1","108001","0"
"0","0","1002","0","1","1","0","0","1001","1","1","0","0","11","0","1002","3","10810101","1001","0","1001","1002","108101","1002"
"1001","1","1001","1002","1002","1001","0","1","1","1002","1","0","0","17","1002","1002","9","10820101","1002","1001","1","1","108201","1"
"0","0","1001","0","1001","1","0","0","1002","1","1","0","0","10","0","1","3","10830101","1002","0","1002","1001","108301","0"
"0","0","1002","0","0","0","0","0","0","1","1","0","0","7","0","1","3","10840101","1001","0","1001","1002","108401","0"
"0","0","1001","0","0","0","0","0","0","1","1","0","0","7","0","1","3","10850101","1002","0","1002","1001","108501","0"
"0","0","1002","0","0","0","0","0","0","1001","1","0","0","5","0","0","3","10860101","1001","0","1002","0","108601","0"
"0","0","1002","1002","1","1","0","0","1001","1002","1","0","0","13","0","1","3","10870101","1001","1","1001","1002","108701","1"
"0","0","1001","0","1001","1002","0","0","1","1002","1","0","0","10","0","1001","4","10880101","1002","0","1","1","108801","0"
"0","0","1002","0","0","0","0","0","0","1","1001","0","0","6","0","1","3","10890101","1001","0","1002","0","108901","0"
"0","0","1001","0","0","0","0","0","0","1","1","0","0","7","0","1","3","10900101","1002","0","1002","1001","109001","0"
"0","0","1","0","1","1","0","0","1002","1","1001","0","0","11","0","1001","4","10910101","1002","0","1002","1","109101","1001"
"0","0","1001","0","0","0","0","0","0","1","1","0","0","7","0","1","3","10920101","1002","0","1002","1001","109201","0"
"0","0","1001","0","0","0","0","0","0","1002","1","0","0","6","0","1001","3","10930101","1001","0","1","0","109301","0"
"0","0","1","0","1","1","0","0","1002","1","1001","0","0","11","0","1001","4","10940101","1002","0","1002","1","109401","1001"
"0","0","1001","0","0","0","0","0","0","1","1","0","0","7","0","1","3","10950101","1002","0","1002","1001","109501","0"
"0","0","1001","0","0","0","0","0","0","1002","1","0","0","7","0","1","4","10960101","1002","0","1001","1001","109601","0"
"0","0","1","0","0","1","0","0","1002","1002","1001","0","0","9","0","1","5","10970101","1001","0","1","1001","109701","0"
"0","0","1001","0","0","0","0","0","0","1","1","0","0","7","0","1","3","10980101","1002","0","1002","1001","109801","0"
"0","0","1002","0","1","1","0","0","1001","1001","1","0","0","11","0","1001","3","10990101","1001","0","1","1002","109901","1002"
"0","0","1002","0","2001","2001","0","0","1001","1001","2001","0","0","11","0","1001","3","10990102","1001","0","2001","1002","109901","1002"
"0","0","1","1","1002","1","0","0","1001","1","1001","0","0","12","0","1","11","11000101","1001","0","1001","1001","110001","1001"
"0","0","1001","0","0","0","0","0","0","0","1002","0","0","3","0","0","1","11000102","1001","0","0","0","110001","0"
"0","0","1001","0","0","0","0","0","0","1","1","0","0","7","0","1","3","11010101","1002","0","1002","1001","110101","0"
"0","0","1","0","0","0","0","0","0","1","1002","0","0","6","0","1002","4","11020101","1001","0","1","0","110201","0"
"0","0","1","0","0","1","0","0","1002","1","1002","0","0","9","0","1002","4","11030101","1001","0","1","1","110301","0"
"0","0","1001","0","0","0","0","0","0","1","1","0","0","7","0","1","3","11040101","1002","0","1002","1001","110401","0"
"0","0","1001","0","1","1","0","0","1002","1002","1","0","0","11","0","1001","4","11050101","1002","0","1","1001","110501","1001"
"0","0","1001","0","1","1","0","0","1002","1","1","0","0","11","0","1","3","11060101","1002","0","1002","1001","110601","1001"
"0","0","1001","0","0","0","0","0","0","1","1","0","0","7","0","1","3","11070101","1002","0","1002","1001","110701","0"
"0","0","1002","0","0","0","0","0","0","1","1","0","0","6","0","1","2","11080101","1001","0","1002","0","110801","0"
"0","0","1","0","0","0","0","0","0","1","1002","0","0","6","0","1002","4","11090101","1001","0","1","0","110901","0"
"0","0","1002","0","0","1","0","0","0","1001","1","0","0","8","0","1002","4","11100101","1001","0","1","1","111001","0"
"0","0","1001","0","0","0","0","0","0","1","1","0","0","7","0","1","3","11110101","1002","0","1002","1001","111101","0"
"0","0","1002","1002","1001","1002","0","0","1","1001","1","0","0","12","0","1","3","11120101","1001","0","1002","1001","111201","1"
"0","0","1001","0","0","0","0","0","0","1002","1001","0","0","7","0","1","4","11130101","1002","0","1001","1001","111301","0"
"0","0","1001","0","1","1","0","0","1002","1001","1","0","0","11","0","1001","7","11140101","2001","0","1002","1","111401","1001"
"0","0","1002","1","1002","1","0","0","1","1002","1","0","0","13","0","1001","3","11150101","1001","1002","1","1002","111501","1001"
"0","0","1002","0","1","1002","0","0","1","1","1","0","0","11","0","1","2","11160101","1001","0","1002","1","111601","1001"
"0","0","1001","1002","1","1002","0","0","1","1001","1","0","0","12","0","1","3","11170101","1002","0","1002","1001","111701","1001"
"0","0","1002","1002","1","1","0","0","1002","1001","1","0","0","12","0","1002","3","11180101","1001","0","1","1001","111801","1001"
"0","0","1001","0","1","1","0","0","1002","1","1","0","0","11","0","1","3","11190101","1002","0","1002","1001","111901","1001"
"0","0","1001","0","0","1","0","0","0","1001","1","0","0","8","0","1","3","11200101","1002","0","1002","1001","112001","0"
"0","0","1001","0","1002","1","0","0","1001","1002","1","0","0","11","0","1001","5","11210101","1002","0","1","1","112101","1"
"0","0","1001","0","0","0","0","0","0","1","1","0","0","7","0","1","3","11220101","1002","0","1002","1001","112201","0"
"0","0","1002","0","0","0","0","0","0","1","1","0","0","7","0","1","3","11230101","1001","0","1001","1002","112301","0"
"0","0","1002","0","0","0","0","0","0","1","1","0","0","7","0","1","3","11240101","1001","0","1001","1002","112401","0"
"0","0","1001","0","0","0","0","0","0","1002","1","0","0","7","0","1001","4","11250101","1002","0","1","1","112501","0"
"0","0","1","0","0","1","0","0","0","1002","1001","0","0","8","0","1","4","11260101","1001","0","1001","1001","112601","0"
"0","0","1002","0","0","1","0","0","1","1","1002","0","0","9","0","1","3","11270101","1001","0","1002","1002","112701","0"
"0","0","1002","1","1","1002","0","0","1001","1002","1","0","0","12","0","1002","5","11280101","1001","0","1001","1","112801","1002"
"0","0","1002","0","1","1","0","0","1002","1","1001","0","0","11","0","1","3","11290101","1001","0","1002","1001","112901","1"
"0","0","1001","0","1","1002","0","0","1","1002","1","0","0","11","0","1001","3","11300101","1002","0","1","1","113001","1001"
"0","0","1","1","1","1","0","0","1002","1001","1","0","0","13","0","1002","7","11310101","1001","1002","1","1001","113101","1001"
"0","0","1002","0","0","1","0","0","1002","1001","1","0","0","9","0","1002","3","11320101","1001","0","1","1001","113201","0"
"0","0","1001","0","1","1","0","0","1002","1","1","0","0","11","0","1","3","11330101","1002","0","1002","1001","113301","1001"
"0","0","1002","1001","1002","1","0","0","1","1","1001","0","0","12","0","1","4","11340101","1001","0","1002","1001","113401","1"
"0","0","1002","1001","1","1001","0","0","1002","1","1","0","0","13","0","1002","3","11350101","1001","1002","1001","1","113501","1"
"0","0","1001","1001","1002","1001","0","0","1","1002","1","0","0","13","0","1","3","11360101","1002","1002","1001","1002","113601","1"
"0","0","1002","1001","1","1001","0","0","1002","1001","1","0","0","13","0","1","3","11370101","1001","1002","1002","1","113701","1"
"0","0","1002","1","1002","1002","0","0","1","1001","1","0","0","13","0","1","3","11380101","1001","1002","1002","1001","113801","1001"
"0","0","1001","0","1","1","0","0","1001","1002","1","0","0","11","0","1","5","11390101","1002","0","1001","1002","113901","1002"
"0","0","1001","0","1","1002","0","0","1001","1002","1","0","0","11","0","1001","3","11400101","1002","0","1","1","114001","1001"
"0","0","1","0","1001","1002","0","0","1","1002","1001","0","0","10","0","1","5","11410101","1002","0","1","1001","114101","0"
"0","0","1","1","1","1002","0","0","1","1001","1002","0","0","13","0","1","6","11420101","1001","1002","1002","1001","114201","1001"
"0","0","1001","1001","1002","1","0","0","1001","1001","1","0","0","12","0","1002","3","11430101","1002","0","1","1001","114301","1"
"0","0","1002","0","1002","1002","0","0","1","1002","1","0","0","10","0","1002","4","11440101","1001","0","1","1","114401","0"
"0","0","1","0","1","1","0","0","1002","1001","1002","0","0","10","0","1002","4","11450101","1001","0","1","1001","114501","0"
"0","0","1001","0","0","0","0","0","0","1","1","0","0","7","0","1","4","11460101","1002","0","1002","1001","114601","0"
"0","0","1002","0","1002","1002","0","0","1","1002","1","0","0","10","0","1002","4","11470101","1001","0","1","1","114701","0"
"1001","1","1","1001","1001","1002","0","1","1","1001","1002","0","0","17","1002","1001","6","11500101","1001","1","1","1","115001","1"
"0","0","1001","1","1001","1","0","0","1","1001","1","0","0","13","0","1002","3","11550101","1002","1001","1","1001","115501","1002"
"0","0","1001","0","1002","1","0","0","1001","1001","1","0","0","10","0","1","6","11560101","1002","0","1002","1001","115601","0"
"0","0","1002","1","1002","1","0","0","1","1001","1","0","0","12","0","1002","3","11570101","1001","0","1","1001","115701","1001"
"0","0","2003","0","0","0","0","0","0","0","0","0","0","2","0","0","2","11580101","2003","0","0","0","115801","0"
"0","0","1","0","0","0","0","0","0","0","2002","0","0","3","0","0","1","11580102","2001","0","0","0","115801","0"
"0","0","1","0","0","0","0","0","0","1","1002","0","0","5","0","0","1","11580103","1001","0","1002","0","115801","0"
"0","0","1002","0","0","1","0","0","0","1002","1","0","0","8","0","1","3","11590101","1001","0","1001","1002","115901","0"
"0","0","1001","0","0","1001","0","0","1","1001","1","0","0","9","0","1002","4","11600101","1002","0","1","1","116001","0"
"0","0","1002","0","0","0","0","0","0","1001","1","0","0","6","0","1","2","11620101","1001","0","1002","0","116201","0"
"0","0","1","0","0","0","0","0","0","1","1001","0","0","5","0","0","3","11630101","1002","0","1","0","116301","0"
"0","0","1001","0","2001","2001","0","0","1001","1002","2001","0","0","10","0","2001","4","11640101","1002","0","1001","1002","116401","0"
"0","0","1002","0","0","1","0","0","1002","1001","1","0","0","9","0","1","3","11650101","1001","0","1002","1001","116501","0"
"0","0","1001","0","0","1001","0","0","1","1002","1","0","0","9","0","1","3","11660101","1002","0","1001","1002","116601","0"
"0","0","1002","0","1002","1001","0","0","1","1001","1","0","0","10","0","1002","4","11670101","1001","0","1","1","116701","0"
"0","0","1001","0","1002","1","0","0","1001","1001","1","0","0","11","0","1001","3","11680101","1002","0","1002","1","116801","1"
"1002","1","1002","1001","1001","1","0","1","1002","1002","1","1001","1","19","1001","1002","12","11690101","1002","1","1","1001","116901","1"
"0","0","1001","0","0","1001","0","0","1","1001","1","0","0","9","0","1002","3","11700101","1002","0","1","1","117001","0"
"0","0","1001","1","1","1002","0","0","1","1","1002","0","0","12","0","1","5","11710101","1","1002","1001","1001","117101","1001"
"0","0","1","1002","1002","1001","0","0","1","1","1001","0","0","12","0","1","6","11720101","1001","0","1001","1002","117201","1"
"0","1","1002","1001","1002","1001","0","0","1","1001","1","0","0","16","1002","1002","7","11730101","1001","1","1","1","117301","1"
"0","0","1","0","1001","1","0","0","1","1","1001","0","0","10","0","1","4","11740101","1002","0","1001","1002","117401","0"
"0","0","1002","0","0","1","0","0","1002","1001","1","0","0","9","0","1002","3","11750101","1001","0","1","1001","117501","0"
"0","1002","1002","1","1","1","0","0","1001","1","1001","0","0","16","1","1","6","11760101","1","1001","1002","1002","117601","1002"
"1001","1002","1001","1","1001","1001","0","1","1","1002","1","0","0","17","1","1","6","11770101","1002","1001","1001","1002","117701","1002"
"0","0","1001","0","0","1002","0","0","1","1002","1","0","0","9","0","1","5","11780101","1002","0","1001","1001","117801","0"
"0","0","1001","0","0","1001","0","0","1002","1001","1","0","0","9","0","1002","3","11790101","1002","0","1","1","117901","0"
"0","0","1002","1","1","1001","0","0","1002","1","1001","0","0","13","0","1001","4","11800101","1001","1001","1002","1","118001","1001"
"0","0","1002","0","1002","1001","0","0","1","1001","1","0","0","10","0","1002","4","11810101","1001","0","1","1","118101","0"
"0","1001","2001","2001","1001","2001","0","0","1001","1002","1001","0","0","16","1001","1002","8","11820101","1002","1001","1001","1001","118201","1002"
"0","0","1001","0","2001","2001","0","0","1001","1002","2001","0","0","10","0","2001","4","11850101","1002","0","1001","1002","118501","0"
"0","0","1001","0","0","0","0","0","0","1001","1002","0","0","4","0","0","3","11860101","2001","0","0","0","118601","0"
"0","0","1002","0","0","0","0","0","0","0","1001","0","0","3","0","0","2","11860102","1001","0","0","0","118601","0"
"0","0","1002","0","0","0","0","0","0","0","1001","0","0","3","0","0","2","11860103","1001","0","0","0","118601","0"
"0","0","1001","0","0","1002","0","0","1001","1002","1","0","0","9","0","1","3","11900101","1002","0","1001","1","119001","0"
"0","0","1","0","0","0","0","0","0","1","1002","0","0","7","0","1","3","11910101","1001","0","1001","1002","119101","0"
"0","0","1001","0","0","0","0","0","0","1","1","0","0","7","0","1","3","11920101","1002","0","1002","1001","119201","0"
"0","0","1002","0","0","1002","0","0","1","1001","1","0","0","9","0","1","3","11930101","1001","0","1002","1001","119301","0"
"0","0","1001","0","0","1","0","0","0","1001","1","0","0","8","0","1002","4","11990101","1002","0","1","1001","119901","0"
"0","0","1002","0","0","0","0","0","0","1","1","0","0","7","0","1","3","12000101","1001","0","1002","1001","120001","0"
"0","0","1002","0","0","0","0","0","0","1002","1","0","0","7","0","1001","4","12070101","1001","0","1","1","120701","0"
"0","0","2001","0","0","0","0","0","0","2002","1","0","0","4","0","0","1","12070102","2002","0","0","0","120701","0"
"1","1002","1002","1001","1","1","0","0","1001","1","1001","0","1","18","1","1","9","12080101","2001","1","1001","1002","120801","1"
"0","0","1002","0","0","0","0","0","0","1001","1","0","0","7","0","1002","3","12090101","1001","0","1","1001","120901","0"
"0","0","1001","0","0","1","0","0","0","1002","1","0","0","8","0","1001","4","12100101","1002","0","1","1002","121001","0"
"0","0","1001","0","0","1","0","0","1001","1002","1","0","0","9","0","1001","3","12110101","1002","0","1","1002","121101","0"
"0","0","1001","0","1","1","0","0","1001","1002","1","0","0","10","0","1","4","12120101","1002","0","1001","1002","121201","0"
"0","0","1001","0","2001","1001","0","0","1002","2001","1002","0","0","11","0","1002","5","12120102","2001","0","1001","2001","121201","2001"
"0","0","1","0","0","1","0","0","0","1","1001","0","0","8","0","1","5","12130101","1002","0","1002","1001","121301","0"
"0","0","1001","0","1001","1002","0","0","1","1002","1","0","0","10","0","1001","4","12140101","1002","0","1","1","121401","0"
"0","0","1001","0","0","1","0","0","0","1002","1","0","0","8","0","1","3","12150101","1002","0","1001","1002","121501","0"
"0","0","1001","0","0","1002","0","0","1001","1","1001","0","0","9","0","1","3","12160101","1002","0","1001","1","121601","0"
"0","0","1002","0","0","1002","0","0","1","1001","1","0","0","9","0","1","3","12190101","1001","0","1002","1001","121901","0"
"0","0","1001","0","0","0","0","0","0","1002","1","0","0","5","0","0","2","12200101","2001","0","1","0","122001","0"
"0","0","1001","0","0","1001","0","0","0","1","1","0","0","8","0","1","3","12210101","1002","0","1001","1002","122101","0"
"0","0","1001","0","1002","1001","0","0","1","1002","1","0","0","11","0","1","3","12220101","1002","0","1001","1002","122201","1"
"0","0","1002","0","0","1","0","0","0","1002","1","0","0","8","0","1","3","12230101","1001","0","1001","1002","122301","0"
"0","0","2002","0","0","0","0","0","0","0","2001","0","0","3","0","0","2","12230102","2001","0","0","0","122301","0"
"0","0","1002","0","1001","1","0","0","1","1001","1","0","0","11","0","1001","3","12240101","1001","0","1","1002","122401","1002"
"0","0","1001","0","0","1","0","0","1001","1002","1","0","0","9","0","1","3","12250101","1002","0","1001","1002","122501","0"
"0","0","1002","1002","1002","1","0","0","1001","1001","1","0","0","13","0","1001","8","12260101","1001","1","1","1","122601","1"
"0","0","1001","0","1","1001","0","0","1002","1","1002","0","0","11","0","1002","5","12270101","2001","0","1001","1","122701","1"
"0","0","1001","0","0","1","0","0","1001","1","1","0","0","9","0","1","3","12280101","1002","0","1002","1001","122801","0"
"0","0","1001","0","0","1002","0","0","1","1001","1","0","0","9","0","1001","3","12290101","1002","0","1","1","122901","0"
"0","0","1001","0","1001","2001","0","0","1002","1001","2001","0","0","10","0","1002","5","12300101","2001","0","2001","1001","123001","0"
"0","0","1001","0","0","0","0","0","0","1001","1","0","0","7","0","1001","3","12310101","1002","0","1","1002","123101","0"
"0","0","1001","1002","1001","1001","0","1","1","1002","1","0","0","15","1","1002","8","12320101","1002","1001","1","1","123201","1"
"0","0","1001","0","0","0","0","0","0","1","1","0","0","6","0","1001","3","12330101","1002","0","1002","0","123301","0"
"0","0","1002","0","1001","1002","0","0","1","1001","1","0","0","10","0","1002","3","12350101","1001","0","1","1","123501","0"
"0","0","1001","0","0","0","0","0","0","1","1001","0","0","6","0","1","2","12360101","1002","0","1001","0","123601","0"
"0","0","1001","0","0","1002","0","0","0","1001","1","0","0","8","0","1","3","12370101","1002","0","1002","1","123701","0"
"0","0","1001","0","0","1002","0","0","1","1001","1002","0","0","9","0","1001","6","12380101","1002","0","1","1","123801","0"
"0","0","1002","0","1001","1002","0","0","1","1001","1","0","0","10","0","1001","6","12390101","1001","0","1002","1","123901","0"
"0","0","1001","0","0","0","0","0","0","1001","1","0","0","7","0","1","3","12400101","1002","0","1001","1001","124001","0"
"0","0","1001","0","0","0","0","0","0","1","1002","0","0","6","0","1","3","12410101","1002","0","1001","0","124101","0"
"0","0","1002","0","0","1","0","0","1002","1","1001","0","0","9","0","1","3","12420101","1001","0","1002","1001","124201","0"
"1002","1001","1001","1002","1001","1002","0","0","1","1002","1","1001","1","19","1","1","3","12450101","1002","1","1","1001","124501","1"
"0","0","1002","0","1002","1001","0","0","1","1","1","0","0","11","0","1002","3","12460101","1001","0","1001","1","124601","1001"
"0","0","1002","0","0","1","0","0","1002","1001","1","0","0","9","0","1","3","12470101","1001","0","1002","1001","124701","0"
"0","0","1001","1002","1001","1002","0","0","1","1002","1","0","0","12","0","1001","3","12480101","1002","0","1","1","124801","1"
"0","0","1001","0","0","0","0","0","0","1001","1","0","0","7","0","1002","3","12490101","1002","0","1","1","124901","0"
"0","0","1001","0","0","0","0","0","0","1002","1","0","0","6","0","1001","3","12500101","1002","0","1","0","125001","0"
"0","0","2001","0","0","0","0","0","0","0","0","0","0","2","0","0","1","12500102","2002","0","0","0","125001","0"
"0","0","1001","0","0","1001","0","0","0","1001","1","0","0","8","0","1","3","12510101","1002","0","1002","1","125101","0"
"0","0","1002","0","0","1001","0","0","0","1001","1","0","0","8","0","1002","3","12520101","1001","0","1","1","125201","0"
"0","0","1002","0","0","0","0","0","0","1001","1","0","0","6","0","1002","3","12530101","1001","0","1","0","125301","0"
"0","0","1001","0","0","0","0","0","0","1002","1","0","0","7","0","1","2","12540101","1002","0","1001","1","125401","0"
"0","0","1002","1001","1002","1001","0","0","1","1001","1","0","0","15","1002","1002","6","12550101","1001","1","1","1","125501","1"
"0","0","1001","0","0","0","0","0","0","1001","1","0","0","7","0","1002","4","12560101","1002","0","1","1","125601","0"
"0","0","1002","0","1002","1002","0","0","1001","1001","1","0","0","10","0","1001","3","12570101","1001","0","1002","1","125701","0"
"0","0","1002","0","0","1001","0","0","1","1","1001","0","0","9","0","1","5","12580101","2001","0","1002","1002","125801","0"
"0","0","1001","0","0","1","0","0","0","1002","1","0","0","8","0","1002","4","12580102","1002","0","1","1001","125801","0"
"0","0","1001","0","0","1","0","0","0","1002","1","0","0","8","0","1002","4","12580103","1002","0","1","1001","125801","0"
"0","0","1002","0","1001","1002","0","0","1","1","1001","0","0","10","0","1","5","12600101","2001","0","1001","1001","126001","0"
"0","0","1001","0","0","1","0","0","1001","1001","1","0","0","9","0","1001","4","12600102","1002","0","1","1002","126001","0"
"0","0","1001","0","0","1","0","0","1001","1001","1","0","0","9","0","1001","4","12600103","1002","0","1","1002","126001","0"
"0","0","1001","0","0","0","0","0","0","1","1002","0","0","7","0","1001","4","12610101","2001","0","1002","1","126101","0"
"0","0","1002","0","0","0","0","0","0","1002","1","0","0","6","0","1","3","12610102","1001","0","1001","0","126101","0"
"0","0","1002","0","0","0","0","0","0","1002","1","0","0","6","0","1","3","12610103","1001","0","1001","0","126101","0"
"0","0","1001","0","0","2001","0","0","1001","1002","2001","0","0","9","0","1","3","12620101","1002","0","1001","1002","126201","0"
"0","0","1001","0","0","1","0","0","0","1001","1","0","0","8","0","1","4","12630101","1002","0","1","1001","126301","0"
"0","0","1001","0","0","0","0","0","0","1001","1","0","0","7","0","1","3","12640101","1002","0","1002","1002","126401","0"
"0","0","2001","0","0","2003","0","0","2003","2001","2002","0","0","9","0","2001","8","12640102","2002","0","2002","2003","126401","0"
"0","0","1001","0","0","1001","0","0","0","1001","1002","0","0","8","0","1002","3","12650101","2001","0","1","1","126501","0"
"0","0","1001","0","0","0","0","0","0","1001","1","0","0","6","0","1","3","12660101","1002","0","1002","0","126601","0"
"0","0","1001","0","0","0","0","0","0","1001","1","0","0","6","0","1002","3","12670101","1002","0","1","0","126701","0"
"0","0","1002","0","0","1","0","0","1002","1001","1","0","0","9","0","1","3","12680101","1001","0","1002","1001","126801","0"
"0","0","1","0","0","0","0","0","0","1002","1","0","0","7","0","1","3","12690101","1002","0","1001","1002","126901","0"
"0","0","1002","1","1","1002","0","0","1001","1002","1","0","0","12","0","1001","5","12700101","1001","0","1","1","127001","1002"
"0","0","1","0","0","1","0","0","1","1001","1001","0","0","9","0","1002","4","12710101","1002","0","1","1001","127101","0"
"0","0","1002","0","0","0","0","0","0","1001","1","0","0","6","0","1002","3","12720101","1001","0","1","0","127201","0"
"0","0","1","0","0","1","0","0","0","1002","1001","0","0","8","0","1","4","12730101","1002","0","1001","1001","127301","0"
"0","0","1001","0","0","1","0","0","0","1001","1","0","0","8","0","1","4","12750101","1002","0","1002","1001","127501","0"
"0","0","1001","0","0","1","0","0","1001","1002","1","0","0","9","0","1001","3","12760101","1002","0","1","1002","127601","0"
"0","0","1","0","0","1","0","0","1001","1","1001","0","0","9","0","1","5","12770101","1002","0","1001","1002","127701","0"
"0","0","1","0","1002","1","0","0","1001","1","1002","0","0","10","0","1","4","12780101","1001","0","1001","1001","127801","0"
"0","0","1001","0","1001","1002","0","0","1","1002","1","0","0","10","0","1001","4","12790101","1002","0","1","1","127901","0"
"0","0","1002","0","1001","1","0","0","1","1","1001","0","0","11","0","1","3","12800101","1001","0","1002","1001","128001","1002"
"0","0","1001","0","0","1001","0","0","0","1001","1","0","0","8","0","1002","3","12830101","1002","0","1","1","128301","0"
"0","0","1002","0","0","1002","0","0","0","1001","1","0","0","8","0","1","4","12840101","1001","0","1002","1001","128401","0"
"0","0","1002","0","1002","1001","0","0","1","1001","1","0","0","10","0","1002","3","12850101","1001","0","1","1","128501","0"
"0","0","1002","0","0","1","0","0","1002","1001","1","0","0","9","0","1","3","12870101","1001","0","1002","1001","128701","0"
"0","0","1002","0","0","0","0","0","0","1001","1","0","0","6","0","1","3","12880101","1001","0","1002","0","128801","0"
"0","0","1001","0","1","1001","0","0","1","1002","1","0","0","11","0","1","3","12890101","1002","0","1001","1002","128901","1001"
"0","0","1002","0","0","0","0","0","0","1002","1001","0","0","7","0","1001","6","12900101","1001","0","2001","1002","129001","0"
"0","0","1002","0","0","2001","0","0","0","1001","2001","0","0","8","0","1001","4","12930101","1001","0","2001","1002","129301","0"
"0","0","1001","0","0","1001","0","0","0","1","1002","0","0","8","0","1002","4","12940101","2001","0","1001","1","129401","0"
"0","0","1001","0","0","1","0","0","1001","1001","1","0","0","9","0","1","5","12950101","2001","0","1002","1001","129501","0"
"0","0","1002","0","0","0","0","0","0","1002","1001","0","0","6","0","1001","4","12960101","2001","0","2001","0","129601","0"
"0","0","1002","0","0","0","0","0","0","1","1001","0","0","7","0","1","2","12970101","2001","0","1002","1001","129701","0"
"0","0","1002","0","1","1","0","0","1001","1002","1","0","0","11","0","1","5","12980101","1001","0","1001","1001","129801","1002"
"0","0","1001","0","1001","1001","0","0","1","1","1002","0","0","10","0","1","3","12990101","1002","0","1001","1002","129901","0"
"0","0","1001","0","0","1","0","0","0","1001","1","0","0","8","0","1","4","13000101","2001","0","1002","1001","130001","0"
"0","0","1001","0","0","1","0","0","1002","1","1002","0","0","9","0","1","5","13010101","2001","0","1001","1002","130101","0"
"0","0","1002","0","0","0","0","0","0","1001","1","0","0","6","0","1002","3","13020101","1001","0","1002","0","130201","0"
"0","0","1001","1002","1","1","0","0","1002","1001","1","0","0","13","0","1002","10","13070101","1002","1001","1","1001","130701","1001"
"0","0","1002","0","0","0","0","0","0","1001","1","0","0","7","0","1","3","13080101","1001","0","1002","1001","130801","0"
"0","0","1001","0","0","0","0","0","0","1001","1","0","0","6","0","1001","2","13090101","1002","0","1","0","130901","0"
"0","0","1001","0","0","0","0","0","0","1001","1002","0","0","7","0","1002","4","13100101","1002","0","1","1","131001","0"
"0","0","1","0","0","0","0","0","0","1","1001","0","0","6","0","1001","4","13110101","1002","0","1","0","131101","0"
"0","0","2001","0","0","0","0","0","0","0","2001","0","0","3","0","0","2","13120101","2001","0","0","0","131201","0"
"0","0","1001","0","0","0","0","0","0","1001","1001","0","0","7","0","2001","6","13120102","1002","0","1001","2001","131201","0"
"0","0","1002","0","0","0","0","0","0","1002","1","0","0","6","0","1","4","13160101","1001","0","1001","0","131601","0"
"0","0","1002","0","0","0","0","0","0","1001","1","0","0","7","0","1002","4","13170101","1001","0","1","1","131701","0"
"0","0","1002","1","1001","1001","0","0","1","1","1001","0","0","15","1","1001","11","13180101","2001","1001","1002","1","131801","1002"
"0","0","1002","0","1002","1","0","0","1001","1002","1","0","0","10","0","1","6","13190101","1001","0","1001","1002","131901","0"
"0","0","1001","0","0","0","0","0","0","1002","1","0","0","7","0","1001","4","13200101","1002","0","1","1","132001","0"
"0","0","1002","0","0","1","0","0","0","1001","1","0","0","8","0","1002","4","13210101","1001","0","1","1001","132101","0"
"0","0","2001","0","0","0","0","0","0","2001","2001","0","0","5","0","0","3","13210102","2002","0","2002","0","132101","0"
"0","0","1002","0","0","0","0","0","0","1001","1","0","0","6","0","1002","4","13220101","1001","0","1","0","132201","0"
"0","0","1002","0","0","0","0","0","0","1002","1","0","0","7","0","1","4","13280101","1001","0","1001","1001","132801","0"
"0","0","1001","0","1","1002","0","0","1001","1002","1","0","0","10","0","1001","4","13290101","2001","0","1","1","132901","0"
"0","0","1","0","0","1001","0","0","1001","1002","1001","0","0","9","0","1001","4","13300101","1001","0","1","1","133001","0"
"0","0","1","1001","1002","1","0","0","1001","1001","1001","0","0","12","0","1002","10","13320101","1002","0","1","1001","133201","1"
"0","0","1001","0","1","1","0","0","1001","1002","1","0","0","11","0","1","5","13350101","1002","0","1002","1001","133501","1001"
"0","0","1001","0","0","1","0","0","1001","1001","1","0","0","9","0","1","5","13360101","1002","0","1002","1001","133601","0"
"0","0","1001","0","0","1001","0","0","1","1001","1001","0","0","9","0","1001","5","13370101","1002","0","1002","1","133701","0"
"0","0","1001","0","0","1","0","0","1001","1001","1","0","0","9","0","1002","3","13380101","1002","0","1","1001","133801","0"
"0","0","1","1001","1002","1001","0","0","1","1001","1001","0","0","13","0","1001","11","13390101","1001","1","1","1","133901","1001"
"0","0","1002","0","0","0","0","0","0","1001","1","0","0","5","0","0","3","13400101","1001","0","1002","0","134001","0"
"0","0","1001","0","1","1002","0","0","1001","1002","1","0","0","11","0","1001","4","13430101","1002","0","1","1","134301","1001"
"0","0","1001","0","0","1","0","0","0","1002","1","0","0","8","0","1","4","13440101","1002","0","1001","1001","134401","0"
"0","0","1002","0","0","0","0","0","0","1","1","0","0","7","0","1","3","17010101","1001","0","1001","1002","170101","0"
"0","0","1","1002","1","1001","0","1","1002","1002","1001","0","0","15","1001","1002","4","18010101","1001","1","1001","1","180101","1001"
"0","0","1002","1","1002","1001","0","1","1","1001","1","0","0","15","1002","1002","4","18020101","1001","1001","1","1","180201","1"
"0","0","1002","1","1002","1","0","0","1001","1001","1","0","0","12","0","1001","3","18030101","1001","0","1002","1002","180301","1001"
"0","0","1002","1001","1","1","0","0","1001","1002","1","0","0","12","0","1001","3","18040101","1001","0","1","1002","180401","1002"
"1001","1002","1","1002","1002","1","0","1","1001","1001","1002","0","0","17","1","1","5","18050101","1002","1","1002","1002","180501","1"
"0","1002","1","1","1001","1","0","1","1","1001","1002","0","0","16","1","1002","4","18060101","1001","1001","1","1001","180601","1002"
"0","0","1","1","1","1002","0","0","1001","1002","1001","0","0","12","0","1","4","18070101","1002","0","1001","1001","180701","1001"
"0","0","1001","0","1002","1","0","0","1001","1002","1","0","0","11","0","1001","4","18080101","1002","0","1001","1002","180801","1001"
"0","0","1","0","1","1","0","0","1001","1001","1002","0","0","10","0","1001","3","18090101","1001","0","1","1002","180901","0"
"0","0","1001","0","0","1001","0","0","1001","1001","1","0","0","9","0","1001","3","18100101","1002","0","1","1","181001","0"
"0","0","1001","1001","1","1","0","0","1001","1002","1","0","0","12","0","1","3","18110101","1002","0","1001","1002","181101","1002"
"0","0","1001","1","1","1","0","0","1001","1001","1","0","0","15","1001","1001","9","18120101","2001","1002","1","1002","181201","1001"
"0","0","1","0","0","0","0","0","0","0","0","0","0","2","0","0","1","19130101","1","0","0","0","191301","0"
"0","0","1003","0","0","0","0","0","0","0","1003","0","0","3","0","0","2","19150101","1001","0","0","0","191501","0"
"0","0","1003","0","0","0","0","0","0","0","1003","0","0","3","0","0","2","19160101","1001","0","0","0","191601","0"
"0","0","1003","0","0","0","0","0","0","0","1003","0","0","3","0","0","2","19170101","1001","0","0","0","191701","0"
"0","0","1","0","0","0","0","0","0","0","1","0","0","3","0","0","2","19270101","1001","0","0","0","192701","0"
"0","0","1001","0","0","0","0","0","0","0","0","0","0","2","0","0","2","20010001","1001","0","0","0","200100","0"
"0","0","1001","0","0","0","0","0","0","0","0","0","0","2","0","0","2","20010101","1001","0","0","0","200101","0"
"0","0","1001","0","0","0","0","0","0","0","0","0","0","2","0","0","2","20020001","1","0","0","0","200200","0"
"0","0","1001","0","0","0","0","0","0","0","0","0","0","2","0","0","2","20030001","1001","0","0","0","200300","0"
"0","0","1001","0","0","0","0","0","0","0","0","0","0","2","0","0","2","20030101","1001","0","0","0","200301","0"
"0","0","1001","0","0","0","0","0","0","0","0","0","0","2","0","0","2","20030201","1001","0","0","0","200302","0"
"0","0","1001","0","0","0","0","0","0","0","0","0","0","2","0","0","2","20040001","1001","0","0","0","200400","0"
"0","0","1001","0","0","0","0","0","0","0","0","0","0","2","0","0","2","20040101","1001","0","0","0","200401","0"
"0","0","1","0","0","0","0","0","0","0","0","0","0","2","0","0","2","20050001","1","0","0","0","200500","0"
"0","0","1","0","0","0","0","0","0","0","0","0","0","2","0","0","2","20050101","1","0","0","0","200501","0"
"0","0","1","0","0","0","0","0","0","0","0","0","0","2","0","0","2","20050301","1","0","0","0","200503","0"
"0","0","1","0","0","0","0","0","0","0","0","0","0","2","0","0","2","20050401","1","0","0","0","200504","0"
"0","0","1","0","0","0","0","0","0","0","0","0","0","2","0","0","2","20050501","1","0","0","0","200505","0"
"0","0","1001","0","0","0","0","0","0","0","0","0","0","2","0","0","2","20050601","1001","0","0","0","200506","0"
"0","0","1","0","0","0","0","0","0","0","0","0","0","2","0","0","2","20060001","1","0","0","0","200600","0"
"0","0","1001","0","0","0","0","0","0","0","0","0","0","2","0","0","2","20070001","1001","0","0","0","200700","0"
"0","0","1001","0","0","0","0","0","0","0","0","0","0","2","0","0","2","20070101","1001","0","0","0","200701","0"
"0","0","1001","0","0","0","0","0","0","0","0","0","0","2","0","0","2","20070201","1001","0","0","0","200702","0"
"0","0","1001","0","0","0","0","0","0","0","0","0","0","2","0","0","2","20070301","1001","0","0","0","200703","0"
"0","0","1001","0","0","0","0","0","0","0","0","0","0","2","0","0","2","20080001","1001","0","0","0","200800","0"
"0","0","1001","0","0","0","0","0","0","0","1","0","0","3","0","0","1","20080101","1001","0","0","0","200801","0"
"0","0","1001","0","0","0","0","0","0","0","1001","0","0","3","0","0","1","20080301","1001","0","0","0","200803","0"
"0","0","1","0","0","0","0","0","0","0","0","0","0","2","0","0","2","20090001","1","0","0","0","200900","0"
"0","0","1","0","0","0","0","0","0","0","0","0","0","2","0","0","2","20090101","1","0","0","0","200901","0"
"0","0","1001","0","0","0","0","0","0","0","0","0","0","2","0","0","1","20090201","1","0","0","0","200902","0"
"0","0","1001","0","0","0","0","0","0","0","1","0","0","3","0","0","2","20090301","1","0","0","0","200903","0"
"0","0","1001","0","0","0","0","0","0","0","1001","0","0","3","0","0","2","20090401","1001","0","0","0","200904","0"
"0","0","1001","0","0","0","0","0","0","0","1001","0","0","3","0","0","2","20090501","1001","0","0","0","200905","0"
"0","0","1001","0","0","0","0","0","0","0","0","0","0","2","0","0","1","20090601","1","0","0","0","200906","0"
"0","0","1","0","0","0","0","0","0","0","0","0","0","2","0","0","2","20090701","1","0","0","0","200907","0"
"0","0","1001","0","0","0","0","0","0","0","0","0","0","2","0","0","2","20100001","1001","0","0","0","201000","0"
"0","0","1001","0","0","0","0","0","0","0","0","0","0","2","0","0","2","20110001","1001","0","0","0","201100","0"
"0","0","1001","0","0","0","0","0","0","0","0","0","0","2","0","0","1","20110101","1","0","0","0","201101","0"
"0","0","1001","0","0","0","0","0","0","0","0","0","0","2","0","0","2","20110201","1001","0","0","0","201102","0"
"0","0","1","0","0","0","0","0","0","0","0","0","0","2","0","0","2","20120001","1","0","0","0","201200","0"
"0","0","1","0","0","0","0","0","0","0","0","0","0","2","0","0","2","20120101","1","0","0","0","201201","0"
"0","0","1","0","0","0","0","0","0","0","0","0","0","2","0","0","2","20120201","1","0","0","0","201202","0"
"0","0","1","0","0","0","0","0","0","0","1","0","0","3","0","0","2","20120301","1002","0","0","0","201203","0"
"0","0","1","0","0","0","0","0","0","0","1","0","0","3","0","0","2","20120401","1002","0","0","0","201204","0"
"0","0","1","0","0","0","0","0","0","0","0","0","0","2","0","0","2","20120501","1","0","0","0","201205","0"
"0","0","1","0","0","0","0","0","0","0","0","0","0","2","0","0","2","20120601","1","0","0","0","201206","0"
"0","0","1","0","0","0","0","0","0","0","0","0","0","2","0","0","2","20120701","1","0","0","0","201207","0"
"0","0","1001","0","0","0","0","0","0","0","0","0","0","2","0","0","2","20130001","1001","0","0","0","201300","0"
"0","0","1001","0","0","0","0","0","0","0","0","0","0","2","0","0","2","20130101","1001","0","0","0","201301","0"
"0","0","1001","0","0","0","0","0","0","0","0","0","0","2","0","0","2","20130201","1001","0","0","0","201302","0"
"0","0","1001","0","0","0","0","0","0","0","0","0","0","2","0","0","2","20130301","1001","0","0","0","201303","0"
"0","0","1001","0","0","0","0","0","0","1001","1002","0","0","4","0","0","2","20140001","1001","0","0","0","201400","0"
"0","0","1001","0","0","0","0","0","0","1001","1002","0","0","5","0","0","2","20150001","1001","0","1001","0","201500","0"
"0","0","1001","0","0","0","0","0","0","0","1","0","0","3","0","0","1","20160001","1","0","0","0","201600","0"
"0","0","1001","0","0","0","0","0","0","0","1","0","0","3","0","0","1","20160101","1","0","0","0","201601","0"
"0","0","1001","0","0","0","0","0","0","0","1","0","0","2","0","0","2","20160201","1001","0","0","0","201602","0"
"0","0","1001","0","0","0","0","0","0","0","1","0","0","3","0","0","1","20160301","1","0","0","0","201603","0"
"0","0","1001","0","0","0","0","0","0","0","1","0","0","3","0","0","1","20160401","1","0","0","0","201604","0"
"0","0","1001","0","0","0","0","0","0","0","1","0","0","3","0","0","1","20160501","1","0","0","0","201605","0"
"0","0","1","0","0","0","0","0","0","0","0","0","0","2","0","0","2","20170001","1","0","0","0","201700","0"
"0","0","1","0","0","0","0","0","0","0","0","0","0","2","0","0","2","20180001","1","0","0","0","201800","0"
"0","0","1001","0","0","0","0","0","0","0","0","0","0","2","0","0","2","20190001","1001","0","0","0","201900","0"
"0","0","1001","0","0","0","0","0","0","0","0","0","0","2","0","0","2","20190101","1001","0","0","0","201901","0"
"0","0","1","0","0","0","0","0","0","0","0","0","0","2","0","0","2","20200001","1","0","0","0","202000","0"
"0","0","1","0","0","0","0","0","0","0","0","0","0","2","0","0","2","20210001","1","0","0","0","202100","0"
"0","0","1","0","0","0","0","0","0","0","0","0","0","2","0","0","2","20210101","1","0","0","0","202101","0"
"0","0","1","0","0","0","0","0","0","0","0","0","0","2","0","0","2","20210201","1","0","0","0","202102","0"
"0","0","1","0","0","0","0","0","0","0","0","0","0","2","0","0","2","20220001","1","0","0","0","202200","0"
"0","0","1001","0","0","0","0","0","0","0","0","0","0","2","0","0","2","20230001","1001","0","0","0","202300","0"
"0","0","1001","0","0","0","0","0","0","0","0","0","0","2","0","0","2","20230101","1001","0","0","0","202301","0"
"0","0","1001","0","0","0","0","0","0","0","0","0","0","2","0","0","2","20230201","1001","0","0","0","202302","0"
"0","0","1","0","0","0","0","0","0","0","0","0","0","2","0","0","2","20240001","1","0","0","0","202400","0"
"0","0","1","0","0","0","0","0","0","0","0","0","0","2","0","0","2","20250001","1","0","0","0","202500","0"
"0","0","1001","0","0","0","0","0","0","0","0","0","0","2","0","0","2","20260001","1","0","0","0","202600","0"
"0","0","1","0","0","0","0","0","0","0","0","0","0","2","0","0","2","20270001","1","0","0","0","202700","0"
"0","0","1","0","0","0","0","0","0","0","0","0","0","2","0","0","2","20270101","1","0","0","0","202701","0"
"0","0","1001","0","0","0","0","0","0","0","0","0","0","2","0","0","2","20280001","1001","0","0","0","202800","0"
"0","0","1001","0","0","0","0","0","0","0","0","0","0","2","0","0","2","20280201","1001","0","0","0","202802","0"
"0","0","1","0","0","0","0","0","0","0","0","0","0","2","0","0","2","20290001","1","0","0","0","202900","0"
"0","0","1","0","0","0","0","0","0","0","0","0","0","2","0","0","2","20290101","1","0","0","0","202901","0"
"0","0","1","0","0","0","0","0","0","0","0","0","0","2","0","0","2","20290201","1","0","0","0","202902","0"
"0","0","1","0","0","0","0","0","0","0","1","0","0","3","0","0","2","20290301","1001","0","0","0","202903","0"
"0","0","1001","0","0","0","0","0","0","0","0","0","0","2","0","0","1","20290401","1","0","0","0","202904","0"
"0","0","1","0","0","0","0","0","0","0","0","0","0","2","0","0","2","20290501","1","0","0","0","202905","0"
"0","0","1001","0","0","0","0","0","0","0","0","0","0","2","0","0","2","20290601","1001","0","0","0","202906","0"
"0","0","1","0","0","0","0","0","0","0","0","0","0","2","0","0","2","20290701","1","0","0","0","202907","0"
"0","0","1","0","0","0","0","0","0","0","0","0","0","2","0","0","2","20300001","1","0","0","0","203000","0"
"0","0","1","0","0","0","0","0","0","0","0","0","0","2","0","0","2","20300101","1","0","0","0","203001","0"
"0","0","1","0","0","0","0","0","0","0","0","0","0","2","0","0","2","20300201","1","0","0","0","203002","0"
"0","0","1","0","0","0","0","0","0","0","0","0","0","2","0","0","2","20310001","1","0","0","0","203100","0"
"0","0","1001","0","0","0","0","0","0","0","0","0","0","2","0","0","2","20310101","1001","0","0","0","203101","0"
"0","0","1","0","0","0","0","0","0","0","0","0","0","2","0","0","2","20320001","1","0","0","0","203200","0"
"0","0","1","0","0","0","0","0","0","0","0","0","0","2","0","0","2","20330001","1","0","0","0","203300","0"
"0","0","1","0","0","0","0","0","0","0","0","0","0","2","0","0","2","20330101","1","0","0","0","203301","0"
"0","0","1","0","0","0","0","0","0","0","0","0","0","2","0","0","2","20330201","1","0","0","0","203302","0"
"0","0","1","0","0","0","0","0","0","0","0","0","0","2","0","0","2","20330301","1","0","0","0","203303","0"
"0","0","1001","0","0","0","0","0","0","0","0","0","0","2","0","0","2","20340001","1001","0","0","0","203400","0"
"0","0","1001","0","0","0","0","0","0","0","0","0","0","2","0","0","2","20340101","1001","0","0","0","203401","0"
"0","0","1001","0","0","0","0","0","0","0","0","0","0","2","0","0","2","20340201","1001","0","0","0","203402","0"
"0","0","1001","0","0","0","0","0","0","0","0","0","0","2","0","0","2","20350001","1001","0","0","0","203500","0"
"0","0","1001","0","0","0","0","0","0","0","0","0","0","2","0","0","2","20350101","1001","0","0","0","203501","0"
"0","0","1001","0","0","0","0","0","0","0","0","0","0","2","0","0","2","20350201","1001","0","0","0","203502","0"
"0","0","1001","0","0","0","0","0","0","0","0","0","0","2","0","0","2","20370001","1001","0","0","0","203700","0"
"0","0","1001","0","0","0","0","0","0","0","0","0","0","2","0","0","2","20370201","1001","0","0","0","203702","0"
"0","0","1001","0","0","0","0","0","0","0","0","0","0","2","0","0","2","20370301","1001","0","0","0","203703","0"
"0","0","1","0","0","0","0","0","0","0","0","0","0","2","0","0","2","20380001","1","0","0","0","203800","0"
"0","0","1","0","0","0","0","0","0","0","0","0","0","2","0","0","2","20380101","1","0","0","0","203801","0"
"0","0","1","0","0","0","0","0","0","0","0","0","0","2","0","0","2","20380301","1","0","0","0","203803","0"
"0","0","1","0","0","0","0","0","0","0","1","0","0","3","0","0","2","20380401","1","0","0","0","203804","0"
"0","0","1","0","0","0","0","0","0","0","0","0","0","2","0","0","2","20380501","1","0","0","0","203805","0"
"0","0","1","0","0","0","0","0","0","0","0","0","0","2","0","0","2","20380601","1","0","0","0","203806","0"
"0","0","1","0","0","0","0","0","0","0","0","0","0","2","0","0","2","20380701","1","0","0","0","203807","0"
"0","0","1","0","0","0","0","0","0","0","0","0","0","2","0","0","2","20390001","1","0","0","0","203900","0"
"0","0","1","0","0","0","0","0","0","0","0","0","0","2","0","0","2","20390101","1","0","0","0","203901","0"
"0","0","1","0","0","0","0","0","0","0","0","0","0","2","0","0","2","20390201","1","0","0","0","203902","0"
"0","0","1001","0","0","0","0","0","0","0","0","0","0","2","0","0","2","20390301","1001","0","0","0","203903","0"
"0","0","1001","0","0","0","0","0","0","0","0","0","0","2","0","0","2","20390401","1001","0","0","0","203904","0"
"0","0","1001","0","0","0","0","0","0","0","0","0","0","2","0","0","2","20390501","1001","0","0","0","203905","0"
"0","0","1001","0","0","0","0","0","0","0","0","0","0","2","0","0","2","20390601","1001","0","0","0","203906","0"
"0","0","1001","0","0","0","0","0","0","0","0","0","0","2","0","0","2","20390701","1001","0","0","0","203907","0"
"0","0","1","0","0","0","0","0","0","0","0","0","0","2","0","0","2","20400001","1","0","0","0","204000","0"
"0","0","1001","0","0","0","0","0","0","0","0","0","0","2","0","0","2","20410001","1001","0","0","0","204100","0"
"0","0","1001","0","0","0","0","0","0","0","0","0","0","2","0","0","2","20420001","1001","0","0","0","204200","0"
"0","0","1001","0","0","0","0","0","0","0","0","0","0","2","0","0","2","20430001","1001","0","0","0","204300","0"
"0","0","1001","0","0","0","0","0","0","0","0","0","0","2","0","0","2","20430101","1001","0","0","0","204301","0"
"0","0","1001","0","0","0","0","0","0","0","0","0","0","2","0","0","2","20430201","1001","0","0","0","204302","0"
"0","0","1001","0","0","0","0","0","0","0","0","0","0","2","0","0","2","20440001","1001","0","0","0","204400","0"
"0","0","1001","0","0","0","0","0","0","0","0","0","0","2","0","0","2","20440301","1001","0","0","0","204403","0"
"0","0","1","0","0","0","0","0","0","0","0","0","0","2","0","0","2","20450001","1","0","0","0","204500","0"
"0","0","1","0","0","0","0","0","0","0","0","0","0","2","0","0","2","20450101","1","0","0","0","204501","0"
"0","0","1001","0","0","0","0","0","0","0","0","0","0","2","0","0","2","20450201","1001","0","0","0","204502","0"
"0","0","1001","0","0","0","0","0","0","0","0","0","0","2","0","0","2","20450301","1001","0","0","0","204503","0"
"0","0","1001","0","0","0","0","0","0","0","0","0","0","2","0","0","2","20460001","1001","0","0","0","204600","0"
"0","0","1","0","0","0","0","0","0","0","0","0","0","2","0","0","2","20470001","1","0","0","0","204700","0"
"0","0","1","0","0","0","0","0","0","0","0","0","0","2","0","0","2","20470101","1","0","0","0","204701","0"
"0","0","1001","0","0","0","0","0","0","0","0","0","0","2","0","0","2","20470201","1001","0","0","0","204702","0"
"0","0","1","0","0","0","0","0","0","0","0","0","0","2","0","0","2","20470301","1","0","0","0","204703","0"
"0","0","1","0","0","0","0","0","0","0","0","0","0","2","0","0","2","20480001","1","0","0","0","204800","0"
"0","0","1","0","0","0","0","0","0","0","0","0","0","2","0","0","2","20480101","1","0","0","0","204801","0"
"0","0","1","0","0","0","0","0","0","0","0","0","0","2","0","0","2","20480201","1","0","0","0","204802","0"
"0","0","1","0","0","0","0","0","0","0","0","0","0","2","0","0","2","20480301","1","0","0","0","204803","0"
"0","0","1","0","0","0","0","0","0","0","0","0","0","2","0","0","2","20490001","1","0","0","0","204900","0"
"0","0","1001","0","0","0","0","0","0","0","0","0","0","2","0","0","2","20500001","1001","0","0","0","205000","0"
"0","0","1002","0","0","0","0","0","0","0","0","0","0","2","0","0","2","20500101","1002","0","0","0","205001","0"
"0","0","1001","0","0","0","0","0","0","0","0","0","0","2","0","0","2","20510001","1001","0","0","0","205100","0"
"0","0","1001","0","0","0","0","0","0","0","0","0","0","2","0","0","2","20510101","1001","0","0","0","205101","0"
"0","0","1001","0","0","0","0","0","0","0","0","0","0","2","0","0","2","20520001","1001","0","0","0","205200","0"
"0","0","1001","0","0","0","0","0","0","0","0","0","0","2","0","0","2","20520101","1001","0","0","0","205201","0"
"0","0","1001","0","0","0","0","0","0","0","0","0","0","2","0","0","2","20530001","1001","0","0","0","205300","0"
"0","0","1001","0","0","0","0","0","0","0","0","0","0","2","0","0","2","20530101","1001","0","0","0","205301","0"
"0","0","1","0","0","0","0","0","0","0","0","0","0","2","0","0","2","20540001","1","0","0","0","205400","0"
"0","0","1","0","0","0","0","0","0","0","0","0","0","2","0","0","2","20540101","1","0","0","0","205401","0"
"0","0","1001","0","0","0","0","0","0","0","0","0","0","2","0","0","2","20540201","1001","0","0","0","205402","0"
"0","0","1001","0","0","0","0","0","0","0","0","0","0","2","0","0","2","20550001","1001","0","0","0","205500","0"
"0","0","1001","0","0","0","0","0","0","0","0","0","0","2","0","0","2","20550101","1001","0","0","0","205501","0"
"0","0","1","0","0","0","0","0","0","0","0","0","0","2","0","0","2","20560001","1","0","0","0","205600","0"
"0","0","1","0","0","0","0","0","0","0","0","0","0","2","0","0","2","20560101","1","0","0","0","205601","0"
"0","0","1","0","0","0","0","0","0","0","0","0","0","2","0","0","2","20570001","1","0","0","0","205700","0"
"0","0","1001","0","0","0","0","0","0","0","0","0","0","2","0","0","2","20570101","1001","0","0","0","205701","0"
"0","0","1","0","0","0","0","0","0","0","1001","0","0","3","0","0","2","20580001","1","0","0","0","205800","0"
"0","0","1","0","0","0","0","0","0","0","1001","0","0","3","0","0","2","20580101","1","0","0","0","205801","0"
"0","0","1","0","0","0","0","0","0","0","1001","0","0","3","0","0","2","20580201","1","0","0","0","205802","0"
"0","0","1001","0","0","0","0","0","0","0","1","0","0","3","0","0","2","20580301","1","0","0","0","205803","0"
"0","0","1001","0","0","0","0","0","0","0","1","0","0","3","0","0","2","20580401","1","0","0","0","205804","0"
"0","0","1001","0","0","0","0","0","0","0","1","0","0","3","0","0","2","20580501","1","0","0","0","205805","0"
"0","0","1","0","0","0","0","0","0","0","1001","0","0","3","0","0","2","20580601","1","0","0","0","205806","0"
"0","0","1","0","0","0","0","0","0","0","1001","0","0","3","0","0","2","20580701","1","0","0","0","205807","0"
"0","0","1","0","0","0","0","0","0","0","1001","0","0","3","0","0","2","20580801","1","0","0","0","205808","0"
"0","0","1001","0","0","0","0","0","0","0","1","0","0","3","0","0","2","20580901","1","0","0","0","205809","0"
"0","0","1001","0","0","0","0","0","0","0","1","0","0","3","0","0","2","20581001","1","0","0","0","205810","0"
"0","0","1001","0","0","0","0","0","0","0","1","0","0","3","0","0","2","20581101","1","0","0","0","205811","0"
"0","0","1001","0","0","0","0","0","0","0","0","0","0","2","0","0","2","20590001","1","0","0","0","205900","0"
"0","0","1","0","0","0","0","0","0","0","0","0","0","2","0","0","2","20600001","1","0","0","0","206000","0"
"0","0","1001","0","0","0","0","0","0","0","0","0","0","2","0","0","2","20610001","1001","0","0","0","206100","0"
"0","0","1001","0","0","0","0","0","0","0","0","0","0","2","0","0","2","20620001","1001","0","0","0","206200","0"
"0","0","1001","0","0","0","0","0","0","0","0","0","0","2","0","0","1","20620101","1","0","0","0","206201","0"
"0","0","0","0","0","0","0","0","0","0","0","0","0","1","0","0","1","20630001","1001","0","0","0","206300","0"
"0","0","0","0","0","0","0","0","0","0","0","0","0","1","0","0","1","20630101","1001","0","0","0","206301","0"
"0","0","1","0","0","0","0","0","0","0","0","0","0","2","0","0","2","20640001","1","0","0","0","206400","0"
"0","0","1","0","0","0","0","0","0","0","0","0","0","2","0","0","2","20640101","1","0","0","0","206401","0"
"0","0","1","0","0","0","0","0","0","0","0","0","0","2","0","0","2","20650001","1","0","0","0","206500","0"
"0","0","1001","0","0","0","0","0","0","1","1","0","0","7","0","1","1","20670001","1002","0","1002","1001","206700","0"
"0","0","1002","0","0","0","0","0","0","1","1001","0","0","6","0","1","3","20670101","1001","0","1002","0","206701","0"
"0","0","1001","0","1001","1002","0","0","1","1002","1","0","0","10","0","1001","4","20670201","1002","0","1","1","206702","0"
"0","0","1002","0","0","0","0","0","0","0","0","0","0","2","0","0","2","20680001","1002","0","0","0","206800","0"
"0","0","1002","0","0","0","0","0","0","0","0","0","0","2","0","0","2","20680101","1002","0","0","0","206801","0"
"0","0","1002","0","0","0","0","0","0","0","0","0","0","2","0","0","2","20680201","1002","0","0","0","206802","0"
"0","0","1001","0","0","0","0","0","0","0","0","0","0","2","0","0","2","20680301","1001","0","0","0","206803","0"
"0","0","1001","0","0","0","0","0","0","0","0","0","0","2","0","0","2","20680401","1001","0","0","0","206804","0"
"0","0","1001","0","0","0","0","0","0","0","0","0","0","2","0","0","2","20690001","1001","0","0","0","206900","0"
"0","0","1001","0","0","0","0","0","0","0","0","0","0","2","0","0","2","20690101","1001","0","0","0","206901","0"
"0","0","1002","0","0","0","0","0","0","1002","1002","0","0","5","0","0","2","20700001","1001","0","1001","0","207000","0"
"0","0","1001","0","0","0","0","0","0","1002","1002","0","0","5","0","0","2","20700101","1002","0","1002","0","207001","0"
"0","0","1","0","0","0","0","0","0","0","1001","0","0","3","0","0","1","20710001","1","0","0","0","207100","0"
"0","0","1001","0","0","0","0","0","0","1","1","0","0","3","0","0","1","20710101","1","0","0","0","207101","0"
"0","0","1001","0","0","0","0","0","0","1","1","0","0","3","0","0","1","20710201","1001","0","0","0","207102","0"
"0","0","1001","0","0","0","0","0","0","1","1","0","0","2","0","0","2","20720001","1001","0","0","0","207200","0"
"0","0","1001","0","0","0","0","0","0","1","1","0","0","2","0","0","2","20720101","1001","0","0","0","207201","0"
"0","0","1001","0","0","0","0","0","0","1","1","0","0","2","0","0","1","20730001","1001","0","0","0","207300","0"
"0","0","1001","0","0","0","0","0","0","1","1","0","0","2","0","0","1","20730101","1001","0","0","0","207301","0"
"0","0","1002","0","0","0","0","0","0","0","1001","0","0","3","0","0","2","20750001","1001","0","0","0","207500","0"
"0","0","1002","0","0","0","0","0","0","0","1001","0","0","3","0","0","2","20750101","1002","0","0","0","207501","0"
"0","0","1002","0","0","0","0","0","0","0","1002","0","0","3","0","0","2","20750201","1001","0","0","0","207502","0"
"0","0","1001","0","0","0","0","0","0","0","0","0","0","2","0","0","2","20760001","1001","0","0","0","207600","0"
"0","0","1","0","1","1","0","0","1","1","1","0","0","10","0","1","2","20770001","1","0","1","1","207700","0"
"0","0","1","0","1","1","0","0","1","1","1","0","0","10","0","1","2","20770101","1","0","1","1","207701","0"
"0","0","1","0","1","1","0","0","1","1","1","0","0","10","0","1","2","20770201","1","0","1","1","207702","0"
"0","0","1","0","1","1","0","0","1","1","1","0","0","10","0","1","2","20770301","1","0","1","1","207703","0"
"0","0","1","0","1","1","0","0","1","1","1","0","0","10","0","1","2","20770401","1","0","1","1","207704","0"
"0","0","1","0","1","1","0","0","1","1","1","0","0","10","0","1","2","20770501","1","0","1","1","207705","0"
"0","0","1","0","1","1","0","0","1","1","1","0","0","10","0","1","2","20770601","1","0","1","1","207706","0"
"0","0","1","0","1","1","0","0","1","1","1","0","0","10","0","1","2","20770701","1","0","1","1","207707","0"
"0","0","1","0","1","1","0","0","1","1","1","0","0","10","0","1","2","20780001","1001","0","1","1","207800","0"
"0","0","1001","0","0","0","0","0","0","0","0","0","0","2","0","0","2","20790001","1001","0","0","0","207900","0"
"0","0","1001","0","0","0","0","0","0","0","0","0","0","2","0","0","2","20790101","1001","0","0","0","207901","0"
"0","0","1001","0","0","0","0","0","0","0","0","0","0","2","0","0","2","20800001","1001","0","0","0","208000","0"
"0","0","1001","0","0","0","0","0","0","0","0","0","0","2","0","0","2","20800101","1001","0","0","0","208001","0"
"0","0","1003","0","0","0","0","0","0","0","0","0","0","2","0","0","2","20800201","1003","0","0","0","208002","0"
"0","0","1004","0","0","0","0","0","0","0","0","0","0","2","0","0","2","20800301","1004","0","0","0","208003","0"
"0","0","1001","0","0","0","0","0","0","0","0","0","0","2","0","0","2","20800401","1001","0","0","0","208004","0"
"0","0","1003","0","0","0","0","0","0","0","0","0","0","2","0","0","2","20800501","1003","0","0","0","208005","0"
"0","0","1004","0","0","0","0","0","0","0","0","0","0","2","0","0","2","20800601","1004","0","0","0","208006","0"
"0","0","1001","0","0","0","0","0","0","0","0","0","0","2","0","0","2","20800701","1001","0","0","0","208007","0"
"0","0","1001","0","0","0","0","0","0","0","0","0","0","2","0","0","2","20800801","1001","0","0","0","208008","0"
"0","0","1003","0","0","0","0","0","0","0","0","0","0","2","0","0","2","20800901","1003","0","0","0","208009","0"
"0","0","1004","0","0","0","0","0","0","0","0","0","0","2","0","0","2","20801001","1004","0","0","0","208010","0"
"0","0","1001","0","0","0","0","0","0","0","0","0","0","2","0","0","2","20801101","1001","0","0","0","208011","0"
"0","0","1003","0","0","0","0","0","0","0","0","0","0","2","0","0","2","20801201","1003","0","0","0","208012","0"
"0","0","1004","0","0","0","0","0","0","0","0","0","0","2","0","0","2","20801301","1004","0","0","0","208013","0"
"0","0","1001","0","0","0","0","0","0","0","0","0","0","2","0","0","2","20801401","1001","0","0","0","208014","0"
"0","0","1003","0","0","0","0","0","0","0","0","0","0","2","0","0","2","20801501","1003","0","0","0","208015","0"
"0","0","1004","0","0","0","0","0","0","0","0","0","0","2","0","0","2","20801601","1004","0","0","0","208016","0"
"0","0","1","0","0","0","0","0","0","1","1","0","0","1","0","0","1","20810001","1","0","0","0","208100","0"
"0","0","1","0","0","0","0","0","0","1","1","0","0","1","0","0","1","20810101","1","0","0","0","208101","0"
"0","0","1","0","0","0","0","0","0","1","1","0","0","1","0","0","1","20810201","1","0","0","0","208102","0"
"0","0","1","0","0","0","0","0","0","1","1","0","0","1","0","0","1","20810301","1","0","0","0","208103","0"
"0","0","1","0","0","0","0","0","0","1","1","0","0","1","0","0","1","20810401","1","0","0","0","208104","0"
"0","0","1","0","0","0","0","0","0","1","1","0","0","1","0","0","1","20810501","1","0","0","0","208105","0"
"0","0","1001","0","0","0","0","0","0","1001","1001","0","0","4","0","0","1","20810601","1001","0","0","0","208106","0"
"0","0","1001","0","0","0","0","0","0","1001","1001","0","0","4","0","0","1","20810701","1001","0","0","0","208107","0"
"0","0","1001","0","0","0","0","0","0","1001","1001","0","0","4","0","0","1","20810801","1001","0","0","0","208108","0"
"0","0","1001","0","0","0","0","0","0","1001","1001","0","0","4","0","0","1","20810901","1001","0","0","0","208109","0"
"0","0","1001","0","0","0","0","0","0","1001","1001","0","0","4","0","0","1","20811001","1001","0","0","0","208110","0"
"0","0","1","0","0","0","0","0","0","1","1","0","0","1","0","0","1","20820001","1","0","0","0","208200","0"
"0","0","1","0","0","0","0","0","0","1","1","0","0","1","0","0","1","20820101","1","0","0","0","208201","0"
"0","0","1","0","0","0","0","0","0","1","1","0","0","1","0","0","1","20820201","1","0","0","0","208202","0"
"0","0","1001","0","0","0","0","0","0","1001","1001","0","0","4","0","0","1","20820301","1001","0","0","0","208203","0"
"0","0","1001","0","0","0","0","0","0","1001","1001","0","0","4","0","0","1","20820401","1001","0","0","0","208204","0"
"0","0","1001","0","0","0","0","0","0","1001","1001","0","0","4","0","0","1","20820501","1001","0","0","0","208205","0"
"0","0","1001","0","0","0","0","0","0","1001","1001","0","0","4","0","0","1","20820601","1001","0","0","0","208206","0"
"0","0","1002","0","0","0","0","0","0","1002","1002","0","0","4","0","0","1","20830001","1001","0","0","0","208300","0"
"0","0","1002","0","0","0","0","0","0","1002","1002","0","0","4","0","0","1","20830101","1001","0","0","0","208301","0"
"0","0","1002","0","0","0","0","0","0","1002","1002","0","0","4","0","0","1","20830201","1001","0","0","0","208302","0"
"0","0","1002","0","0","0","0","0","0","1002","1002","0","0","4","0","0","1","20830301","1001","0","0","0","208303","0"
"0","0","1002","0","0","0","0","0","0","1002","1002","0","0","4","0","0","1","20830401","1001","0","0","0","208303","0"
"0","0","1002","0","0","0","0","0","0","1002","1002","0","0","4","0","0","1","20830501","1001","0","0","0","208305","0"
"0","0","1002","0","0","0","0","0","0","1002","1002","0","0","4","0","0","1","20830601","1001","0","0","0","208306","0"
"0","0","1001","0","0","0","0","0","0","1001","1001","0","0","4","0","0","1","20830701","1001","0","0","0","208307","0"
"0","0","1001","0","0","0","0","0","0","1001","1001","0","0","4","0","0","1","20830801","1001","0","0","0","208308","0"
"0","0","1001","0","0","0","0","0","0","1001","1001","0","0","4","0","0","1","20830901","1001","0","0","0","208309","0"
"0","0","1001","0","0","0","0","0","0","1001","1001","0","0","4","0","0","1","20831001","1001","0","0","0","208310","0"
"0","0","1001","0","0","0","0","0","0","0","0","0","0","2","0","0","2","20840001","1001","0","0","0","208400","0"
"0","0","1001","0","0","0","0","0","0","0","0","0","0","2","0","0","2","20840101","1001","0","0","0","208401","0"
"0","0","1001","0","0","0","0","0","0","0","0","0","0","2","0","0","2","20850001","1001","0","0","0","208500","0"
"0","0","1001","0","0","0","0","0","0","0","0","0","0","2","0","0","2","20850101","1001","0","0","0","208501","0"
"0","0","1001","0","0","0","0","0","0","0","0","0","0","2","0","0","2","20850201","1001","0","0","0","208502","0"
"0","0","1003","0","0","0","0","0","0","1003","1003","0","0","2","0","0","2","20860001","1003","0","0","0","208600","0"
"0","0","1003","0","0","0","0","0","0","1003","1003","0","0","2","0","0","2","20860101","1003","0","0","0","208601","0"
"0","0","1002","0","0","0","0","0","0","1002","1002","0","0","2","0","0","2","20860201","1003","0","0","0","208602","0"
"0","0","1005","0","0","0","0","0","0","1005","1004","0","0","5","0","0","2","20860601","1004","0","1004","0","208606","0"
"0","0","1005","0","0","0","0","0","0","1005","1004","0","0","5","0","0","2","20860701","1004","0","1004","0","208607","0"
"0","0","1002","0","0","0","0","0","0","1002","1002","0","0","4","0","0","2","20860801","1003","0","0","0","208608","0"
"0","0","1","0","0","0","0","0","0","1","1","0","0","2","0","0","2","20870001","1","0","0","0","208700","0"
"0","0","1001","0","0","0","0","0","0","0","0","0","0","2","0","0","2","20880001","1001","0","0","0","208800","0"
"0","0","1002","0","0","0","0","0","0","1","1001","0","0","2","0","0","2","20890001","1001","0","0","0","208900","0"
"0","0","1001","0","0","0","0","0","0","1","1001","0","0","2","0","0","2","20890101","1001","0","0","0","208901","0"
"0","0","1002","0","0","0","0","0","0","1","1001","0","0","2","0","0","2","20890201","1001","0","0","0","208902","0"
"0","0","1003","0","0","0","0","0","0","0","0","0","0","2","0","0","2","20900001","1003","0","0","0","209000","0"
"0","0","1002","0","0","0","0","0","0","0","0","0","0","2","0","0","2","20900101","1001","0","0","0","209001","0"
"0","0","1002","0","0","0","0","0","0","0","0","0","0","2","0","0","2","20900301","1001","0","0","0","209003","0"
"0","0","1001","0","0","0","0","0","0","0","0","0","0","2","0","0","2","20910001","1001","0","0","0","209100","0"
"0","0","1002","0","0","0","0","0","0","0","1002","0","0","3","0","0","2","20920001","1002","0","0","0","209200","0"
"0","0","1002","0","0","0","0","0","0","0","1002","0","0","3","0","0","2","20920101","1002","0","0","0","209201","0"
"0","0","1002","0","0","0","0","0","0","0","1002","0","0","3","0","0","2","20920201","1002","0","0","0","209202","0"
"0","0","1001","0","0","0","0","0","0","0","0","0","0","2","0","0","2","20930001","1001","0","0","0","209300","0"
"0","0","1001","0","0","0","0","0","0","0","0","0","0","2","0","0","2","20930101","1001","0","0","0","209301","0"
"0","0","1001","0","0","0","0","0","0","0","0","0","0","2","0","0","2","20930201","1001","0","0","0","209302","0"
"0","0","1001","0","0","0","0","0","0","0","0","0","0","2","0","0","2","20930301","1001","0","0","0","209303","0"
"0","0","1001","0","0","0","0","0","0","0","0","0","0","2","0","0","2","20930401","1001","0","0","0","209304","0"
"0","0","1002","0","0","0","0","0","0","1","1001","0","0","6","0","1","3","20960101","1001","0","1002","0","209601","0"
"0","0","1002","0","0","0","0","0","0","0","0","0","0","2","0","0","2","20970001","1002","0","0","0","209700","0"
"0","0","1002","0","0","0","0","0","0","0","0","0","0","2","0","0","2","20970101","1002","0","0","0","209701","0"
"0","0","1002","0","0","0","0","0","0","0","0","0","0","2","0","0","2","20970201","1002","0","0","0","209702","0"
"0","0","1002","0","0","0","0","0","0","0","0","0","0","2","0","0","2","20970301","1002","0","0","0","209703","0"
"0","0","1001","0","0","0","0","0","0","1","1","0","0","7","0","1","3","20980001","1002","0","1002","1001","209800","0"
"0","0","1001","0","0","0","0","0","0","0","0","0","0","2","0","0","1","20990001","1","0","0","0","209900","0"
"0","0","1002","0","0","0","0","0","0","0","1","0","0","3","0","0","1","21000001","1","0","0","0","210000","0"
"0","0","1","0","0","0","0","0","0","1","1","0","0","4","0","0","1","21000101","1002","0","0","0","210001","0"
"0","0","1","0","0","0","0","0","0","1","1","0","0","4","0","0","1","21000201","1002","0","0","0","210002","0"
"0","0","1002","0","0","0","0","0","0","1002","1","0","0","5","0","0","2","21000301","1","0","1","0","210003","0"
"0","0","1002","0","0","0","0","0","0","1002","1","0","0","5","0","0","2","21000401","1002","0","1","0","210004","0"
"0","0","1","0","0","0","0","0","0","0","1","0","0","3","0","0","1","21000501","1002","0","0","0","210005","0"
"0","0","1","0","0","0","0","0","0","1","1","0","0","2","0","0","2","21010001","1","0","0","0","210100","0"
"0","0","1004","0","0","1","0","0","0","1","1001","0","0","8","0","1001","3","21020001","1003","0","1","1","210200","0"
"0","0","1001","0","0","0","0","0","0","0","1001","0","0","3","0","0","2","21030001","1001","0","0","0","210300","0"
"0","0","1001","0","0","0","0","0","0","0","1001","0","0","3","0","0","2","21030101","1001","0","0","0","210301","0"
"0","0","1001","0","0","0","0","0","0","0","0","0","0","2","0","0","2","21040001","1001","0","0","0","210400","0"
"0","0","1001","0","0","0","0","0","0","0","0","0","0","2","0","0","2","21040101","1001","0","0","0","210401","0"
"0","0","1001","0","0","0","0","0","0","0","0","0","0","2","0","0","2","21040201","1001","0","0","0","210402","0"
"0","0","1001","0","0","0","0","0","0","1001","1001","0","0","4","0","0","1","21050001","1001","0","0","0","210500","0"
"0","0","1001","0","0","0","0","0","0","1001","1001","0","0","4","0","0","1","21050101","1001","0","0","0","210501","0"
"0","0","1001","0","0","0","0","0","0","1001","1001","0","0","4","0","0","1","21050201","1001","0","0","0","210502","0"
"0","0","1001","0","0","0","0","0","0","1001","1001","0","0","4","0","0","1","21051001","1001","0","0","0","210510","0"
"0","0","1001","0","0","0","0","0","0","1001","1001","0","0","4","0","0","1","21051101","1001","0","0","0","210511","0"
"0","0","1001","0","0","0","0","0","0","1001","1001","0","0","4","0","0","1","21051201","1001","0","0","0","210512","0"
"0","0","1001","0","0","0","0","0","0","1001","1001","0","0","4","0","0","1","21051301","1001","0","0","0","210513","0"
"0","0","1001","0","0","0","0","0","0","1001","1001","0","0","4","0","0","1","21051401","1001","0","0","0","210514","0"
"0","0","1002","0","0","0","0","0","0","0","0","0","0","2","0","0","2","21060001","1001","0","0","0","210600","0"
"0","0","1001","0","0","0","0","0","0","0","1001","0","0","3","0","0","2","21070001","1001","0","0","0","210700","0"
"0","0","1001","0","0","0","0","0","0","0","1001","0","0","3","0","0","2","21070101","1001","0","0","0","210701","0"
"0","0","1001","0","0","0","0","0","0","0","1001","0","0","3","0","0","2","21080001","1001","0","0","0","210800","0"
"0","0","1001","0","0","0","0","0","0","0","1001","0","0","3","0","0","2","21080101","1001","0","0","0","210801","0"
"0","0","1001","0","0","0","0","0","0","0","1001","0","0","3","0","0","2","21080201","1001","0","0","0","210802","0"
"0","0","1001","0","0","0","0","0","0","0","1001","0","0","3","0","0","2","21080301","1001","0","0","0","210803","0"
"0","0","1001","0","0","0","0","0","0","0","1001","0","0","3","0","0","2","21080401","1001","0","0","0","210804","0"
"0","0","1001","0","0","0","0","0","0","0","1001","0","0","3","0","0","2","21080501","1001","0","0","0","210805","0"
"0","0","1001","0","0","0","0","0","0","1004","1004","0","0","4","0","0","3","21090001","1004","0","0","0","210900","0"
"0","0","1001","0","0","0","0","0","0","1004","1004","0","0","4","0","0","3","21090101","1004","0","0","0","210901","0"
"0","0","1002","0","0","1001","0","0","0","1002","1","0","0","8","0","1002","3","21100101","1001","0","1","1","211001","0"
"0","0","1001","0","0","0","0","0","0","1","1","0","0","7","0","1","3","21110101","1002","0","1002","1001","211101","0"
"0","0","1001","0","0","0","0","0","0","0","1001","0","0","3","0","0","2","21120001","1001","0","0","0","211200","0"
"0","0","1001","0","0","0","0","0","0","0","1001","0","0","3","0","0","2","21120101","1001","0","0","0","211201","0"
"0","0","1001","0","0","0","0","0","0","0","1001","0","0","3","0","0","2","21120201","1001","0","0","0","211202","0"
"0","0","1","0","0","0","0","0","0","0","1","0","0","3","0","0","2","21130001","1","0","0","0","211300","0"
"0","0","1","0","0","0","0","0","0","0","1","0","0","3","0","0","2","21130101","1","0","0","0","211301","0"
"0","0","1","0","0","0","0","0","0","0","1","0","0","3","0","0","2","21130201","1","0","0","0","211302","0"
"0","0","1","0","0","0","0","0","0","0","1","0","0","3","0","0","2","21130301","1","0","0","0","211303","0"
"0","0","1","0","0","0","0","0","0","0","1","0","0","3","0","0","2","21130401","1","0","0","0","211304","0"
"0","0","1","0","0","0","0","0","0","0","1","0","0","3","0","0","2","21130501","1","0","0","0","211305","0"
"0","0","1","0","0","0","0","0","0","0","1","0","0","3","0","0","2","21130601","1","0","0","0","211306","0"
"0","0","1","0","0","0","0","0","0","0","1","0","0","3","0","0","2","21130701","1","0","0","0","211307","0"
"0","0","1","0","0","0","0","0","0","0","1","0","0","3","0","0","2","21130801","1","0","0","0","211308","0"
"0","0","1","0","0","0","0","0","0","0","1","0","0","3","0","0","2","21130901","1","0","0","0","211309","0"
"0","0","1","0","0","0","0","0","0","0","1","0","0","3","0","0","2","21140001","1","0","0","0","211400","0"
"0","0","1","0","0","0","0","0","0","0","1","0","0","3","0","0","2","21150001","1","0","0","0","211500","0"
"0","0","1","0","0","0","0","0","0","0","1","0","0","3","0","0","2","21150101","1","0","0","0","211501","0"
"0","0","1001","0","0","0","0","0","0","1004","1004","0","0","4","0","0","3","21160001","1004","0","0","0","211600","0"
"0","0","1","0","0","0","0","0","0","1001","1001","0","0","4","0","0","3","21170001","1001","0","0","0","211700","0"
"0","0","1002","0","0","0","0","0","0","0","1002","0","0","3","0","0","2","21180001","1002","0","0","0","211800","0"
"0","0","1002","0","0","0","0","0","0","0","1002","0","0","3","0","0","2","21180101","1002","0","0","0","211801","0"
"0","0","1002","0","0","0","0","0","0","0","1002","0","0","3","0","0","2","21180201","1002","0","0","0","211802","0"
"0","0","1","0","0","0","0","0","0","0","0","0","0","2","0","0","2","21190101","1","0","0","0","211901","0"
"0","0","1","0","0","0","0","0","0","0","0","0","0","2","0","0","2","21190201","1","0","0","0","211902","0"
"0","0","1","0","0","0","0","0","0","0","0","0","0","2","0","0","2","21190301","1","0","0","0","211903","0"
"0","0","1","0","0","0","0","0","0","0","0","0","0","2","0","0","2","21190401","1","0","0","0","211904","0"
"0","0","1001","0","0","1002","0","0","0","1","1002","0","0","8","0","1001","4","21200101","1","0","1","1","212001","0"
"0","0","1001","0","0","0","0","0","0","1","1","0","0","7","0","1","3","21210101","1002","0","1002","1001","212101","0"
"0","0","1002","0","0","0","0","0","0","1","1","0","0","7","0","1","3","21220101","1001","0","1001","1002","212201","0"
"0","0","1001","0","0","0","0","0","0","1","1","0","0","7","0","1","3","21230101","1002","0","1002","1001","212301","0"
"0","0","1","0","0","0","0","0","0","1","1","0","0","7","0","1","3","21240101","1001","0","1001","1001","212401","0"
"0","0","1002","0","0","0","0","0","0","1","1","0","0","7","0","1","3","21250101","1001","0","1001","1002","212501","0"
"0","0","1001","0","0","0","0","0","0","1","1","0","0","7","0","1","3","21260101","1002","0","1002","1001","212601","0"
"0","0","1001","0","0","0","0","0","0","1","1","0","0","7","0","1","3","21270101","1002","0","1002","1001","212701","0"
"0","0","1001","0","1001","1","0","0","1","1","1","0","0","10","0","1","3","21280101","1002","0","1002","1001","212801","0"
"0","0","1002","0","0","1001","0","0","0","1002","1","0","0","8","0","1002","3","21290101","1001","0","1","1","212901","0"
"0","0","1","0","0","0","0","0","0","0","0","0","0","2","0","0","2","21300001","1","0","0","0","213000","0"
"0","0","1","0","0","0","0","0","0","0","0","0","0","2","0","0","2","21300101","1","0","0","0","213001","0"
"0","0","1","0","0","0","0","0","0","0","0","0","0","2","0","0","2","21300201","1","0","0","0","213002","0"
"0","0","1001","0","0","0","0","0","0","0","0","0","0","2","0","0","2","21310001","1001","0","0","0","213100","0"
"0","0","1001","0","0","0","0","0","0","0","1001","0","0","3","0","0","2","21320001","1001","0","0","0","213200","0"
"0","0","1001","0","0","0","0","0","0","0","1001","0","0","3","0","0","2","21320101","1001","0","0","0","213201","0"
"0","0","1001","0","0","0","0","0","0","0","1001","0","0","3","0","0","2","21320201","1001","0","0","0","213202","0"
"0","0","1001","0","0","0","0","0","0","0","1001","0","0","3","0","0","2","21320301","1001","0","0","0","213203","0"
"0","0","1001","0","0","0","0","0","0","0","1001","0","0","3","0","0","2","21320401","1001","0","0","0","213204","0"
"0","0","1001","0","0","0","0","0","0","0","1001","0","0","3","0","0","2","21330001","1001","0","0","0","213300","0"
"0","0","1001","0","0","0","0","0","0","0","1001","0","0","3","0","0","2","21340001","1001","0","0","0","213400","0"
"0","0","1001","0","0","0","0","0","0","0","1001","0","0","3","0","0","2","21340101","1001","0","0","0","213401","0"
"0","0","1001","0","0","0","0","0","0","0","1001","0","0","3","0","0","2","21340201","1001","0","0","0","213402","0"
"0","0","1001","0","0","0","0","0","0","0","1001","0","0","3","0","0","2","21350001","1001","0","0","0","213500","0"
"0","0","1001","0","0","0","0","0","0","0","1001","0","0","3","0","0","2","21350101","1001","0","0","0","213501","0"
"0","0","1001","0","0","0","0","0","0","0","1001","0","0","3","0","0","2","21350201","1001","0","0","0","213502","0"
"0","0","1001","0","0","0","0","0","0","0","1001","0","0","3","0","0","2","21350301","1001","0","0","0","213503","0"
"0","0","1002","0","0","0","0","0","0","0","1002","0","0","3","0","0","2","21360001","1001","0","0","0","213600","0"
"0","0","1002","0","0","0","0","0","0","0","1002","0","0","3","0","0","2","21360101","1001","0","0","0","213601","0"
"0","0","1001","0","0","0","0","0","0","0","1001","0","0","3","0","0","2","21370001","1001","0","0","0","213700","0"
"0","0","1001","0","0","0","0","0","0","0","1001","0","0","3","0","0","2","21380001","1001","0","0","0","213800","0"
"0","0","1001","0","0","0","0","0","0","0","1001","0","0","3","0","0","2","21390001","1001","0","0","0","213900","0"
"0","0","1001","0","0","0","0","0","0","0","1001","0","0","3","0","0","2","21400001","1001","0","0","0","214000","0"
"0","0","1001","0","0","0","0","0","0","0","0","0","0","2","0","0","2","21410001","1001","0","0","0","214100","0"
"0","0","1001","0","0","0","0","0","0","0","0","0","0","2","0","0","2","21420001","1001","0","0","0","214200","0"
"0","0","1001","0","0","0","0","0","0","0","0","0","0","2","0","0","2","21430001","1001","0","0","0","214300","0"
"0","0","1001","0","0","0","0","0","0","0","0","0","0","2","0","0","2","21440001","1001","0","0","0","214400","0"
"0","0","1","0","0","0","0","0","0","0","1","0","0","3","0","0","2","21450101","1","0","0","0","214501","0"
"0","0","1","0","0","0","0","0","0","0","1","0","0","3","0","0","2","21450201","1","0","0","0","214502","0"
"0","0","1","0","0","0","0","0","0","0","1","0","0","3","0","0","2","21450301","1","0","0","0","214503","0"
"0","0","1","0","0","0","0","0","0","0","1","0","0","3","0","0","2","21450401","1","0","0","0","214504","0"
"0","0","1","0","0","0","0","0","0","0","1","0","0","3","0","0","2","21450501","1","0","0","0","214505","0"
"0","0","1","0","0","0","0","0","0","0","1","0","0","3","0","0","2","21450601","1","0","0","0","214506","0"
"0","0","1","0","0","0","0","0","0","0","1","0","0","3","0","0","2","21450701","1","0","0","0","214507","0"
"0","0","1","0","0","0","0","0","0","0","1","0","0","3","0","0","2","21450801","1","0","0","0","214508","0"
"0","0","1","0","0","0","0","0","0","0","1","0","0","3","0","0","2","21450901","1","0","0","0","214509","0"
"0","0","1","0","0","0","0","0","0","0","1","0","0","3","0","0","2","21460101","1","0","0","0","214601","0"
"0","0","1","0","0","0","0","0","0","0","1","0","0","3","0","0","2","21460201","1","0","0","0","214602","0"
"0","0","1","0","0","0","0","0","0","0","1","0","0","3","0","0","2","21460301","1","0","0","0","214603","0"
"0","0","1","0","0","0","0","0","0","0","1","0","0","3","0","0","2","21460401","1","0","0","0","214604","0"
"0","0","1","0","0","0","0","0","0","0","1","0","0","3","0","0","2","21460501","1","0","0","0","214605","0"
"0","0","1","0","0","0","0","0","0","0","1","0","0","3","0","0","2","21460601","1","0","0","0","214606","0"
"0","0","1","0","0","0","0","0","0","0","1","0","0","3","0","0","2","21460701","1","0","0","0","214607","0"
"0","0","1","0","0","0","0","0","0","0","1","0","0","3","0","0","2","21460801","1","0","0","0","214608","0"
"0","0","1","0","0","0","0","0","0","0","1","0","0","3","0","0","2","21460901","1","0","0","0","214609","0"
"0","0","1","0","0","0","0","0","0","0","1","0","0","3","0","0","2","21470101","1","0","0","0","214701","0"
"0","0","1","0","0","0","0","0","0","0","1","0","0","3","0","0","2","21470201","1","0","0","0","214702","0"
"0","0","1","0","0","0","0","0","0","0","1","0","0","3","0","0","2","21470301","1","0","0","0","214703","0"
"0","0","1","0","0","0","0","0","0","0","1","0","0","3","0","0","2","21470401","1","0","0","0","214704","0"
"0","0","1","0","0","0","0","0","0","0","1","0","0","3","0","0","2","21470501","1","0","0","0","214705","0"
"0","0","1","0","0","0","0","0","0","0","1","0","0","3","0","0","2","21470601","1","0","0","0","214706","0"
"0","0","1","0","0","0","0","0","0","0","1","0","0","3","0","0","2","21470701","1","0","0","0","214707","0"
"0","0","1","0","0","0","0","0","0","0","1","0","0","3","0","0","2","21470801","1","0","0","0","214708","0"
"0","0","1001","0","0","1","0","0","1001","1","1","0","0","9","0","1","3","21480101","1002","0","1002","1001","214801","0"
"0","0","1001","0","0","1002","0","0","1001","1002","1","0","0","9","0","1001","3","21490101","1002","0","1","1","214901","0"
"0","0","2002","0","0","0","0","0","0","0","2001","0","0","3","0","0","2","21490102","2001","0","0","0","214901","0"
"0","1","1001","1001","1002","1001","0","1","1","1002","1001","0","0","16","1002","1001","8","21500101","1002","1","1","1002","215001","1"
"0","0","1001","0","0","0","0","0","0","0","0","0","0","2","0","0","2","21510001","1001","0","0","0","215100","0"
"0","0","1001","0","0","0","0","0","0","0","0","0","0","2","0","0","2","21510101","1001","0","0","0","215101","0"
"0","0","1001","0","0","0","0","0","0","0","0","0","0","2","0","0","2","21520001","1001","0","0","0","215200","0"
"0","0","1001","0","0","0","0","0","0","0","0","0","0","2","0","0","2","21520101","1001","0","0","0","215201","0"
"0","0","1001","0","0","0","0","0","0","0","1001","0","0","3","0","0","2","21540001","1001","0","0","0","215400","0"
"0","0","1001","0","0","0","0","0","0","0","1001","0","0","3","0","0","2","21540101","1001","0","0","0","215401","0"
"0","0","1001","0","0","0","0","0","0","0","1001","0","0","3","0","0","2","21540201","1001","0","0","0","215402","0"
"0","0","1001","0","0","0","0","0","0","1003","1003","0","0","4","0","0","3","21550001","1003","0","0","0","215500","0"
"0","0","1001","0","0","0","0","0","0","1003","1003","0","0","4","0","0","3","21550101","1003","0","0","0","215501","0"
"0","0","1001","0","0","0","0","0","0","1003","1003","0","0","4","0","0","3","21550201","1003","0","0","0","215502","0"
"0","0","1001","0","0","0","0","0","0","1004","1004","0","0","4","0","0","3","21560001","1004","0","0","0","215600","0"
"0","0","1003","0","0","1003","0","0","1001","1003","1002","0","0","9","0","1003","2","21570001","1001","0","1002","1002","215700","0"
"0","0","1003","0","0","1003","0","0","1001","1003","1002","0","0","9","0","1003","2","21570101","1001","0","1002","1002","215701","0"
"0","0","1003","0","0","1003","0","0","1001","1003","1002","0","0","9","0","1003","2","21570201","1001","0","1002","1002","215702","0"
"0","0","1003","0","0","1003","0","0","1001","1003","1002","0","0","9","0","1003","2","21570301","1001","0","1002","1002","215703","0"
"0","0","1002","0","0","0","0","0","0","0","0","0","0","2","0","0","2","21580001","1001","0","0","0","215800","0"
"0","0","1003","0","0","0","0","0","0","0","0","0","0","2","0","0","2","21580101","1001","0","0","0","215801","0"
"0","0","1004","0","0","0","0","0","0","0","0","0","0","2","0","0","2","21580201","1001","0","0","0","215802","0"
"0","0","1005","0","0","0","0","0","0","0","0","0","0","2","0","0","2","21580301","1001","0","0","0","215803","0"
"0","0","1001","0","0","0","0","0","0","0","0","0","0","2","0","0","2","21590001","1004","0","0","0","215900","0"
"0","0","1002","0","0","0","0","0","0","0","0","0","0","2","0","0","2","21590101","1005","0","0","0","215901","0"
"0","0","1003","0","0","0","0","0","0","0","0","0","0","2","0","0","2","21590201","1006","0","0","0","215902","0"
"0","0","1001","0","0","0","0","0","0","0","0","0","0","2","0","0","2","21590301","1004","0","0","0","215903","0"
"0","0","1002","0","0","0","0","0","0","0","0","0","0","2","0","0","2","21590401","1005","0","0","0","215904","0"
"0","0","1003","0","0","0","0","0","0","0","0","0","0","2","0","0","2","21590501","1006","0","0","0","215905","0"
"0","0","1002","0","0","0","0","0","0","0","0","0","0","2","0","0","2","21600001","1002","0","0","0","216000","0"
"0","0","1002","0","0","0","0","0","0","0","0","0","0","2","0","0","2","21600101","1002","0","0","0","216001","0"
"0","0","1002","0","0","0","0","0","0","0","0","0","0","2","0","0","2","21600201","1002","0","0","0","216002","0"
"0","0","1002","0","0","0","0","0","0","0","0","0","0","2","0","0","2","21600301","1002","0","0","0","216003","0"
"0","0","1002","0","0","0","0","0","0","0","0","0","0","2","0","0","2","21610001","1001","0","0","0","216100","0"
"0","0","1002","0","0","0","0","0","0","0","0","0","0","2","0","0","2","21620001","1001","0","0","0","216200","0"
"0","0","1","0","0","0","0","0","0","0","1","0","0","3","0","0","2","21630001","1","0","0","0","216300","0"
"0","0","1","0","0","0","0","0","0","0","1","0","0","3","0","0","2","21630101","1","0","0","0","216301","0"
"0","0","1","0","0","0","0","0","0","0","1","0","0","3","0","0","2","21630201","1","0","0","0","216302","0"
"0","0","1","0","0","0","0","0","0","0","1","0","0","3","0","0","2","21630301","1","0","0","0","216303","0"
"0","0","1","0","0","0","0","0","0","0","1","0","0","3","0","0","2","21630401","1","0","0","0","216304","0"
"0","0","1","0","0","0","0","0","0","0","1","0","0","3","0","0","2","21630501","1","0","0","0","216305","0"
"0","0","1","0","0","0","0","0","0","0","1","0","0","3","0","0","2","21630601","1","0","0","0","216306","0"
"0","0","1","0","0","0","0","0","0","0","1","0","0","3","0","0","2","21630701","1","0","0","0","216307","0"
"0","0","1","0","0","0","0","0","0","0","1","0","0","3","0","0","2","21630801","1","0","0","0","216308","0"
"0","0","1","0","0","0","0","0","0","0","1","0","0","3","0","0","2","21630901","1","0","0","0","216309","0"
"0","0","1","0","0","0","0","0","0","0","1","0","0","3","0","0","2","21640001","1","0","0","0","216400","0"
"0","0","1001","0","0","1","0","0","0","1002","1","0","0","8","0","1002","4","21650101","1002","0","1","1001","216501","0"
"0","0","1001","0","0","1","0","0","1001","1001","1","0","0","9","0","1001","4","21660101","1002","0","1","1002","216601","0"
"0","0","1001","0","0","0","0","0","0","1001","1001","0","0","4","0","0","1","21670001","1001","0","0","0","216700","0"
"0","0","1001","0","0","0","0","0","0","1005","1004","0","0","6","0","1007","6","21680001","1003","0","1006","0","216800","0"
"0","0","1001","0","0","0","0","0","0","1005","1004","0","0","6","0","1007","6","21680101","1003","0","1006","0","216801","0"
"0","0","1","0","0","0","0","0","0","0","1","0","0","3","0","0","2","21690001","1","0","0","0","216900","0"
"0","0","1","0","0","0","0","0","0","0","1","0","0","3","0","0","2","21690101","1","0","0","0","216901","0"
"0","0","1","0","0","0","0","0","0","0","1","0","0","3","0","0","2","21690201","1","0","0","0","216902","0"
"0","0","1","0","0","0","0","0","0","0","1","0","0","3","0","0","2","21690301","1","0","0","0","216903","0"
"0","0","1","0","0","0","0","0","0","0","1","0","0","3","0","0","2","21700001","1","0","0","0","217000","0"
"0","0","1002","0","0","0","0","0","0","0","1002","0","0","3","0","0","2","21700101","1001","0","0","0","217001","0"
"0","0","1","0","0","0","0","0","0","0","1","0","0","3","0","0","2","21710001","1","0","0","0","217100","0"
"0","0","1","0","0","0","0","0","0","0","1","0","0","3","0","0","2","21720001","1","0","0","0","217200","0"
"0","0","1","0","0","0","0","0","0","0","1","0","0","3","0","0","2","21730001","1","0","0","0","217300","0"
"0","0","1","0","0","0","0","0","0","0","1","0","0","3","0","0","2","21730101","1","0","0","0","217301","0"
"0","0","1","0","0","0","0","0","0","0","1","0","0","3","0","0","2","21730201","1","0","0","0","217302","0"
"0","0","1","0","0","0","0","0","0","0","1","0","0","3","0","0","2","21730301","1","0","0","0","217303","0"
"0","0","1","0","0","0","0","0","0","0","1","0","0","3","0","0","2","21730401","1","0","0","0","217304","0"
"0","0","1","0","0","0","0","0","0","0","1","0","0","3","0","0","2","21730501","1","0","0","0","217305","0"
"0","0","1","0","0","0","0","0","0","0","1","0","0","3","0","0","2","21730601","1","0","0","0","217306","0"
"0","0","1002","0","0","0","0","0","0","0","1002","0","0","3","0","0","2","21740001","1001","0","0","0","217400","0"
"0","0","1002","0","0","0","0","0","0","0","1002","0","0","3","0","0","2","21750001","1001","0","0","0","217500","0"
"0","0","1003","0","0","0","0","0","0","0","1003","0","0","3","0","0","2","21750101","1001","0","0","0","217501","0"
"0","0","1004","0","0","0","0","0","0","0","1004","0","0","3","0","0","2","21750201","1001","0","0","0","217502","0"
"0","0","1002","0","0","0","0","0","0","0","1002","0","0","3","0","0","2","21750301","1001","0","0","0","217503","0"
"0","0","1002","0","0","0","0","0","0","1001","1002","0","0","4","0","0","1","21760101","1002","0","0","0","217601","0"
"0","0","1002","0","0","0","0","0","0","1001","1002","0","0","4","0","0","1","21760201","1002","0","0","0","217602","0"
"0","0","1002","0","0","0","0","0","0","1001","1002","0","0","4","0","0","1","21760301","1002","0","0","0","217603","0"
"0","0","1003","0","0","0","0","0","0","1001","1003","0","0","6","0","1002","2","21770001","1003","0","1003","0","217700","0"
"0","0","1001","0","0","0","0","0","0","0","0","0","0","2","0","0","2","25010001","1001","0","0","0","250100","0"
"0","0","1001","0","0","0","0","0","0","0","0","0","0","2","0","0","2","25020001","1001","0","0","0","250200","0"
"0","0","1001","0","0","0","0","0","0","0","0","0","0","2","0","0","2","25030001","1001","0","0","0","250300","0"
"0","0","1001","0","0","0","0","0","0","0","0","0","0","2","0","0","2","25040001","1001","0","0","0","250400","0"
"0","0","1001","0","0","0","0","0","0","0","0","0","0","2","0","0","2","25050001","1002","0","0","0","250500","0"
"0","0","1002","0","0","0","0","0","0","1002","1002","0","0","5","0","0","2","25060001","1001","0","1001","0","250600","0"
"0","0","1001","0","0","0","0","0","0","0","0","0","0","2","0","0","2","25070001","1001","0","0","0","250700","0"
"0","0","1001","0","0","0","0","0","0","0","0","0","0","2","0","0","2","25080001","1001","0","0","0","250800","0"
"0","0","1001","0","0","0","0","0","0","0","0","0","0","2","0","0","2","25090001","1001","0","0","0","250900","0"
"0","0","1001","0","0","0","0","0","0","0","0","0","0","2","0","0","2","25100001","1001","0","0","0","251000","0"
"0","0","1001","0","0","0","0","0","0","0","0","0","0","2","0","0","2","25110001","1001","0","0","0","251100","0"
"0","0","1001","0","0","0","0","0","0","0","0","0","0","2","0","0","2","25120001","1001","0","0","0","251200","0"
"0","0","1001","0","0","0","0","0","0","0","0","0","0","2","0","0","2","25130001","1001","0","0","0","251300","0"
"0","0","1001","0","0","0","0","0","0","0","0","0","0","2","0","0","2","25140001","1001","0","0","0","251400","0"
"0","0","1001","0","0","0","0","0","0","0","0","0","0","2","0","0","2","25150001","1001","0","0","0","251500","0"
"0","0","1001","0","0","0","0","0","0","0","0","0","0","2","0","0","2","25160001","1001","0","0","0","251600","0"
"0","0","1001","0","0","0","0","0","0","0","0","0","0","2","0","0","2","25170001","1001","0","0","0","251700","0"
"0","0","1001","0","0","0","0","0","0","0","0","0","0","2","0","0","2","25180001","1001","0","0","0","251800","0"
"0","0","1001","0","0","0","0","0","0","0","0","0","0","2","0","0","2","25190001","1001","0","0","0","251900","0"
"0","0","1001","0","0","0","0","0","0","0","0","0","0","2","0","0","2","25200001","1001","0","0","0","252000","0"
"0","0","1001","0","0","0","0","0","0","0","0","0","0","2","0","0","2","25210001","1001","0","0","0","252100","0"
"0","0","1001","0","0","0","0","0","0","0","0","0","0","2","0","0","2","25220001","1001","0","0","0","252200","0"
"0","0","1001","0","0","0","0","0","0","0","0","0","0","2","0","0","2","25230001","1001","0","0","0","252300","0"
"0","0","1001","0","0","0","0","0","0","0","0","0","0","2","0","0","2","25240001","1001","0","0","0","252400","0"
"0","0","1001","0","0","0","0","0","0","0","0","0","0","2","0","0","2","25250001","1001","0","0","0","252500","0"
"0","0","1001","0","0","0","0","0","0","0","0","0","0","2","0","0","2","25260001","1001","0","0","0","252600","0"
"0","0","1001","0","0","0","0","0","0","0","0","0","0","2","0","0","2","25270001","1001","0","0","0","252700","0"
"0","0","1001","0","0","0","0","0","0","0","0","0","0","2","0","0","2","25280001","1001","0","0","0","252800","0"
"0","0","1001","0","0","0","0","0","0","0","0","0","0","2","0","0","2","25290001","1001","0","0","0","252900","0"
"0","0","1001","0","0","0","0","0","0","0","0","0","0","2","0","0","2","25300001","1001","0","0","0","253000","0"
"0","0","1001","0","0","0","0","0","0","0","0","0","0","2","0","0","2","25310001","1001","0","0","0","253100","0"
"0","0","1001","0","0","0","0","0","0","0","0","0","0","2","0","0","2","25320001","1001","0","0","0","253200","0"
"0","0","1001","0","0","0","0","0","0","0","0","0","0","2","0","0","2","25330001","1001","0","0","0","253300","0"
"0","0","1001","0","0","0","0","0","0","0","0","0","0","2","0","0","2","25340001","1001","0","0","0","253400","0"
"0","0","1002","0","0","0","0","0","0","0","1001","0","0","3","0","0","1","25350001","1001","0","0","0","253500","0"
"0","0","1001","0","0","0","0","0","0","0","0","0","0","2","0","0","2","25360001","1001","0","0","0","253600","0"
"0","0","1001","0","0","0","0","0","0","0","0","0","0","2","0","0","2","25370001","1001","0","0","0","253700","0"
"0","0","1001","0","0","0","0","0","0","0","0","0","0","2","0","0","2","25380001","1001","0","0","0","253800","0"
"0","0","1001","0","0","0","0","0","0","0","0","0","0","2","0","0","2","25390001","1001","0","0","0","253900","0"
"0","0","1001","0","0","0","0","0","0","0","0","0","0","2","0","0","2","25400001","1001","0","0","0","254000","0"
"0","0","1001","0","0","0","0","0","0","0","0","0","0","2","0","0","2","25410001","1001","0","0","0","254100","0"
"0","0","1001","0","0","0","0","0","0","0","0","0","0","2","0","0","2","25420001","1001","0","0","0","254200","0"
"0","0","1001","0","0","0","0","0","0","0","0","0","0","2","0","0","2","25430001","1001","0","0","0","254300","0"
"0","0","1001","0","0","0","0","0","0","0","0","0","0","2","0","0","2","25440001","1001","0","0","0","254400","0"
"0","0","1001","0","0","0","0","0","0","0","0","0","0","2","0","0","2","25450001","1001","0","0","0","254500","0"
"0","0","1001","0","0","0","0","0","0","0","0","0","0","2","0","0","2","25460001","1001","0","0","0","254600","0"
"0","0","1001","0","0","0","0","0","0","0","0","0","0","2","0","0","2","25470001","1001","0","0","0","254700","0"
"0","0","1001","0","0","0","0","0","0","0","1002","0","0","3","0","0","2","25480001","1001","0","0","0","254800","0"
"0","0","1001","0","0","0","0","0","0","0","0","0","0","2","0","0","2","25490001","1001","0","0","0","254900","0"
"0","0","1001","0","0","0","0","0","0","0","0","0","0","2","0","0","2","25500001","1001","0","0","0","255000","0"
"0","0","1001","0","0","0","0","0","0","0","0","0","0","2","0","0","2","25510001","1001","0","0","0","255100","0"
"0","0","1001","0","0","0","0","0","0","0","0","0","0","2","0","0","2","25520001","1001","0","0","0","255200","0"
"0","0","1001","0","0","0","0","0","0","0","0","0","0","2","0","0","2","25530001","1001","0","0","0","255300","0"
"0","0","1001","0","0","0","0","0","0","0","0","0","0","2","0","0","2","25540001","1001","0","0","0","255400","0"
"0","0","1001","0","0","0","0","0","0","0","0","0","0","2","0","0","2","25550001","1001","0","0","0","255500","0"
"0","0","1002","0","0","0","0","0","0","0","1002","0","0","3","0","0","1","25560001","1001","0","0","0","255600","0"
"0","0","1001","0","0","0","0","0","0","0","0","0","0","2","0","0","2","25570001","1001","0","0","0","255700","0"
"0","0","1001","0","0","0","0","0","0","0","0","0","0","2","0","0","2","25580001","1001","0","0","0","255800","0"
"0","0","1001","0","0","0","0","0","0","0","0","0","0","2","0","0","2","25590001","1001","0","0","0","255900","0"
"0","0","1001","0","0","0","0","0","0","0","0","0","0","2","0","0","2","25600001","1001","0","0","0","256000","0"
"0","0","1001","0","0","0","0","0","0","0","0","0","0","2","0","0","2","25610001","1001","0","0","0","256100","0"
"0","0","1001","0","0","0","0","0","0","0","0","0","0","2","0","0","2","25620001","1001","0","0","0","256200","0"
"0","0","1001","0","0","0","0","0","0","0","0","0","0","2","0","0","2","25630001","1001","0","0","0","256300","0"
"0","0","1001","0","0","0","0","0","0","0","0","0","0","2","0","0","2","25640001","1001","0","0","0","256400","0"
"0","0","1001","0","0","0","0","0","0","0","0","0","0","2","0","0","2","25650001","1001","0","0","0","256500","0"
"0","0","1001","0","0","0","0","0","0","0","0","0","0","2","0","0","2","25660001","1001","0","0","0","256600","0"
"0","0","1001","0","0","0","0","0","0","0","0","0","0","2","0","0","2","25670001","1001","0","0","0","256700","0"
"0","0","1001","0","0","0","0","0","0","0","0","0","0","2","0","0","2","25680001","1001","0","0","0","256800","0"
"0","0","1001","0","0","0","0","0","0","0","0","0","0","2","0","0","2","25690001","1001","0","0","0","256900","0"
"0","0","1001","0","0","0","0","0","0","0","0","0","0","2","0","0","2","25700001","1001","0","0","0","257000","0"
"0","0","1001","0","0","0","0","0","0","0","0","0","0","2","0","0","2","25710001","1001","0","0","0","257100","0"
"0","0","1001","0","0","0","0","0","0","0","0","0","0","2","0","0","2","25720001","1001","0","0","0","257200","0"
"0","0","1001","0","0","0","0","0","0","0","0","0","0","2","0","0","2","25730001","1001","0","0","0","257300","0"
"0","0","1001","0","0","0","0","0","0","1001","1002","0","0","5","0","0","2","25740001","1001","0","1001","0","257400","0"
"0","0","1001","0","0","0","0","0","0","0","0","0","0","2","0","0","2","25750001","1001","0","0","0","257500","0"
"0","0","1001","0","0","0","0","0","0","0","0","0","0","2","0","0","2","25760001","1001","0","0","0","257600","0"
"0","0","1001","0","0","0","0","0","0","0","0","0","0","2","0","0","2","25770001","1001","0","0","0","257700","0"
"0","0","1001","0","0","0","0","0","0","0","0","0","0","2","0","0","2","25780001","1001","0","0","0","257800","0"
"0","0","1001","0","0","0","0","0","0","0","0","0","0","2","0","0","2","25790001","1001","0","0","0","257900","0"
"0","0","1001","0","0","0","0","0","0","0","0","0","0","2","0","0","2","25810001","1001","0","0","0","258100","0"
"0","0","1001","0","0","0","0","0","0","0","0","0","0","2","0","0","2","25820001","1001","0","0","0","258200","0"
"0","0","1001","0","0","0","0","0","0","0","0","0","0","2","0","0","2","25830001","1001","0","0","0","258300","0"
"0","0","1001","0","0","0","0","0","0","0","0","0","0","2","0","0","2","25840001","1001","0","0","0","258400","0"
"0","0","1001","0","0","0","0","0","0","0","0","0","0","2","0","0","2","25850001","1001","0","0","0","258500","0"
"0","0","1001","0","0","0","0","0","0","0","0","0","0","2","0","0","2","25860001","1001","0","0","0","258600","0"
"0","0","1001","0","0","0","0","0","0","0","0","0","0","2","0","0","2","25870001","1001","0","0","0","258700","0"
"0","0","1001","0","0","0","0","0","0","0","1001","0","0","3","0","0","1","25880001","1001","0","0","0","258800","0"
"0","0","1001","0","0","0","0","0","0","0","0","0","0","2","0","0","2","25890001","1001","0","0","0","258900","0"
"0","0","1001","0","0","0","0","0","0","1001","1002","0","0","4","0","0","2","25900001","1001","0","0","0","259000","0"
"0","0","1001","0","0","0","0","0","0","0","0","0","0","2","0","0","2","25910001","1001","0","0","0","259100","0"
"0","0","1001","0","0","0","0","0","0","0","0","0","0","2","0","0","2","25920001","1001","0","0","0","259200","0"
"0","0","1001","0","0","0","0","0","0","0","0","0","0","2","0","0","2","25930001","1001","0","0","0","259300","0"
"0","0","1001","0","0","0","0","0","0","0","0","0","0","2","0","0","2","25940001","1001","0","0","0","259400","0"
"0","0","1001","0","0","0","0","0","0","0","0","0","0","2","0","0","2","25950001","1001","0","0","0","259500","0"
"0","0","1001","0","0","0","0","0","0","0","0","0","0","2","0","0","2","25960001","1001","0","0","0","259600","0"
"0","0","1","0","0","0","0","0","0","1","1","0","0","1","0","0","1","29010001","1","0","0","0","290100","0"
"0","0","1002","0","0","0","0","0","0","1003","1001","0","0","6","0","1003","2","30010001","1003","0","1001","0","300100","0"
"0","0","1002","0","0","0","0","0","0","1003","1001","0","0","6","0","1003","1","30010002","1003","0","1002","0","300100","0"
"0","0","1002","0","0","0","0","0","0","1004","1001","0","0","6","0","1002","3","30010101","1004","0","1003","0","300101","0"
"0","0","1002","0","0","1002","0","0","0","1005","1001","0","0","8","0","1001","4","30010201","1004","0","1003","1004","300102","0"
"0","0","1","0","0","0","0","0","0","1","1001","0","0","7","0","1","1","30020001","1","0","1002","1001","300200","0"
"0","0","1001","0","0","1","0","0","1","1001","1","0","0","9","0","1","2","30020002","1","0","1002","1001","300200","0"
"0","0","1003","0","0","0","0","0","0","1003","1001","0","0","7","0","1003","1","30020101","1003","0","1002","1001","300201","0"
"0","0","1002","1003","1005","1002","0","0","1001","1003","1001","0","0","12","0","1004","2","30020201","1004","0","1005","1003","300202","1004"
"0","0","1004","1004","1001","1003","0","0","1002","1001","1002","0","0","13","0","1005","3","30020301","1003","1003","1003","1004","300203","1005"
"0","0","1002","1003","1005","1002","0","0","1001","1003","1001","0","0","12","0","1004","2","30020401","1004","0","1005","1003","300204","1004"
"0","0","1003","0","0","0","0","0","0","1001","1002","0","0","6","0","1001","2","30030001","1001","0","1003","0","300300","0"
"0","0","1","0","0","0","0","0","0","1001","1002","0","0","6","0","1001","2","30030002","1001","0","1","0","300300","0"
"0","0","1004","0","0","0","0","0","0","1003","1002","0","0","7","0","1002","1","30030101","1001","0","1001","1003","300301","0"
"1","1","1","1","1","1","1","1","1","1002","1003","1","1","7","1","1003","1","30030102","1001","1","1001","1002","300301","1"
"0","0","1005","0","0","0","0","0","0","1004","1002","0","0","7","0","1002","1","30030201","1001","0","1001","1003","300302","0"
"1","1","1001","1","1","1001","1","1","0","1002","1","1","1","8","1","1002","1","30040001","1","1","1001","1","300400","1"
"1","1","1","1","1","0","1","1","0","1002","1001","1","1","4","1","0","1","30040002","1002","1","0","0","300400","1"
"0","0","1001","0","0","1001","0","0","0","1002","1003","0","0","8","0","1002","1","30040101","1003","0","1001","1003","300401","0"
"0","0","1002","0","0","1004","0","0","0","1004","1001","0","0","8","0","1003","1","30040201","1003","0","1003","1001","300402","0"
"0","0","1002","0","0","1004","0","0","0","1004","1001","0","0","8","0","1003","1","30040301","1003","0","1003","1001","300403","0"
"0","0","1002","0","0","1004","0","0","0","1004","1001","0","0","8","0","1003","1","30040401","1003","0","1003","1001","300404","0"
"1","1","1","1","1","1","1","1","1","1","1001","1","1","6","1","1","2","30050001","1","1","1001","1","300500","1"
"1","1","1","1","1","1","1","1","1","1","1001","1","1","6","1","1","2","30060001","1","1","1001","1","300600","1"
"1","1","1","1","1","1","1","1","1","1","1001","1","1","6","1","1","2","30060101","1","1","1001","1","300601","1"
"1","1","1002","1","1","1","1","1","1","1002","1001","1","1","6","1","1002","2","30060201","1002","1","1001","1","300602","1"
"1","1","1002","1","1","1","1","1","1","1002","1001","1","1","6","1","1002","2","30060301","1002","1","1001","1","300603","1"
"1","1","1","1","1","1","1","1","1","1","1001","1","1","6","1","1","2","30060401","1","1","1001","1","300604","1"
"1","1","1002","1","1","1","1","1","1","1002","1001","1","1","6","1","1002","2","30060501","1002","1","1001","1","300605","1"
"1","1","1002","1","1","1","1","1","1","1002","1001","1","1","6","1","1002","2","30060601","1002","1","1001","1","300606","1"
"1","1","1002","1","1","1","1","1","1","1002","1001","1","1","6","1","1002","2","30060701","1002","1","1001","1","300607","1"
"1","1","1002","1","1","1","1","1","1","1002","1001","1","1","6","1","1002","2","30060801","1002","1","1001","1","300608","1"
"1","1","1","1","1","1","1","1","1","1","1001","1","1","6","1","1","2","30070001","1","1","1","1","300700","1"
"0","0","1002","0","0","0","0","0","0","1002","1001","0","0","6","0","1002","2","30070101","1002","0","1002","0","300701","0"
"0","0","1002","0","0","0","0","0","0","1002","1001","0","0","6","0","1002","2","30070201","1002","0","1002","0","300702","0"
"0","0","1","0","0","0","0","0","0","1","1001","0","0","6","0","1","2","30070301","1","0","1","0","300703","0"
"0","0","1002","0","0","0","0","0","0","1002","1001","0","0","6","0","1002","2","30070401","1002","0","1002","0","300704","0"
"0","0","1002","0","0","0","0","0","0","1002","1001","0","0","6","0","1002","2","30070501","1002","0","1002","0","300705","0"
"1","1","1","1","1","1","1","1","1","1001","1","1","1","4","1","1","2","30080001","1","1","1","1","300800","1"
"1","1","1001","1","1","1","1","1","1","1002","1002","1","1","4","1","1","1","30080101","1002","1","1","1","300801","1"
"1","1","1001","1","1","1","1","1","1","1002","1002","1","1","4","1","1","1","30080201","1002","1","1","1","300802","1"
"1","1","1001","1","1","1","1","1","1","1002","1002","1","1","4","1","1","1","30080301","1002","1","1","1","300803","1"
"1","1","1","1","1","1","1","1","1","1","1001","1","1","6","1","1","2","30090001","1","1","1001","1","300900","1"
"1","1","1","1","1","1","1","1","1","1001","1","1","1","4","1","1","2","30100001","1","1","1","1","301000","1"
"1","1","1001","1","1","1","1","1","1","1003","1003","1","1","4","1","1","2","30100101","1003","1","1","1","301001","1"
"1","1","1001","1","1","1","1","1","1","1003","1003","1","1","4","1","1","2","30100201","1003","1","1","1","301002","1"
"1","1","1001","1","1","1","1","1","1","1003","1003","1","1","4","1","1","2","30100301","1003","1","1","1","301003","1"
"1","1","1","1","1","1","1","1","1","1","1001","1","1","6","1","1","2","30110001","1","1","1001","1","301100","1"
"0","0","1002","0","0","0","0","0","0","1002","1001","0","0","6","0","1002","2","30110101","1002","0","1001","0","301101","0"
"0","0","1002","0","0","0","0","0","0","1002","1001","0","0","6","0","1002","2","30110201","1002","0","1001","0","301102","0"
"0","0","1002","0","0","0","0","0","0","1002","1001","0","0","6","0","1002","2","30110301","1002","0","1001","0","301103","0"
"0","0","1002","0","0","0","0","0","0","1002","1001","0","0","6","0","1002","2","30110401","1002","0","1001","0","301104","0"
"0","0","1002","0","0","0","0","0","0","1002","1001","0","0","6","0","1002","2","30110501","1002","0","1001","0","301105","0"
"0","0","1002","0","0","0","0","0","0","1002","1001","0","0","6","0","1002","2","30110601","1002","0","1001","0","301106","0"
"1","1","1","1","1","1001","1","1","1","1","1001","1","1","8","1","1","4","30120001","1","1","1","1","301200","1"
"1","1","1","1","1","1001","1","1","1","1002","1001","1","1","8","1","1","4","30120101","1","1","1","1002","301201","1"
"1","1","1002","1","1","1001","1","1","1","1002","1001","1","1","8","1","1001","4","30120102","1","1","1","1002","301201","1"
"1","1","1","1","1","1001","1","1","1","1002","1001","1","1","8","1","1","4","30120201","1","1","1","1002","301202","1"
"1","1","1002","1","1","1001","1","1","1","1002","1001","1","1","8","1","1001","4","30120202","1","1","1","1002","301202","1"
"1","1","1001","1","1","1001","1","1","1002","1001","1002","1","1","9","1","1001","4","30120301","1","1","1","1","301203","1"
"1","1","1002","1","1","1001","1","1","1","1002","1001","1","1","8","1","1001","4","30120302","1","1","1","1002","301203","1"
"0","0","1001","0","0","0","0","0","0","0","0","0","0","2","0","0","1","30120401","1001","0","0","0","301204","0"
"0","0","1002","0","0","0","0","0","0","1002","1002","0","0","5","0","0","1","30120501","1001","0","1002","0","301205","0"
"1","1","1003","1","1","1","1","1","1","1003","1001","1","1","6","1","1002","2","30130001","1003","1","1003","1","301300","1"
"1","1","1001","1","1","1003","1","1","1003","1002","1003","1","1","9","1","1001","1","30130002","1003","1","1003","1002","301300","1"
"0","0","1001","0","0","0","0","0","0","1002","1006","0","0","5","0","0","2","30130101","1006","0","1006","0","301301","0"
"0","0","1001","0","0","0","0","0","0","1007","1002","0","0","5","0","0","2","30130201","1007","0","1003","0","301302","0"
"0","0","1001","0","0","0","0","0","0","1008","1002","0","0","6","0","1007","2","30130301","1007","0","1003","0","301303","0"
"1","1","1001","1","1","1001","1","1","1","1001","1","1","1","8","1","1002","1","30140001","1","1","1","1","301400","1"
"1","1","1001","1","1","1001","1","1","1002","1","1002","1","1","10","1","1","1","30140002","1001","1","1001","1001","301400","1"
"0","0","1003","0","0","0","0","0","0","1002","1001","0","0","5","0","0","1","30140101","1002","0","1003","0","301401","0"
"0","0","1002","0","0","0","0","0","0","1002","1001","0","0","5","0","0","1","30140201","1004","0","1003","0","301402","0"
"0","0","1002","0","0","0","0","0","0","1004","1001","0","0","6","0","1003","1","30140301","1005","0","1002","0","301403","0"
"0","0","1002","0","0","0","0","0","0","1004","1001","0","0","6","0","1003","1","30140401","1005","0","1002","0","301404","0"
"1","1","1002","1","1","1","1","1","1","1001","1002","1","1","6","1","1","1","30150001","1","1","1002","1001","301500","1"
"0","0","1002","0","0","1002","0","0","0","1002","1002","0","0","8","0","1001","4","30150101","1001","0","1002","1002","301501","0"
"0","0","1002","0","0","1002","0","0","0","1002","1002","0","0","8","0","1001","4","30150201","1001","0","1002","1002","301502","0"
"0","0","1002","0","0","1002","0","0","0","1002","1002","0","0","8","0","1001","4","30150301","1001","0","1002","1002","301503","0"
"1","1","1","1","1","0","1","1","0","1001","1001","1","1","6","1","1001","1","30160001","1","1","1","0","301600","1"
"1","1","1001","1","1","0","1","1","0","1001","1002","1","1","6","1","1001","1","30160101","1","1","1","0","301601","1"
"1","1","1001","1","1","0","1","1","0","1002","1","1","1","6","1","1","1","30160102","1001","1","1002","0","301601","1"
"1","1","1","1","1","0","1","1","0","1001","1001","1","1","6","1","1001","1","30160201","1","1","1","0","301602","1"
"1","1","1","1","1","1","1","1","1","1001","1","1","1","5","1","1","2","30170001","1001","1","1","1","301700","1"
"1","1","1","1","1","1","1","1","1001","1","1","1","1","9","1","1","1","30170002","1002","1","1001","1","301700","1"
"1","1","1001","1","1","0","1","1","0","1001","1002","1","1","6","1","1001","1","30180001","1","1","1","0","301800","1"
"1","1","1001","1","1","1001","1","1","0","1001","1","1","1","8","1","1001","1","30180002","1002","1","1002","1","301800","1"
"0","0","1001","0","0","1001","0","0","0","1001","1003","0","0","8","0","1001","1","30180101","1002","0","1002","1003","301801","0"
"0","0","1003","0","0","0","0","0","0","1001","1004","0","0","4","0","0","1","30180201","1002","0","0","0","301802","0"
"0","0","1003","0","0","0","0","0","0","1001","1004","0","0","4","0","0","1","30180301","1002","0","0","0","301803","0"
"1","1","1","1","1","1","1","1","1","1","1001","1","1","7","1","1","2","30190001","1","1","1","1001","301900","1"
"1","1","1","1","1","1001","1","1","1002","1","1001","1","1","8","1","1","2","30190101","1","1","1002","1","301901","1"
"1","1","1","1","1","1002","1","1","1","1002","1001","1","1","7","1","1","2","30190102","1002","1","1","1001","301901","1"
"0","0","1001","0","0","0","0","0","0","1001","1001","0","0","6","0","1001","2","30200001","1001","0","1001","0","302000","0"
"0","0","1001","0","0","0","0","0","0","1001","1001","0","0","6","0","1001","2","30200101","1001","0","1001","0","302001","0"
"0","0","1003","0","0","0","0","0","0","1001","1001","0","0","4","0","0","2","30200201","1001","0","0","0","302002","0"
"0","0","1003","0","0","0","0","0","0","1","1","0","0","4","0","0","2","30200301","1","0","0","0","302003","0"
"0","0","1003","0","0","0","0","0","0","1001","1001","0","0","4","0","0","2","30200401","1001","0","0","0","302004","0"
"1","1","1002","1","1","1","1","1","1","1002","1002","1","1","6","1","1002","2","30210001","1002","1","1002","1","302100","1"
"1","1","1002","1","1","1","1","1","1","1003","1002","1","1","6","1","1002","2","30210101","1002","1","1002","1","302101","1"
"1","1","1","1","1","1","1","1","1","1","1","1","1","6","1","1","2","30210201","1","1","1","1","302102","1"
"1","1","1","1","1","1","1","1","1","1","1","1","1","6","1","1","2","30210301","1","1","1","1","302103","1"
"1","1","1","1","1","1","1","1","1","1","1","1","1","6","1","1","2","30210401","1","1","1","1","302104","1"
"0","0","1002","0","0","0","0","0","0","1003","1002","0","0","6","0","1002","2","30210501","1002","0","1002","0","302105","0"
"1","1","1002","1","1","1","1","1","1","1003","1002","1","1","6","1","1002","2","30210601","1002","1","1002","1","302106","1"
"1","1","1","1","1","1","1","1","1","1002","1001","1","1","6","1","1001","2","30220001","1","1","1","1","302200","1"
"1","1","1","1","1","1","1","1","1","1","1001","1","1","6","1","1","2","30230001","1","1","1001","1","302300","1"
"1","1","1","1","1","1","1","1","1","1","1001","1","1","7","1","1","2","30240001","1","1","1002","1","302400","1"
"1","1","1","1","1","1002","1","1","1","1001","1","1","1","8","1","1001","2","30250001","1005","1","1","1","302500","1"
"1","1","1","1","1","1","1","1","1002","1","1001","1","1","9","1","1001","2","30250002","1","1","1","1","302500","1"
"0","0","1003","0","0","0","0","0","0","1003","1001","0","0","6","0","1002","2","30260001","1003","0","1003","0","302600","0"
"0","0","1002","0","0","1001","0","0","0","1001","1","0","0","8","0","1002","1","30260002","1","0","1","1","302600","0"
"0","0","1002","0","0","1003","0","0","0","1004","1003","0","0","8","0","1001","4","30260101","1004","0","1002","1004","302601","0"
"0","0","1002","0","0","1001","0","0","0","1001","1","0","0","7","0","1002","1","30260102","1","0","1","1","302601","0"
"0","0","1002","0","0","1003","0","0","0","1004","1003","0","0","8","0","1002","4","30260201","1004","0","1005","1001","302602","0"
"0","0","1","0","0","1","0","0","1002","1","1001","0","0","9","0","1001","3","30270001","1","0","1","1","302700","0"
"0","0","1","0","0","1","0","0","1001","1","1002","0","0","9","0","1","2","30270002","1001","0","1001","1002","302700","0"
"0","0","1003","0","0","0","0","0","0","1003","1001","0","0","6","0","1003","1","30270101","1002","0","1002","0","302701","0"
"0","0","1001","0","0","0","0","0","0","1006","1002","0","0","6","0","1003","1","30270201","1006","0","1001","0","302702","0"
"0","0","1004","0","0","0","0","0","0","1007","1005","0","0","4","0","0","1","30270202","1007","0","0","0","302702","0"
"0","0","1001","0","0","0","0","0","0","1006","1002","0","0","6","0","1003","1","30270301","1006","0","1001","0","302703","0"
"0","0","1004","0","0","0","0","0","0","1007","1005","0","0","4","0","0","1","30270302","1007","0","0","0","302703","0"
"1","1","1","1","1","1","1","1","1002","1","1001","1","1","9","1","1001","3","30280001","1","1","1","1","302800","1"
"0","0","1","0","0","1","0","0","1001","1","1002","0","0","9","0","1","2","30280002","1001","0","1001","1002","302800","0"
"0","0","1002","0","0","0","0","0","0","1002","1001","0","0","5","0","0","2","30280101","1001","0","1003","0","302801","0"
"0","0","1002","0","0","0","0","0","0","1002","1001","0","0","6","0","1003","2","30280201","1001","0","1004","0","302802","0"
"0","0","1005","0","0","0","0","0","0","1001","1002","0","0","6","0","1003","2","30280301","1001","0","1004","0","302803","0"
"0","0","1002","1002","1002","1","0","0","1","1001","1","0","0","12","0","1","3","30290001","1","0","1002","1002","302900","1"
"1","1","1","1","1","0","1","1","1","1002","1001","1","1","4","1","0","1","30290002","1002","1","0","0","302900","1"
"0","0","1003","0","1003","1003","0","0","1002","1002","1001","0","0","11","0","1002","1","30290101","1002","0","1003","1003","302901","1002"
"0","0","1003","0","1003","1003","0","0","1002","1002","1001","0","0","11","0","1002","1","30290201","1002","0","1003","1003","302902","1002"
"0","0","1003","0","1003","1003","0","0","1002","1002","1001","0","0","11","0","1002","1","30290301","1002","0","1003","1003","302903","1002"
"0","0","1003","0","1003","1003","0","0","1002","1002","1001","0","0","11","0","1002","1","30290401","1002","0","1003","1003","302904","1002"
"1","1","1001","1","1","1","1","1","1","1004","1004","1","1","6","1","1001","1","30300001","1004","1","1002","1","303000","1"
"1","1","1","1","1","1","1","1","1001","1002","1001","1","1","9","1","1001","2","30300002","1","1","1","1","303000","1"
"0","0","1003","0","0","1003","0","0","1001","1002","1001","0","0","9","0","1001","2","30300101","1003","0","1003","1003","303001","0"
"0","0","1004","0","1003","1003","0","0","1001","1003","1002","0","0","11","0","1001","2","30300201","1003","0","1003","1002","303002","1001"
"0","0","1004","0","1003","1003","0","0","1001","1003","1002","0","0","11","0","1001","2","30300301","1003","0","1003","1002","303003","1001"
"0","0","1004","0","1003","1003","0","0","1001","1003","1002","0","0","11","0","1001","2","30300401","1003","0","1003","1002","303004","1001"
"1","1","1","1","1","1","1","1","1","1","1001","1","1","6","1","1001","2","30310001","1","1","1001","1","303100","1"
"0","0","1002","0","0","0","0","0","0","1002","1001","0","0","6","0","1001","2","30310101","1002","0","1001","0","303101","0"
"0","0","1002","0","0","0","0","0","0","1002","1001","0","0","6","0","1001","2","30310201","1002","0","1001","0","303102","0"
"0","0","1002","0","0","0","0","0","0","1002","1001","0","0","6","0","1001","2","30310301","1002","0","1001","0","303103","0"
"0","0","1002","0","0","0","0","0","0","1002","1001","0","0","6","0","1001","2","30310401","1002","0","1001","0","303104","0"
"0","0","1002","0","0","0","0","0","0","1002","1001","0","0","6","0","1001","2","30310501","1002","0","1001","0","303105","0"
"0","0","1002","0","0","0","0","0","0","1002","1001","0","0","6","0","1001","2","30310601","1002","0","1001","0","303106","0"
"1","1","1","1","1","1","1","1","1","1","1","1","1","5","1","1","2","30320001","1","1","1001","1","303200","1"
"1","1","1","1","1","1","1","1","1","1","1001","1","1","6","1","1","2","30330001","1","1","1001","1","303300","1"
"0","0","1001","0","0","0","0","0","0","1001","1002","0","0","6","0","1002","3","30330101","1002","0","1002","0","303301","0"
"0","0","1001","0","0","0","0","0","0","1001","1002","0","0","6","0","1002","3","30330201","1002","0","1002","0","303302","0"
"0","0","1001","0","0","0","0","0","0","1","1002","0","0","5","0","0","1","30330301","1","0","1","0","303303","0"
"0","0","1","0","0","0","0","0","0","1","1002","0","0","5","0","0","1","30330302","1001","0","1002","0","303303","0"
"1","1","1001","1","1","1","1","1","1","1001","1","1","1","7","1","1","2","30330401","1","1","1001","1","303304","1"
"1","1","1001","1","1","1002","1","1","1","1001","1002","1","1","8","1","1002","3","30330501","1002","1","1002","1002","303305","1"
"1","1","1001","1","1","1","1","1","1","1","1","1","1","6","1","1","1","30340001","1","1","1001","1","303400","1"
"1","1","1001","1","1","1","1","1","1","1","1","1","1","6","1","1","2","30340101","1","1","1001","1","303401","1"
"1","1","1002","1","1","1","1","1","1","1","1","1","1","7","1","1002","3","30340102","1001","1","1001","1","303401","1"
"1","1","1001","1","1","1","1","1","1","1","1","1","1","6","1","1","2","30340201","1","1","1001","1","303402","1"
"1","1","1002","1","1","1","1","1","1","1","1","1","1","7","1","1002","3","30340202","1001","1","1001","1","303402","1"
"1","1","1001","1","1","1","1","1","1","1001","1","1","1","6","1","1001","1","30350001","1","1","1","1","303500","1"
"1","1","1002","1","1","1","1","1","1","1002","1001","1","1","6","1","1002","1","30350101","1001","1","1001","1","303501","1"
"1","1","1002","1","1","1","1","1","1","1002","1001","1","1","6","1","1002","1","30350201","1001","1","1001","1","303502","1"
"1","1","1002","1","1","1","1","1","1","1002","1001","1","1","6","1","1002","1","30350301","1001","1","1001","1","303503","1"
"1","1","1002","1","1","1","1","1","1","1002","1001","1","1","6","1","1002","1","30350401","1001","1","1001","1","303504","1"
"1","1","1002","1","1","1","1","1","1","1002","1001","1","1","6","1","1002","1","30350501","1001","1","1001","1","303505","1"
"1","1","1","1","1","1","1","1","1","1","1001","1","1","6","1","1","2","30360001","1","1","1001","1","303600","1"
"0","0","1002","0","0","0","0","0","0","1002","1001","0","0","6","0","1002","2","30360101","1002","0","1001","0","303601","0"
"0","0","1002","0","0","0","0","0","0","1002","1001","0","0","6","0","1002","2","30360201","1002","0","1001","0","303602","0"
"0","0","1002","0","0","0","0","0","0","1002","1001","0","0","6","0","1002","2","30360301","1002","0","1001","0","303603","0"
"0","0","1002","0","0","0","0","0","0","1002","1001","0","0","6","0","1002","2","30360401","1002","0","1001","0","303604","0"
"0","0","1002","0","0","0","0","0","0","1002","1001","0","0","6","0","1002","2","30360501","1002","0","1001","0","303605","0"
"0","0","1001","0","0","0","0","0","0","1002","1002","0","0","4","0","0","1","30360601","1002","0","0","0","303606","0"
"0","0","1001","0","0","0","0","0","0","1002","1002","0","0","4","0","0","1","30360701","1002","0","0","0","303607","0"
"0","0","1001","0","0","0","0","0","0","1002","1002","0","0","4","0","0","1","30360801","1002","0","0","0","303608","0"
"1","1","1001","1","1","1","1","1","1","1","1","1","1","9","1","1","2","30370001","1","1","1","1","303700","1"
"1","1","1001","1","1","1","1","1","1","1002","1","1","1","7","1","1","2","30370101","1","1","1","1","303701","1"
"1","1","1001","1","1","1","1","1","1","1","1","1","1","7","1","1","2","30370102","1","1","1002","1","303701","1"
"0","0","1","0","0","0","0","0","0","1","1001","0","0","5","0","0","1","30380001","1","0","1001","0","303800","0"
"0","0","1002","0","0","0","0","0","0","1001","1002","0","0","6","0","1002","1","30380101","1001","0","1","0","303801","0"
"0","0","1001","0","0","1002","0","0","0","1001","1002","0","0","8","0","1001","1","30380102","1001","0","1002","1002","303801","0"
"0","0","1002","0","0","0","0","0","0","1002","1002","0","0","4","0","0","1","30390001","1001","0","0","0","303900","0"
"1","1","1001","1","1","1","1","1","1","1","1","1","1","6","1","1","2","30390101","1","1","1001","1","303901","1"
"0","0","1002","0","0","0","0","0","0","1002","1002","0","0","4","0","0","1","30390201","1001","0","0","0","303902","0"
"1","1","1001","1","1","1","1","1","1","1","1","1","1","6","1","1","2","30390301","1","1","1001","1","303903","1"
"0","0","1002","0","0","0","0","0","0","1002","1001","0","0","6","0","1002","2","30390401","1001","0","1002","0","303904","0"
"0","0","1002","0","0","0","0","0","0","1002","1001","0","0","7","0","1002","1","30400001","1002","0","1002","1001","304000","0"
"0","0","1001","0","0","0","0","0","0","1002","1002","0","0","6","0","1002","2","30400002","1002","0","1001","0","304000","0"
"0","0","1002","0","0","0","0","0","0","1002","1001","0","0","7","0","1002","1","30400101","1002","0","1002","1001","304001","0"
"1","1","1002","1","1","1","1","1","1","1002","1001","1","1","7","1","1002","1","30400201","1002","1","1002","1001","304002","1"
"1","1","1002","1","1","1","1","1","1","1002","1001","1","1","7","1","1002","1","30400301","1002","1","1002","1001","304003","1"
"0","0","1","0","0","0","0","0","0","1001","1","0","0","5","0","0","1","30410001","1","0","1","0","304100","0"
"0","0","1002","0","0","0","0","0","0","1002","1002","0","0","5","0","0","1","30410101","1002","0","1001","0","304101","0"
"0","0","1007","0","0","0","0","0","0","1007","1007","0","0","5","0","0","1","30410102","1007","0","1007","0","304101","0"
"0","0","1002","0","0","0","0","0","0","1002","1002","0","0","6","0","1001","1","30410201","1002","0","1002","0","304102","0"
"0","0","1007","0","0","0","0","0","0","1007","1007","0","0","5","0","0","1","30410202","1007","0","1007","0","304102","0"
"0","0","1002","0","0","0","0","0","0","1002","1002","0","0","5","0","0","1","30410301","1002","0","1001","0","304103","0"
"0","0","1007","0","0","0","0","0","0","1007","1007","0","0","5","0","0","1","30410302","1007","0","1007","0","304103","0"
"0","0","1","0","0","0","0","0","0","1","1001","0","0","7","0","1","1","30420001","1","0","1","1001","304200","0"
"0","0","1002","0","0","0","0","0","0","1001","1","0","0","6","0","1002","1","30420101","1","0","1","0","304201","0"
"0","0","1001","0","0","0","0","0","0","1001","1","0","0","7","0","1","1","30420102","1002","0","1002","1001","304201","0"
"0","0","1004","0","0","0","0","0","0","1004","1001","0","0","7","0","1001","1","30430001","1004","0","1004","1004","304300","0"
"0","0","1004","0","0","0","0","0","0","1004","1001","0","0","7","0","1001","1","30430101","1004","0","1004","1004","304301","0"
"0","0","1004","0","0","0","0","0","0","1001","1004","0","0","7","0","1004","1","30430201","1004","0","1004","1001","304302","0"
"0","0","1004","0","0","0","0","0","0","1004","1001","0","0","7","0","1001","1","30430202","1004","0","1004","1004","304302","0"
"0","0","1004","0","0","0","0","0","0","1001","1004","0","0","7","0","1004","1","30430301","1004","0","1004","1001","304303","0"
"0","0","1004","0","0","0","0","0","0","1004","1001","0","0","7","0","1001","1","30430302","1004","0","1004","1004","304303","0"
"0","0","1004","0","0","0","0","0","0","1004","1001","0","0","6","0","1002","1","30430401","1004","0","1004","0","304304","0"
"0","0","1004","0","0","0","0","0","0","1004","1002","0","0","6","0","1002","1","30430402","1001","0","1004","0","304304","0"
"0","0","1001","0","0","1","0","0","1","1","1002","0","0","9","0","1001","1","30440001","1","0","1","1002","304400","0"
"0","0","1001","0","0","1","0","0","1","1","1","0","0","9","0","1001","1","30440101","1","0","1","1","304401","0"
"0","0","1001","0","0","1","0","0","1","1","1002","0","0","9","0","1001","1","30440201","1","0","1","1002","304402","0"
"0","0","1001","0","0","0","0","0","0","1","1002","0","0","7","0","1001","1","30440202","1","0","1","1002","304402","0"
"0","0","1001","0","0","1","0","0","1","1","1002","0","0","9","0","1001","1","30440301","1","0","1","1002","304403","0"
"0","0","1001","0","0","0","0","0","0","1","1002","0","0","7","0","1001","1","30440302","1","0","1","1002","304403","0"
"0","0","1001","0","0","0","0","0","0","1002","1002","0","0","4","0","0","1","30450001","1002","0","0","0","304500","0"
"0","0","1001","0","0","0","0","0","0","1002","1002","0","0","4","0","0","1","30450101","1002","0","0","0","304501","0"
"0","0","1001","0","0","0","0","0","0","1002","1002","0","0","4","0","0","1","30450201","1002","0","0","0","304502","0"
"0","0","1001","0","0","0","0","0","0","1002","1002","0","0","4","0","0","1","30450301","1002","0","0","0","304503","0"
"0","0","1001","0","0","0","0","0","0","0","0","0","0","2","0","0","1","30460001","1001","0","0","0","304600","0"
"0","0","1001","0","0","0","0","0","0","0","1003","0","0","3","0","0","1","30460101","1001","0","0","0","304601","0"
"0","0","1001","0","0","0","0","0","0","0","0","0","0","2","0","0","1","30460201","1001","0","0","0","304602","0"
"0","0","1001","0","0","0","0","0","0","0","1003","0","0","3","0","0","1","30460301","1001","0","0","0","304603","0"
"0","0","1001","0","0","0","0","0","0","0","1003","0","0","3","0","0","1","30460401","1001","0","0","0","304604","0"
"0","0","1001","0","0","0","0","0","0","0","1003","0","0","3","0","0","1","30460501","1001","0","0","0","304605","0"
"0","0","1001","0","0","0","0","0","0","0","1003","0","0","3","0","0","1","30460601","1001","0","0","0","304606","0"
"0","0","1002","0","0","0","0","0","0","1","1","0","0","7","0","1002","2","30470001","1","0","1001","1","304700","0"
"0","0","1","0","0","0","0","0","0","1","1002","0","0","7","0","1002","2","30470101","1","0","1","1","304701","0"
"0","0","1002","0","0","0","0","0","0","1","1","0","0","7","0","1002","2","30470201","1","0","1001","1","304702","0"
"0","0","1001","0","0","1","0","0","0","1","1","0","0","8","0","1001","1","30470202","1002","0","1002","1002","304702","0"
"0","0","1002","0","0","0","0","0","0","1","1001","0","0","7","0","1002","2","30470301","1","0","1","1001","304703","0"
"0","0","1001","0","0","1","0","0","0","1","1","0","0","8","0","1001","1","30470302","1002","0","1002","1002","304703","0"
"0","0","1001","0","0","0","0","0","0","1002","1","0","0","7","0","1","1","30470401","1","0","1001","1002","304704","0"
"0","0","1002","0","0","0","0","0","0","1001","1","0","0","7","0","1","3","30470402","1","0","1002","1001","304704","0"
"0","0","1002","0","0","0","0","0","0","1","1","0","0","7","0","1002","2","30470501","1","0","1001","1","304705","0"
"0","0","1","0","0","0","0","0","0","1","1002","0","0","7","0","1002","2","30470601","1","0","1","1","304706","0"
"0","0","1002","0","0","0","0","0","0","1","1","0","0","7","0","1002","2","30470701","1","0","1001","1","304707","0"
"0","0","1001","0","0","1","0","0","0","1","1","0","0","8","0","1001","1","30470702","1002","0","1002","1002","304707","0"
"0","0","1002","0","0","0","0","0","0","1","1001","0","0","7","0","1002","2","30470801","1","0","1","1001","304708","0"
"0","0","1001","0","0","1","0","0","0","1","1","0","0","8","0","1001","1","30470802","1002","0","1002","1002","304708","0"
"0","0","1001","0","0","0","0","0","0","1002","1002","0","0","4","0","0","1","30480001","1002","0","0","0","304800","0"
"0","0","1001","0","0","0","0","0","0","1002","1002","0","0","4","0","0","1","30480101","1002","0","0","0","304801","0"
"0","0","1","0","0","0","0","0","0","1","1001","0","0","7","0","1","1","30480201","1","0","1002","1001","304802","0"
"0","0","1002","0","0","1","0","0","0","1001","1","0","0","8","0","1001","1","30480202","1","0","1","1002","304802","0"
"0","0","1001","0","0","0","0","0","0","1001","1002","0","0","6","0","1002","1","30480301","1002","0","1001","0","304803","0"
"0","0","1001","0","0","0","0","0","0","1001","1002","0","0","6","0","1002","1","30480401","1002","0","1001","0","304804","0"
"0","0","1001","0","0","0","0","0","0","1001","1002","0","0","6","0","1002","1","30480501","1002","0","1001","0","304805","0"
"0","0","1001","0","0","0","0","0","0","1001","1002","0","0","6","0","1002","1","30480601","1002","0","1001","0","304806","0"
"0","0","1001","0","0","0","0","0","0","1001","1002","0","0","6","0","1002","1","30480701","1002","0","1001","0","304807","0"
"0","0","1001","0","0","0","0","0","0","1002","1002","0","0","4","0","0","1","30480801","1002","0","0","0","304808","0"
"0","0","1001","0","0","0","0","0","0","1002","1004","0","0","6","0","1004","1","30490001","1004","0","1001","0","304900","0"
"0","0","1","0","0","0","0","0","0","1","1","0","0","7","0","1002","1","30500001","1002","0","1001","1","305000","0"
"0","0","1","0","0","0","0","0","0","1","1002","0","0","7","0","1002","1","30500101","1","0","1","1","305001","0"
"0","0","1","0","0","0","0","0","0","1","1","0","0","7","0","1002","1","30500201","1002","0","1001","1","305002","0"
"0","0","1001","0","0","1","0","0","0","1","1002","0","0","8","0","1001","1","30500202","1002","0","1002","1002","305002","0"
"0","0","1","0","0","0","0","0","0","1","1001","0","0","7","0","1002","1","30500301","1002","0","1","1001","305003","0"
"0","0","1001","0","0","1","0","0","0","1","1002","0","0","8","0","1001","1","30500302","1002","0","1002","1002","305003","0"
"0","0","1","0","0","0","0","0","0","1","1","0","0","7","0","1002","1","30500401","1002","0","1001","1","305004","0"
"0","0","1","0","0","0","0","0","0","1","1002","0","0","7","0","1002","1","30500501","1","0","1","1","305005","0"
"0","0","1","0","0","0","0","0","0","1","1","0","0","7","0","1002","1","30500601","1002","0","1001","1","305006","0"
"0","0","1001","0","0","1","0","0","0","1","1002","0","0","8","0","1001","1","30500602","1002","0","1002","1002","305006","0"
"0","0","1","0","0","0","0","0","0","1","1001","0","0","7","0","1002","1","30500701","1002","0","1","1001","305007","0"
"0","0","1001","0","0","1","0","0","0","1","1002","0","0","8","0","1001","1","30500702","1002","0","1002","1002","305007","0"
"0","0","1001","0","0","1","0","0","0","1","1","0","0","8","0","1001","1","30510001","1","0","1","1","305100","0"
"0","0","1001","0","0","1","0","0","0","1","1","0","0","8","0","1001","1","30510101","1","0","1","1","305101","0"
"0","0","1001","0","0","1002","0","0","0","1002","1002","0","0","8","0","1002","2","30510201","1002","0","1001","1002","305102","0"
"0","0","1001","0","0","1002","0","0","0","1002","1002","0","0","8","0","1002","2","30510301","1002","0","1001","1002","305103","0"
"0","0","1001","0","0","1002","0","0","0","1002","1002","0","0","8","0","1002","2","30510401","1002","0","1001","1002","305104","0"
"0","0","1001","0","0","0","0","0","0","1","1002","0","0","7","0","1001","1","30520001","1","0","1","1002","305200","0"
"0","0","1","0","0","0","0","0","0","1","1001","0","0","7","0","1001","1","30520101","1","0","1","1","305201","0"
"0","0","1001","0","0","0","0","0","0","1","1","0","0","7","0","1001","1","30520201","1","0","1002","1","305202","0"
"0","0","1002","0","0","1","0","0","0","1","1","0","0","8","0","1002","1","30520202","1001","0","1001","1001","305202","0"
"0","0","1","0","0","1001","0","0","1002","1001","1002","0","0","9","0","1","1","30520301","1","0","1","1001","305203","0"
"0","0","1","0","0","0","0","0","0","1","1002","0","0","7","0","1001","1","30520302","1001","0","1","1002","305203","0"
"0","0","1","0","0","1001","0","0","1002","1001","1002","0","0","9","0","1","1","30520401","1","0","1","1001","305204","0"
"0","0","1","0","0","0","0","0","0","1","1002","0","0","7","0","1001","1","30520402","1001","0","1","1002","305204","0"
"0","0","1001","0","0","0","0","0","0","1","1002","0","0","7","0","1001","1","30520501","1","0","1","1002","305205","0"
"0","0","1","0","0","0","0","0","0","1","1001","0","0","7","0","1001","1","30520601","1","0","1","1","305206","0"
"0","0","1001","0","0","0","0","0","0","1","1","0","0","7","0","1001","1","30520701","1","0","1002","1","305207","0"
"0","0","1002","0","0","1","0","0","0","1","1","0","0","8","0","1002","1","30520702","1001","0","1001","1001","305207","0"
"0","0","1","0","0","1001","0","0","1002","1001","1002","0","0","9","0","1","1","30520801","1","0","1","1001","305208","0"
"0","0","1","0","0","0","0","0","0","1","1002","0","0","7","0","1001","1","30520802","1001","0","1","1002","305208","0"
"0","0","1002","0","0","0","0","0","0","1001","1","0","0","6","0","1002","1","30530001","1","0","1","0","305300","0"
"0","0","1001","0","0","0","0","0","0","1001","1","0","0","7","0","1","1","30530002","1002","0","1002","1001","305300","0"
"0","0","1002","0","0","0","0","0","0","1001","1","0","0","6","0","1002","1","30530101","1","0","1","0","305301","0"
"0","0","1002","0","0","0","0","0","0","1001","1","0","0","6","0","1002","1","30530201","1","0","1","0","305302","0"
"0","0","1001","0","0","1","0","0","0","1","1","0","0","8","0","1","1","30540001","1","0","1001","1001","305400","0"
"0","0","1","1001","1","1002","0","0","1","1004","1001","0","0","12","0","1","6","30550001","1","0","1","1","305500","1004"
"0","0","1","1001","1","1002","0","0","1","1004","1001","0","0","12","0","1","6","30550101","1","0","1","1","305501","1004"
"0","0","1","1001","1","1002","0","0","1","1004","1001","0","0","12","0","1","6","30550201","1","0","1","1","305502","1004"
"0","0","1001","0","1004","1","0","0","1","1","1004","0","0","11","0","1","5","30550202","1","0","1","1002","305502","1001"
"0","0","1","1005","1","1007","0","0","1","1004","1005","0","0","12","0","1","6","30550301","1","0","1","1","305503","1004"
"0","0","1005","0","1004","1","0","0","1","1","1004","0","0","11","0","1","5","30550302","1","0","1","1006","305503","1005"
"0","0","1","1001","1","1002","0","0","1","1004","1001","0","0","12","0","1","6","30550401","1","0","1","1","305504","1004"
"0","0","1","1001","1","1002","0","0","1","1004","1001","0","0","12","0","1","6","30550501","1","0","1","1","305505","1004"
"0","0","1","1001","1","1002","0","0","1","1004","1001","0","0","12","0","1","6","30550601","1","0","1","1","305506","1004"
"0","0","1001","0","1004","1","0","0","1","1","1004","0","0","11","0","1","5","30550602","1","0","1","1002","305506","1001"
"0","0","1","1005","1004","1004","0","0","1007","1","1005","0","0","12","0","1","6","30550701","1","0","1004","1","305507","1"
"0","0","1005","0","1005","1004","0","0","1","1","1","0","0","11","0","1","5","30550702","1","0","1004","1006","305507","1"
"0","0","1001","0","0","0","0","0","0","1002","1","0","0","4","0","0","1","30550801","1","0","0","0","305508","0"
"0","0","1","0","0","0","0","0","0","0","1004","0","0","3","0","0","1","30550802","1001","0","0","0","305508","0"
"0","0","1001","0","0","0","0","0","0","1","1","0","0","5","0","0","1","30560001","1","0","1001","0","305600","0"
"0","0","1","0","0","0","0","0","0","1","1002","0","0","7","0","1002","3","30560002","1001","0","1001","1","305600","0"
"0","0","1001","0","0","0","0","0","0","0","0","0","0","2","0","0","1","30570001","1001","0","0","0","305700","0"
"0","0","1","0","0","0","0","0","0","0","0","0","0","2","0","0","1","30570101","1","0","0","0","305701","0"
"0","0","1001","0","0","0","0","0","0","1001","1003","0","0","6","0","1001","1","30570201","1001","0","1001","0","305702","0"
"0","0","1","0","0","0","0","0","0","0","0","0","0","2","0","0","1","30570301","1","0","0","0","305703","0"
"0","0","1001","0","0","0","0","0","0","1001","1003","0","0","6","0","1001","1","30570401","1001","0","1001","0","305704","0"
"0","0","1001","0","0","0","0","0","0","1001","1003","0","0","6","0","1001","1","30570501","1001","0","1001","0","305705","0"
"0","0","1001","0","0","0","0","0","0","0","1001","0","0","3","0","0","2","30570701","1001","0","0","0","305707","0"
"0","0","1002","0","0","0","0","0","0","1002","1001","0","0","4","0","0","1","30580001","1002","0","0","0","305800","0"
"0","0","1004","0","0","0","0","0","0","1004","1001","0","0","7","0","1004","1","30580101","1004","0","1002","1002","305801","0"
"0","0","1002","0","0","1001","0","0","0","1004","1001","0","0","8","0","1004","2","30580102","1004","0","1002","1002","305801","0"
"0","0","1002","0","0","0","0","0","0","1002","1001","0","0","4","0","0","1","30580201","1002","0","0","0","305802","0"
"0","0","1002","0","0","0","0","0","0","1002","1001","0","0","4","0","0","1","30580301","1002","0","0","0","305803","0"
"0","0","1002","0","0","0","0","0","0","1002","1001","0","0","4","0","0","1","30580401","1002","0","0","0","305804","0"
"0","0","1002","0","0","0","0","0","0","1002","1001","0","0","4","0","0","1","30580501","1002","0","0","0","305805","0"
"0","0","1002","0","0","0","0","0","0","1002","1001","0","0","7","0","1002","4","30590001","1002","0","1002","1001","305900","0"
"0","0","1002","0","0","0","0","0","0","1002","1001","0","0","7","0","1002","4","30590101","1002","0","1002","1001","305901","0"
"0","0","1002","0","0","0","0","0","0","1002","1001","0","0","7","0","1002","4","30590201","1002","0","1002","1001","305902","0"
"0","0","1001","0","0","0","0","0","0","1","1002","0","0","7","0","1001","1","30600001","1","0","1","1002","306000","0"
"0","0","1","0","0","0","0","0","0","1","1001","0","0","7","0","1001","1","30600101","1","0","1","1","306001","0"
"0","0","1001","0","0","0","0","0","0","1","1","0","0","7","0","1001","1","30600201","1","0","1002","1","306002","0"
"0","0","1002","0","0","1","0","0","0","1","1","0","0","8","0","1002","1","30600202","1001","0","1001","1001","306002","0"
"0","0","1001","0","0","1002","0","0","1001","1002","1","0","0","9","0","1","1","30600301","1","0","1001","1","306003","0"
"0","0","1","0","0","0","0","0","0","1","1002","0","0","7","0","1001","1","30600302","1001","0","1","1002","306003","0"
"0","0","1002","0","0","0","0","0","0","0","0","0","0","2","0","0","2","30600401","1002","0","0","0","306004","0"
"0","0","1","0","0","0","0","0","0","1","1","0","0","5","0","1","2","30600501","1001","0","1001","1001","306005","0"
"0","0","1001","0","0","1002","0","0","1001","1001","1","0","0","9","0","1","1","30600601","1","0","1002","1","306006","0"
"0","0","1","0","0","0","0","0","0","1","1002","0","0","7","0","1001","1","30600602","1001","0","1","1002","306006","0"
"0","0","1001","0","0","0","0","0","0","1","1002","0","0","7","0","1001","1","30600701","1","0","1","1002","306007","0"
"0","0","1","0","0","0","0","0","0","1","1001","0","0","7","0","1001","1","30600801","1","0","1","1","306008","0"
"0","0","1002","0","0","1","0","0","0","1","1","0","0","8","0","1002","1","30600802","1001","0","1001","1001","306008","0"
"0","0","1001","0","0","1002","0","0","1001","1002","1","0","0","9","0","1","1","30600901","1","0","1001","1","306009","0"
"0","0","1","0","0","0","0","0","0","1","1002","0","0","7","0","1001","1","30600902","1001","0","1","1002","306009","0"
"0","0","1001","0","0","1002","0","0","1001","1002","1","0","0","9","0","1","1","30601001","1","0","1001","1","306010","0"
"0","0","1","0","0","0","0","0","0","1","1002","0","0","7","0","1001","1","30601002","1001","0","1","1002","306010","0"
"1","1","1","1","1","1","1","1","1","1","1001","1","1","8","1","1","2","30610001","1","1","1","1001","306100","1"
"0","0","1002","0","0","1002","0","0","0","1002","1001","0","0","8","0","1002","2","30610101","1002","0","1002","1001","306101","0"
"0","0","1002","0","0","1002","0","0","0","1002","1001","0","0","8","0","1002","2","30610201","1004","0","1002","1001","306102","0"
"0","0","1002","0","0","1002","0","0","0","1002","1001","0","0","8","0","1002","2","30610301","1002","0","1002","1001","306103","0"
"0","0","1002","0","0","1002","0","0","0","1002","1001","0","0","8","0","1002","2","30610401","1002","0","1002","1001","306104","0"
"0","0","1","0","0","0","0","0","0","1","1001","0","0","7","0","1001","1","30620001","1","0","1","1","306200","0"
"0","0","1002","0","0","0","0","0","0","1002","1001","0","0","7","0","1001","1","30620101","1002","0","1002","1002","306201","0"
"0","0","1002","0","0","0","0","0","0","1002","1001","0","0","7","0","1001","1","30620201","1002","0","1002","1002","306202","0"
"0","0","1002","0","0","0","0","0","0","1002","1001","0","0","7","0","1001","1","30620301","1002","0","1002","1002","306203","0"
"0","0","1002","0","0","0","0","0","0","1002","1001","0","0","7","0","1001","1","30620401","1002","0","1002","1002","306204","0"
"0","0","1001","0","0","0","0","0","0","1","1","0","0","6","0","1002","1","30630001","1","0","1001","0","306300","0"
"0","0","1","0","0","0","0","0","0","1","1002","0","0","7","0","1002","3","30630002","1001","0","1001","1","306300","0"
"0","0","1001","0","0","0","0","0","0","1","1","0","0","6","0","1002","1","30630101","1","0","1001","0","306301","0"
"0","0","1","0","0","0","0","0","0","1","1002","0","0","7","0","1002","3","30630102","1001","0","1001","1","306301","0"
"0","0","1001","0","0","0","0","0","0","1001","1002","0","0","5","0","0","1","30630201","1003","0","1003","0","306302","0"
"0","0","1001","0","0","0","0","0","0","1001","1002","0","0","5","0","0","1","30630301","1003","0","1003","0","306303","0"
"0","0","1001","0","0","0","0","0","0","1001","1002","0","0","5","0","0","1","30630401","1003","0","1003","0","306304","0"
"0","0","1001","0","0","0","0","0","0","1","1","0","0","6","0","1","1","30640001","1","0","1001","0","306400","0"
"0","0","1001","0","0","0","0","0","0","1002","1002","0","0","6","0","1002","1","30640101","1002","0","1001","0","306401","0"
"0","0","1001","0","0","0","0","0","0","1002","1002","0","0","6","0","1002","1","30640201","1002","0","1001","0","306402","0"
"0","0","1001","0","0","0","0","0","0","1002","1002","0","0","6","0","1002","1","30640301","1002","0","1001","0","306403","0"
"0","0","1001","0","0","0","0","0","0","1002","1002","0","0","6","0","1002","1","30640401","1002","0","1001","0","306404","0"
"0","0","1001","0","0","0","0","0","0","1002","1002","0","0","6","0","1002","1","30640501","1002","0","1001","0","306405","0"
"0","0","1002","0","1001","1002","0","0","1002","1002","1002","0","0","10","0","1001","3","30650001","1002","0","1002","1002","306500","0"
"0","0","1001","0","0","0","0","0","0","1","1","0","0","6","0","1002","1","30650101","1","0","1001","0","306501","0"
"0","0","1","0","0","0","0","0","0","1","1002","0","0","7","0","1002","3","30650102","1001","0","1001","1","306501","0"
"0","0","1","0","0","0","0","0","0","1001","1001","0","0","6","0","1001","1","30660001","1001","0","1","0","306600","0"
"0","0","1002","0","0","0","0","0","0","1002","1002","0","0","5","0","0","1","30660101","1001","0","1002","0","306601","0"
"0","0","1002","0","0","0","0","0","0","1002","1002","0","0","5","0","0","1","30660201","1001","0","1002","0","306602","0"
"0","0","1002","0","0","0","0","0","0","1002","1002","0","0","5","0","0","1","30660301","1001","0","1002","0","306603","0"
"0","0","1001","0","0","1007","0","0","1008","1","1002","0","0","5","0","1005","2","30670001","1","0","1004","1006","306700","0"
"0","0","1","0","0","0","0","0","0","1","1002","0","0","5","0","0","2","30670101","1","0","1","0","306701","0"
"0","0","1","0","0","0","0","0","0","1","1002","0","0","5","0","0","2","30670201","1","0","1","0","306702","0"
"0","0","1","0","0","1","0","0","0","1","1","0","0","8","0","1","2","30670202","1002","0","1002","1","306702","0"
"0","0","1","0","0","0","0","0","0","1","1002","0","0","5","0","0","2","30670301","1","0","1","0","306703","0"
"0","0","1","0","0","1","0","0","0","1","1","0","0","8","0","1","2","30670302","1002","0","1002","1","306703","0"
"0","0","1001","0","0","0","0","0","0","1001","1001","0","0","5","0","0","2","30670401","1008","0","1001","0","306704","0"
"1","1","1005","1","1","1005","0","1005","1","1","1","0","1","18","1","1","2","30670501","1006","1006","1","1006","306705","1"
"0","0","1","0","0","0","0","0","0","1","1002","0","0","5","0","0","2","30670601","1","0","1","0","306706","0"
"0","0","1","0","0","1","0","0","0","1","1","0","0","8","0","1","2","30670602","1002","0","1002","1","306706","0"
"0","0","1","0","0","0","0","0","0","1002","1","0","0","6","0","1","1","30670801","1","0","1","0","306708","0"
"0","0","1","0","0","0","0","0","0","1","1","0","0","7","0","1002","1","30670901","1","0","1","1","306709","0"
"0","0","1","0","0","0","0","0","0","1","1","0","0","7","0","1","2","30670902","1002","0","1","1","306709","0"
"0","0","1","0","0","0","0","0","0","1","1002","0","0","6","0","1","2","30671001","1","0","1","0","306710","0"
"0","0","1","0","0","1","0","0","0","1","1","0","0","8","0","1","2","30671002","1002","0","1002","1","306710","0"
"0","0","1001","0","0","0","0","0","0","1001","1001","0","0","5","0","0","2","30671101","1008","0","1001","0","306711","0"
"1","1","1005","1","1","1005","0","1005","1","1","1","0","1","18","1","1","2","30671201","1006","1006","1","1006","306712","1"
"0","0","1","0","0","0","0","0","0","1","1002","0","0","5","0","0","2","30671301","1","0","1","0","306713","0"
"0","0","1","0","0","1","0","0","0","1","1","0","0","8","0","1","2","30671302","1002","0","1002","1","306713","0"
"0","0","1001","0","0","0","0","0","0","1","1002","0","0","7","0","1001","1","30680001","1","0","1","1002","306800","0"
"0","0","1","0","0","0","0","0","0","1","1001","0","0","7","0","1001","2","30680101","1","0","1","1","306801","0"
"0","0","1","0","0","0","0","0","0","1","1002","0","0","7","0","1","2","30680201","1","0","1002","1001","306802","0"
"0","0","1","0","0","1","0","0","0","1","1002","0","0","8","0","1001","2","30680202","1001","0","1","1002","306802","0"
"0","0","1","0","0","0","0","0","0","1","1002","0","0","7","0","1","2","30680301","1","0","1002","1001","306803","0"
"0","0","1","0","0","0","0","0","0","1","1002","0","0","7","0","1001","2","30680302","1001","0","1","1002","306803","0"
"0","0","1007","0","0","0","0","0","0","0","0","0","0","2","0","0","2","30680401","1007","0","0","0","306804","0"
"0","0","1005","0","1","1","0","0","1","1","1","0","0","10","0","1004","2","30680501","1004","0","1","1005","306805","0"
"0","0","1","0","0","0","0","0","0","1","1002","0","0","7","0","1","2","30680601","1","0","1002","1001","306806","0"
"0","0","1","0","0","0","0","0","0","1","1002","0","0","7","0","1","2","30680602","1","0","1002","1001","306806","0"
"0","0","1001","0","0","0","0","0","0","1","1002","0","0","7","0","1001","1","30680701","1","0","1","1002","306807","0"
"0","0","1","0","0","0","0","0","0","1","1001","0","0","7","0","1001","2","30680801","1","0","1","1","306808","0"
"0","0","1","0","0","0","0","0","0","1","1002","0","0","7","0","1","2","30680901","1","0","1002","1001","306809","0"
"0","0","1","0","0","1","0","0","0","1","1002","0","0","8","0","1001","2","30680902","1001","0","1","1002","306809","0"
"0","0","1","0","0","0","0","0","0","1","1002","0","0","7","0","1","2","30681001","1","0","1002","1001","306810","0"
"0","0","1","0","0","0","0","0","0","1","1002","0","0","7","0","1001","2","30681002","1001","0","1","1002","306810","0"
"0","0","1007","0","0","0","0","0","0","0","0","0","0","2","0","0","2","30681101","1007","0","0","0","306811","0"
"0","0","1005","0","1","1","0","0","1","1","1","0","0","10","0","1004","2","30681201","1004","0","1","1005","306812","0"
"0","0","1","0","0","0","0","0","0","1","1002","0","0","7","0","1","2","30681301","1","0","1002","1001","306813","0"
"0","0","1","0","0","0","0","0","0","1","1002","0","0","7","0","1","2","30681302","1","0","1002","1001","306813","0"
"0","0","1001","0","0","0","0","0","0","0","1002","0","0","3","0","0","1","30690001","1001","0","0","0","306900","0"
"0","0","1001","0","0","0","0","0","0","0","1002","0","0","3","0","0","1","30690101","1001","0","0","0","306901","0"
"0","0","1001","0","0","0","0","0","0","0","1002","0","0","3","0","0","1","30690201","1001","0","0","0","306902","0"
"0","0","1001","0","0","0","0","0","0","0","1002","0","0","3","0","0","1","30690301","1001","0","0","0","306903","0"
"0","0","1001","0","0","0","0","0","0","0","1002","0","0","3","0","0","1","30690401","1001","0","0","0","306904","0"
"0","0","1005","0","0","1005","0","0","0","1005","1002","0","0","8","0","1001","1","30700001","1005","0","1005","1002","307000","0"
"0","0","1001","0","0","0","0","0","0","1005","1005","0","0","6","0","1005","2","30700101","1005","0","1001","0","307001","0"
"0","0","1005","0","0","0","0","0","0","1001","1002","0","0","5","0","0","1","30700201","1005","0","1005","0","307002","0"
"0","0","1002","0","0","0","0","0","0","1005","1001","0","0","4","0","0","1","30700202","1005","0","0","0","307002","0"
"0","0","1005","0","0","0","0","0","0","1001","1002","0","0","5","0","0","1","30700301","1005","0","1005","0","307003","0"
"0","0","1002","0","0","0","0","0","0","1005","1001","0","0","4","0","0","1","30700302","1005","0","0","0","307003","0"
"0","0","1005","0","1005","1002","0","0","1001","1001","1002","0","0","10","0","1001","2","30700401","1005","0","1005","1005","307004","0"
"0","0","1005","0","0","0","0","0","0","0","1001","0","0","3","0","0","2","30700501","1001","0","0","0","307005","0"
"0","0","1005","0","0","0","0","0","0","1002","1005","0","0","6","0","1005","1","30700601","1002","0","1005","0","307006","0"
"0","0","1002","0","0","0","0","0","0","1005","1001","0","0","4","0","0","1","30700701","1005","0","0","0","307007","0"
"0","0","1002","0","0","0","0","0","0","1005","1001","0","0","4","0","0","1","30700702","1005","0","0","0","307007","0"
"0","0","1005","0","0","1005","0","0","0","1005","1002","0","0","8","0","1001","1","30700801","1005","0","1005","1002","307008","0"
"0","0","1001","0","0","0","0","0","0","1005","1005","0","0","6","0","1005","2","30700901","1005","0","1001","0","307009","0"
"0","0","1005","0","0","0","0","0","0","1001","1002","0","0","5","0","0","1","30701001","1005","0","1005","0","307010","0"
"0","0","1002","0","0","0","0","0","0","1005","1001","0","0","4","0","0","1","30701002","1005","0","0","0","307010","0"
"0","0","1005","0","0","0","0","0","0","1001","1002","0","0","5","0","0","1","30701101","1005","0","1005","0","307011","0"
"0","0","1002","0","0","0","0","0","0","1005","1001","0","0","4","0","0","1","30701102","1005","0","0","0","307011","0"
"0","0","1005","0","1005","1002","0","0","1001","1001","1002","0","0","10","0","1001","2","30701201","1005","0","1005","1005","307012","0"
"0","0","1005","0","0","0","0","0","0","0","1001","0","0","3","0","0","2","30701301","1001","0","0","0","307013","0"
"0","0","1005","0","0","0","0","0","0","1002","1005","0","0","6","0","1005","1","30701401","1002","0","1005","0","307014","0"
"0","0","1002","0","0","0","0","0","0","1005","1001","0","0","4","0","0","1","30701501","1005","0","0","0","307015","0"
"0","0","1002","0","0","0","0","0","0","1005","1001","0","0","4","0","0","1","30701502","1005","0","0","0","307015","0"
"0","0","1003","0","0","0","0","0","0","1003","1002","0","0","7","0","1001","2","30710001","1003","0","1003","1003","307100","0"
"0","0","1003","1004","1001","1003","0","0","1003","1001","1003","0","0","12","0","1002","2","30710101","1004","0","1002","1004","307101","1002"
"0","0","1001","0","0","0","0","0","0","1003","1002","0","0","6","0","1003","3","30710201","1003","0","1002","0","307102","0"
"0","0","1","0","1002","1001","0","0","1","1","1002","0","0","11","0","1002","1","30720001","1","0","1001","1","307200","1001"
"0","0","1004","1001","1","1001","0","0","1","1","1001","0","0","12","0","1004","1","30720002","1","0","1","1","307200","1004"
"0","0","1003","0","1002","1001","0","0","1003","1003","1002","0","0","11","0","1002","1","30720101","1003","0","1001","1003","307201","1001"
"0","0","1","0","0","1","0","0","0","1","1002","0","0","8","0","1","1","30720201","1","0","1","1002","307202","0"
"0","0","1003","0","1002","1001","0","0","1003","1003","1002","0","0","11","0","1002","1","30720301","1003","0","1001","1003","307203","1001"
"0","0","1001","0","0","0","0","0","0","1","1002","0","0","7","0","1001","2","30730001","1","0","1","1002","307300","0"
"0","0","1","0","0","0","0","0","0","0","1","0","0","3","0","0","2","30730101","1","0","0","0","307301","0"
"0","0","1","0","0","0","0","0","0","1","1","0","0","7","0","1","2","30730201","1","0","1","1","307302","0"
"0","0","1","0","0","0","0","0","0","1","1","0","0","7","0","1","2","30730202","1","0","1","1","307302","0"
"0","0","1002","0","0","1007","0","0","1","1001","1","0","0","9","0","1006","2","30730301","1","0","1","1","307303","0"
"0","0","1002","0","0","1007","0","0","1","1001","1","0","0","9","0","1006","2","30730302","1","0","1","1","307303","0"
"0","0","1","0","0","0","0","0","0","1","1","0","0","5","0","0","2","30730401","1","0","1","0","307304","0"
"0","0","1004","1004","1004","1","0","1","1","1","1","0","0","14","0","1004","2","30730501","1","1","1004","1","307305","1004"
"0","0","1002","0","0","1007","0","0","1","1001","1","0","0","9","0","1006","2","30730601","1","0","1","1","307306","0"
"0","0","1002","0","0","1007","0","0","1","1001","1","0","0","9","0","1006","2","30730602","1","0","1","1","307306","0"
"0","0","1001","0","0","0","0","0","0","1","1002","0","0","7","0","1001","2","30730701","1","0","1","1002","307307","0"
"0","0","1","0","0","0","0","0","0","0","1","0","0","3","0","0","2","30730801","1","0","0","0","307308","0"
"0","0","1001","0","0","0","0","0","0","1","1002","0","0","7","0","1006","2","30730901","1","0","1","1007","307309","0"
"0","0","1001","0","0","0","0","0","0","1","1002","0","0","7","0","1006","2","30730902","1","0","1","1007","307309","0"
"0","0","1002","0","0","1007","0","0","1","1001","1","0","0","9","0","1006","2","30731001","1","0","1","1","307310","0"
"0","0","1002","0","0","1007","0","0","1","1001","1","0","0","9","0","1006","2","30731002","1","0","1","1","307310","0"
"0","0","1","0","0","0","0","0","0","1","1","0","0","5","0","0","2","30731101","1","0","1","0","307311","0"
"0","0","1004","1004","1004","1","0","1","1","1","1","0","0","14","0","1004","2","30731201","1","1","1004","1","307312","1004"
"0","0","1002","0","0","1007","0","0","1","1001","1","0","0","9","0","1006","2","30731301","1","0","1","1","307313","0"
"0","0","1002","0","0","1007","0","0","1","1001","1","0","0","9","0","1006","2","30731302","1","0","1","1","307313","0"
"0","0","1001","0","0","0","0","0","0","1","1002","0","0","4","0","0","1","30740001","1","0","0","0","307400","0"
"0","0","1001","0","0","0","0","0","0","1","1002","0","0","4","0","0","1","30740101","1","0","0","0","307401","0"
"0","0","1001","0","0","0","0","0","0","1","1002","0","0","4","0","0","1","30740201","1","0","0","0","307402","0"
"0","0","1001","0","0","0","0","0","0","1","1002","0","0","4","0","0","1","30740202","1","0","0","0","307402","0"
"0","0","1001","0","0","0","0","0","0","1","1002","0","0","4","0","0","1","30740301","1","0","0","0","307403","0"
"0","0","1001","0","0","0","0","0","0","1","1002","0","0","4","0","0","1","30740302","1","0","0","0","307403","0"
"0","0","1","0","0","0","0","0","0","1","1","0","0","4","0","0","1","30740401","1","0","0","0","307404","0"
"0","0","1","0","0","1002","0","0","0","1","1004","0","0","8","0","1","3","30740501","1","0","1002","1","307405","0"
"0","0","1001","0","0","0","0","0","0","1","1002","0","0","4","0","0","1","30740601","1","0","0","0","307406","0"
"0","0","1001","0","0","0","0","0","0","1","1002","0","0","4","0","0","1","30740602","1","0","0","0","307406","0"
"1","1","1","1","1","0","1","1","0","1002","1001","1","1","6","1","1001","1","30750001","1","1","1","0","307500","1"
"1","1","1001","1","1","0","1","1","0","1001","1","1","1","6","1","1001","1","30750101","1","1","1","0","307501","1"
"1","1","1001","1","1","0","1","1","0","1002","1","1","1","6","1","1","1","30750201","1001","1","1002","0","307502","1"
"0","0","1001","0","0","1","0","0","1001","1","1","0","0","9","0","1002","1","30750202","1","0","1001","1","307502","0"
"1","1","1002","1","1","0","1","1","0","1001","1","1","1","6","1","1","1","30750301","1001","1","1002","0","307503","1"
"0","0","1002","0","0","0","0","0","0","1","1001","0","0","7","0","1001","1","30750302","1001","0","1002","1002","307503","0"
"1","1","1001","1","1","0","1","1","0","1002","1","1","1","7","1","1","3","30750401","1","1","1","1001","307504","1"
"1","1","1002","1","1","0","1","1","0","1002","1","1","1","6","1","1","1","30750402","1001","1","1001","0","307504","1"
"1","1","1001","1","1","0","1","1","0","1002","1","1","1","7","1","1","3","30750501","1","1","1","1001","307505","1"
"0","0","1001","0","0","1","0","0","1001","1","1","0","0","9","0","1002","1","30750502","1","0","1001","1","307505","0"
"0","0","1001","0","0","0","0","0","0","1002","1003","0","0","5","0","0","1","30750601","1003","0","1003","0","307506","0"
"0","0","1001","0","0","0","0","0","0","1002","1003","0","0","5","0","0","1","30750701","1003","0","1003","0","307507","0"
"0","0","1001","0","0","0","0","0","0","1002","1003","0","0","5","0","0","1","30750801","1003","0","1003","0","307508","0"
"0","0","1","0","1","1001","0","0","1002","1","1002","0","0","11","0","1","3","30760001","1","0","1001","1","307600","1001"
"0","0","1","0","1","1001","0","0","1","1","1001","0","0","11","0","1","1","30760002","1","0","1001","1","307600","1001"
"0","0","1","0","0","0","0","0","0","1","1001","0","0","5","0","0","1","30770001","1","0","1001","0","307700","0"
"0","0","1","0","0","0","0","0","0","1","1001","0","0","5","0","0","1","30770101","1","0","1001","0","307701","0"
"0","0","1002","0","0","0","0","0","0","1001","1002","0","0","6","0","1002","1","30770201","1001","0","1","0","307702","0"
"0","0","1","0","0","1","0","0","0","1002","1001","0","0","8","0","1","1","30770202","1001","0","1001","1002","307702","0"
"0","0","1001","0","0","1002","0","0","1","1002","1","0","0","9","0","1","1","30770301","1","0","1002","1001","307703","0"
"0","0","1","0","0","1","0","0","0","1002","1001","0","0","8","0","1","1","30770302","1001","0","1001","1002","307703","0"
"0","0","1001","0","0","1002","0","0","1","1002","1","0","0","9","0","1","1","30770401","1","0","1002","1001","307704","0"
"0","0","1","0","0","1001","0","0","0","1001","1002","0","0","8","0","1002","1","30770402","1002","0","1001","1","307704","0"
"0","0","1","0","0","1001","0","0","0","1","1001","0","0","8","0","1","4","30780001","1","0","1001","1","307800","0"
"0","0","1","0","0","1001","0","0","0","1","1001","0","0","8","0","1","4","30780002","1","0","1001","1","307800","0"
"0","0","1","0","0","1001","0","0","0","1","1001","0","0","8","0","1","4","30780101","1","0","1001","1","307801","0"
"0","0","1","0","0","1001","0","0","0","1","1001","0","0","11","0","1","4","30780102","1","0","1001","1","307801","0"
"0","0","1002","0","1002","1001","0","0","1002","1002","1001","0","0","11","0","1001","4","30780201","1002","0","1002","1002","307802","1001"
"0","0","1002","0","1002","1001","0","0","1002","1002","1001","0","0","11","0","1002","4","30780202","1002","0","1001","1002","307802","1001"
"0","0","1001","1002","1002","1001","0","1002","1002","1001","1002","0","0","14","0","1001","10","30780301","1001","1001","1002","1002","307803","1001"
"0","0","1001","1002","1002","1001","0","1002","1002","1001","1002","0","0","14","0","1001","10","30780302","1001","1001","1002","1002","307803","1001"
"0","0","1002","0","0","0","0","0","0","0","1002","0","0","3","0","0","2","30780401","1005","0","0","0","307804","0"
"0","0","1002","0","0","0","0","0","0","0","1002","0","0","3","0","0","2","30780402","1005","0","0","0","307804","0"
"0","0","1001","1001","1002","1001","0","1001","1002","1002","1001","0","0","15","1002","1001","11","30780501","1004","1002","1001","1002","307805","1001"
"0","0","1001","1001","1002","1001","0","1001","1002","1002","1001","0","0","15","1002","1001","11","30780502","1004","1002","1001","1002","307805","1001"
"0","0","1001","1002","1001","1002","0","1002","1002","1001","1002","0","0","14","0","1002","10","30780601","1002","1001","1002","1001","307806","1002"
"0","0","1001","1002","1001","1002","0","1002","1002","1001","1002","0","0","14","0","1002","10","30780602","1002","1001","1002","1001","307806","1002"
"0","0","1","0","0","1001","0","0","0","1","1001","0","0","8","0","1","4","30780701","1","0","1001","1","307807","0"
"0","0","1","0","0","1001","0","0","0","1","1001","0","0","8","0","1","4","30780702","1","0","1001","1","307807","0"
"0","0","1","0","0","1001","0","0","0","1","1001","0","0","8","0","1","4","30780801","1","0","1001","1","307808","0"
"0","0","1","0","0","1001","0","0","0","1","1001","0","0","11","0","1","4","30780802","1","0","1001","1","307808","0"
"0","0","1002","0","1002","1001","0","0","1002","1002","1001","0","0","11","0","1001","4","30780901","1002","0","1002","1002","307809","1001"
"0","0","1002","0","1002","1001","0","0","1002","1002","1001","0","0","11","0","1002","4","30780902","1002","0","1001","1002","307809","1001"
"0","0","1001","1002","1002","1001","0","1002","1002","1001","1002","0","0","14","0","1001","10","30781001","1001","1001","1002","1002","307810","1001"
"0","0","1001","1002","1002","1001","0","1002","1002","1001","1002","0","0","14","0","1001","10","30781002","1001","1001","1002","1002","307810","1001"
"0","0","1002","0","0","0","0","0","0","0","1002","0","0","3","0","0","2","30781101","1005","0","0","0","307811","0"
"0","0","1002","0","0","0","0","0","0","0","1002","0","0","3","0","0","2","30781102","1005","0","0","0","307811","0"
"0","0","1001","1001","1002","1001","0","1001","1002","1002","1001","0","0","15","1002","1001","11","30781201","1004","1002","1001","1002","307812","1001"
"0","0","1001","1001","1002","1001","0","1001","1002","1002","1001","0","0","15","1002","1001","11","30781202","1004","1002","1001","1002","307812","1001"
"0","0","1001","1002","1001","1002","0","1002","1002","1001","1002","0","0","14","0","1002","10","30781301","1002","1001","1002","1001","307813","1002"
"0","0","1001","1002","1001","1002","0","1002","1002","1001","1002","0","0","14","0","1002","10","30781302","1002","1001","1002","1001","307813","1002"
"0","0","1","0","0","0","0","0","0","1","1001","0","0","7","0","1","1","30790001","1","0","1","1001","307900","0"
"0","0","1","0","0","0","0","0","0","1001","1","0","0","5","0","0","1","30790101","1","0","1","0","307901","0"
"0","0","1002","0","0","0","0","0","0","1001","1","0","0","6","0","1002","1","30790201","1","0","1","0","307902","0"
"0","0","1001","0","0","0","0","0","0","1","1","0","0","6","0","1","1","30790202","1002","0","1001","0","307902","0"
"0","0","1002","0","0","0","0","0","0","1002","1","0","0","5","0","0","1","30790301","1","0","1001","0","307903","0"
"0","0","1001","0","0","0","0","0","0","1","1","0","0","6","0","1","1","30790302","1002","0","1001","0","307903","0"
"0","0","1001","0","0","0","0","0","0","1005","1002","0","0","4","0","0","1","30800001","1005","0","0","0","308000","0"
"0","0","1001","0","0","0","0","0","0","1005","1002","0","0","7","0","1005","4","30800101","1005","0","1005","1001","308001","0"
"0","0","1001","0","0","1007","0","0","1005","1005","1007","0","0","9","0","1001","5","30800201","1005","0","1005","1005","308002","0"
"0","0","1001","0","0","0","0","0","0","1005","1005","0","0","4","0","0","1","30800301","1005","0","0","0","308003","0"
"0","0","1005","0","0","0","0","0","0","1005","1005","0","0","4","0","0","2","30800401","1010","0","0","0","308004","0"
"0","0","1001","0","0","1007","0","0","1005","1005","1007","0","0","9","0","1001","5","30800501","1005","0","1005","1005","308005","0"
"0","0","1001","0","0","0","0","0","0","1005","1002","0","0","4","0","0","1","30800601","1005","0","0","0","308006","0"
"0","0","1001","0","0","0","0","0","0","1005","1002","0","0","7","0","1005","4","30800701","1005","0","1005","1001","308007","0"
"0","0","1001","0","0","1007","0","0","1005","1005","1007","0","0","9","0","1001","5","30800801","1005","0","1005","1005","308008","0"
"0","0","1001","0","0","0","0","0","0","1005","1005","0","0","4","0","0","1","30800901","1005","0","0","0","308009","0"
"0","0","1005","0","0","0","0","0","0","1005","1005","0","0","4","0","0","2","30801001","1010","0","0","0","308010","0"
"0","0","1001","0","0","1007","0","0","1005","1005","1007","0","0","9","0","1001","5","30801101","1005","0","1005","1005","308011","0"
"0","0","1001","0","0","0","0","0","0","1005","1002","0","0","7","0","1005","4","30801201","1005","0","1005","1001","308012","0"
"0","0","1004","0","0","0","0","0","0","1004","1001","0","0","7","0","1001","1","30810001","1004","0","1004","1004","308100","0"
"0","0","1004","0","0","0","0","0","0","1004","1001","0","0","7","0","1001","1","30810101","1004","0","1004","1004","308101","0"
"0","0","1004","0","0","0","0","0","0","1001","1004","0","0","7","0","1004","1","30810201","1004","0","1004","1001","308102","0"
"0","0","1004","0","0","0","0","0","0","1004","1001","0","0","7","0","1001","1","30810202","1004","0","1004","1004","308102","0"
"0","0","1004","0","0","0","0","0","0","1001","1004","0","0","7","0","1004","1","30810301","1004","0","1004","1001","308103","0"
"0","0","1004","0","0","0","0","0","0","1004","1001","0","0","7","0","1001","1","30810302","1004","0","1004","1004","308103","0"
"0","0","1005","0","0","0","0","0","0","1005","1001","0","0","5","0","0","1","30820001","1005","0","1002","0","308200","0"
"0","0","1005","0","0","0","0","0","0","1005","1001","0","0","6","0","1002","1","30820101","1005","0","1005","0","308201","0"
"0","0","1005","0","0","0","0","0","0","1005","1001","0","0","6","0","1002","1","30820201","1005","0","1005","0","308202","0"
"0","0","1001","0","0","0","0","0","0","1005","1005","0","0","5","0","0","1","30820301","1005","0","1002","0","308203","0"
"0","0","0","0","0","0","0","0","0","0","0","0","0","1","0","0","1","30820401","1004","0","0","0","308204","0"
"0","0","1001","0","0","0","0","0","0","1002","1006","0","0","7","0","1006","1","30820501","1006","0","1001","1002","308205","0"
"0","0","1001","0","1005","1005","0","0","1002","1005","1005","0","0","11","0","1005","6","30820601","1005","0","1002","1001","308206","1001"
"0","0","1001","0","1005","1005","0","0","1001","1004","1005","0","0","10","0","1002","4","30820701","1005","0","1005","1001","308207","0"
"0","0","1001","0","0","1006","0","0","1001","1004","1006","0","0","9","0","1002","4","30820702","1006","0","1006","1001","308207","0"
"0","0","1001","0","0","1","0","0","1","1","1002","0","0","9","0","1001","1","30830001","1","0","1","1002","308300","0"
"0","0","1001","0","0","1","0","0","1","1","1","0","0","9","0","1001","1","30830101","1","0","1","1","308301","0"
"0","0","1001","0","0","1","0","0","1","1","1002","0","0","9","0","1001","1","30830201","1","0","1","1002","308302","0"
"0","0","1001","0","0","0","0","0","0","1","1002","0","0","7","0","1001","1","30830202","1","0","1","1002","308302","0"
"0","0","1001","0","0","1","0","0","1","1","1002","0","0","9","0","1001","1","30830301","1","0","1","1002","308303","0"
"0","0","1001","0","0","0","0","0","0","1","1002","0","0","7","0","1001","1","30830302","1","0","1","1002","308303","0"
"0","0","1","0","0","0","0","0","0","1","1002","0","0","6","0","1","1","30840001","1","0","1002","0","308400","0"
"0","0","1","0","0","0","0","0","0","1","1002","0","0","6","0","1","1","30840101","1","0","1002","0","308401","0"
"0","0","1","0","0","0","0","0","0","1","1002","0","0","5","0","0","1","30840201","1","0","1001","0","308402","0"
"0","0","1001","0","0","0","0","0","0","1002","1","0","0","6","0","1002","1","30840202","1","0","1","0","308402","0"
"0","0","1","0","0","1","0","0","0","1","1001","0","0","8","0","1","4","30840301","1","0","1002","1001","308403","0"
"0","0","1","0","1001","1002","0","0","1","1001","1001","0","0","11","0","1","1","30840302","1002","0","1002","1001","308403","1002"
"0","0","1","0","0","0","0","0","0","1","1","0","0","4","0","0","1","30840401","1","0","0","0","308404","0"
"0","0","1004","0","0","1004","0","0","1","1001","1","0","0","9","0","1","2","30840501","1","0","1004","1001","308405","0"
"0","0","1002","0","0","1001","0","0","0","1","1001","0","0","8","0","1002","1","30840601","1","0","1001","1","308406","0"
"0","0","1001","0","0","0","0","0","0","1002","1","0","0","7","0","1001","2","30840602","1","0","1","1002","308406","0"
"0","0","1","0","0","1","0","0","0","1","1001","0","0","8","0","1","4","30840801","1","0","1002","1001","308408","0"
"0","0","1","0","1001","1002","0","0","1","1001","1001","0","0","11","0","1","1","30840802","1002","0","1002","1001","308408","1002"
"0","0","1002","0","0","1001","0","0","0","1004","1001","0","0","8","0","1002","1","30840901","1004","0","1001","1004","308409","0"
"0","0","1001","0","0","0","0","0","0","1002","1004","0","0","7","0","1001","2","30840902","1004","0","1004","1002","308409","0"
"0","0","1001","0","0","1","0","0","0","1002","1","0","0","8","0","1001","1","30850001","1","0","1","1002","308500","0"
"0","0","1001","0","0","1","0","0","0","1002","1","0","0","8","0","1001","1","30850002","1","0","1","1002","308500","0"
"0","0","1002","0","0","0","0","0","0","1","1","0","0","5","0","0","1","30860001","1","0","1001","0","308600","0"
"0","0","1002","0","0","0","0","0","0","1","1","0","0","7","0","1","4","30860101","1","0","1006","1002","308600","0"
"0","0","1002","0","0","0","0","0","0","1","1","0","0","7","0","1","4","30860201","1","0","1006","1002","308600","0"
"0","0","1002","0","0","0","0","0","0","1","1","0","0","7","0","1","4","30860301","1","0","1001","1002","308600","0"
"0","0","1008","0","0","0","0","0","0","1","1","0","0","5","0","0","1","30860302","1","0","1001","0","308600","0"
"0","0","1002","0","1007","1","0","0","1002","1004","1","0","0","11","0","1","4","30860401","1","0","1","1007","308600","1"
"0","0","1","0","0","0","0","0","0","1","1","0","0","4","0","0","1","30860501","1","0","0","0","308600","0"
"0","0","1002","0","0","0","0","0","0","1","1","0","0","7","0","1","4","30860601","1","0","1001","1002","308606","0"
"0","0","1002","0","0","0","0","0","0","0","1001","0","0","3","0","0","1","30900001","1002","0","0","0","309000","0"
"0","0","1002","0","0","0","0","0","0","0","1001","0","0","3","0","0","1","30900101","1002","0","0","0","309001","0"
"0","0","1002","0","0","0","0","0","0","0","1001","0","0","3","0","0","1","30900201","1002","0","0","0","309002","0"
"0","0","1002","0","0","0","0","0","0","0","1001","0","0","3","0","0","1","30900301","1002","0","0","0","309003","0"
"0","0","1002","0","0","0","0","0","0","0","1001","0","0","3","0","0","1","30900401","1002","0","0","0","309004","0"
"0","0","1002","0","0","0","0","0","0","1002","1001","0","0","5","0","0","1","30910001","1002","0","1001","0","309100","0"
"0","0","1002","0","0","0","0","0","0","1002","1001","0","0","5","0","0","1","30910101","1002","0","1002","0","309101","0"
"0","0","1002","0","0","0","0","0","0","1002","1001","0","0","5","0","0","1","30910201","1002","0","1002","0","309102","0"
"0","0","1002","0","0","0","0","0","0","1002","1001","0","0","5","0","0","1","30910301","1002","0","1002","0","309103","0"
"0","0","1002","0","0","0","0","0","0","1002","1001","0","0","5","0","0","1","30910401","1002","0","1002","0","309104","0"
"0","0","1002","0","0","0","0","0","0","1002","1001","0","0","5","0","0","1","30910601","1002","0","1002","0","309106","0"
"0","0","1001","0","0","0","0","0","0","0","1002","0","0","3","0","0","1","30920001","1002","0","0","0","309200","0"
"0","0","1001","0","0","0","0","0","0","0","1002","0","0","3","0","0","1","30920101","1002","0","0","0","309201","0"
"0","0","1001","0","0","0","0","0","0","0","1002","0","0","3","0","0","1","30920201","1002","0","0","0","309202","0"
"0","0","1001","0","0","0","0","0","0","1002","1002","0","0","4","0","0","1","30920301","1002","0","0","0","309203","0"
"0","0","1001","0","0","0","0","0","0","1","1002","0","0","3","0","0","1","30930001","1","0","1","0","309300","0"
"0","0","1","0","0","0","0","0","0","1001","1004","0","0","5","0","0","1","30930101","1001","0","1","0","309300","0"
"0","0","1","0","0","0","0","0","0","1001","1004","0","0","5","0","0","1","30930201","1001","0","1","0","309300","0"
"0","0","1","0","0","0","0","0","0","1001","1004","0","0","5","0","0","1","30930301","1001","0","1","0","309300","0"
"0","0","1","0","0","0","0","0","0","0","1","0","0","3","0","0","2","30930401","1","0","0","0","309300","0"
"0","0","1004","0","0","0","0","0","0","1","1001","0","0","6","0","1","1","30930501","1002","0","1001","0","309300","0"
"0","0","1","0","0","0","0","0","0","1001","1004","0","0","5","0","0","1","30930601","1001","0","1","0","309300","0"
"0","0","1001","0","0","0","0","0","0","1002","1002","0","0","4","0","0","1","30940001","1002","0","0","0","309400","0"
"0","0","1001","0","0","0","0","0","0","1002","1002","0","0","4","0","0","1","30940101","1002","0","0","0","309401","0"
"0","0","1002","0","0","0","0","0","0","1002","1001","0","0","4","0","0","1","30950001","1002","0","0","0","309500","0"
"0","0","1002","0","0","0","0","0","0","1002","1001","0","0","4","0","0","1","30950101","1002","0","0","0","309501","0"
"0","0","1001","0","0","0","0","0","0","1002","1002","0","0","4","0","0","1","30960001","1002","0","0","0","309600","0"
"0","0","1001","0","0","0","0","0","0","1002","1002","0","0","4","0","0","1","30960101","1002","0","0","0","309601","0"
"0","0","1002","0","0","0","0","0","0","1001","1002","0","0","4","0","0","1","30970001","1002","0","0","0","309700","0"
"0","0","1002","0","0","0","0","0","0","1001","1003","0","0","6","0","1003","4","30980001","1001","0","1002","0","309800","0"
"0","0","1002","0","0","0","0","0","0","0","1002","0","0","3","0","0","2","30980101","1005","0","0","0","309801","0"
"0","0","1001","0","0","1001","0","0","0","1002","1002","0","0","8","0","1001","4","30980201","1002","0","1001","1002","309802","0"
"0","0","1002","0","0","1001","0","0","1002","1002","1001","0","0","9","0","1002","5","30980301","1002","0","1001","1002","309803","0"
"0","0","1002","0","0","1002","0","0","1002","1002","1001","0","0","9","0","1002","5","30980302","1003","0","1003","1001","309803","0"
"0","0","1002","0","0","1001","0","0","1002","1002","1001","0","0","9","0","1002","5","30980501","1002","0","1001","1002","309805","0"
"0","0","1002","0","0","1002","0","0","1002","1002","1001","0","0","9","0","1002","5","30980502","1003","0","1003","1001","309805","0"
"1","1","1002","1","1","0","1","1","0","1","1","1","1","7","1","1","1","30990001","1","1","1001","1002","309900","1"
"1","1","1002","1","1","0","1","1","0","1","1","1","1","5","1","0","1","30990002","1001","1","1002","0","309900","1"
"1","1","1002","1","1","0","1","1","0","1004","1004","1","1","7","1","1004","1","30990101","1004","1","1001","1002","309901","1"
"1","1","1002","1","1","0","1","1","0","1004","1004","1","1","5","1","0","1","30990102","1001","1","1002","0","309901","1"
"0","0","1001","0","0","0","0","0","0","0","1004","0","0","3","0","0","2","30990701","1004","0","0","0","309907","0"
"0","0","1001","0","0","0","0","0","0","1001","1004","0","0","7","0","1001","1","30990702","1004","0","1004","1002","309907","0"
"0","0","1","0","0","0","0","0","0","1","1002","0","0","6","0","1","1","31000001","1","0","1002","0","310000","0"
"0","0","1","0","0","0","0","0","0","1","1002","0","0","6","0","1","1","31000101","1","0","1002","0","310001","0"
"0","0","1","0","0","0","0","0","0","1","1002","0","0","5","0","0","1","31000201","1","0","1001","0","310002","0"
"0","0","1001","0","0","0","0","0","0","1002","1","0","0","6","0","1002","1","31000202","1","0","1","0","310002","0"
"0","0","1","0","0","1002","0","0","1001","1","1001","0","0","9","0","1002","6","31000301","1","0","1","1","310003","0"
"0","0","1","0","1001","1002","0","0","1","1001","1001","0","0","11","0","1","1","31000302","1002","0","1002","1001","310003","1002"
"0","0","1","0","0","0","0","0","0","1","1","0","0","4","0","0","1","31000401","1","0","0","0","310004","0"
"0","0","1004","0","1005","1004","0","0","1","1005","1","0","0","10","0","1","1","31000501","1","0","1004","1","310005","0"
"0","0","1","0","0","1002","0","0","1001","1","1001","0","0","9","0","1002","6","31000601","1","0","1","1","310006","0"
"0","0","1","0","1001","1002","0","0","1","1001","1001","0","0","11","0","1","1","31000602","1002","0","1002","1001","310006","1002"
"0","1004","1","1","1","1","0","1001","1002","1004","1","0","0","16","1001","1","12","31010001","1001","1002","1","1001","310100","1004"
"0","0","1","0","0","0","0","0","0","1002","1004","0","0","6","0","1004","1","31010002","1001","0","1","0","310100","0"
"0","1004","1010","1010","1010","1010","0","1001","1002","1004","1010","0","0","16","1001","1010","12","31010101","1001","1002","1010","1001","310101","1004"
"0","0","1010","0","0","0","0","0","0","1002","1004","0","0","4","0","0","1","31010102","1001","0","0","0","310101","0"
"0","0","1002","0","0","0","0","0","0","1002","1001","0","0","5","0","0","1","31020001","1002","0","1001","0","310200","0"
"0","0","1002","0","0","0","0","0","0","1","1001","0","0","5","0","0","1","31020101","1","0","1","0","310201","0"
"0","0","1","0","0","0","0","0","0","1","1004","0","0","5","0","0","1","31020102","1001","0","1002","0","310201","0"
"0","0","1","1004","1","1","0","0","1003","1","1003","0","0","12","0","1004","7","31030001","1","0","1","1","310300","1"
"0","0","1","1004","1","1","0","0","1003","1","1003","0","0","12","0","1004","7","31030101","1","0","1","1","310301","1"
"0","0","1","1004","1","1","0","0","1003","1","1003","0","0","12","0","1004","7","31030201","1","0","1","1","310302","1"
"0","0","1004","0","1003","1","0","0","1","1","1","0","0","11","0","1","7","31030301","1","0","1003","1004","310303","1"
"0","0","1","1004","1","1","0","0","1003","1","1003","0","0","12","0","1004","7","31030401","1","0","1","1","310304","1"
"0","0","1","1004","1","1","0","0","1003","1","1003","0","0","12","0","1004","7","31030402","1","0","1","1","310304","1"
"0","0","1002","0","0","0","0","0","0","0","0","0","0","2","0","0","2","31030501","1002","0","0","0","310305","0"
"0","0","1","0","1","1","0","0","1003","1003","1","0","0","10","0","1004","6","31030601","1004","0","1","1","310306","0"
"0","0","1001","0","0","0","0","0","0","1003","1004","0","0","5","0","0","2","31030701","1004","0","1004","0","310307","0"
"0","0","1002","0","0","0","0","0","0","1002","1","0","0","7","0","1","1","31040001","1","0","1","1001","310400","0"
"0","0","1003","0","0","0","0","0","0","0","1002","0","0","3","0","0","1","31040002","1002","0","0","0","310400","0"
"0","0","1002","1","1002","1002","0","0","1","1","1","0","0","13","0","1","1","31040101","1","1001","1002","1","310401","1"
"0","0","1003","0","0","0","0","0","0","0","1002","0","0","3","0","0","1","31040102","1002","0","0","0","310401","0"
"0","0","1","0","0","0","0","0","0","1","1002","0","0","5","0","0","1","31050001","1","0","1001","0","310500","0"
"0","0","1","0","0","0","0","0","0","1","1001","0","0","5","0","0","1","31050101","1","0","1","0","310501","0"
"0","0","1","0","0","0","0","0","0","1","1002","0","0","7","0","1","1","31050201","1","0","1","1001","310502","0"
"0","0","1","0","0","0","0","0","0","1","1002","0","0","5","0","0","1","31050301","1","0","1001","0","310503","0"
"0","0","1001","0","0","0","0","0","0","1","1002","0","0","7","0","1002","1","31050302","1","0","1","1001","310503","0"
"0","0","1","0","0","0","0","0","0","0","0","0","0","2","0","0","1","31050401","1","0","0","0","310504","0"
"0","0","1","0","0","0","0","0","0","0","0","0","0","2","0","0","1","31050501","1","0","0","0","310505","0"
"0","0","1","0","0","0","0","0","0","1001","1002","0","0","7","0","1","1","31050601","1","0","1","1001","310506","0"
"0","0","1001","0","0","0","0","0","0","1003","1002","0","0","7","0","1003","2","31050701","1003","0","1001","1002","310507","0"
"0","0","1","0","0","0","0","0","0","1","1001","0","0","5","0","0","1","31060001","1","0","1","0","310600","0"
"0","0","1","0","0","0","0","0","0","1","1001","0","0","5","0","0","1","31060101","1","0","1","0","310601","0"
"0","0","1","0","0","0","0","0","0","1","1001","0","0","6","0","1002","1","31060201","1","0","1","0","310602","0"
"0","0","1","0","0","0","0","0","0","1","1002","0","0","6","0","1","1","31060301","1","0","1001","0","310603","0"
"0","0","1","0","0","1","0","0","1004","1004","1","0","0","9","0","1","1","31060401","1","0","1","1","310604","0"
"0","0","1","0","0","1","0","0","1004","1004","1","0","0","9","0","1","1","31060501","1","0","1","1","310605","0"
"0","0","1001","0","0","0","0","0","0","1","1002","0","0","6","0","1002","1","31060601","1","0","1","0","310606","0"
"0","0","1001","0","0","0","0","0","0","1","1002","0","0","5","0","0","1","31060701","1","0","1002","0","310607","0"
"0","0","1001","0","0","0","0","0","0","1","1002","0","0","7","0","1","5","31070001","1","0","1001","1002","310700","0"
"0","0","1001","0","0","0","0","0","0","1","1002","0","0","7","0","1","5","31070101","1","0","1001","1002","310701","0"
"0","0","1001","0","0","0","0","0","0","1","1002","0","0","7","0","1","5","31070201","1","0","1001","1002","310702","0"
"0","0","1001","0","0","0","0","0","0","1","1002","0","0","7","0","1","5","31070301","1","0","1001","1002","310703","0"
"0","0","1","0","0","0","0","0","0","1","1","0","0","4","0","0","1","31070401","1","0","0","0","310704","0"
"0","0","1004","0","0","0","0","0","0","1004","1004","0","0","4","0","0","1","31070501","1004","0","0","0","310705","0"
"0","0","1005","0","0","0","0","0","0","1005","1005","0","0","4","0","0","1","31070502","1005","0","0","0","310705","0"
"0","0","1001","0","0","1001","0","0","0","1","1002","0","0","8","0","1","5","31070601","1","0","1001","1002","310706","0"
"0","0","1","0","0","1","0","0","0","1","1001","0","0","8","0","1","5","31080001","1002","0","1002","1001","310800","0"
"0","0","1","0","0","0","0","0","0","1","1004","0","0","4","0","0","1","31080002","1005","0","0","0","310800","0"
"0","0","1","0","0","1","0","0","0","1","1001","0","0","8","0","1","5","31080101","1002","0","1002","1001","310801","0"
"0","0","1","0","0","1","0","0","0","1","1001","0","0","8","0","1","5","31080201","1002","0","1002","1001","310802","0"
"0","0","1","0","0","1","0","0","0","1","1001","0","0","8","0","1","5","31080301","1002","0","1002","1001","310803","0"
"0","0","1","0","0","0","0","0","0","1","1","0","0","4","0","0","1","31080401","1","0","0","0","310804","0"
"0","0","1","0","0","0","0","0","0","0","1004","0","0","3","0","0","1","31080501","1005","0","0","0","310805","0"
"0","0","1","0","0","1","0","0","0","1","1001","0","0","8","0","1","5","31080502","1002","0","1002","1001","310805","0"
"0","0","1","0","0","1","0","0","0","1","1001","0","0","8","0","1","5","31080601","1002","0","1002","1001","310806","0"
"0","0","1001","0","0","0","0","0","0","1001","1002","0","0","5","0","0","1","31090001","1","0","1002","0","310900","0"
"0","0","1001","0","0","0","0","0","0","1","1","0","0","6","0","1001","1","31100001","1","0","1","0","311000","0"
"0","0","1002","0","0","0","0","0","0","1","1","0","0","6","0","1","1","31100002","1","0","1001","0","311000","0"
"0","0","1001","0","0","0","0","0","0","1003","1002","0","0","4","0","0","1","31100101","1003","0","0","0","311001","0"
"0","0","1001","0","0","0","0","0","0","1003","1002","0","0","4","0","0","1","31100201","1003","0","0","0","311002","0"
"0","0","1","0","0","0","0","0","0","1","1001","0","0","5","0","0","1","31110001","1","0","1001","0","311100","0"
"0","0","1","0","0","0","0","0","0","1","1001","0","0","5","0","0","1","31110101","1","0","1001","0","311101","0"
"0","0","1001","0","0","0","0","0","0","1","1","0","0","5","0","0","1","31110201","1","0","1002","0","311102","0"
"0","0","1001","0","0","1002","0","0","0","1","1","0","0","8","0","1","3","31110301","1","0","1002","1001","311103","0"
"0","0","1002","0","0","0","0","0","0","1","1001","0","0","5","0","0","1","31110302","1","0","1002","0","311103","0"
"0","0","1002","0","0","0","0","0","0","1","1","0","0","6","0","1","1","31110401","1","0","1002","0","311104","0"
"0","0","1","0","0","0","0","0","0","1","1","0","0","4","0","0","1","31110501","1","0","0","0","311105","0"
"0","0","1001","0","0","0","0","0","0","1002","1","0","0","6","0","1002","1","31110601","1","0","1","0","311106","0"
"0","0","1002","0","0","0","0","0","0","1","1","0","0","5","0","0","1","31110602","1","0","1001","0","311106","0"
"0","0","1003","0","0","1003","0","0","1002","1001","1002","0","0","9","0","1003","4","31120001","1002","0","1002","1002","311200","0"
"0","0","1003","0","1002","1002","0","0","1003","1002","1001","0","0","10","0","1002","3","31120101","1002","0","1003","1003","311201","0"
"0","0","1002","0","0","0","0","0","0","1002","1001","0","0","7","0","1002","3","31120201","1002","0","1002","1002","311202","0"
"0","0","1002","0","0","0","0","0","0","1002","1001","0","0","7","0","1002","3","31120301","1002","0","1002","1002","311203","0"
"0","0","1002","0","0","0","0","0","0","1002","1001","0","0","7","0","1002","3","31120401","1002","0","1002","1002","311204","0"
"0","0","1001","0","0","1008","0","0","1009","1004","1002","0","0","6","0","1006","1","31130001","1","0","1005","1007","311300","0"
"0","1005","1","1005","1","1005","0","0","1","1005","1006","0","0","16","1006","1","2","31130101","1","1","1","1006","311301","1006"
"0","1007","1","1007","1","1007","0","0","1","1007","1008","0","0","16","1008","1","2","31130201","1","1","1","1008","311302","1008"
"0","0","1004","0","0","0","0","0","0","1001","1002","0","0","7","0","1002","2","31130301","1004","0","1004","1001","311303","0"
"0","0","1009","1009","1010","1009","0","0","1009","1010","1009","0","0","15","1010","1009","2","31130401","1004","1010","1004","1010","311304","1004"
"0","0","1010","0","0","0","0","0","0","1010","1010","0","0","4","0","0","1","31130501","1010","0","0","0","311305","0"
"0","0","1002","0","0","1004","0","0","1001","1001","1004","0","0","9","0","1002","1","31130601","1004","0","1004","1004","311306","0"
"0","0","1001","1002","1","1001","0","0","1004","1","1004","0","0","12","0","1002","7","31140001","1","0","1001","1","311400","1001"
"0","0","1001","0","0","1","0","0","1004","1","1","0","0","9","0","1001","6","31140101","1","0","1004","1","311401","0"
"0","0","1001","0","0","1","0","0","1004","1","1","0","0","9","0","1001","6","31140201","1","0","1004","1","311402","0"
"0","0","1001","0","0","1","0","0","1004","1","1","0","0","9","0","1001","6","31140301","1","0","1004","1","311403","0"
"0","0","1002","0","0","1001","0","0","1002","1","1002","0","0","9","0","1002","7","31140401","1001","0","1001","1","311404","0"
"0","0","1","0","0","1002","0","0","0","1002","1","0","0","8","0","1","5","31140501","1","0","1","1","311405","0"
"0","0","1","0","1","1001","0","0","1004","1004","1001","0","0","11","0","1001","7","31140601","1001","0","1","1","311406","1001"
"0","0","1","0","1","1001","0","0","1004","1004","1001","0","0","11","0","1001","7","31140701","1001","0","1","1","311407","1001"
"0","0","1001","0","0","0","0","0","0","1002","1002","0","0","4","0","0","1","31140801","1002","0","0","0","311408","0"
"0","0","1003","0","1003","1001","0","0","1004","1004","1001","0","0","11","0","1001","7","31140901","1001","0","1003","1003","311409","1001"
"0","0","1001","0","0","0","0","0","0","1","1","0","0","7","0","1001","1","31150001","1","0","1","1","311500","0"
"0","0","1001","0","0","0","0","0","0","1","1","0","0","7","0","1001","1","31150101","1","0","1","1","311501","0"
"0","0","1001","0","0","0","0","0","0","1","1002","0","0","5","0","0","1","31150201","1","0","1001","0","311502","0"
"0","0","1001","0","0","0","0","0","0","1","1002","0","0","6","0","1002","1","31150202","1","0","1001","0","311502","0"
"0","0","1001","0","0","0","0","0","0","1","1002","0","0","5","0","0","1","31150301","1","0","1001","0","311503","0"
"0","0","1","0","0","0","0","0","0","1001","1002","0","0","4","0","0","1","31150302","1001","0","0","0","311503","0"
"0","0","1","0","0","0","0","0","0","1","1007","0","0","6","0","1","2","31150401","1006","0","1007","0","311504","0"
"0","0","1","0","0","0","0","0","0","1001","1","0","0","4","0","0","1","31150501","1","0","0","0","311505","0"
"0","0","1007","0","0","1007","0","0","1001","1001","1001","0","0","9","0","1007","1","31150601","1","0","1","1001","311506","0"
"0","0","1007","0","0","0","0","0","0","1001","1","0","0","6","0","1001","1","31150602","1001","0","1007","0","311506","0"
"0","0","1","0","0","0","0","0","0","1002","1001","0","0","4","0","0","2","31160001","1009","0","1","0","311600","0"
"0","0","1","0","0","0","0","0","0","0","0","0","0","2","0","0","1","31160101","1","0","0","0","311601","0"
"0","0","1","0","0","0","0","0","0","0","0","0","0","2","0","0","1","31160201","1","0","0","0","311602","0"
"0","0","1","0","0","0","0","0","0","0","0","0","0","2","0","0","1","31160301","1","0","0","0","311603","0"
"0","0","1","0","0","0","0","0","0","0","1","0","0","3","0","0","2","31160401","1007","0","0","0","311604","0"
"0","0","1002","0","0","0","0","0","0","0","1002","0","0","3","0","0","2","31160501","1002","0","0","0","311605","0"
"0","0","1","0","0","0","0","0","0","1001","1","0","0","5","0","0","1","31160601","1","0","1","0","311606","0"
"0","0","1","0","0","0","0","0","0","0","0","0","0","2","0","0","1","31170001","1001","0","0","0","311700","0"
"0","0","1","0","0","0","0","0","0","0","0","0","0","2","0","0","1","31170101","1","0","0","0","311701","0"
"0","0","1003","0","0","0","0","0","0","0","0","0","0","2","0","0","1","31170201","1003","0","0","0","311702","0"
"0","0","1","0","0","0","0","0","0","0","0","0","0","2","0","0","1","31170301","1001","0","0","0","311703","0"
"0","0","1002","0","0","0","0","0","0","0","1002","0","0","3","0","0","2","31180001","1001","0","0","0","311800","0"
"0","0","1","0","0","0","0","0","0","0","0","0","0","2","0","0","1","31180101","1","0","0","0","311801","0"
"0","0","1004","0","0","0","0","0","0","0","0","0","0","2","0","0","1","31180201","1004","0","0","0","311802","0"
"0","0","1002","0","0","0","0","0","0","0","1002","0","0","3","0","0","2","31180301","1001","0","0","0","311803","0"
"0","0","1","0","0","0","0","0","0","1","1001","0","0","7","0","1","2","31190001","1","0","1","1001","311900","0"
"0","0","1001","0","0","0","0","0","0","1003","1002","0","0","6","0","1003","3","31200001","1003","0","1001","0","312000","0"
"0","0","1001","0","0","0","0","0","0","1003","1002","0","0","6","0","1003","3","31200101","1003","0","1001","0","312001","0"
"0","0","1001","0","0","0","0","0","0","1003","1002","0","0","6","0","1003","3","31200201","1003","0","1001","0","312002","0"
"0","0","1001","0","0","0","0","0","0","1003","1002","0","0","6","0","1003","3","31200301","1003","0","1001","0","312003","0"
"0","0","1001","0","0","0","0","0","0","1003","1002","0","0","6","0","1003","3","31200401","1003","0","1001","0","312004","0"
"0","0","1001","0","0","0","0","0","0","1003","1002","0","0","6","0","1003","3","31200501","1003","0","1001","0","312005","0"
"0","0","1","0","0","0","0","0","0","0","1001","0","0","3","0","0","1","31210001","1","0","0","0","312100","0"
"0","0","1","0","0","0","0","0","0","0","1001","0","0","5","0","0","1","31210101","1","0","0","0","312101","0"
"0","0","1001","0","0","0","0","0","0","1001","1","0","0","4","0","0","1","31210201","1","0","1","0","312102","0"
"0","0","1001","0","0","0","0","0","0","1","1001","0","0","5","0","0","1","31210301","1","0","1001","0","312103","0"
"0","0","1004","0","0","0","0","0","0","1004","1","0","0","4","0","0","1","31210401","1","0","0","0","312104","0"
"0","0","1002","0","0","0","0","0","0","0","0","0","0","3","0","0","1","31210501","1","0","0","0","312105","0"
"0","0","1001","0","0","0","0","0","0","1","1001","0","0","6","0","1001","1","31210601","1","0","1001","0","312106","0"
"0","0","1002","0","0","0","0","0","0","1001","1007","0","0","4","0","0","1","31220001","1007","0","0","0","312200","0"
"0","0","1","0","0","0","0","0","0","1002","1","0","0","4","0","0","2","31220101","1","0","0","0","312201","0"
"0","0","1","0","0","0","0","0","0","1002","1","0","0","4","0","0","2","31220201","1","0","0","0","312202","0"
"0","0","1007","0","0","0","0","0","0","1002","1007","0","0","4","0","0","2","31220301","1007","0","0","0","312203","0"
"0","0","1007","0","0","1007","0","0","0","1007","1004","0","0","6","0","1007","2","31220401","1003","0","1007","1007","312204","0"
"0","0","1007","0","0","0","0","0","0","1007","1007","0","0","5","0","0","1","31220501","1002","0","1007","0","312205","0"
"0","0","1007","0","0","1002","0","0","0","1007","1002","0","0","8","0","1002","1","31220601","1007","0","1007","1007","312206","0"
"0","0","1001","0","0","0","0","0","0","1005","1002","0","0","5","0","0","1","31230001","1005","0","1005","0","312300","0"
"0","0","1005","0","0","0","0","0","0","0","0","0","0","2","0","0","1","31230101","1005","0","0","0","312301","0"
"0","0","1005","0","0","0","0","0","0","0","0","0","0","2","0","0","1","31230201","1005","0","0","0","312302","0"
"0","0","1005","0","0","0","0","0","0","0","0","0","0","2","0","0","1","31230301","1005","0","0","0","312303","0"
"1002","1005","1002","1005","1005","1005","0","0","1005","1005","1005","0","1002","18","1002","1005","9","31230401","1005","1005","1005","1002","312304","1002"
"0","0","1005","0","0","1005","0","0","0","1005","1001","0","0","8","0","1005","1","31230501","1005","0","1005","1001","312305","0"
"0","0","1005","0","0","1001","0","0","0","1005","1005","0","0","8","0","1005","1","31230601","1005","0","1001","1005","312306","0"
"0","0","1001","0","0","0","0","0","0","0","1001","0","0","2","0","0","1","31240001","1001","0","0","0","312400","0"
"0","0","1001","0","0","0","0","0","0","0","1001","0","0","2","0","0","1","31240101","1001","0","0","0","312401","0"
"0","0","1","0","0","1","0","0","0","1001","1","0","0","8","0","1002","3","31250001","1","0","1","1","312500","0"
"0","0","1","0","0","1002","0","0","0","1","1001","0","0","8","0","1","2","31250002","1002","0","1004","1001","312500","0"
"0","0","1001","0","0","0","0","0","0","0","0","0","0","2","0","0","1","31250101","1001","0","0","0","312501","0"
"0","0","1002","0","0","0","0","0","0","1002","1001","0","0","6","0","1002","1","31250201","1002","0","1002","0","312502","0"
"0","0","1002","0","0","0","0","0","0","1002","1001","0","0","6","0","1002","1","31250301","1002","0","1002","0","312503","0"
"0","0","1002","0","0","0","0","0","0","1002","1001","0","0","6","0","1002","1","31250401","1002","0","1002","0","312504","0"
"0","0","1004","0","0","0","0","0","0","1001","1004","0","0","5","0","0","1","31260001","1004","0","1004","0","312600","0"
"0","0","1004","0","0","0","0","0","0","1001","1004","0","0","5","0","0","1","31260101","1004","0","1004","0","312601","0"
"0","0","1004","0","0","0","0","0","0","1004","1001","0","0","5","0","0","1","31260201","1004","0","1004","0","312602","0"
"0","0","1004","0","0","0","0","0","0","1001","1004","0","0","7","0","1004","1","31260301","1004","0","1004","1001","312603","0"
"0","0","1002","0","0","0","0","0","0","1004","1004","0","0","4","0","0","3","31260401","1004","0","0","0","312604","0"
"0","0","1004","0","0","0","0","0","0","1004","1001","0","0","6","0","1004","2","31260501","1005","0","1004","0","312605","0"
"0","0","1001","0","0","0","0","0","0","1004","1004","0","0","7","0","1001","1","31260601","1004","0","1004","1004","312606","0"
"0","0","1001","0","0","0","0","0","0","1","1","0","0","6","0","1002","1","31270001","1","0","1001","0","312700","0"
"0","0","1","0","0","0","0","0","0","0","0","0","0","2","0","0","1","31270101","1","0","0","0","312701","0"
"0","0","1","0","0","0","0","0","0","1002","1","0","0","6","0","1","1","31270201","1","0","1","0","312702","0"
"0","0","1","0","0","1","0","0","0","1","1002","0","0","8","0","1","2","31270301","1","0","1","1002","312703","0"
"0","0","1","1004","1","1","0","0","1004","1","1","0","0","15","1","1","3","31270401","1","1","1004","1","312704","1"
"0","0","1","0","0","0","0","0","0","1","1001","0","0","5","0","0","1","31270501","1","0","1","0","312705","0"
"0","0","1002","0","0","0","0","0","0","1","1","0","0","7","0","1","1","31270601","1","0","1002","1","312706","0"
"0","0","1001","0","0","0","0","0","0","1004","1002","0","0","5","0","0","1","31280001","1","0","1005","0","312800","0"
"0","0","1001","0","0","0","0","0","0","1001","1005","0","0","6","0","1007","2","31280101","1005","0","1005","0","312801","0"
"0","0","1001","0","0","0","0","0","0","1001","1005","0","0","6","0","1008","2","31280201","1005","0","1005","0","312802","0"
"0","0","1005","0","0","0","0","0","0","1005","1001","0","0","5","0","0","2","31280301","1005","0","1002","0","312803","0"
"0","0","1005","0","0","0","0","0","0","0","1001","0","0","3","0","0","1","31280401","1005","0","0","0","312804","0"
"0","0","1005","0","0","1005","0","0","0","1001","1005","0","0","8","0","1001","1","31280501","1004","0","1005","1001","312805","0"
"0","0","1005","0","0","0","0","0","0","1005","1001","0","0","5","0","0","2","31280601","1005","0","1006","0","312806","0"
"0","0","1001","0","0","0","0","0","0","1005","1005","0","0","6","0","1005","1","31290001","1005","0","1001","0","312900","0"
"0","0","1010","0","0","1010","0","0","0","1002","1001","0","0","9","0","1010","1","31290002","1002","0","1010","1001","312900","0"
"0","0","1005","0","0","0","0","0","0","1002","1005","0","0","4","0","0","1","31300001","1005","0","0","0","313000","0"
"0","0","1001","0","0","0","0","0","0","1010","1010","0","0","7","0","1002","1","31300002","1002","0","1001","1010","313000","0"
"0","0","1","0","0","0","0","0","0","1001","1","0","0","5","0","0","1","31310001","1","0","1","0","313100","0"
"0","0","1","0","0","0","0","0","0","1001","1","0","0","5","0","0","1","31310101","1","0","1","0","313101","0"
"0","0","1","0","0","0","0","0","0","1001","1","0","0","6","0","1","1","31310201","1","0","1","0","313102","0"
"0","0","1001","0","1","1","0","0","1","1","1","0","0","10","0","1","2","31310301","1","0","1","1001","313103","0"
"0","0","1001","0","0","1","0","0","1001","1","1","0","0","9","0","1","1","31310401","1","0","1001","1","313104","0"
"0","0","1","0","0","0","0","0","0","1","1001","0","0","5","0","0","1","31310501","1","0","1","0","313105","0"
"0","0","1001","0","1","1","0","0","1","1","1","0","0","10","0","1","2","31310601","1","0","1","1001","313106","0"
"0","0","1","0","0","0","0","0","0","1","1","0","0","5","0","0","1","31320001","1","0","1002","0","313200","0"
"0","0","1","0","0","0","0","0","0","1002","1","0","0","4","0","0","1","31320101","1","0","0","0","313201","0"
"0","0","1","0","0","0","0","0","0","1002","1","0","0","4","0","0","1","31320201","1","0","0","0","313202","0"
"0","0","1002","0","0","1002","0","0","0","1","1","0","0","5","0","1","1","31320301","1","0","1002","1","313203","0"
"0","0","1001","0","0","1005","0","0","1001","1005","1005","0","0","9","0","1001","3","31320401","1005","0","1005","1005","313204","0"
"0","0","1007","0","0","1007","0","0","1008","1008","1007","0","0","9","0","1007","1","31320501","1007","0","1007","1008","313205","0"
"0","0","1005","0","0","0","0","0","0","1005","1002","0","0","7","0","1005","1","31320601","1005","0","1002","1002","313206","0"
"0","0","1001","0","0","0","0","0","0","1004","1002","0","0","7","0","1006","1","31330001","1","0","1005","0","313300","0"
"0","0","1001","0","0","1002","0","0","0","1001","1002","0","0","8","0","1002","1","31330101","1001","0","1001","1001","313301","0"
"0","0","1001","0","0","1002","0","0","0","1001","1002","0","0","8","0","1002","1","31330201","1001","0","1001","1001","313302","0"
"0","0","1001","0","0","0","0","0","0","0","1002","0","0","3","0","0","1","31330301","1001","0","0","0","313303","0"
"0","0","1004","0","0","0","0","0","0","0","1004","0","0","3","0","0","1","31330302","1005","0","0","0","313303","0"
"0","0","1002","0","0","0","0","0","0","1001","1006","0","0","4","0","0","1","31330401","1001","0","0","0","313304","0"
"0","0","1001","0","0","0","0","0","0","0","1001","0","0","3","0","0","1","31330501","1001","0","0","0","313305","0"
"0","0","1001","0","0","1002","0","0","0","1001","1002","0","0","8","0","1002","1","31330601","1001","0","1001","1001","313306","0"
"0","0","1004","0","1005","1005","0","0","1004","1004","1005","0","0","11","0","1005","1","31330602","1004","0","1005","1004","313306","1005"
"0","0","1002","0","0","0","0","0","0","1002","1001","0","0","6","0","1001","2","31340001","1002","0","1002","0","313400","0"
"0","0","1002","0","0","0","0","0","0","1002","1001","0","0","6","0","1001","2","31340101","1002","0","1002","0","313401","0"
"0","0","1002","0","0","0","0","0","0","1002","1001","0","0","6","0","1001","2","31340201","1002","0","1002","0","313402","0"
"0","0","1001","0","0","0","0","0","0","1002","1002","0","0","4","0","0","1","31350001","1002","0","0","0","313500","0"
"0","0","1001","0","0","0","0","0","0","1002","1002","0","0","4","0","0","1","31350101","1002","0","0","0","313501","0"
"0","0","1001","0","0","0","0","0","0","1002","1002","0","0","4","0","0","1","31350201","1002","0","0","0","313502","0"
"0","0","1002","0","0","0","0","0","0","1002","1001","0","0","4","0","0","2","31360001","1001","0","0","0","313600","0"
"0","0","1002","0","0","0","0","0","0","1002","1001","0","0","4","0","0","2","31360101","1001","0","0","0","313601","0"
"0","0","1002","0","0","0","0","0","0","1002","1001","0","0","4","0","0","2","31360201","1001","0","0","0","313602","0"
"0","0","1003","0","0","0","0","0","0","1003","1003","0","0","5","0","0","2","31370001","1002","0","1001","0","313700","0"
"0","0","1003","0","0","0","0","0","0","1003","1003","0","0","5","0","0","2","31370101","1002","0","1001","0","313701","0"
"0","0","1003","0","0","0","0","0","0","1003","1003","0","0","5","0","0","2","31370201","1004","0","1004","0","313702","0"
"0","0","1003","0","0","0","0","0","0","1003","1003","0","0","5","0","0","2","31370301","1004","0","1004","0","313703","0"
"0","0","1003","0","0","0","0","0","0","1003","1003","0","0","5","0","0","2","31370401","1004","0","1004","0","313704","0"
"0","0","1003","0","0","0","0","0","0","1003","1003","0","0","5","0","0","2","31370501","1002","0","1001","0","313705","0"
"0","0","1003","0","0","0","0","0","0","0","0","0","0","2","0","0","1","31370601","1003","0","0","0","313706","0"
"0","0","1003","0","0","0","0","0","0","1003","1003","0","0","5","0","0","2","31370701","1004","0","1004","0","313707","0"
"0","0","1003","0","0","0","0","0","0","1003","1003","0","0","5","0","0","2","31370801","1002","0","1001","0","313708","0"
"0","0","1006","1006","1006","1006","0","0","1003","1006","1006","0","0","12","0","1006","10","31380001","1001","0","1002","1006","313800","1006"
"0","0","1006","1006","1006","1006","0","0","1003","1006","1006","0","0","12","0","1006","10","31380101","1001","0","1002","1006","313801","1006"
"0","0","1006","1006","1006","1006","0","0","1003","1006","1006","0","0","12","0","1006","10","31380201","1001","0","1002","1006","313802","1006"
"0","0","1003","1005","1002","1001","0","0","1001","1002","1001","0","0","15","1002","1002","13","31390001","1002","1001","1001","1004","313900","1001"
"0","1002","1003","1002","1002","1001","0","0","1001","1002","1001","0","0","16","1001","1002","14","31390201","1002","1005","1001","1004","313902","1001"
"0","0","1002","0","0","0","0","0","0","1004","1003","0","0","6","0","1006","3","31400001","1001","0","1005","0","314000","0"
"0","0","1002","0","0","0","0","0","0","1004","1003","0","0","6","0","0","3","31400101","1001","0","1005","0","314001","0"
"0","0","1002","0","0","0","0","0","0","1004","1003","0","0","6","0","0","3","31400201","1001","0","1005","0","314002","0"
"0","0","1002","0","0","0","0","0","0","1004","1003","0","0","6","0","0","3","31400301","1001","0","1005","0","314003","0"
"0","0","1006","0","0","0","0","0","0","0","1006","0","0","3","0","0","2","31400401","1007","0","0","0","314004","0"
"0","0","1006","0","0","0","0","0","0","0","1006","0","0","3","0","0","2","31400501","1007","0","0","0","314005","0"
"0","0","1002","0","0","0","0","0","0","1004","1003","0","0","6","0","0","3","31400601","1001","0","1005","0","314006","0"
"0","0","1004","0","1001","1001","0","0","1004","1004","1001","0","0","10","0","1001","4","31410001","1004","0","1004","1004","314100","0"
"0","0","1","1001","1","1","0","0","1","1","1","0","0","12","0","1","6","31410101","1","0","1","1","314101","1"
"0","0","1","1001","1","1","0","0","1","1","1","0","0","12","0","1","6","31410201","1","0","1","1","314102","1"
"0","0","1004","0","1001","1001","0","0","1004","1004","1001","0","0","10","0","1001","4","31410301","1004","0","1004","1004","314103","0"
"0","0","1004","0","0","0","0","0","0","0","1004","0","0","3","0","0","2","31410401","1002","0","0","0","314104","0"
"0","0","1004","0","0","0","0","0","0","0","1004","0","0","3","0","0","2","31410501","1004","0","0","0","314105","0"
"0","0","1004","0","1001","1001","0","0","1004","1004","1001","0","0","10","0","1001","4","31410601","1004","0","1004","1004","314106","0"
"1","1001","1001","1","1","1002","0","0","1001","1","1002","1002","1","18","1002","1","16","31420001","1","1","1","1","314200","1"
"1001","1","1","1002","1002","1","0","0","1","1","1002","1002","1","19","1002","1","18","31420101","1","1","1002","1001","314201","1"
"1001","1","1","1002","1002","1","0","0","1","1","1002","1002","1","19","1002","1","18","31420201","1","1","1001","1002","314202","1"
"0","0","1002","0","0","0","0","0","0","1002","1002","0","0","7","0","1002","4","31420202","1002","0","1002","1002","314202","0"
"0","0","1","0","0","0","0","0","0","1","1","0","0","7","0","1","4","31420203","1","0","1","1","314202","0"
"1","1001","1001","1","1","1002","0","0","1001","1","1002","1002","1","18","1002","1","16","31420301","1","1","1","1","314203","1"
"0","0","1","0","0","0","0","0","0","0","1","0","0","3","0","0","2","31420401","1","0","0","0","314204","0"
"0","0","1003","0","0","0","0","0","0","1003","1003","0","0","4","0","0","2","31420501","1003","0","0","0","314205","0"
"0","0","1005","0","0","0","0","0","0","1005","1005","0","0","4","0","0","2","31420502","1005","0","0","0","314205","0"
"0","0","1006","0","0","0","0","0","0","1006","1006","0","0","4","0","0","2","31420503","1006","0","0","0","314205","0"
"1","1001","1001","1","1","1","0","0","1001","1","1002","1002","1","18","1","1","16","31420601","1","1002","1","1002","314203","1002"
"0","0","1","0","0","0","0","0","0","1","1001","0","0","7","0","1","1","31430001","1","0","1","1002","314300","0"
"0","0","1","0","0","0","0","0","0","1","1001","0","0","7","0","1","1","31430101","1","0","1","1002","314301","0"
"0","0","1","0","0","0","0","0","0","1","1001","0","0","6","0","1002","1","31430201","1","0","1","0","314302","0"
"0","0","1006","0","0","1001","0","0","1006","1002","1006","0","0","9","0","1006","2","31430301","1006","0","1006","1006","314303","0"
"0","0","1","0","0","0","0","0","0","0","0","0","0","2","0","0","1","31430401","1","0","0","0","314304","0"
"0","0","1001","0","0","0","0","0","0","0","0","0","0","2","0","0","1","31430501","1001","0","0","0","314305","0"
"0","0","1006","0","0","0","0","0","0","1002","1006","0","0","6","0","1006","1","31430601","1001","0","1006","0","314306","0"
"0","0","1001","0","0","1008","0","0","1009","1003","1002","0","0","9","0","1006","1","31440001","1","0","1005","1007","314400","0"
"0","0","1005","1002","1005","1001","0","0","1002","1001","1005","0","0","13","0","1002","10","31440101","1002","1005","1005","1005","314401","1005"
"0","0","1005","1002","1005","1001","0","0","1002","1001","1005","0","0","13","0","1002","10","31440201","1002","1005","1005","1005","314402","1005"
"0","0","1005","1002","1005","1001","0","0","1002","1001","1005","0","0","13","0","1002","10","31440301","1002","1005","1005","1005","314403","1005"
"0","0","1002","0","0","0","0","0","0","0","1002","0","0","3","0","0","2","31440401","1003","0","0","0","314404","0"
"0","0","1002","0","0","0","0","0","0","0","1002","0","0","3","0","0","2","31440501","1002","0","0","0","314405","0"
"0","0","1005","1002","1005","1002","0","0","1001","1002","1005","0","0","13","0","1005","10","31440601","1002","1005","1001","1005","314406","1005"
"0","0","1001","0","0","0","0","0","0","1004","1002","0","0","5","0","0","2","31450001","1","0","1005","0","314500","0"
"0","0","1","0","1002","1","0","0","1001","1002","1001","0","0","11","0","1","5","31450101","1","0","1","1","314501","1"
"0","0","1","0","1002","1","0","0","1001","1002","1001","0","0","10","0","1","5","31450201","1","0","1","1","314502","0"
"0","0","1","1","1002","1","0","0","1001","1002","1001","0","0","13","0","1","5","31450301","1","1002","1","1","314503","1"
"0","0","1","0","1","1","0","0","1004","1","1","0","0","11","0","1","10","31450401","1","0","1","1","314504","1"
"0","0","1","0","1005","1","0","0","1","1","1005","0","0","10","0","1","5","31450501","1","0","1001","1005","314505","0"
"0","0","1","1","1002","1","0","0","1001","1002","1001","0","0","13","0","1","6","31450601","1","1002","1","1","314506","1"
"0","0","1","0","0","0","0","0","0","0","0","0","0","2","0","0","1","31460001","1","0","0","0","314600","0"
"0","0","1","0","0","1003","0","0","0","1","1001","0","0","8","0","1001","1","31460101","1","0","1","1","314601","0"
"0","0","1","0","0","0","0","0","0","1","1001","0","0","7","0","1","1","31460201","1","0","1003","1001","314602","0"
"0","0","1001","0","0","1007","0","0","0","1007","1007","0","0","8","0","1007","1","31460301","1007","0","1003","1001","314603","0"
"0","0","1009","0","0","0","0","0","0","1009","1009","0","0","7","0","1009","3","31460401","1006","0","1009","1005","314604","0"
"0","0","1005","0","0","0","0","0","0","1005","1006","0","0","4","0","0","1","31460501","1004","0","0","0","314605","0"
"0","0","1003","0","1007","1007","0","0","1001","1001","1007","0","0","10","0","1007","1","31460601","1007","0","1007","1003","314606","0"
"0","0","1001","0","0","0","0","0","0","1004","1003","0","0","6","0","1006","2","31470001","1002","0","1005","0","314700","0"
"0","0","1003","1009","1009","1009","0","1009","1009","1009","1009","0","0","13","1009","1009","12","31470101","1003","1009","1004","1009","314701","1005"
"0","0","1003","1009","1009","1009","0","1009","1009","1009","1009","0","0","13","1009","1009","12","31470201","1003","1009","1006","1009","314702","1007"
"0","0","1003","1002","1009","1009","0","1009","1002","1009","1009","0","0","14","1009","1009","13","31470301","1003","1009","1001","1009","314703","1009"
"0","0","1010","0","0","0","0","0","0","1","1","0","0","7","0","1","6","31470401","1010","0","1","1","314704","0"
"0","0","1010","0","0","1009","0","0","1009","1009","1001","0","0","9","0","1009","8","31470501","1010","0","1002","1003","314705","0"
"0","0","1010","1006","1009","1005","0","1009","1009","1009","1009","0","0","14","1009","1009","13","31470601","1010","1009","1004","1009","314706","1009"
"0","0","1002","0","0","0","0","0","0","0","0","0","0","2","0","0","1","31480001","1001","0","0","0","314800","0"
"0","0","1002","0","0","0","0","0","0","1002","1002","0","0","5","0","0","2","31480101","1001","0","1001","0","314801","0"
"0","0","1002","0","0","0","0","0","0","1002","1002","0","0","5","0","0","2","31480201","1001","0","1001","0","314802","0"
"0","0","1002","0","0","0","0","0","0","1002","1002","0","0","5","0","0","1","31480301","1002","0","1001","0","314803","0"
"0","0","1002","0","0","0","0","0","0","1002","1002","0","0","4","0","0","1","31480401","1002","0","0","0","314804","0"
"0","0","1004","0","0","0","0","0","0","1004","1004","0","0","5","0","0","1","31480501","1004","0","1004","0","314805","0"
"0","0","1005","0","0","0","0","0","0","1005","1005","0","0","4","0","0","1","31480502","1005","0","0","0","314805","0"
"0","0","1002","0","0","0","0","0","0","1001","1002","0","0","6","0","1002","1","31480601","1001","0","1002","0","314806","0"
"0","0","1001","0","0","0","0","0","0","0","1001","0","0","3","0","0","2","31490101","1001","0","0","0","314901","0"
"0","0","1004","0","0","0","0","0","0","0","1004","0","0","3","0","0","2","31490102","1003","0","0","0","314901","0"
"0","0","0","0","0","0","0","0","0","0","0","0","0","1","0","0","1","31500101","1001","0","0","0","315001","0"
"0","0","1004","0","1004","1004","0","0","1002","1004","1002","0","0","11","0","1001","3","31500201","1004","0","1004","1004","315002","1004"
"0","0","1001","0","1004","1001","0","0","1004","1004","1004","0","0","10","0","1004","3","31500202","1004","0","1002","1004","315002","0"
"0","0","1004","0","1004","1004","0","0","1002","1004","1002","0","0","11","0","1001","3","31500301","1004","0","1004","1004","315003","1004"
"0","0","1001","0","1004","1001","0","0","1004","1004","1004","0","0","10","0","1004","3","31500302","1004","0","1002","1004","315003","0"
"0","0","1002","0","0","0","0","0","0","0","0","0","0","2","0","0","1","31510001","1001","0","0","0","315100","0"
"0","0","1001","0","1007","1007","0","0","1007","1007","1007","0","0","10","0","1007","2","31510101","1007","0","1007","1007","315101","0"
"0","0","1002","1004","1004","1004","0","0","1004","1004","1001","0","0","13","0","1004","3","31510102","1003","1004","1004","1004","315101","1004"
"0","0","1001","1009","1009","1009","0","0","1009","1009","1009","0","0","13","0","1009","2","31510201","1009","1009","1002","1009","315102","1009"
"0","1004","1002","1004","1004","1004","0","1004","1004","1004","1001","0","0","15","1004","1004","3","31510202","1003","1004","1004","1004","315102","1002"
"0","0","1001","0","1005","1005","0","0","1005","1002","1005","0","0","10","0","1005","2","31510301","1005","0","1005","1005","315103","0"
"0","1004","1002","1004","1004","1004","0","1004","1004","1004","1004","0","0","15","1004","1001","3","31510302","1003","1004","1004","1004","315103","1002"
"0","0","1004","0","0","0","0","0","0","0","1004","0","0","3","0","0","2","31510401","1006","0","0","0","315104","0"
"0","0","1004","0","0","0","0","0","0","0","0","0","0","2","0","0","1","31510501","1004","0","0","0","315105","0"
"0","0","1001","0","0","1001","0","0","1007","1001","1007","0","0","9","0","1002","2","31510601","1007","0","1007","1007","315106","0"
"0","0","1004","0","1001","1001","0","0","1002","1004","1001","0","0","11","0","1002","6","31510602","1003","0","1004","1001","315106","1001"
"0","0","1002","0","0","0","0","0","0","0","0","0","0","2","0","0","1","31520001","1001","0","0","0","315200","0"
"0","0","1002","0","0","0","0","0","0","1002","1002","0","0","5","0","0","1","31520101","1002","0","1001","0","315201","0"
"0","0","1001","0","0","0","0","0","0","1002","1002","0","0","4","0","0","2","31520201","1002","0","0","0","315202","0"
"0","0","1001","0","0","0","0","0","0","1002","1002","0","0","4","0","0","2","31520301","1002","0","0","0","315203","0"
"0","0","1002","0","0","0","0","0","0","0","0","0","0","2","0","0","1","31520401","1002","0","0","0","315204","0"
"0","0","1001","0","0","0","0","0","0","0","0","0","0","2","0","0","1","31520501","1001","0","0","0","315205","0"
"0","0","1001","0","1002","1002","0","0","1002","1002","1002","0","0","11","0","1002","2","31520601","1002","0","1002","1002","315206","1002"
"0","0","1001","0","0","0","0","0","0","1005","1002","0","0","7","0","1001","3","31530001","1005","0","1005","1005","315300","0"
"0","0","1003","0","0","0","0","0","0","1003","1001","0","0","6","0","1003","1","31540001","1005","0","1003","0","315400","0"
"0","0","1","0","1","1","0","0","1005","1","1","0","0","11","0","1","6","31540101","1005","0","1001","1","315401","1001"
"0","0","1003","0","0","1","0","0","1","1","1005","0","0","9","0","1","1","31540102","1","0","1001","1","315401","0"
"0","0","1","0","1","1","0","0","1005","1","1","0","0","11","0","1","6","31540201","1005","0","1001","1","315402","1001"
"0","0","1003","0","0","0","0","0","0","1","1005","0","0","7","0","1","1","31540202","1","0","1001","1","315402","0"
"0","0","1004","0","1004","1004","0","0","1005","1004","1004","0","0","11","0","1004","6","31540301","1005","0","1001","1004","315403","1001"
"0","0","1003","0","0","0","0","0","0","1004","1005","0","0","7","0","1004","1","31540302","1004","0","1001","1004","315403","0"
"0","1005","1006","1006","1005","1005","0","1005","1009","1005","1005","0","0","15","1005","1005","10","31540401","1003","1005","1008","1006","315404","1005"
"0","0","1006","0","0","0","0","0","0","1010","1010","0","0","6","0","1010","2","31540501","1010","0","1010","0","315405","0"
"0","0","1005","0","0","1001","0","0","0","1001","1005","0","0","8","0","1005","1","31540601","1006","0","1005","1005","315406","0"
"0","0","1004","0","1001","1006","0","0","1005","1005","1006","0","0","10","0","1005","1","31540602","1005","0","1001","1004","315406","0"
"0","0","1005","0","0","1001","0","0","0","1001","1005","0","0","8","0","1005","1","31540701","1004","0","1005","1005","315407","0"
"0","0","1004","0","0","0","0","0","0","1001","1005","0","0","4","0","0","1","31540702","1005","0","0","0","315407","0"
"0","0","1004","0","0","0","0","0","0","1004","1004","0","0","5","0","0","1","31550001","1004","0","1004","0","315500","0"
"0","0","1001","0","0","0","0","0","0","1004","1004","0","0","5","0","0","1","31550101","1004","0","1004","0","315501","0"
"0","0","1001","0","0","0","0","0","0","1002","1004","0","0","5","0","0","1","31550201","1004","0","1004","0","315502","0"
"0","0","1001","0","0","0","0","0","0","1002","1004","0","0","5","0","0","1","31550301","1004","0","1004","0","315503","0"
"0","0","1001","0","0","0","0","0","0","1002","1004","0","0","5","0","0","1","31550401","1004","0","1004","0","315504","0"
"0","0","1004","0","0","0","0","0","0","1004","1004","0","0","5","0","0","1","31560001","1004","0","1004","0","315600","0"
"0","0","1001","0","0","0","0","0","0","1004","1004","0","0","5","0","0","1","31560101","1004","0","1004","0","315601","0"
"0","0","1001","0","0","0","0","0","0","1002","1004","0","0","5","0","0","1","31560201","1004","0","1004","0","315602","0"
"0","0","1001","0","0","0","0","0","0","1002","1004","0","0","5","0","0","1","31560301","1004","0","1004","0","315603","0"
"0","0","1001","0","0","0","0","0","0","1002","1004","0","0","5","0","0","1","31560401","1004","0","1004","0","315604","0"
"0","0","1004","0","0","0","0","0","0","1004","1004","0","0","5","0","0","1","31570001","1004","0","1004","0","315700","0"
"0","0","1001","0","0","0","0","0","0","1004","1004","0","0","5","0","0","1","31570101","1004","0","1004","0","315701","0"
"0","0","1001","0","0","0","0","0","0","1002","1004","0","0","5","0","0","1","31570201","1004","0","1004","0","315702","0"
"0","0","1001","0","0","0","0","0","0","1002","1004","0","0","5","0","0","1","31570301","1004","0","1004","0","315703","0"
"0","0","1001","0","0","0","0","0","0","1002","1004","0","0","5","0","0","1","31570401","1004","0","1004","0","315704","0"
"0","0","1004","0","0","0","0","0","0","1004","1004","0","0","5","0","0","1","31580001","1004","0","1004","0","315800","0"
"0","0","1001","0","0","0","0","0","0","1004","1004","0","0","5","0","0","1","31580101","1004","0","1004","0","315801","0"
"0","0","1001","0","0","0","0","0","0","1002","1004","0","0","5","0","0","1","31580201","1004","0","1004","0","315802","0"
"0","0","1001","0","0","0","0","0","0","1002","1004","0","0","5","0","0","1","31580301","1004","0","1004","0","315803","0"
"0","0","1001","0","0","0","0","0","0","1002","1004","0","0","5","0","0","1","31580401","1004","0","1004","0","315804","0"
"0","0","1004","0","0","0","0","0","0","1004","1004","0","0","5","0","0","1","31590001","1004","0","1004","0","315900","0"
"0","0","1001","0","0","0","0","0","0","1004","1004","0","0","5","0","0","1","31590101","1004","0","1004","0","315901","0"
"0","0","1001","0","0","0","0","0","0","1002","1004","0","0","5","0","0","1","31590201","1004","0","1004","0","315902","0"
"0","0","1001","0","0","0","0","0","0","1002","1004","0","0","5","0","0","1","31590301","1004","0","1004","0","315903","0"
"0","0","1001","0","0","0","0","0","0","1002","1004","0","0","5","0","0","1","31590401","1004","0","1004","0","315904","0"
"0","0","1002","0","0","0","0","0","0","1005","1004","0","0","5","0","0","1","31600001","1001","0","0","0","316000","0"
"0","0","1005","0","0","0","0","0","0","1002","1005","0","0","4","0","0","1","31600101","1001","0","0","0","316001","0"
"0","0","1002","0","0","0","0","0","0","1005","1005","0","0","7","0","1005","2","31600102","1004","0","1005","1001","316001","0"
"0","0","1005","0","0","0","0","0","0","1002","1005","0","0","4","0","0","1","31600201","1001","0","0","0","316002","0"
"0","0","1002","0","0","0","0","0","0","1005","1001","0","0","6","0","1005","2","31600202","1004","0","1005","0","316002","0"
"0","0","1005","0","0","0","0","0","0","1002","1005","0","0","7","0","1005","5","31600301","1001","0","1001","1002","316003","0"
"0","0","1002","0","0","0","0","0","0","1005","1001","0","0","5","0","0","2","31600302","1004","0","1005","0","316003","0"
"0","0","1006","0","0","0","0","0","0","1006","1005","0","0","4","0","0","1","31600401","1001","0","0","0","316004","0"
"0","0","1005","0","0","0","0","0","0","1001","1005","0","0","4","0","0","1","31600501","1005","0","0","0","316005","0"
"0","0","1005","0","0","0","0","0","0","1002","1005","0","0","7","0","1005","5","31600601","1001","0","1001","1002","316006","0"
"0","0","1002","0","0","0","0","0","0","1005","1001","0","0","5","0","0","2","31600602","1004","0","1005","0","316006","0"
"0","0","1001","1002","1002","1001","0","1002","1002","1001","1002","0","0","14","0","1001","10","31610001","1001","1001","1002","1002","316100","1001"
"0","0","1001","1002","1002","1001","0","1002","1002","1001","1002","0","0","14","0","1001","10","31610002","1001","1001","1002","1002","316100","1001"
"0","0","1002","0","0","0","0","0","0","1002","1001","0","0","5","0","0","1","31610101","1002","0","1002","0","316101","0"
"0","0","1002","0","0","0","0","0","0","1002","1001","0","0","5","0","0","1","31610201","1002","0","1002","0","316102","0"
"0","0","1002","0","0","0","0","0","0","1002","1001","0","0","5","0","0","1","31610301","1002","0","1002","0","316103","0"
"0","0","1004","0","0","0","0","0","0","0","0","0","0","2","0","0","1","31620001","1001","0","0","0","316200","0"
"0","0","1001","0","0","0","0","0","0","1004","1004","0","0","7","0","1004","3","31620101","1004","0","1004","1001","316201","0"
"0","0","1001","0","0","0","0","0","0","1004","1004","0","0","7","0","1004","3","31620201","1004","0","1004","1001","316202","0"
"0","0","1001","0","0","0","0","0","0","1004","1004","0","0","6","0","1001","3","31620301","1004","0","1004","0","316203","0"
"0","0","1006","0","0","0","0","0","0","0","1006","0","0","3","0","0","2","31620401","1002","0","0","0","316204","0"
"0","0","1004","0","0","1006","0","0","0","1006","1004","0","0","8","0","1004","5","31620501","1004","0","1004","1004","316205","0"
"0","0","1001","0","0","0","0","0","0","1004","1004","0","0","6","0","1001","3","31620601","1004","0","1004","0","316206","0"
"0","0","1002","0","0","0","0","0","0","1004","1001","0","0","5","0","0","1","31620701","1004","0","1004","0","316207","0"
"0","0","1003","0","0","0","0","0","0","0","1004","0","0","3","0","0","1","31630001","1002","0","0","0","316300","0"
"0","0","1002","0","0","0","0","0","0","1004","1004","0","0","4","0","0","1","31630101","1004","0","0","0","316301","0"
"0","0","1004","0","0","0","0","0","0","0","0","0","0","2","0","0","1","31630102","1004","0","0","0","316301","0"
"0","0","1002","0","0","0","0","0","0","1004","1004","0","0","4","0","0","1","31630201","1004","0","0","0","316302","0"
"0","0","1004","0","0","0","0","0","0","0","0","0","0","2","0","0","1","31630202","1004","0","0","0","316302","0"
"0","0","1002","0","0","0","0","0","0","1004","1004","0","0","4","0","0","1","31630301","1004","0","0","0","316303","0"
"0","0","1004","0","0","0","0","0","0","0","0","0","0","2","0","0","1","31630302","1004","0","0","0","316303","0"
"0","0","1004","0","0","0","0","0","0","1001","1004","0","0","6","0","1004","4","31630401","1004","0","1004","0","316304","0"
"0","0","1004","0","0","0","0","0","0","0","0","0","0","2","0","0","1","31630501","1004","0","0","0","316305","0"
"0","0","1002","0","0","0","0","0","0","1004","1004","0","0","4","0","0","1","31630601","1004","0","0","0","316306","0"
"0","0","1004","0","0","0","0","0","0","0","0","0","0","2","0","0","1","31630602","1004","0","0","0","316306","0"
"0","0","1002","0","0","0","0","0","0","0","0","0","0","2","0","0","1","31640001","1001","0","0","0","316400","0"
"0","0","1001","0","0","0","0","0","0","1002","1001","0","0","6","0","1002","1","31640101","1002","0","1001","0","316401","0"
"0","0","1002","0","0","0","0","0","0","1001","1002","0","0","5","0","0","1","31640102","1001","0","1002","0","316401","0"
"0","0","1001","0","0","0","0","0","0","1002","1001","0","0","6","0","1002","1","31640201","1002","0","1001","0","316402","0"
"0","0","1002","0","0","0","0","0","0","1001","1002","0","0","5","0","0","1","31640202","1001","0","1002","0","316402","0"
"0","0","1001","0","0","0","0","0","0","1002","1001","0","0","6","0","1002","1","31640301","1002","0","1001","0","316403","0"
"0","0","1002","0","0","0","0","0","0","1001","1002","0","0","5","0","0","1","31640302","1001","0","1002","0","316403","0"
"0","0","1005","0","0","0","0","0","0","0","1005","0","0","3","0","0","2","31640401","1005","0","0","0","316404","0"
"0","0","1001","0","0","0","0","0","0","0","1001","0","0","3","0","0","2","31640501","1001","0","0","0","316405","0"
"0","0","1004","0","0","0","0","0","0","0","1004","0","0","3","0","0","2","31640502","1004","0","0","0","316405","0"
"0","0","1001","0","1002","1002","0","0","1001","1001","1002","0","0","11","0","1002","9","31640601","1002","0","1002","1001","316406","1002"
"0","0","1002","0","0","0","0","0","0","1002","1001","0","0","5","0","0","2","31640602","1002","0","1002","0","316406","0"
"0","0","1002","0","0","0","0","0","0","0","0","0","0","2","0","0","1","31650001","1001","0","0","0","316500","0"
"0","0","1001","0","0","1001","0","0","1001","1002","1001","0","0","9","0","1001","1","31650101","1002","0","1001","1002","316501","0"
"0","0","1001","0","0","1001","0","0","1001","1002","1001","0","0","9","0","1001","1","31650201","1002","0","1001","1002","316502","0"
"0","0","1001","0","0","0","0","0","0","1002","1002","0","0","6","0","1002","1","31650301","1002","0","1001","0","316503","0"
"0","0","1001","0","0","0","0","0","0","0","1001","0","0","3","0","0","2","31650401","1001","0","0","0","316504","0"
"0","0","1001","0","0","0","0","0","0","0","1001","0","0","3","0","0","2","31650501","1001","0","0","0","316505","0"
"0","0","1001","0","0","0","0","0","0","1002","1002","0","0","6","0","1002","1","31650601","1002","0","1001","0","316506","0"
"0","0","1001","0","0","0","0","0","0","1002","1002","0","0","6","0","1002","1","31650701","1002","0","1001","0","316507","0"
"0","0","1002","0","0","0","0","0","0","1002","1001","0","0","6","0","1002","2","31660001","1002","0","1002","0","316600","0"
"0","0","1002","0","0","0","0","0","0","1002","1001","0","0","6","0","1002","2","31660101","1002","0","1002","0","316601","0"
"0","0","1002","0","0","0","0","0","0","1002","1001","0","0","6","0","1002","2","31660201","1002","0","1002","0","316602","0"
"0","0","1002","0","0","0","0","0","0","1002","1001","0","0","6","0","1002","2","31660301","1002","0","1002","0","316603","0"
"0","0","1002","0","0","0","0","0","0","0","0","0","0","2","0","0","1","31670001","1001","0","0","0","316700","0"
"0","0","1002","1002","1002","1002","0","0","1002","1002","1001","0","0","13","0","1002","4","31670101","1002","1001","1002","1002","316701","1002"
"0","0","1002","1002","1002","1002","0","0","1002","1002","1001","0","0","13","0","1002","4","31670201","1002","1001","1002","1002","316702","1002"
"0","0","1001","0","0","0","0","0","0","1002","1002","0","0","6","0","1001","3","31670301","1002","0","1002","0","316703","0"
"0","0","1002","0","0","0","0","0","0","0","1002","0","0","3","0","0","2","31670401","1006","0","0","0","316704","0"
"0","0","1008","0","0","0","0","0","0","0","1008","0","0","3","0","0","2","31670501","1008","0","0","0","316705","0"
"0","0","1001","0","0","0","0","0","0","1002","1002","0","0","6","0","1001","3","31670601","1002","0","1002","0","316706","0"
"0","0","1001","0","0","0","0","0","0","1004","1004","0","0","7","0","1004","2","31680001","1004","0","1002","1004","316800","0"
"0","0","1001","0","0","0","0","0","0","1004","1004","0","0","7","0","1004","2","31690001","1004","0","1002","1004","316900","0"
"0","0","1001","0","0","0","0","0","0","1002","1004","0","0","6","0","1004","2","31700001","1004","0","1004","0","317000","0"
"0","0","1001","0","0","0","0","0","0","1004","1004","0","0","6","0","1004","2","31710001","1004","0","1002","0","317100","0"
"0","0","1001","0","0","0","0","0","0","1002","1003","0","0","7","0","1001","2","31720001","1003","0","1003","1003","317200","0"
"0","0","1001","0","0","0","0","0","0","1004","1004","0","0","7","0","1004","2","31730001","1004","0","1002","1004","317300","0"
"0","0","1001","0","0","0","0","0","0","1004","1004","0","0","7","0","1004","2","31740001","1004","0","1002","1004","317400","0"
"0","0","1001","0","0","0","0","0","0","1001","1004","0","0","5","0","0","2","31750001","1004","0","1002","0","317500","0"
"0","0","1001","0","0","0","0","0","0","1003","1003","0","0","6","0","1003","2","31760001","1003","0","1001","0","317600","0"
"0","0","1003","0","0","0","0","0","0","1003","1002","0","0","7","0","1003","2","31770001","1003","0","1001","1001","317700","0"
"0","0","1001","0","0","0","0","0","0","1003","1003","0","0","6","0","1003","2","31780001","1003","0","1001","0","317800","0"
"0","0","1001","0","0","0","0","0","0","1002","1005","0","0","5","0","0","2","31790001","1005","0","1001","0","317900","0"
"0","0","1001","0","0","0","0","0","0","1001","1005","0","0","4","0","0","1","31790002","1003","0","0","0","317900","0"
"0","0","1002","0","0","0","0","0","0","0","0","0","0","2","0","0","1","31800001","1001","0","0","0","318000","0"
"0","0","1","0","0","0","0","0","0","1","1002","0","0","7","0","1001","1","31800101","1","0","1","1","318001","0"
"0","0","1002","0","1","1002","0","0","1","1","1","0","0","10","0","1","5","31800201","1","0","1001","1","318002","0"
"0","0","1002","0","0","1","0","0","1","1","1","0","0","9","0","1","5","31800301","1","0","1001","1002","318003","0"
"0","0","1","0","0","0","0","0","0","0","1","0","0","3","0","0","2","31800401","1","0","0","0","318004","0"
"0","0","1002","0","0","0","0","0","0","1005","1005","0","0","4","0","0","2","31800501","1005","0","0","0","318005","0"
"0","0","1002","0","0","1005","0","0","1005","1005","1005","0","0","9","0","1005","5","31800601","1005","0","1001","1002","318006","0"
"0","0","1002","0","0","0","0","0","0","0","1002","0","0","3","0","0","2","31810001","1001","0","0","0","318100","0"
"0","0","1004","0","0","0","0","0","0","1002","1004","0","0","6","0","1001","2","31810101","1001","0","1004","0","318101","0"
"0","0","1004","0","0","0","0","0","0","1002","1004","0","0","6","0","1001","2","31810201","1001","0","1004","0","318102","0"
"0","0","1004","0","0","0","0","0","0","1002","1004","0","0","6","0","1001","3","31810301","1001","0","1004","0","318103","0"
"0","0","1001","0","0","0","0","0","0","1004","1004","0","0","4","0","0","1","31810401","1004","0","0","0","318104","0"
"0","0","1004","0","0","0","0","0","0","0","1006","0","0","3","0","0","1","31810501","1004","0","0","0","318105","0"
"0","0","1002","0","0","0","0","0","0","1001","1004","0","0","6","0","1002","3","31810601","1004","0","1004","0","318106","0"
"0","0","1006","0","0","0","0","0","0","1002","1006","0","0","4","0","0","1","31820001","1001","0","0","0","318200","0"
"0","0","1006","0","0","0","0","0","0","1002","1006","0","0","4","0","0","1","31820101","1001","0","0","0","318201","0"
"0","0","1006","0","0","0","0","0","0","1005","1006","0","0","4","0","0","1","31820102","1004","0","0","0","318201","0"
"0","0","1006","0","0","0","0","0","0","1002","1006","0","0","4","0","0","1","31820201","1001","0","0","0","318202","0"
"0","0","1006","0","0","0","0","0","0","1005","1006","0","0","4","0","0","1","31820202","1004","0","0","0","318202","0"
"0","0","1006","0","0","0","0","0","0","1002","1006","0","0","4","0","0","1","31820301","1001","0","0","0","318203","0"
"0","0","1006","0","0","0","0","0","0","1005","1006","0","0","4","0","0","1","31820302","1004","0","0","0","318203","0"
"0","0","1006","0","0","0","0","0","0","0","1006","0","0","3","0","0","2","31820401","1008","0","0","0","318204","0"
"0","0","1006","0","0","0","0","0","0","1006","1006","0","0","4","0","0","1","31820501","1002","0","0","0","318205","0"
"0","0","1006","0","0","0","0","0","0","1002","1006","0","0","4","0","0","1","31820601","1001","0","0","0","318206","0"
"0","0","1006","0","0","0","0","0","0","1005","1006","0","0","4","0","0","1","31820602","1004","0","0","0","318206","0"
"0","0","1001","0","0","0","0","0","0","1003","1002","0","0","4","0","0","1","31830001","1001","0","0","0","318300","0"
"0","0","1002","1001","1002","1002","0","1002","1001","1002","1001","0","0","14","1002","1001","13","31830101","1002","1002","1002","1002","318301","1002"
"0","0","1002","1001","1002","1002","0","1002","1001","1002","1001","0","0","14","1002","1001","13","31830201","1002","1002","1002","1002","318302","1002"
"0","0","1002","1001","1002","1002","0","1002","1001","1002","1001","0","0","14","1002","1001","13","31830301","1002","1002","1002","1002","318303","1002"
"0","0","1004","0","0","0","0","0","0","0","1004","0","0","3","0","0","2","31830401","1005","0","0","0","318304","0"
"0","0","1001","0","0","0","0","0","0","1004","1004","0","0","7","0","1004","2","31830501","1004","0","1002","1004","318305","0"
"0","0","1002","1001","1002","1002","0","1002","1001","1002","1001","0","0","14","1002","1001","13","31830601","1002","1002","1002","1002","318306","1002"
"0","0","1003","0","0","0","0","0","0","1003","1003","0","0","4","0","0","1","31840001","1001","0","0","0","318400","0"
"0","0","1003","0","0","0","0","0","0","1003","1003","0","0","4","0","0","1","31840101","1001","0","0","0","318401","0"
"0","0","1003","0","0","0","0","0","0","1003","1001","0","0","5","0","0","1","31840201","1003","0","1002","0","318402","0"
"0","0","1001","0","0","0","0","0","0","1003","1003","0","0","4","0","0","1","31840301","1003","0","0","0","318403","0"
"0","0","1003","0","0","0","0","0","0","1003","1001","0","0","5","0","0","1","31840401","1003","0","1002","0","318404","0"
"0","0","1007","0","0","0","0","0","0","1001","1007","0","0","5","0","0","1","31850001","1007","0","1007","0","318500","0"
"0","0","1007","0","0","0","0","0","0","1001","1007","0","0","5","0","0","1","31850101","1007","0","1007","0","318501","0"
"0","0","1007","0","0","0","0","0","0","1001","1007","0","0","6","0","1007","1","31850201","1007","0","1007","0","318502","0"
"0","0","1001","0","1007","1007","0","0","1007","1007","1007","0","0","10","0","1007","2","31850301","1007","0","1007","1001","318503","0"
"0","0","1001","0","0","1007","0","0","1001","1007","1007","0","0","9","0","1007","1","31850401","1007","0","1001","1007","318504","0"
"0","0","1007","0","0","0","0","0","0","1007","1001","0","0","5","0","0","1","31850501","1007","0","1007","0","318505","0"
"0","0","1001","0","1007","1007","0","0","1007","1007","1007","0","0","10","0","1007","2","31850601","1007","0","1007","1001","318506","0"
"0","0","1001","0","0","0","0","0","0","1002","1002","0","0","7","0","1002","3","31860001","1002","0","1002","1001","318600","0"
"0","0","1001","0","0","0","0","0","0","1002","1002","0","0","7","0","1002","3","31860101","1002","0","1002","1001","318601","0"
"0","0","1001","0","0","0","0","0","0","1002","1002","0","0","7","0","1002","3","31860201","1002","0","1002","1001","318602","0"
"0","0","1001","0","0","0","0","0","0","1002","1002","0","0","7","0","1002","3","31860301","1002","0","1002","1001","318603","0"
"0","0","1002","0","0","0","0","0","0","1002","1001","0","0","7","0","1002","1","31860302","1002","0","1002","1001","318603","0"
"0","0","1002","1007","1002","1006","0","1002","1002","1004","1002","0","0","14","1002","1002","13","31860401","1002","1002","1002","1002","318604","1002"
"0","0","1002","0","0","0","0","0","0","0","0","0","0","2","0","0","1","31860501","1002","0","0","0","318605","0"
"0","0","1001","0","0","0","0","0","0","1002","1002","0","0","7","0","1002","3","31860601","1002","0","1002","1001","318606","0"
"0","0","1002","0","0","0","0","0","0","1002","1001","0","0","7","0","1002","1","31860602","1002","0","1002","1001","318606","0"
"0","0","1001","0","0","0","0","0","0","1002","1003","0","0","5","0","0","2","31870001","1003","0","1003","0","318700","0"
"0","0","1002","0","0","1001","0","0","0","1001","1004","0","0","8","0","1004","2","31880001","1004","0","1004","1004","318800","0"
"0","0","1002","0","0","1001","0","0","0","1001","1004","0","0","8","0","1004","2","31880101","1004","0","1004","1004","318801","0"
"0","0","1002","0","0","1001","0","0","0","1001","1004","0","0","8","0","1004","2","31880201","1004","0","1004","1004","318802","0"
"0","0","1002","0","0","1001","0","0","0","1001","1004","0","0","8","0","1004","2","31880301","1004","0","1004","1004","318803","0"
"0","0","1002","0","0","0","0","0","0","1004","1004","0","0","5","0","0","1","31880401","1004","0","1004","0","318804","0"
"0","0","1001","1001","1004","1007","0","0","1001","1004","1004","0","0","13","0","1001","1","31880501","1004","1004","1006","1004","318805","1008"
"0","0","1002","0","0","1001","0","0","0","1001","1004","0","0","8","0","1004","2","31880601","1004","0","1004","1004","318806","0"
"0","0","1001","0","0","0","0","0","0","1002","1004","0","0","5","0","0","2","31890001","1004","0","1004","0","318900","0"
"0","0","1001","0","0","0","0","0","0","1002","1004","0","0","5","0","0","2","31890101","1004","0","1004","0","318901","0"
"0","0","1001","0","0","0","0","0","0","1002","1004","0","0","5","0","0","2","31890201","1004","0","1004","0","318902","0"
"0","0","1001","0","0","0","0","0","0","1002","1004","0","0","5","0","0","2","31890301","1004","0","1004","0","318903","0"
"0","0","1007","0","0","0","0","0","0","1008","1008","0","0","4","0","0","3","31890401","1006","0","0","0","318904","0"
"0","0","1001","0","0","0","0","0","0","0","0","0","0","2","0","0","1","31890501","1001","0","0","0","318905","0"
"0","0","1001","0","0","0","0","0","0","1002","1004","0","0","5","0","0","2","31890601","1004","0","1004","0","318906","0"
"0","0","1003","0","0","0","0","0","0","1003","1002","0","0","6","0","1001","1","31900001","1005","0","1002","0","319000","0"
"0","0","1003","0","0","0","0","0","0","1003","1002","0","0","6","0","1001","1","31900101","1006","0","1002","0","319001","0"
"0","0","1003","0","0","0","0","0","0","1003","1002","0","0","6","0","1001","1","31900201","1007","0","1002","0","319002","0"
"0","0","1003","0","0","0","0","0","0","1003","1002","0","0","6","0","1001","1","31900202","1007","0","1002","0","319002","0"
"0","0","1002","0","0","0","0","0","0","1002","1003","0","0","5","0","0","1","31900301","1003","0","1001","0","319003","0"
"0","0","1003","0","0","0","0","0","0","0","0","0","0","2","0","0","1","31900401","1003","0","0","0","319004","0"
"0","0","1003","0","0","0","0","0","0","1003","1002","0","0","6","0","1001","1","31900501","1006","0","1002","0","319005","0"
"0","0","1003","0","0","0","0","0","0","1003","1002","0","0","6","0","1001","1","31900502","1006","0","1002","0","319005","0"
"0","0","1004","0","0","1004","0","0","1002","1004","1004","0","0","9","0","1004","2","31910001","1001","0","1001","1004","319100","0"
"0","0","1004","0","0","1004","0","0","1002","1004","1004","0","0","9","0","1004","2","31910101","1001","0","1001","1004","319101","0"
"0","0","1004","0","0","1004","0","0","1002","1004","1004","0","0","9","0","1004","2","31910201","1001","0","1001","1004","319102","0"
"0","0","1004","0","0","1004","0","0","1002","1004","1004","0","0","9","0","1004","2","31910301","1001","0","1001","1004","319103","0"
"0","0","1006","0","0","0","0","0","0","0","1006","0","0","3","0","0","1","31910401","1005","0","0","0","319104","0"
"0","0","1008","0","0","1009","0","0","0","1004","1009","0","0","8","0","1004","4","31910501","1004","0","1004","1008","319105","0"
"0","0","1004","0","0","1004","0","0","1002","1004","1004","0","0","9","0","1004","2","31910601","1001","0","1001","1004","319106","0"
"0","0","1002","0","0","1001","0","0","0","1002","1001","0","0","8","0","1001","4","31920001","1001","0","1002","1002","319200","0"
"0","0","1002","0","0","1001","0","0","0","1002","1001","0","0","8","0","1001","4","31920101","1001","0","1002","1002","319201","0"
"0","0","1002","0","0","1001","0","0","0","1002","1001","0","0","8","0","1001","4","31920201","1001","0","1002","1002","319202","0"
"0","0","1002","0","0","1001","0","0","0","1002","1001","0","0","8","0","1001","4","31920301","1001","0","1002","1002","319203","0"
"0","0","1004","0","0","1002","0","0","0","1004","1002","0","0","8","0","1004","1","31930001","1004","0","1001","1004","319300","0"
"0","0","1004","0","0","1002","0","0","0","1004","1002","0","0","8","0","1004","1","31930101","1004","0","1001","1004","319301","0"
"0","0","1004","0","0","1002","0","0","0","1004","1002","0","0","8","0","1004","1","31930201","1004","0","1001","1004","319302","0"
"0","0","1002","0","0","0","0","0","0","1001","1004","0","0","6","0","1002","1","31930202","1004","0","1004","0","319302","0"
"0","0","1004","0","0","0","0","0","0","0","0","0","0","2","0","0","1","31930301","1004","0","0","0","319303","0"
"0","0","1004","0","0","0","0","0","0","1004","1004","0","0","5","0","0","1","31930401","1006","0","1004","0","319304","0"
"0","0","1004","0","0","1002","0","0","0","1004","1002","0","0","8","0","1004","1","31930501","1004","0","1001","1004","319305","0"
"0","0","1002","0","0","0","0","0","0","1001","1004","0","0","6","0","1002","1","31930502","1004","0","1004","0","319305","0"
"0","0","1005","0","0","1005","0","0","1004","1002","1001","0","0","9","0","1005","4","31940001","1001","0","1003","1001","319400","0"
"0","0","1003","0","1003","1001","0","0","1002","1003","1004","0","0","11","0","1002","5","31950001","1004","0","1001","1004","319500","1004"
"0","0","1003","0","1003","1001","0","0","1002","1003","1004","0","0","11","0","1002","5","31950101","1004","0","1001","1004","319501","1004"
"0","0","1003","0","1003","1001","0","0","1002","1003","1004","0","0","11","0","1002","5","31950201","1004","0","1001","1004","319502","1004"
"0","0","1007","0","0","0","0","0","0","0","0","0","0","2","0","0","1","31950301","1006","0","0","0","319503","0"
"0","0","1004","0","0","0","0","0","0","0","0","0","0","2","0","0","1","31950401","1004","0","0","0","319504","0"
"0","0","1003","0","1003","1001","0","0","1002","1003","1004","0","0","11","0","1002","5","31950501","1004","0","1001","1004","319505","1004"
"0","0","1001","0","0","0","0","0","0","0","0","0","0","2","0","0","1","31960001","1001","0","0","0","319600","0"
"0","0","1002","0","0","0","0","0","0","1002","1001","0","0","5","0","0","2","31960101","1002","0","1002","0","319601","0"
"0","0","1002","0","0","0","0","0","0","1002","1001","0","0","5","0","0","2","31960201","1002","0","1002","0","319602","0"
"0","0","1002","0","0","0","0","0","0","1002","1001","0","0","5","0","0","2","31960301","1002","0","1002","0","319603","0"
"0","0","1003","0","0","0","0","0","0","1003","1003","0","0","5","0","0","1","31970001","1001","0","1003","0","319700","0"
"0","0","1001","0","0","0","0","0","0","0","0","0","0","2","0","0","1","31970101","1001","0","0","0","319701","0"
"0","0","1001","0","0","0","0","0","0","0","0","0","0","2","0","0","2","31980001","1002","0","0","0","319800","0"
"0","0","1001","0","0","0","0","0","0","0","0","0","0","2","0","0","1","31980101","1001","0","0","0","319801","0"
"0","0","1001","0","0","0","0","0","0","0","1002","0","0","3","0","0","1","31990001","1002","0","0","0","319900","0"
"0","0","0","0","0","0","0","0","0","0","0","0","0","1","0","0","1","31990002","1004","0","0","0","319900","0"
"0","0","0","0","0","0","0","0","0","0","0","0","0","1","0","0","1","31990003","1005","0","0","0","319900","0"
"0","0","0","0","0","0","0","0","0","0","0","0","0","1","0","0","1","31990004","1006","0","0","0","319900","0"
"0","0","1002","0","0","0","0","0","0","1002","1002","0","0","6","0","1002","1","31990101","1001","0","1002","0","319901","0"
"0","0","1004","0","0","1001","0","0","0","1001","1004","0","0","8","0","1001","1","32000001","1001","0","1004","1004","320000","0"
"0","0","1004","0","0","1001","0","0","0","1001","1004","0","0","8","0","1001","1","32000101","1001","0","1004","1004","320001","0"
"0","0","1004","0","0","1001","0","0","0","1001","1004","0","0","8","0","1001","1","32000201","1001","0","1004","1004","320002","0"
"0","0","1004","0","0","1002","0","0","0","1002","1004","0","0","8","0","1002","1","32000202","1002","0","1004","1004","320002","0"
"0","0","1004","0","0","0","0","0","0","0","1004","0","0","3","0","0","2","32000301","1007","0","0","0","320003","0"
"0","0","1005","0","0","0","0","0","0","0","0","0","0","2","0","0","1","32000401","1005","0","0","0","320004","0"
"0","0","1004","0","0","1001","0","0","0","1001","1004","0","0","8","0","1001","1","32000501","1001","0","1004","1004","320005","0"
"0","0","1004","0","0","1002","0","0","0","1002","1004","0","0","8","0","1002","1","32000502","1002","0","1004","1004","320005","0"
"0","0","1001","0","0","0","0","0","0","1002","1005","0","0","6","0","1001","1","32010001","1003","0","1001","0","320100","0"
"0","0","1001","0","0","0","0","0","0","1002","1005","0","0","5","0","0","1","32010101","1003","0","1001","0","320101","0"
"0","0","1001","0","0","0","0","0","0","1002","1005","0","0","5","0","0","1","32010201","1003","0","1001","0","320102","0"
"0","0","1001","0","0","0","0","0","0","1002","1005","0","0","5","0","0","1","32010301","1003","0","1001","0","320103","0"
"0","0","1004","0","0","0","0","0","0","1002","1004","0","0","6","0","1004","1","32020001","1001","0","1004","0","320200","0"
"0","0","1004","0","0","0","0","0","0","1002","1004","0","0","6","0","1004","1","32020101","1001","0","1004","0","320201","0"
"0","0","1004","0","0","0","0","0","0","1002","1004","0","0","6","0","1004","1","32020201","1001","0","1004","0","320202","0"
"0","0","1004","0","0","0","0","0","0","1004","1002","0","0","4","0","0","1","32020202","1001","0","0","0","320202","0"
"0","0","1004","0","0","0","0","0","0","0","1004","0","0","4","0","0","2","32020301","1007","0","0","0","320203","0"
"0","0","1006","0","0","0","0","0","0","1006","1006","0","0","4","0","0","2","32020401","1009","0","0","0","320204","0"
"0","0","1004","0","0","0","0","0","0","1002","1004","0","0","6","0","1004","1","32020501","1001","0","1004","0","320205","0"
"0","0","1004","0","0","0","0","0","0","1004","1002","0","0","4","0","0","1","32020502","1001","0","0","0","320205","0"
"0","0","1004","0","0","0","0","0","0","0","1004","0","0","4","0","0","2","32020601","1008","0","0","0","320206","0"
"0","0","1006","0","0","0","0","0","0","1006","1006","0","0","4","0","0","2","32020701","1009","0","0","0","320207","0"
"0","0","1004","0","0","0","0","0","0","1002","1004","0","0","6","0","1004","1","32020801","1001","0","1004","0","320208","0"
"0","0","1004","0","0","0","0","0","0","1004","1002","0","0","4","0","0","1","32020802","1001","0","0","0","320208","0"
"0","0","1001","0","0","0","0","0","0","1001","1003","0","0","4","0","0","1","32030001","1002","0","0","0","320300","0"
"0","0","1001","0","0","0","0","0","0","1001","1003","0","0","4","0","0","1","32030101","1002","0","0","0","320301","0"
"0","0","1001","0","0","0","0","0","0","1001","1003","0","0","4","0","0","1","32030201","1002","0","0","0","320302","0"
"0","0","1001","0","0","0","0","0","0","0","1001","0","0","3","0","0","2","32030301","1004","0","0","0","320303","0"
"0","0","1003","0","0","0","0","0","0","1003","1002","0","0","4","0","0","2","32030401","1005","0","0","0","320304","0"
"0","0","1001","0","0","0","0","0","0","1001","1003","0","0","4","0","0","1","32030501","1002","0","0","0","320305","0"
"0","0","1001","0","0","0","0","0","0","0","1001","0","0","3","0","0","2","32030601","1007","0","0","0","320306","0"
"0","0","1003","0","0","0","0","0","0","1003","1002","0","0","4","0","0","2","32030701","1008","0","0","0","320307","0"
"0","0","1001","0","0","0","0","0","0","1001","1003","0","0","4","0","0","1","32030801","1002","0","0","0","320308","0"
"0","0","1002","0","0","0","0","0","0","1002","1002","0","0","5","0","0","1","32040001","1001","0","1002","0","320400","0"
"0","0","1002","0","0","0","0","0","0","1002","1002","0","0","5","0","0","1","32040101","1001","0","1002","0","320401","0"
"0","0","1002","0","0","0","0","0","0","1002","1002","0","0","5","0","0","1","32040201","1001","0","0","0","320402","0"
"0","0","1002","0","0","0","0","0","0","0","0","0","0","2","0","0","1","32040301","1002","0","0","0","320403","0"
"0","0","1002","0","0","0","0","0","0","1002","1002","0","0","6","0","1002","1","32040401","1004","0","1002","0","320404","0"
"0","0","1002","0","0","0","0","0","0","1002","1002","0","0","5","0","0","1","32040501","1001","0","0","0","320405","0"
"0","0","1002","0","0","0","0","0","0","0","0","0","0","2","0","0","1","32040601","1002","0","0","0","320406","0"
"0","0","1002","0","0","0","0","0","0","1002","1002","0","0","6","0","1002","1","32040701","1005","0","1002","0","320407","0"
"0","0","1002","0","0","0","0","0","0","1002","1002","0","0","5","0","0","1","32040801","1001","0","0","0","320408","0"
"0","0","1002","0","0","0","0","0","0","1004","1003","0","0","4","0","0","1","32050001","1001","0","0","0","320500","0"
"0","0","1002","0","0","0","0","0","0","1004","1003","0","0","4","0","0","1","32050101","1001","0","0","0","320501","0"
"0","0","1002","0","0","0","0","0","0","1004","1003","0","0","4","0","0","1","32050201","1001","0","0","0","320502","0"
"0","0","1003","0","0","0","0","0","0","1003","1003","0","0","4","0","0","1","32050301","1001","0","0","0","320503","0"
"0","0","1004","0","0","0","0","0","0","1004","1004","0","0","4","0","0","1","32050401","1002","0","0","0","320504","0"
"0","0","1002","0","0","0","0","0","0","1004","1003","0","0","4","0","0","1","32050501","1001","0","0","0","320505","0"
"0","0","1003","0","0","0","0","0","0","1003","1003","0","0","4","0","0","1","32050601","1001","0","0","0","320506","0"
"0","0","1004","0","0","0","0","0","0","1004","1004","0","0","4","0","0","1","32050701","1002","0","0","0","320507","0"
"0","0","1002","0","0","0","0","0","0","1004","1003","0","0","4","0","0","1","32050801","1001","0","0","0","320508","0"
"0","0","1002","0","0","0","0","0","0","1002","1001","0","0","5","0","0","1","32060001","1002","0","1001","0","320600","0"
"0","0","1003","0","0","0","0","0","0","1003","1001","0","0","5","0","0","1","32070001","1003","0","1002","0","320700","0"
"0","0","1003","0","0","0","0","0","0","1003","1001","0","0","5","0","0","1","32070101","1003","0","1002","0","320701","0"
"0","0","1003","0","0","0","0","0","0","1003","1001","0","0","5","0","0","1","32070201","1003","0","1002","0","320702","0"
"0","0","1008","0","0","0","0","0","0","1008","1003","0","0","7","0","1008","2","32070301","1004","0","1001","1003","320703","0"
"0","0","1006","0","0","0","0","0","0","0","0","0","0","2","0","0","1","32070302","1006","0","0","0","320703","0"
"0","0","1003","0","0","0","0","0","0","1001","1003","0","0","4","0","0","2","32070401","1005","0","0","0","320704","0"
"0","0","1003","0","0","0","0","0","0","1003","1001","0","0","5","0","0","1","32070501","1003","0","1002","0","320705","0"
"0","0","1008","0","0","0","0","0","0","1008","1003","0","0","7","0","1008","2","32070601","1004","0","1001","1003","320706","0"
"0","0","1006","0","0","0","0","0","0","0","0","0","0","2","0","0","1","32070602","1006","0","0","0","320706","0"
"0","0","1003","0","0","0","0","0","0","1001","1003","0","0","4","0","0","2","32070701","1005","0","0","0","320707","0"
"0","0","1003","0","0","0","0","0","0","1003","1001","0","0","5","0","0","1","32070801","1003","0","1002","0","320708","0"
"0","0","1001","0","0","0","0","0","0","1002","1002","0","0","4","0","1002","1","32080001","1002","0","1002","0","320800","0"
"0","0","1001","0","0","0","0","0","0","1002","1002","0","0","4","0","1002","1","32080101","1002","0","1002","0","320801","0"
"0","0","1001","0","0","0","0","0","0","1002","1002","0","0","4","0","1002","1","32080201","1002","0","1002","0","320802","0"
"0","0","1003","0","0","0","0","0","0","1003","1001","0","0","6","0","1001","1","32090001","1003","0","1003","0","320900","0"
"0","0","1003","0","0","0","0","0","0","1003","1001","0","0","6","0","1001","1","32090101","1003","0","1003","0","320901","0"
"0","0","1003","0","0","0","0","0","0","1003","1001","0","0","6","0","1001","1","32090201","1003","0","1003","0","320902","0"
"0","0","1003","0","0","0","0","0","0","1003","1001","0","0","6","0","1001","1","32090301","1003","0","1003","0","320903","0"
"0","0","1002","0","0","0","0","0","0","0","1002","0","0","3","0","0","2","32090302","1002","0","0","0","320903","0"
"0","0","1003","0","0","0","0","0","0","0","1003","0","0","3","0","0","2","32090401","1003","0","0","0","320904","0"
"0","0","1003","0","0","0","0","0","0","1003","1001","0","0","5","0","0","4","32090501","1003","0","1001","0","320905","0"
"0","0","1003","0","0","0","0","0","0","1003","1001","0","0","6","0","1001","1","32090601","1003","0","1003","0","320906","0"
"0","0","1003","0","0","0","0","0","0","0","1003","0","0","3","0","0","2","32090701","1003","0","0","0","320907","0"
"0","0","1003","0","0","0","0","0","0","1003","1001","0","0","5","0","0","4","32090801","1003","0","1001","0","320908","0"
"0","0","1003","0","0","0","0","0","0","1003","1001","0","0","4","0","0","2","32100001","1003","0","0","0","321000","0"
"0","0","1005","0","0","0","0","0","0","0","1004","0","0","3","0","0","2","32100002","1004","0","0","0","321000","0"
"0","0","1003","0","0","0","0","0","0","1003","1001","0","0","5","0","0","2","32110001","1003","0","1002","0","321100","0"
"0","0","1003","0","0","0","0","0","0","1003","1001","0","0","5","0","0","2","32110101","1003","0","1002","0","321101","0"
"0","0","1003","0","0","0","0","0","0","1003","1001","0","0","5","0","0","2","32110201","1003","0","1002","0","321102","0"
"0","0","1005","0","0","0","0","0","0","1006","1006","0","0","4","0","0","3","32110301","1004","0","0","0","321103","0"
"0","0","1003","0","0","0","0","0","0","0","0","0","0","2","0","0","1","32110401","1003","0","0","0","321104","0"
"0","0","1001","0","0","0","0","0","0","1001","1003","0","0","6","0","1002","2","32110501","1003","0","1003","0","321105","0"
"0","0","1008","0","0","0","0","0","0","1009","1009","0","0","4","0","0","3","32110601","1007","0","0","0","321106","0"
"0","0","1003","0","0","0","0","0","0","0","0","0","0","2","0","0","1","32110701","1003","0","0","0","321107","0"
"0","0","1001","0","0","0","0","0","0","1001","1003","0","0","6","0","1002","2","32110801","1003","0","1003","0","321108","0"
"0","0","1005","0","0","0","0","0","0","1005","1004","0","0","5","0","0","1","32120001","1004","0","1005","0","321200","0"
"0","0","1005","0","0","0","0","0","0","1005","1005","0","0","4","0","0","1","32120002","1004","0","0","0","321200","0"
"0","0","1005","0","0","0","0","0","0","1005","1004","0","0","5","0","0","1","32120101","1004","0","1005","0","321201","0"
"0","0","1005","0","0","0","0","0","0","1005","1005","0","0","4","0","0","1","32120102","1004","0","0","0","321201","0"
"0","0","1005","0","0","0","0","0","0","1005","1004","0","0","5","0","0","1","32120201","1004","0","1005","0","321202","0"
"0","0","1005","0","0","0","0","0","0","1005","1005","0","0","4","0","0","1","32120202","1004","0","0","0","321202","0"
"0","0","1003","0","0","0","0","0","0","0","0","0","0","2","0","0","1","32120301","1003","0","0","0","321203","0"
"0","0","1003","0","0","0","0","0","0","1001","1003","0","0","5","0","0","1","32120401","1001","0","1003","0","321204","0"
"0","0","1005","0","0","0","0","0","0","1005","1004","0","0","5","0","0","1","32120501","1004","0","1005","0","321205","0"
"0","0","1005","0","0","0","0","0","0","1005","1005","0","0","4","0","0","1","32120502","1004","0","0","0","321205","0"
"0","0","1003","0","0","0","0","0","0","0","0","0","0","2","0","0","1","32120601","1003","0","0","0","321206","0"
"0","0","1003","0","0","0","0","0","0","1001","1003","0","0","5","0","0","1","32120701","1001","0","1003","0","321207","0"
"0","0","1005","0","0","0","0","0","0","1005","1004","0","0","5","0","0","1","32120801","1004","0","1005","0","321208","0"
"0","0","1005","0","0","0","0","0","0","1005","1005","0","0","4","0","0","1","32120802","1004","0","0","0","321208","0"
"0","0","1002","0","0","0","0","0","0","0","1001","0","0","3","0","0","1","32130001","1002","0","0","0","321300","0"
"0","0","1002","0","0","0","0","0","0","0","1001","0","0","3","0","0","1","32130101","1002","0","0","0","321301","0"
"0","0","1002","0","0","0","0","0","0","0","1001","0","0","3","0","0","1","32130201","1002","0","0","0","321302","0"
"0","0","1002","0","0","0","0","0","0","0","0","0","0","2","0","0","1","32130301","1002","0","0","0","321303","0"
"0","0","1001","0","0","0","0","0","0","1002","1002","0","0","4","0","0","2","32130401","1003","0","0","0","321304","0"
"0","0","1002","0","0","0","0","0","0","1002","1001","0","0","4","0","0","1","32130501","1001","0","0","0","321305","0"
"0","0","1002","0","0","0","0","0","0","0","0","0","0","2","0","0","1","32130601","1002","0","0","0","321306","0"
"0","0","1001","0","0","0","0","0","0","1002","1002","0","0","4","0","0","2","32130701","1003","0","0","0","321307","0"
"0","0","1002","0","0","0","0","0","0","1002","1001","0","0","4","0","0","1","32130801","1001","0","0","0","321308","0"
"0","0","1001","0","0","0","0","0","0","1010","1009","0","0","6","0","1010","2","32140001","1007","0","1009","0","321400","0"
"0","0","1001","0","0","0","0","0","0","1010","1009","0","0","6","0","1010","2","32140101","1007","0","1009","0","321401","0"
"0","0","1001","0","0","0","0","0","0","1010","1009","0","0","6","0","1010","2","32140201","1007","0","1009","0","321402","0"
"0","0","1001","0","0","0","0","0","0","1010","1009","0","0","4","0","0","2","32140301","1008","0","0","0","321403","0"
"0","0","1001","0","0","0","0","0","0","1010","1009","0","0","4","0","0","2","32140401","1002","0","0","0","321404","0"
"0","0","1001","0","0","0","0","0","0","1010","1009","0","0","4","0","0","2","32140501","1007","0","0","0","321405","0"
"0","0","1001","0","0","0","0","0","0","1010","1009","0","0","4","0","0","2","32140601","1008","0","0","0","321406","0"
"0","0","1001","0","0","0","0","0","0","1010","1009","0","0","4","0","0","2","32140701","1002","0","0","0","321407","0"
"0","0","1001","0","0","0","0","0","0","1010","1009","0","0","4","0","0","2","32140801","1007","0","0","0","321408","0"
"0","0","1003","0","0","0","0","0","0","1003","1001","0","0","4","0","0","2","32150001","1002","0","0","0","321500","0"
"0","0","1003","0","0","0","0","0","0","1003","1002","0","0","4","0","0","1","32160001","1001","0","0","0","321600","0"
"0","0","1001","0","0","0","0","0","0","0","0","0","0","2","0","0","1","32160101","1001","0","0","0","321601","0"
"0","0","1001","0","0","0","0","0","0","1002","1003","0","0","4","0","0","1","32160201","1003","0","0","0","321602","0"
"0","0","1003","0","0","0","0","0","0","1003","1002","0","0","4","0","0","1","32160301","1001","0","0","0","321603","0"
"0","0","1002","0","0","0","0","0","0","1001","1001","0","0","5","0","0","1","32170001","1001","0","1002","0","321700","0"
"0","0","1002","0","0","0","0","0","0","1001","1001","0","0","5","0","0","1","32170101","1001","0","1002","0","321701","0"
"0","0","1002","0","0","0","0","0","0","1001","1001","0","0","5","0","0","1","32170201","1001","0","1002","0","321702","0"
"0","0","1001","0","0","0","0","0","0","0","1001","0","0","3","0","0","2","32170301","1001","0","0","0","321703","0"
"0","0","1001","1005","1001","1004","0","1001","1001","1003","1001","0","0","15","1001","1001","13","32170401","1001","1001","1001","1001","321704","1001"
"0","0","1002","0","0","0","0","0","0","1001","1001","0","0","5","0","0","1","32170501","1001","0","1002","0","321705","0"
"0","0","1001","0","0","0","0","0","0","0","1001","0","0","3","0","0","2","32170601","1001","0","0","0","321706","0"
"0","0","1001","1005","1001","1004","0","1001","1001","1003","1001","0","0","15","1001","1001","13","32170701","1001","1001","1001","1001","321707","1001"
"0","0","1002","0","0","0","0","0","0","1001","1001","0","0","5","0","0","1","32170801","1001","0","1002","0","321708","0"
"0","0","1002","0","0","0","0","0","0","1002","1002","0","0","6","0","1001","1","32180001","1002","0","1002","0","321800","0"
"0","0","1002","0","0","0","0","0","0","1002","1002","0","0","6","0","1001","1","32180101","1002","0","1002","0","321801","0"
"0","0","1002","0","0","0","0","0","0","1002","1002","0","0","5","0","0","1","32180201","1002","0","1001","0","321802","0"
"0","0","1002","0","1002","1001","0","0","1002","1002","1002","0","0","11","0","1002","5","32180301","1001","0","1001","1002","321803","1002"
"0","0","1002","0","0","0","0","0","0","0","1002","0","0","3","0","0","1","32180401","1002","0","0","0","321804","0"
"0","0","1002","0","0","0","0","0","0","1001","1002","0","0","7","0","1002","1","32180501","1002","0","1002","1001","321805","0"
"0","0","1002","0","1002","1001","0","0","1002","1002","1002","0","0","11","0","1002","5","32180601","1001","0","1001","1002","321806","1002"
"0","0","1002","0","0","0","0","0","0","0","1002","0","0","3","0","0","1","32180701","1002","0","0","0","321807","0"
"0","0","1002","0","0","0","0","0","0","1001","1002","0","0","7","0","1002","1","32180801","1002","0","1002","1001","321808","0"
"0","0","1004","0","0","0","0","0","0","0","1004","0","0","3","0","0","2","32190001","1004","0","0","0","321900","0"
"0","0","1006","0","0","0","0","0","0","1006","1006","0","0","4","0","0","2","32190101","1009","0","0","0","321901","0"
"0","0","1004","0","0","0","0","0","0","1002","1004","0","0","6","0","1004","1","32190201","1001","0","1004","0","321902","0"
"0","0","1003","0","0","0","0","0","0","1002","1003","0","0","6","0","1003","1","32190301","1001","0","1003","0","321903","0"
"0","0","1003","0","0","0","0","0","0","1002","1003","0","0","6","0","1003","1","32190401","1001","0","1003","0","321904","0"
"0","0","1003","0","0","0","0","0","0","1002","1003","0","0","6","0","1003","1","32190501","1001","0","1003","0","321905","0"
"0","0","1003","0","0","0","0","0","0","1003","1001","0","0","6","0","1001","1","32200001","1003","0","1003","0","322000","0"
"0","0","1003","0","0","0","0","0","0","0","1003","0","0","3","0","0","2","32200101","1003","0","0","0","322001","0"
"0","0","1003","0","0","0","0","0","0","1003","1001","0","0","5","0","0","4","32200201","1003","0","1001","0","322002","0"
"0","0","1003","0","0","0","0","0","0","1001","1003","0","0","7","0","1003","1","32210001","1001","0","1003","1002","322100","0"
"0","0","1003","0","0","0","0","0","0","1001","1003","0","0","7","0","1003","1","32210101","1001","0","1003","1002","322101","0"
"0","0","1003","0","0","0","0","0","0","1001","1003","0","0","7","0","1003","1","32210201","1001","0","1003","1002","322102","0"
"0","0","1003","0","0","0","0","0","0","0","1003","0","0","3","0","0","1","32210301","1003","0","0","0","322103","0"
"0","0","1002","0","0","0","0","0","0","0","1002","0","0","3","0","0","2","32210401","1005","0","0","0","322104","0"
"0","0","1003","0","0","0","0","0","0","1001","1003","0","0","7","0","1003","1","32210501","1001","0","1003","1002","322105","0"
"0","0","1003","0","0","0","0","0","0","0","1003","0","0","3","0","0","1","32210601","1003","0","0","0","322106","0"
"0","0","1002","0","0","0","0","0","0","0","1002","0","0","3","0","0","2","32210701","1005","0","0","0","322107","0"
"0","0","1003","0","0","0","0","0","0","1001","1003","0","0","7","0","1003","1","32210801","1001","0","1003","1002","322108","0"
"0","0","1001","0","0","0","0","0","0","1002","1002","0","0","5","0","0","1","32220001","1002","0","1002","0","322200","0"
"0","0","1001","0","0","0","0","0","0","1002","1002","0","0","5","0","0","1","32220101","1002","0","1002","0","322201","0"
"0","0","1001","0","0","0","0","0","0","1002","1002","0","0","5","0","0","1","32220201","1002","0","1002","0","322202","0"
"0","0","1002","0","0","0","0","0","0","0","1002","0","0","3","0","0","1","32220301","1002","0","0","0","322203","0"
"0","0","1002","0","0","0","0","0","0","1004","1002","0","0","6","0","1002","1","32220401","1003","0","1002","0","322204","0"
"0","0","1001","0","0","0","0","0","0","1002","1002","0","0","5","0","0","1","32220501","1002","0","1002","0","322205","0"
"0","0","1002","0","0","0","0","0","0","0","1002","0","0","3","0","0","1","32220601","1002","0","0","0","322206","0"
"0","0","1002","0","0","0","0","0","0","1004","1002","0","0","6","0","1002","1","32220701","1003","0","1002","0","322207","0"
"0","0","1001","0","0","0","0","0","0","1002","1002","0","0","5","0","0","1","32220801","1002","0","1002","0","322208","0"
"0","0","1002","0","0","0","0","0","0","1001","1002","0","0","7","0","1002","1","32230001","1002","0","1002","1001","322300","0"
"0","0","1002","0","0","1003","0","0","0","1001","1003","0","0","8","0","1003","4","32240001","1001","0","1003","1002","322400","0"
"0","0","1002","0","0","1003","0","0","0","1001","1003","0","0","8","0","1003","4","32240101","1001","0","1003","1002","322401","0"
"0","0","1002","0","0","1003","0","0","0","1001","1003","0","0","8","0","1003","4","32240201","1001","0","1003","1002","322402","0"
"0","0","1003","0","0","0","0","0","0","1003","1003","0","0","4","0","0","2","32240301","1004","0","0","0","322403","0"
"0","0","1003","0","0","1003","0","0","0","1003","1003","0","0","8","0","1003","1","32240401","1002","0","1003","1003","322404","0"
"0","0","1002","0","0","1003","0","0","0","1001","1003","0","0","8","0","1003","4","32240501","1001","0","1003","1002","322405","0"
"0","0","1003","0","0","0","0","0","0","1003","1003","0","0","4","0","0","2","32240601","1005","0","0","0","322406","0"
"0","0","1003","0","0","1003","0","0","0","1003","1003","0","0","8","0","1003","1","32240701","1002","0","1003","1003","322407","0"
"0","0","1002","0","0","1003","0","0","0","1001","1003","0","0","8","0","1003","4","32240801","1001","0","1003","1002","322408","0"
"0","0","1001","0","0","0","0","0","0","1001","1002","0","0","4","0","0","1","32250001","1001","0","0","0","322500","0"
"0","0","1005","0","0","0","0","0","0","1007","1006","0","0","4","0","0","1","32250101","1004","0","0","0","322501","0"
"0","0","1001","0","0","0","0","0","0","1001","1001","0","0","4","0","0","1","32250201","1003","0","0","0","322502","0"
"0","0","1001","0","0","0","0","0","0","1001","1002","0","0","4","0","0","1","32250301","1001","0","0","0","322503","0"
"0","0","1005","0","0","0","0","0","0","1007","1006","0","0","4","0","0","1","32250401","1004","0","0","0","322504","0"
"0","0","1001","0","0","0","0","0","0","1001","1001","0","0","4","0","0","1","32250501","1003","0","0","0","322505","0"
"0","0","1001","0","0","0","0","0","0","1001","1002","0","0","4","0","0","1","32250601","1001","0","0","0","322506","0"
"0","0","1001","0","1001","1004","0","0","1001","1003","1002","0","0","11","0","1001","1","32260001","1001","0","1001","1002","322600","1002"
"0","0","1001","0","0","0","0","0","0","0","1001","0","0","3","0","0","1","32260101","1001","0","0","0","322601","0"
"0","0","1001","0","0","0","0","0","0","1001","1002","0","0","6","0","1005","1","32260201","1001","0","1001","0","322602","0"
"0","0","1001","0","1001","1004","0","0","1001","1003","1002","0","0","11","0","1001","1","32260301","1001","0","1001","1002","322603","1002"
"0","0","1001","0","0","0","0","0","0","0","1001","0","0","3","0","0","1","32260401","1001","0","0","0","322604","0"
"0","0","1001","0","0","0","0","0","0","1001","1002","0","0","6","0","1005","1","32260501","1001","0","1001","0","322605","0"
"0","0","1001","0","1001","1004","0","0","1001","1003","1002","0","0","11","0","1001","1","32260601","1001","0","1001","1002","322606","1002"
"0","0","1001","0","0","1007","0","0","1005","1005","1007","0","0","9","0","1001","5","32280001","1005","0","1005","1005","322800","0"
"0","0","1002","0","0","0","0","0","0","1005","1005","0","0","4","0","0","1","32290001","1005","0","0","0","322900","0"
"0","0","1005","0","0","0","0","0","0","0","1001","0","0","3","0","0","1","32290101","1005","0","0","0","322901","0"
"0","0","1002","0","0","0","0","0","0","0","0","0","0","2","0","0","1","32290201","1004","0","0","0","322902","0"
"0","0","1002","0","0","0","0","0","0","1005","1005","0","0","4","0","0","1","32290301","1005","0","0","0","322903","0"
"0","0","1005","0","0","0","0","0","0","0","1001","0","0","3","0","0","1","32290401","1005","0","0","0","322904","0"
"0","0","1002","0","0","0","0","0","0","0","0","0","0","2","0","0","1","32290501","1004","0","0","0","322905","0"
"0","0","1002","0","0","0","0","0","0","1005","1005","0","0","4","0","0","1","32290601","1005","0","0","0","322906","0"
"1","1","1","1","1","1","1","1","1","1","1","1","1","3","1","1","3","39010001","1","1","1","1","390100","1"
"0","0","1","0","0","0","0","0","0","0","0","0","0","2","0","0","2","40310101","1","0","0","0","403101","0"
"0","0","1","0","0","0","0","0","0","0","0","0","0","2","0","0","2","40310201","1","0","0","0","403102","0"
"0","0","1","0","0","0","0","0","0","0","0","0","0","2","0","0","2","40310301","1","0","0","0","403103","0"
"0","0","1","0","0","0","0","0","0","0","0","0","0","2","0","0","2","40420101","1","0","0","0","404201","0"
"0","0","1","0","0","0","0","0","0","0","0","0","0","2","0","0","2","40420501","1","0","0","0","404205","0"
"0","0","1001","1","1001","1","0","0","1","1001","1","0","0","13","0","1002","3","40700101","1002","1001","1","1001","407001","1002"
"0","0","1","0","0","0","0","0","0","0","0","0","0","2","0","0","2","40770101","1","0","0","0","407701","0"
"0","0","1","0","0","0","0","0","0","0","0","0","0","2","0","0","2","40840101","1","0","0","0","408401","0"
"0","0","1","0","0","0","0","0","0","1001","1001","0","0","7","0","1001","2","40840201","1001","0","1","1001","408402","0"
"0","0","1","0","0","0","0","0","0","1001","1001","0","0","4","0","0","2","40840301","1001","0","0","0","408403","0"
"0","0","1002","0","0","0","0","0","0","1001","1","0","0","6","0","1002","4","41810101","1001","0","1","0","418101","0"
"0","0","1002","0","0","1001","0","0","1","1","1001","0","0","9","0","1","5","42580101","2001","0","1002","1002","425801","0"
"0","0","1001","0","0","1","0","0","0","1002","1","0","0","8","0","1002","4","42580102","1002","0","1","1001","425801","0"
"0","0","1001","0","0","1","0","0","0","1002","1","0","0","8","0","1002","4","42580103","1002","0","1","1001","425801","0"
"0","0","1002","0","0","1001","0","0","1","1","1001","0","0","9","0","1","5","42580201","2001","0","1002","1002","425802","0"
"0","0","1001","0","0","1","0","0","0","1002","1","0","0","8","0","1002","4","42580202","1002","0","1","1001","425802","0"
"0","0","1001","0","0","1","0","0","0","1002","1","0","0","8","0","1002","4","42580203","1002","0","1","1001","425802","0"
"0","0","1001","0","0","0","0","0","0","0","1","0","0","3","0","0","2","42620101","1","0","0","0","426201","0"
"0","0","1001","0","0","0","0","0","0","0","1","0","0","3","0","0","2","42620201","1","0","0","0","426202","0"
"0","0","1002","0","0","0","0","0","0","1002","1","0","0","7","0","1001","2","42710101","1001","0","1","1","427101","0"
"0","0","1","0","0","0","0","0","0","1","2001","0","0","4","0","0","2","43010101","2001","0","0","0","430101","0"
"0","0","2001","0","0","0","0","0","0","0","2001","0","0","3","0","0","2","43190101","1001","0","0","0","431901","0"
"0","0","1","0","0","0","0","0","0","1","1002","0","0","6","0","1001","2","43380101","1002","0","1002","0","433801","0"
"0","0","1","0","0","0","0","0","0","0","0","0","0","2","0","0","2","50120001","1","0","0","0","501200","0"
"0","0","1001","0","0","0","0","0","0","1","1","0","0","7","0","1","3","60010101","1002","0","1002","1001","600101","0"
"0","0","1002","0","0","0","0","0","0","1","1","0","0","7","0","1","3","60010201","1001","0","1001","1002","600102","0"
"0","0","1001","0","1001","1","0","0","1","1","1","0","0","10","0","1","3","60020101","1002","0","1002","1001","600201","0"
"0","0","1002","0","0","0","0","0","0","1","1","0","0","7","0","1","3","60020201","1001","0","1001","1002","600202","0"
"0","0","1001","0","0","1002","0","0","0","1","1002","0","0","8","0","1001","4","60030101","1","0","1","1","600301","0"
"0","0","1","0","0","1001","0","0","0","1","1001","0","0","8","0","1001","4","60030201","1002","0","1","1","600302","0"
"0","0","1001","0","0","0","0","0","0","1","1","0","0","7","0","1","3","60040101","1002","0","1001","1001","600401","0"
"0","0","1001","0","0","1002","0","0","0","1","1","0","0","8","0","1","3","60040201","1002","0","1001","1","600402","0"
"0","0","1001","0","0","0","0","0","0","1","1","0","0","7","0","1","3","60050101","1002","0","1002","1001","600501","0"
"0","0","1001","0","0","1","0","0","1001","1","1","0","0","9","0","1","3","60060101","1002","0","1002","1001","600601","0"
"0","0","1002","0","0","0","0","0","0","1","1","0","0","7","0","1","3","60060102","1001","0","1001","1002","600601","0"
"0","0","2002","0","0","0","0","0","0","0","0","0","0","2","0","0","1","60060201","2001","0","0","0","600602","0"
"0","0","1","0","0","1001","0","0","1002","1","1001","0","0","9","0","1","6","60070101","1","0","1002","1","600701","0"
"0","0","1001","0","0","1","0","0","1002","1001","1","0","0","9","0","1","6","60070201","1","0","1002","1001","600702","0"
"0","0","1002","0","0","0","0","0","0","1","1","0","0","7","0","1","3","60080101","1001","0","1001","1002","600801","0"
"0","0","1002","0","1002","1001","0","0","1","1001","1","0","0","10","0","1002","3","60080201","1001","0","1","1","600802","0"
"0","0","1","0","0","0","0","0","0","1","1","0","0","7","0","1","3","60090101","1001","0","1001","1001","600901","0"
"0","0","1","0","0","0","0","0","0","1","1","0","0","7","0","1","3","60090201","1001","0","1001","1001","600902","0"
"0","0","1","0","1002","1001","0","0","1","1","1002","0","0","10","0","1","3","60100101","1001","0","1002","1","601001","0"
"0","0","1001","0","1","1","0","0","1002","1002","1","0","0","10","0","1","3","60100201","1002","0","1","1001","601002","0"
"0","0","1002","0","0","0","0","0","0","1","1","0","0","7","0","1","3","60110101","1001","0","1001","1002","601101","0"
"0","0","1002","0","0","0","0","0","0","1","1","0","0","7","0","1","3","60110201","1001","0","1001","1002","601102","0"
"0","0","1001","0","0","0","0","0","0","1","1","0","0","7","0","1","3","60120101","1002","0","1002","1001","601201","0"
"0","0","1001","0","0","0","0","0","0","1","1","0","0","7","0","1","3","60120201","1002","0","1002","1001","601202","0"
"0","0","1002","0","0","0","0","0","0","1001","1","0","0","7","0","1002","3","60130101","1001","0","1","1","601301","0"
"0","0","1002","0","0","0","0","0","0","1","1","0","0","7","0","1","3","60140101","1001","0","1001","1002","601401","0"
"0","0","1002","0","0","0","0","0","0","1","1","0","0","7","0","1","3","60150101","1001","0","1001","1002","601501","0"
"0","0","1001","0","0","0","0","0","0","1","1","0","0","7","0","1","3","60160101","1002","0","1002","1001","601601","0"
"0","0","1","0","0","1001","0","0","0","1","1001","0","0","8","0","1002","4","60160201","1001","0","1","1","601602","0"
"0","0","1001","0","0","1","0","0","1001","1001","1","0","0","9","0","1","5","60170101","1002","0","1","1001","601701","0"
"0","0","1001","0","0","0","0","0","0","1","1","0","0","7","0","1","3","60170201","1002","0","1002","1001","601702","0"
"0","0","1","0","0","1","0","0","1001","1001","1002","0","0","9","0","1","5","60180101","1","0","1","1002","601801","0"
"0","0","1002","0","0","0","0","0","0","1","1","0","0","7","0","1","3","60180201","1001","0","1001","1002","601802","0"
"0","0","1001","0","0","0","0","0","0","1","1","0","0","7","0","1","3","60200101","1002","0","1002","1001","602001","0"
"0","0","1002","0","0","0","0","0","0","1","1","0","0","7","0","1","3","60200201","1001","0","1001","1002","602002","0"
"0","0","1001","0","0","0","0","0","0","1","1","0","0","7","0","1","3","60210101","1002","0","1002","1001","602101","0"
"0","0","1001","0","0","0","0","0","0","1","1","0","0","7","0","1","3","60210201","1002","0","1002","1001","602102","0"
"0","0","1002","0","0","0","0","0","0","1","1","0","0","7","0","1","3","60220101","1001","0","1001","1002","602201","0"
"0","0","1001","0","0","1","0","0","1001","1","1","0","0","9","0","1","3","60220201","1002","0","1002","1001","602202","0"
"0","0","1001","0","0","1","0","0","1001","1","1","0","0","9","0","1","3","60230101","1002","0","1002","1001","602301","0"
"0","0","1001","0","0","0","0","0","0","1","1","0","0","7","0","1","3","60230201","1002","0","1002","1001","602302","0"
"0","0","1001","0","0","1","0","0","1001","1","1","0","0","9","0","1","3","60250101","1002","0","1002","1001","602501","0"
"0","0","1001","0","1","1","0","0","1001","1","1","0","0","11","0","1","3","60250201","1002","0","1001","1002","602502","1001"
"0","0","1001","0","0","1001","0","0","0","1002","1","0","0","8","0","1001","3","60250301","1002","0","1","1","602503","0"
"0","0","1002","1002","1001","1","0","0","1","1001","1","0","0","12","0","1001","4","60260101","1001","0","1","1002","602601","1"
"0","0","1001","0","1","1","0","0","1001","1","1","0","0","11","0","1","3","60260201","1002","0","1001","1002","602602","1001"
"0","0","1002","0","0","1001","0","0","0","1002","1","0","0","8","0","1002","3","60270101","1001","0","1","1","602701","0"
"0","0","1002","0","0","0","0","0","0","1","1","0","0","7","0","1","3","60270201","1001","0","1001","1002","602702","0"
"0","0","1002","0","0","0","0","0","0","1","1","0","0","7","0","1","3","60280101","1001","0","1001","1002","602801","0"
"0","0","1001","0","0","0","0","0","0","1","1","0","0","7","0","1","3","60280201","1002","0","1002","1001","602802","0"
"0","0","1001","0","0","1","0","0","1001","1","1","0","0","9","0","1","3","60290101","1002","0","1002","1001","602901","0"
"0","0","1002","0","0","0","0","0","0","1","1","0","0","7","0","1","3","60290201","1001","0","1001","1002","602902","0"
"0","0","1002","0","0","0","0","0","0","1","1","0","0","7","0","1","3","60300101","1001","0","1001","1002","603001","0"
"0","0","1001","0","0","0","0","0","0","1","1","0","0","7","0","1","3","60300201","1002","0","1002","1001","603002","0"
"0","0","1001","0","0","0","0","0","0","1","1","0","0","7","0","1","3","60300301","1002","0","1002","1001","603003","0"
"0","0","1002","0","0","0","0","0","0","1","1","0","0","9","0","1","3","60310101","1001","0","1001","1002","603101","0"
"0","0","1002","0","0","0","0","0","0","1","1","0","0","7","0","1","3","60310201","1001","0","1001","1002","603102","0"
"0","0","1002","0","0","0","0","0","0","1","1","0","0","7","0","1","3","60310301","1001","0","1001","1002","603103","0"
"0","0","1002","0","0","0","0","0","0","1","1","0","0","7","0","1","3","60320101","1001","0","1001","1002","603201","0"
"0","0","1002","0","0","0","0","0","0","1","1","0","0","7","0","1","3","60320201","1001","0","1001","1002","603202","0"
"0","0","1001","0","0","0","0","0","0","1","1","0","0","7","0","1","3","60330101","1002","0","1002","1001","603301","0"
"0","0","1001","0","0","0","0","0","0","1","1","0","0","7","0","1","3","60330201","1002","0","1002","1001","603302","0"
"0","0","1","0","0","1002","0","0","0","1","1002","0","0","8","0","1001","4","60340101","1002","0","1","1","603401","0"
"0","0","1002","0","0","0","0","0","0","1","1","0","0","7","0","1","3","60340201","1001","0","1001","1002","603402","0"
"0","0","1002","0","0","0","0","0","0","1","1","0","0","7","0","1","3","60360101","1001","0","1001","1002","603601","0"
"0","0","1001","1001","1","1001","0","0","1","1002","1","0","0","12","0","1","3","60360201","1002","0","1001","1002","603602","1002"
"0","0","1001","0","1","1001","0","0","1001","1002","1","0","0","10","0","1","3","60370101","1002","0","1001","1002","603701","0"
"0","0","1002","0","0","0","0","0","0","1","1","0","0","7","0","1","3","60380101","1001","0","1001","1002","603801","0"
"0","0","1002","0","0","0","0","0","0","1","1","0","0","7","0","1","3","60380201","1001","0","1001","1002","603802","0"
"0","0","1002","0","0","0","0","0","0","1","1","0","0","7","0","1","3","60400101","1001","0","1001","1002","604001","0"
"0","0","1001","0","0","0","0","0","0","1","1","0","0","7","0","1","3","60400201","1002","0","1002","1001","604002","0"
"0","0","1002","0","0","0","0","0","0","1","1","0","0","7","0","1","3","60420101","1001","0","1001","1002","604201","0"
"0","0","1001","0","0","0","0","0","0","1","1","0","0","7","0","1","3","60420201","1002","0","1002","1001","604202","0"
"0","0","2002","0","0","0","0","0","0","2004","2003","0","0","5","0","0","1","60420202","2001","0","2005","0","604202","0"
"0","0","1001","0","0","0","0","0","0","1","1","0","0","7","0","1","3","60430101","1002","0","1002","1001","604301","0"
"0","0","1002","0","0","0","0","0","0","1","1","0","0","7","0","1","3","60430201","1001","0","1001","1002","604302","0"
"0","0","1002","1001","1","1001","0","0","1","1002","1","0","0","12","0","1","3","60440101","1001","0","1001","1002","604401","1002"
"0","0","1002","0","0","0","0","0","0","1","1","0","0","7","0","1","3","60440201","1001","0","1001","1002","604402","0"
"0","0","1002","0","0","0","0","0","0","1","1","0","0","7","0","1","3","60450101","1001","0","1001","1002","604501","0"
"0","0","1001","0","0","1","0","0","1001","1","1","0","0","9","0","1","3","60450201","1002","0","1002","1001","604502","0"
"0","0","1002","0","0","1001","0","0","1002","1001","1","0","0","9","0","1","3","60450301","1001","0","1002","1","604503","0"
"0","0","1002","0","0","0","0","0","0","1","1","0","0","7","0","1","3","60460101","1001","0","1001","1002","604601","0"
"0","0","1002","0","0","0","0","0","0","1","1","0","0","7","0","1","3","60460201","1001","0","1001","1002","604602","0"
"0","0","1001","0","0","0","0","0","0","1","1","0","0","7","0","1","3","60470101","1002","0","1002","1001","604701","0"
"0","0","1001","0","0","0","0","0","0","1","1","0","0","7","0","1","3","60480101","1002","0","1002","1001","604801","0"
"0","0","1001","0","0","0","0","0","0","1","1","0","0","7","0","1","3","60480201","1002","0","1002","1001","604802","0"
"0","0","1001","0","0","0","0","0","0","1","1","0","0","7","0","1","3","60490101","1002","0","1002","1001","604901","0"
"0","0","1001","0","0","0","0","0","0","1","1","0","0","7","0","1","3","60490201","1002","0","1002","1001","604902","0"
"0","0","1001","1","1","1001","0","0","1","1","1","0","0","13","0","1","3","60490301","1002","1001","1002","1","604903","1002"
"0","0","1002","0","0","0","0","0","0","1","1","0","0","7","0","1","3","60500101","1001","0","1001","1002","605001","0"
"0","0","1001","0","0","0","0","0","0","1","1","0","0","7","0","1","3","60500201","1002","0","1002","1002","605002","0"
"0","0","1001","0","0","0","0","0","0","1","1","0","0","7","0","1","3","60510101","1002","0","1002","1001","605101","0"
"0","0","1001","0","0","0","0","0","0","1","1","0","0","7","0","1","3","60510201","1002","0","1002","1001","605102","0"
"0","0","1","0","0","0","0","0","0","1","1","0","0","7","0","1","3","60520101","1001","0","1","1","605201","0"
"0","0","1","0","0","0","0","0","0","1","1002","0","0","7","0","1","2","60520201","1001","0","1002","1002","605202","0"
"0","0","1","0","0","0","0","0","0","1","1002","0","0","6","0","1002","4","60530101","1001","0","1","0","605301","0"
"0","0","1002","0","0","0","0","0","0","1","1","0","0","7","0","1","3","60530201","1001","0","1002","1002","605302","0"
"0","0","1","0","1","1","0","0","1002","1","1002","0","0","11","0","1002","4","60540101","1001","0","1","1","605401","1001"
"0","0","1002","0","0","1002","0","0","0","1","1","0","0","8","0","1","3","60550101","1001","0","1001","1","605501","0"
"0","0","1002","0","0","1001","0","0","1002","1001","1","0","0","9","0","1","3","60560101","1001","0","1002","1","605601","0"
"0","0","1002","0","0","0","0","0","0","1","1","0","0","7","0","1","3","60570101","1001","0","1001","1002","605701","0"
"0","0","1","0","0","0","0","0","0","1","1001","0","0","5","0","0","2","60570201","1","0","1001","0","605702","0"
"0","0","1002","0","0","0","0","0","0","1","1","0","0","7","0","1","3","60580101","1001","0","1001","1002","605801","0"
"0","0","1001","0","0","0","0","0","0","1","1","0","0","7","0","1","3","60580201","1002","0","1002","1001","605802","0"
"0","0","1001","0","0","0","0","0","0","1","1","0","0","9","0","1","3","60590101","1002","0","1002","1001","605901","0"
"0","0","1002","0","0","0","0","0","0","1","1","0","0","7","0","1","3","60590201","1001","0","1001","1002","605902","0"
"0","0","1001","0","0","0","0","0","0","1","1","0","0","7","0","1","3","60600101","1002","0","1002","1001","606001","0"
"0","0","1002","0","0","1001","0","0","0","1","1001","0","0","9","0","1002","4","60600201","1","0","1","1","606002","0"
"0","0","1001","0","0","1002","0","0","1001","1002","1","0","0","9","0","1001","3","60610101","1002","0","1","1","606101","0"
"0","0","1002","0","1","1","0","0","1002","1002","1","0","0","11","0","1002","4","60630101","1001","0","1","1001","606301","1002"
"0","0","1001","0","1002","1001","0","0","1","1","1002","0","0","11","0","1002","5","60640101","2001","0","1001","1","606401","1"
"0","1","1001","1001","1002","1001","0","1","1","1002","1001","0","0","16","1002","1001","8","60650101","1002","1","1","1002","606501","1"
"0","0","1002","0","0","1","0","0","1002","1","1","0","0","9","0","1","3","60660101","1001","0","1001","1002","606601","0"
"0","0","1002","0","0","1","0","0","1002","1","1","0","0","9","0","1","3","60660201","1001","0","1001","1002","606602","0"
"0","0","1","0","0","1","0","0","1002","1","1001","0","0","9","0","1","3","60670101","2001","0","1002","1001","606701","0"
"0","0","1001","0","0","1002","0","0","1001","1002","1","0","0","9","0","1001","3","60680101","1002","0","1","1","606801","0"
"0","0","1001","2001","1001","2001","0","0","2001","1001","2001","0","0","13","0","1002","3","60690101","1002","1001","2001","1001","606901","1002"
"0","0","1001","1","1001","1","0","0","1","1001","1","0","0","13","0","1002","3","60700101","1002","1001","1","1001","607001","1002"
"0","0","1002","1","1002","1","0","0","1","1002","1","0","0","13","0","1001","3","60710101","1001","1002","1","1002","607101","1001"
"0","0","1002","1","1","1002","0","0","1","1001","1","0","0","13","0","1","3","60750101","1001","1002","1","1001","607501","1001"
"0","0","1002","0","1","1","0","0","1002","1002","1","0","0","11","0","1002","4","60760101","1001","0","1","1001","607601","1002"
"0","0","1002","1","1","1","0","0","1","1","1","0","0","13","0","1","3","60770101","1001","1002","1001","1002","607701","1001"
"0","0","1001","1","1","1","0","0","1001","1002","1","0","0","13","0","1","3","60780101","1002","1001","1001","1002","607801","1002"
"0","0","1001","0","1001","1","0","0","1002","1","1","0","0","10","0","1","3","60830101","1002","0","1002","1001","608301","0"
"0","0","1002","0","0","0","0","0","0","1","1","0","0","7","0","1","3","60870101","1001","0","1001","1002","608701","0"
"0","0","1002","1002","1","1","0","0","1001","1002","1","0","0","13","0","1","3","60870201","1001","1","1001","1002","608702","1"
"0","0","1001","0","0","0","0","0","0","1","1","0","0","7","0","1","3","60880101","1002","0","1002","1001","608801","0"
"0","0","1001","0","1001","1002","0","0","1","1002","1","0","0","10","0","1001","4","60880201","1002","0","1","1","608802","0"
"0","0","1002","0","0","0","0","0","0","1","1","0","0","7","0","1","3","60890101","1001","0","1001","1002","608901","0"
"0","0","1002","0","0","0","0","0","0","1","1001","0","0","6","0","1","3","60890201","1001","0","1002","0","608902","0"
"0","0","1001","0","0","0","0","0","0","1","1","0","0","7","0","1","3","60920101","1002","0","1002","1001","609201","0"
"0","0","1001","0","0","0","0","0","0","1002","1","0","0","6","0","1001","3","60930101","1001","0","1","0","609301","0"
"0","0","1","0","1","1","0","0","1002","1","1001","0","0","11","0","1001","4","60940101","1002","0","1002","1","609401","1001"
"0","0","1001","0","0","0","0","0","0","1","1","0","0","7","0","1","3","60950101","1002","0","1002","1001","609501","0"
"0","0","1001","0","0","0","0","0","0","1002","1","0","0","7","0","1","4","60960101","1002","0","1001","1001","609601","0"
"0","0","1","0","0","1","0","0","1002","1002","1001","0","0","9","0","1","5","60970101","1001","0","1","1001","609701","0"
"0","0","1001","0","0","0","0","0","0","1","1","0","0","7","0","1","3","60980101","1002","0","1002","1001","609801","0"
"0","0","1002","0","2001","2001","0","0","1001","1001","2001","0","0","11","0","1001","3","60990101","1001","0","2001","1002","609901","1002"
"0","0","1","0","0","1","0","0","1002","1","1002","0","0","9","0","1002","4","61030101","1001","0","1","1","610301","0"
"0","0","1001","0","0","0","0","0","0","1","1","0","0","7","0","1","3","61070101","1002","0","1002","1001","610701","0"
"0","0","1002","0","0","0","0","0","0","1","1","0","0","6","0","1","2","61080101","1001","0","1002","0","610801","0"
"0","0","1","0","0","0","0","0","0","1","1002","0","0","6","0","1002","4","61090101","1001","0","1","0","610901","0"
"0","0","1002","0","0","1","0","0","0","1001","1","0","0","8","0","1002","4","61100101","1001","0","1","1","611001","0"
"0","0","1001","0","0","0","0","0","0","1002","1001","0","0","7","0","1","4","61130101","1002","0","1001","1001","611301","0"
"0","0","1001","0","1","1","0","0","1002","1001","1","0","0","11","0","1001","7","61140101","2001","0","1002","1","611401","1001"
"0","0","1002","0","1","1002","0","0","1","1","1","0","0","11","0","1","2","61150101","1001","0","1002","1","611501","1001"
"0","0","1002","1","1002","1","0","0","1","1002","1","0","0","13","0","1001","3","61150201","1001","1002","1","1002","611502","1001"
"0","0","1001","0","0","0","0","0","0","1002","1001","0","0","7","0","1","4","61160101","1002","0","1001","1001","611601","0"
"0","0","1002","0","1","1002","0","0","1","1","1","0","0","11","0","1","2","61160201","1001","0","1002","1","611602","1001"
"0","0","1001","1002","1","1002","0","0","1","1001","1","0","0","12","0","1","3","61170101","1002","0","1002","1001","611701","1001"
"0","0","1001","0","1","1","0","0","1002","1","1","0","0","11","0","1","3","61190101","1002","0","1002","1001","611901","1001"
"0","0","1001","0","0","1","0","0","0","1001","1","0","0","8","0","1","3","61200101","1002","0","1002","1001","612001","0"
"0","0","1001","0","0","0","0","0","0","1","1","0","0","7","0","1","3","61220101","1002","0","1002","1001","612201","0"
"0","0","1002","0","0","0","0","0","0","1","1","0","0","7","0","1","3","61230101","1001","0","1001","1002","612301","0"
"0","0","1002","0","0","0","0","0","0","1","1","0","0","7","0","1","3","61240101","1001","0","1001","1002","612401","0"
"0","0","1002","0","0","0","0","0","0","1","1001","0","0","6","0","1","3","61250101","1001","0","1002","0","612501","0"
"0","0","1","0","0","1","0","0","0","1002","1001","0","0","8","0","1","4","61260101","1001","0","1","1001","612601","0"
"0","0","1002","0","0","0","0","0","0","1","1002","0","0","7","0","1","3","61270101","1001","0","1002","1","612701","0"
"0","0","1002","0","0","1","0","0","1","1","1002","0","0","9","0","1","3","61270201","1001","0","1002","1002","612702","0"
"0","0","1002","1","1","1002","0","0","1001","1002","1","0","0","12","0","1002","5","61280101","1001","0","1001","1","612801","1002"
"0","0","1002","0","1","1","0","0","1002","1","1001","0","0","11","0","1","3","61290101","1001","0","1002","1001","612901","1"
"0","0","1001","0","1","1","0","0","1002","1","1","0","0","11","0","1","3","61330101","1002","0","1002","1001","613301","1001"
"0","0","1002","1001","1002","1","0","0","1","1","1001","0","0","12","0","1","4","61340101","1001","0","1002","1001","613401","1"
"0","0","1002","1001","1","1001","0","0","1002","1","1","0","0","13","0","1002","3","61350101","1001","1002","1001","1","613501","1"
"0","0","1001","1001","1002","1001","0","0","1","1002","1","0","0","13","0","1","3","61360101","1002","1002","1001","1002","613601","1"
"0","0","1002","1001","1","1001","0","0","1002","1001","1","0","0","13","0","1","3","61370101","1001","1002","1002","1","613701","1"
"0","0","1002","1","1002","1002","0","0","1","1001","1","0","0","13","0","1","3","61380101","1001","1002","1002","1001","613801","1001"
"0","0","1001","0","1","1","0","0","1001","1002","1","0","0","11","0","1","5","61390101","1002","0","1001","1002","613901","1002"
"0","0","1001","0","1","1002","0","0","1001","1002","1","0","0","11","0","1001","3","61400101","1002","0","1","1","614001","1001"
"0","0","1","0","1001","1002","0","0","1","1002","1001","0","0","10","0","1","5","61410101","1002","0","1","1001","614101","0"
"0","0","1","1","1","1002","0","0","1","1001","1002","0","0","13","0","1","6","61420101","1001","1002","1002","1001","614201","1001"
"0","0","1001","1001","1002","1","0","0","1001","1001","1","0","0","12","0","1002","3","61430101","1002","0","1","1001","614301","1"
"0","0","1001","0","0","0","0","0","0","1","1","0","0","7","0","1","4","61460101","1002","0","1002","1001","614601","0"
"0","0","1002","0","1002","1002","0","0","1","1002","1","0","0","10","0","1002","4","61470101","1001","0","1","1","614701","0"
"1001","1","1","1001","1001","1002","0","1","1","1001","1002","0","0","17","1002","1001","6","61500101","1001","1","1","1","615001","1"
"0","0","1001","1","1001","1","0","0","1","1001","1","0","0","13","0","1002","3","61550101","1002","1001","1","1001","615501","1002"
"0","0","1001","0","1002","1","0","0","1001","1001","1","0","0","10","0","1","6","61560101","1002","0","1002","1001","615601","0"
"0","0","1002","1","1002","1","0","0","1","1001","1","0","0","12","0","1002","3","61570101","1001","0","1","1001","615701","1001"
"0","0","2003","0","0","0","0","0","0","0","0","0","0","2","0","0","2","61580101","2003","0","0","0","615801","0"
"0","0","1","0","0","0","0","0","0","0","2002","0","0","3","0","0","1","61580102","2001","0","0","0","615801","0"
"0","0","1","0","0","0","0","0","0","1","1002","0","0","5","0","0","1","61580103","1001","0","1002","0","615801","0"
"0","0","1002","0","0","1","0","0","0","1002","1","0","0","8","0","1","3","61590101","1001","0","1001","1002","615901","0"
"0","0","1001","0","0","1001","0","0","1","1001","1","0","0","9","0","1002","4","61600101","1002","0","1","1","616001","0"
"0","0","1002","0","0","0","0","0","0","1001","1","0","0","6","0","1","2","61620101","1001","0","1002","0","616201","0"
"0","0","1","0","0","0","0","0","0","1","1001","0","0","5","0","0","3","61630101","1002","0","1","0","616301","0"
"0","0","1001","0","2001","2001","0","0","1001","1002","2001","0","0","10","0","2001","4","61640101","1002","0","1001","1002","616401","0"
"0","0","1002","0","0","1","0","0","1002","1001","1","0","0","9","0","1","3","61650101","1001","0","1002","1001","616501","0"
"0","0","1001","0","0","1001","0","0","1","1002","1","0","0","9","0","1","3","61660101","1002","0","1001","1002","616601","0"
"0","0","1002","0","1002","1001","0","0","1","1001","1","0","0","10","0","1002","4","61670101","1001","0","1","1","616701","0"
"0","0","1001","0","1002","1","0","0","1001","1001","1","0","0","11","0","1001","3","61680101","1002","0","1002","1","616801","1"
"1002","1","1002","1001","1001","1","0","1","1002","1002","1","1001","1","19","1001","1002","12","61690101","1002","1","1","1001","616901","1"
"0","0","1001","0","0","1001","0","0","1","1001","1","0","0","9","0","1002","3","61700101","1002","0","1","1","617001","0"
"0","0","1001","1","1","1002","0","0","1","1","1002","0","0","12","0","1","5","61710101","1","1002","1001","1001","617101","1001"
"0","0","1","1002","1002","1001","0","0","1","1","1001","0","0","12","0","1","6","61720101","1001","0","1001","1002","617201","1"
"0","1","1002","1001","1002","1001","0","0","1","1001","1","0","0","16","1002","1002","7","61730101","1001","1","1","1","617301","1"
"0","0","1","0","1001","1","0","0","1","1","1001","0","0","10","0","1","4","61740101","1002","0","1001","1002","617401","0"
"0","0","1002","0","0","1","0","0","1002","1001","1","0","0","9","0","1002","3","61750101","1001","0","1","1001","617501","0"
"0","1002","1002","1","1","1","0","0","1001","1","1001","0","0","16","1","1","6","61760101","1","1001","1002","1002","617601","1002"
"1001","1002","1001","1","1001","1001","0","1","1","1002","1","0","0","17","1","1","6","61770101","1002","1001","1001","1002","617701","1002"
"0","0","1001","0","0","1002","0","0","1","1002","1","0","0","9","0","1","5","61780101","1002","0","1001","1001","617801","0"
"0","0","1001","0","0","1001","0","0","1002","1001","1","0","0","9","0","1002","3","61790101","1002","0","1","1","617901","0"
"0","0","1002","1","1","1001","0","0","1002","1","1001","0","0","13","0","1001","4","61800101","1001","1001","1002","1","618001","1001"
"0","0","1002","0","1002","1001","0","0","1","1001","1","0","0","10","0","1002","4","61810101","1001","0","1","1","618101","0"
"0","1001","2001","2001","1001","2001","0","0","1001","1002","1001","0","0","16","1001","1002","8","61820101","1002","1001","1001","1001","618201","1002"
"0","0","1001","0","2001","2001","0","0","1001","1002","2001","0","0","10","0","2001","4","61850101","1002","0","1001","1002","618501","0"
"0","0","1001","0","0","1002","0","0","1001","1002","1","0","0","9","0","1","3","61900101","1002","0","1001","1","619001","0"
"0","0","1","0","0","0","0","0","0","1","1002","0","0","7","0","1","3","61910101","1001","0","1001","1002","619101","0"
"0","0","1001","0","0","0","0","0","0","1","1","0","0","7","0","1","3","61920101","1002","0","1002","1001","619201","0"
"0","0","1002","0","0","1002","0","0","1","1001","1","0","0","9","0","1","3","61930101","1001","0","1002","1001","619301","0"
"0","0","1001","0","0","1","0","0","0","1001","1","0","0","8","0","1002","4","61990101","1002","0","1","1001","619901","0"
"0","0","1002","0","0","0","0","0","0","1","1","0","0","7","0","1","3","62000101","1001","0","1002","1001","620001","0"
"0","0","1002","0","0","0","0","0","0","1002","1","0","0","7","0","1001","4","62070101","1001","0","1","1","620701","0"
"0","0","2001","0","0","0","0","0","0","2002","1","0","0","4","0","0","1","62070102","2002","0","0","0","620701","0"
"1","1002","1002","1001","1","1","0","0","1001","1","1001","0","1","18","1","1","9","62080101","2001","1","1001","1002","620801","1"
"0","0","1002","0","0","0","0","0","0","1001","1","0","0","7","0","1002","3","62090101","1001","0","1","1001","620901","0"
"0","0","1001","0","0","1","0","0","0","1002","1","0","0","8","0","1001","4","62100101","1002","0","1","1002","621001","0"
"0","0","1001","0","0","1","0","0","1001","1002","1","0","0","9","0","1001","3","62110101","1002","0","1","1002","621101","0"
"0","0","1001","0","1","1","0","0","1001","1002","1","0","0","10","0","1","4","62120101","1002","0","1001","1002","621201","0"
"0","0","1001","0","2001","1001","0","0","1002","2001","1002","0","0","11","0","1002","5","62120102","2001","0","1001","2001","621201","2001"
"0","0","1","0","0","1","0","0","0","1","1001","0","0","8","0","1","5","62130101","1002","0","1002","1001","621301","0"
"0","0","1","0","0","1","0","0","0","1","1001","0","0","8","0","1","5","62130102","1002","0","1002","1001","621301","0"
"0","0","1001","0","1001","1002","0","0","1","1002","1","0","0","10","0","1001","4","62140101","1002","0","1","1","621401","0"
"0","0","1001","0","0","1","0","0","0","1002","1","0","0","8","0","1","3","62150101","1002","0","1001","1002","621501","0"
"0","0","1001","0","0","1002","0","0","1001","1","1001","0","0","9","0","1","3","62160101","1002","0","1001","1","621601","0"
"0","0","1002","0","0","1002","0","0","1","1001","1","0","0","9","0","1","3","62190101","1001","0","1002","1001","621901","0"
"0","0","1001","0","0","0","0","0","0","1002","1","0","0","5","0","0","2","62200101","2001","0","1","0","622001","0"
"0","0","1001","0","0","1001","0","0","0","1","1","0","0","8","0","1","3","62210101","1002","0","1001","1002","622101","0"
"0","0","1001","0","1002","1001","0","0","1","1002","1","0","0","11","0","1","3","62220101","1002","0","1001","1002","622201","1"
"0","0","1002","0","0","1","0","0","0","1002","1","0","0","8","0","1","3","62230101","1001","0","1001","1002","622301","0"
"0","0","2002","0","0","0","0","0","0","0","2001","0","0","3","0","0","2","62230102","2001","0","0","0","622301","0"
"0","0","2002","0","0","0","0","0","0","0","2001","0","0","3","0","0","2","62230201","2001","0","0","0","622301","0"
"0","0","1002","0","0","1","0","0","0","1002","1","0","0","8","0","1","3","62230301","1001","0","1001","1002","622303","0"
"0","0","1002","0","1001","1","0","0","1","1001","1","0","0","11","0","1001","3","62240101","1001","0","1","1002","622401","1002"
"0","0","1001","0","0","1","0","0","1001","1002","1","0","0","9","0","1","3","62250101","1002","0","1001","1002","622501","0"
"0","0","1002","1002","1002","1","0","0","1001","1001","1","0","0","13","0","1001","8","62260101","1001","1","1","1","622601","1"
"0","0","1001","0","1","1001","0","0","1002","1","1002","0","0","11","0","1002","5","62270101","2001","0","1001","1","622701","1"
"0","0","1001","0","1","1001","0","0","1002","1","1002","0","0","11","0","1002","5","62270201","2001","0","1001","1","622702","1"
"0","0","1001","0","0","1","0","0","1001","1","1","0","0","9","0","1","3","62280101","1002","0","1002","1001","622801","0"
"0","0","1001","0","0","1002","0","0","1","1001","1","0","0","9","0","1001","3","62290101","1002","0","1","1","622901","0"
"0","0","1001","0","1001","2001","0","0","1002","1001","2001","0","0","10","0","1002","5","62300101","2001","0","2001","1001","623001","0"
"0","0","1001","0","0","0","0","0","0","1001","1","0","0","7","0","1001","3","62310101","1002","0","1","1002","623101","0"
"0","0","1001","1002","1001","1001","0","1","1","1002","1","0","0","15","1","1002","8","62320101","1002","1001","1","1","623201","1"
"0","0","1001","0","0","0","0","0","0","1","1","0","0","6","0","1001","3","62330101","1002","0","1002","0","623301","0"
"0","0","1002","0","1001","1002","0","0","1","1001","1","0","0","10","0","1002","3","62350101","1001","0","1","1","623501","0"
"0","0","1001","0","0","0","0","0","0","1","1001","0","0","6","0","1","2","62360101","1002","0","1001","0","623601","0"
"0","0","1001","0","0","1002","0","0","0","1001","1","0","0","8","0","1","3","62370101","1002","0","1002","1","623701","0"
"0","0","1001","0","0","1002","0","0","1","1001","1002","0","0","9","0","1001","6","62380101","1002","0","1","1","623801","0"
"0","0","1002","0","1001","1002","0","0","1","1001","1","0","0","10","0","1001","6","62390101","1001","0","1002","1","623901","0"
"0","0","1001","0","0","0","0","0","0","1001","1","0","0","7","0","1","3","62400101","1002","0","1001","1001","624001","0"
"0","0","1001","0","0","0","0","0","0","1","1002","0","0","6","0","1","3","62410101","1002","0","1001","0","624101","0"
"0","0","1002","0","0","1","0","0","1002","1","1001","0","0","9","0","1","3","62420101","1001","0","1002","1001","624201","0"
"1002","1001","1001","1002","1001","1002","0","0","1","1002","1","1001","1","19","1","1","3","62450101","1002","1","1","1001","624501","1"
"0","0","1002","0","1002","1001","0","0","1","1","1","0","0","11","0","1002","3","62460101","1001","0","1001","1","624601","1001"
"0","0","1002","0","0","1","0","0","1002","1001","1","0","0","9","0","1","3","62470101","1001","0","1002","1001","624701","0"
"0","0","1001","1002","1001","1002","0","0","1","1002","1","0","0","12","0","1001","3","62480101","1002","0","1","1","624801","1"
"0","0","1001","0","0","0","0","0","0","1001","1","0","0","7","0","1002","3","62490101","1002","0","1","1","624901","0"
"0","0","1001","0","0","0","0","0","0","1002","1","0","0","6","0","1001","3","62500101","1002","0","1","0","625001","0"
"0","0","2001","0","0","0","0","0","0","0","0","0","0","2","0","0","1","62500201","2002","0","0","0","625001","0"
"0","0","1001","0","0","1001","0","0","0","1001","1","0","0","8","0","1","3","62510101","1002","0","1002","1","625101","0"
"0","0","1002","0","0","1001","0","0","0","1001","1","0","0","8","0","1002","3","62520101","1001","0","1","1","625201","0"
"0","0","1002","0","0","0","0","0","0","1001","1","0","0","6","0","1002","3","62530101","1001","0","1","0","625301","0"
"0","0","1001","0","0","0","0","0","0","1002","1","0","0","7","0","1","2","62540101","1002","0","1001","1","625401","0"
"0","0","1002","1001","1002","1001","0","0","1","1001","1","0","0","15","1002","1002","6","62550101","1001","1","1","1","625501","1"
"0","0","1001","0","0","0","0","0","0","1001","1","0","0","7","0","1002","4","62560101","1002","0","1","1","625601","0"
"0","0","1002","0","1002","1002","0","0","1001","1001","1","0","0","10","0","1001","3","62570101","1001","0","1002","1","625701","0"
"0","0","1002","0","0","1001","0","0","1","1","1001","0","0","9","0","1","5","62580101","2001","0","1002","1002","625801","0"
"0","0","1002","0","1001","1002","0","0","1","1","1001","0","0","10","0","1","5","62600101","2001","0","1001","1001","626001","0"
"0","0","1001","0","0","0","0","0","0","1","1002","0","0","7","0","1001","4","62610101","2001","0","1002","1","626101","0"
"0","0","1001","0","0","2001","0","0","1001","1002","2001","0","0","9","0","1","3","62620101","1002","0","1001","1002","626201","0"
"0","0","1001","0","0","1","0","0","0","1001","1","0","0","8","0","1","4","62630101","1002","0","1","1001","626301","0"
"0","0","1001","0","0","0","0","0","0","1001","1","0","0","7","0","1","3","62640101","1002","0","1002","1002","626401","0"
"0","0","1001","0","0","1001","0","0","0","1001","1002","0","0","8","0","1002","3","62650101","2001","0","1","1","626501","0"
"0","0","1001","0","0","0","0","0","0","1001","1","0","0","6","0","1","3","62660101","1002","0","1002","0","626601","0"
"0","0","1001","0","0","0","0","0","0","1001","1","0","0","6","0","1002","3","62670101","1002","0","1","0","626701","0"
"0","0","1002","0","0","1","0","0","1002","1001","1","0","0","9","0","1","3","62680101","1001","0","1002","1001","626801","0"
"0","0","1","0","0","0","0","0","0","1002","1","0","0","7","0","1","3","62690101","1002","0","1001","1002","626901","0"
"0","0","1002","1","1","1002","0","0","1001","1002","1","0","0","12","0","1001","5","62700101","1001","0","1","1","627001","1002"
"0","0","1","0","0","1","0","0","1","1001","1001","0","0","9","0","1002","4","62710101","1002","0","1","1001","627101","0"
"0","0","1002","0","0","0","0","0","0","1001","1","0","0","6","0","1002","3","62720101","1001","0","1","0","627201","0"
"0","0","1","0","0","1","0","0","0","1002","1001","0","0","8","0","1","4","62730101","1002","0","1001","1001","627301","0"
"0","0","1001","0","0","1","0","0","0","1001","1","0","0","8","0","1","4","62750101","1002","0","1002","1001","627501","0"
"0","0","1001","0","0","1","0","0","1001","1002","1","0","0","9","0","1001","3","62760101","1002","0","1","1002","627601","0"
"0","0","1","0","0","1001","0","0","0","1001","1001","0","0","8","0","1002","4","62770101","1002","0","1","1","627701","0"
"0","0","1","0","1002","1","0","0","1001","1","1002","0","0","10","0","1","4","62780101","1001","0","1001","1001","627801","0"
"0","0","1002","0","0","0","0","0","0","1001","1","0","0","6","0","1","3","62880101","1001","0","1002","0","628801","0"
"0","0","1002","0","0","0","0","0","0","1001","1","0","0","6","0","1","3","62960101","1001","0","1002","0","629601","0"
"0","0","1001","0","0","0","0","0","0","1001","1","0","0","6","0","1001","2","63090101","1002","0","1","0","630901","0"
"0","0","1002","0","0","0","0","0","0","1001","1","0","0","5","0","0","2","63400101","1001","0","1002","0","634001","0"
"0","0","1002","0","0","0","0","0","0","1","1","0","0","7","0","1","3","67010101","1001","0","1001","1002","670101","0"
"0","0","1002","1","1002","1001","0","1","1","1001","1","0","0","15","1002","1002","4","68020101","1001","1001","1","1","680201","1"
"0","0","1002","1","1002","1","0","0","1001","1001","1","0","0","12","0","1001","3","68030101","1001","0","1002","1002","680301","1001"
"1001","1002","1","1002","1002","1","0","1","1001","1001","1002","0","0","17","1","1","5","68050101","1002","1","1002","1002","680501","1"
"0","1002","1","1","1001","1","0","1","1","1001","1002","0","0","16","1","1002","4","68060101","1001","1001","1","1001","680601","1002"
"0","0","1001","1001","1002","1","0","0","1001","1002","1","0","0","12","0","1001","4","68070101","1002","0","1","1002","680701","1"
"0","0","1001","0","1002","1","0","0","1001","1002","1","0","0","11","0","1001","4","68080101","1002","0","1001","1002","680801","1001"
"0","0","1","0","1","1","0","0","1001","1001","1002","0","0","10","0","1001","3","68090101","1001","0","1","1002","680901","0"
"0","0","1001","0","0","1001","0","0","1001","1001","1","0","0","9","0","1001","3","68100101","1002","0","1","1","681001","0"
"0","0","1001","0","0","0","0","0","0","0","1006","0","0","3","0","0","3","90000101","1","0","0","0","900001","0"
"0","0","1","0","0","0","0","0","0","0","1","0","0","3","0","0","2","90000201","1","0","0","0","900002","0"
"0","0","1","0","0","0","0","0","0","0","1","0","0","3","0","0","2","90000301","1","0","0","0","900003","0"
"0","0","1001","0","0","0","0","0","0","0","1006","0","0","3","0","0","3","90010201","1","0","0","0","900102","0"
"0","0","1001","0","0","0","0","0","0","1","1002","0","0","7","0","1001","4","90020101","1","0","1","1002","900201","0"
"0","0","1001","0","0","0","0","0","0","0","1005","0","0","3","0","0","3","90020201","1002","0","0","0","900202","0"
"0","0","1","0","0","0","0","0","0","0","1004","0","0","3","0","0","3","90030201","1","0","0","0","900302","0"
"0","0","1001","0","0","0","0","0","0","1","1","0","0","7","0","1","3","90040101","1002","0","1001","1001","900401","0"
"0","0","1","0","0","0","0","0","0","0","1","0","0","8","0","0","4","90100101","1","0","0","0","901001","0"
"0","0","1001","0","0","1002","0","0","0","1","1002","0","0","8","0","1","4","90120101","1","0","1001","1001","901201","0"
"0","0","1","0","0","0","0","0","0","0","1","0","0","8","0","0","4","90170101","1","0","0","0","901701","0"
"0","0","1001","0","0","1002","0","0","0","1","1002","0","0","8","0","1","4","90250101","1","0","1001","1001","902501","0"
"0","0","1","0","0","1","0","0","0","1","1","0","0","8","0","1","4","90260101","1","0","1","1","902601","0"
"0","0","1","0","0","0","0","0","0","0","1","0","0","3","0","0","2","90280101","1","0","0","0","902801","0"
"0","0","1001","1001","1","1001","0","0","1","1002","1","0","0","12","0","1","3","90360101","1002","0","1001","1002","903601","1002"
"0","0","1","0","0","0","0","0","0","0","1","0","0","3","0","0","2","90380101","1","0","0","0","903801","0"
"0","0","1","0","0","0","0","0","0","0","1","0","0","3","0","0","2","90440101","1","0","0","0","904401","0"
"0","0","1001","0","0","0","0","0","0","1002","1","0","0","5","0","0","2","90580101","1","0","1","0","905801","0"
"0","0","1001","0","0","0","0","0","0","1002","1","0","0","5","0","0","2","90590101","1","0","1","0","905901","0"
"0","0","1001","0","0","0","0","0","0","1002","1","0","0","5","0","0","2","90590201","1","0","1","0","905902","0"
"0","0","1001","0","0","0","0","0","0","1002","1","0","0","5","0","0","2","90750101","1","0","1","0","907501","0"
"0","0","1001","0","0","1002","0","0","0","1","1002","0","0","8","0","1","4","90770101","1","0","1001","1001","907701","0"
"0","0","1","0","0","0","0","0","0","1","1","0","0","7","0","1","3","90780101","1","0","1","1","907801","0"
"0","0","1","0","0","0","0","0","0","1","1","0","0","7","0","1","3","90790101","1","0","1","1","907901","0"
"0","0","1","0","0","0","0","0","0","0","1","0","0","3","0","0","2","91240101","1","0","0","0","912401","0"