d5ff443678ceac1d753f6a797463ddb60e2b5b4d2cd7394691fbe856d7df9074,bcc895e0c0ee7668ad4066585e42b5e4c7e54e1a780be14a08b9501d5177b666,e52fbc98f50a99106c1a51b001d5334d8f4bd4203be0028aee53c94d1a5587a0,4e66414ac890b1ec2b990f625a856af051ee003e2792a3af498f09ad724f7575,c8850830cec1e16d581a5435b3d61e762b7d04ee164afb6629eccbdabee71391,5ba22a2cb987870b2d3b31ac93750e9f1e3f67f00937b51b1ec33c2b039f1dd1,391c9d53e4cbc42e3a39c6526abb437fc702e050b349d68f9f8219a103188ff3,f301a9612e3dca60d1116a75ae17e6a565e8da176d80f01581c8afb34ee25fc5,4a6460acd59ed15f56cb999507752b9757b648ef252ff07f67ae20d8fcd7b73a,c14e635c8e7fce2f3c1f1536b9dc0264bfee6597fc0a432711b8fc8c95c135f0,f0056de349d3c827f697212c237866800f8f5bb4dcaf1ecbc1573b0bd379b0c5,3d528ed2293e251b2e147f5f389f495799aafded3f1393b75c09d4109768df85,a466794bdf3eab8a47d47f8c5e791881c85f554c8290943e01bb716b4796ab00,914acc339b19f59afc67b1e48e55f85078ee22cb68a2f9cc177706f2a713ff97
"201","51001001","402001","0","0","1001","101","","11001010","2015/04/01 15:00:00","1","0","2030/04/01 14:59:59","0"
"201","51001002","402001","0","0","1001","101","","11002012","2015/04/01 15:00:00","1","0","2030/04/01 14:59:59","0"
"201","51001003","402001","0","0","1001","101","","11003012","2015/04/01 15:00:00","1","0","2030/04/01 14:59:59","0"
"201","51001004","402001","0","0","1001","101","","11004013","2015/04/01 15:00:00","1","0","2030/04/01 14:59:59","0"
"201","51001005","402001","0","0","1001","101","","11005013","2015/04/01 15:00:00","1","0","2030/04/01 14:59:59","0"
"201","51001006","402001","0","0","1001","101","","11006014","2015/04/01 15:00:00","1","0","2030/04/01 14:59:59","0"
"201","51001007","402001","0","0","1001","101","","11007014","2015/04/01 15:00:00","1","0","2030/04/01 14:59:59","0"
"201","51001008","402001","0","0","1001","101","","11008015","2015/04/01 15:00:00","1","0","2030/04/01 14:59:59","0"
"201","51001009","402001","0","0","1001","101","","11009015","2015/04/01 15:00:00","1","0","2030/04/01 14:59:59","0"
"201","51001010","402001","0","0","1001","101","","11010017","2015/04/01 15:00:00","1","0","2030/04/01 14:59:59","0"
"201","51001011","402001","0","0","1001","101","","11011017","2015/04/01 15:00:00","1","0","2030/04/01 14:59:59","0"
"201","51001012","402001","0","0","1001","101","","11012017","2015/04/01 15:00:00","1","0","2030/04/01 14:59:59","0"
"201","51001013","402001","0","0","1001","101","","11013017","2015/04/01 15:00:00","1","0","2030/04/01 14:59:59","0"
"201","51001014","402001","0","0","1001","101","","11014014","2015/04/01 15:00:00","1","0","2030/04/01 14:59:59","0"
"201","51001015","402001","0","0","1001","101","","11015014","2015/04/01 15:00:00","1","0","2030/04/01 14:59:59","0"
"201","51001016","402001","0","0","1001","101","","11016014","2015/04/01 15:00:00","1","0","2030/04/01 14:59:59","0"
"201","51001017","402001","0","0","1001","101","","11017014","2015/04/01 15:00:00","1","0","2030/04/01 14:59:59","0"
"201","51001018","402001","0","0","1001","101","","11018014","2015/04/01 15:00:00","1","0","2030/04/01 14:59:59","0"
"201","51001019","402001","0","0","1001","101","","11019014","2015/04/01 15:00:00","1","0","2030/04/01 14:59:59","0"
"201","51001020","402001","0","0","1001","101","","11020014","2020/02/18 16:00:00","1","0","2030/04/01 14:59:59","0"
"201","51001021","402001","0","0","1001","101","","11021014","2020/02/18 16:00:00","1","0","2030/04/01 14:59:59","0"
"201","51001022","402001","0","0","1001","101","","11022014","2020/02/18 16:00:00","1","0","2030/04/01 14:59:59","0"
"201","51001023","402001","0","0","1001","101","","11023014","2020/02/18 16:00:00","1","0","2030/04/01 14:59:59","0"
"201","51001024","402001","0","0","1001","101","","11024014","2020/02/18 16:00:00","1","0","2030/04/01 14:59:59","0"
"201","51003001","403001","0","0","1003","102","","12001003","2015/04/01 15:00:00","1","0","2030/04/01 14:59:59","0"
"201","51003002","403001","0","0","1003","102","","12002003","2015/04/01 15:00:00","1","0","2030/04/01 14:59:59","0"
"201","51003003","403001","0","0","1003","102","","12003003","2015/04/01 15:00:00","1","0","2030/04/01 14:59:59","0"
"201","51003004","403001","0","0","1003","102","","12004003","2015/04/01 15:00:00","1","0","2030/04/01 14:59:59","0"
"201","51003005","403001","0","0","1003","102","","12005003","2015/04/01 15:00:00","1","0","2030/04/01 14:59:59","0"
"201","51003006","403001","0","0","1003","102","","12006003","2015/04/01 15:00:00","1","0","2030/04/01 14:59:59","0"
"201","51003007","403001","0","0","1003","102","","12007003","2015/04/01 15:00:00","1","0","2030/04/01 14:59:59","0"
"201","51003008","403001","0","0","1003","102","","12008003","2015/04/01 15:00:00","1","0","2030/04/01 14:59:59","0"
"201","51003009","403001","0","0","1003","102","","12009003","2015/04/01 15:00:00","1","0","2030/04/01 14:59:59","0"
"201","51003010","403001","0","0","1003","102","","12010003","2015/04/01 15:00:00","1","0","2030/04/01 14:59:59","0"
"201","51003011","403001","0","0","1003","102","","12011003","2015/04/01 15:00:00","1","0","2030/04/01 14:59:59","0"
"201","51003012","403001","0","0","1003","102","","12012003","2015/04/01 15:00:00","1","0","2030/04/01 14:59:59","0"
"201","51003013","403001","0","0","1003","102","","12013003","2015/04/01 15:00:00","1","0","2030/04/01 14:59:59","0"
"201","51003014","403001","0","0","1003","102","","12014003","2015/04/01 15:00:00","1","0","2030/04/01 14:59:59","0"
"201","51003015","403001","0","0","1003","102","","12015003","2015/04/01 15:00:00","1","0","2030/04/01 14:59:59","0"
"201","51003016","403001","0","0","1003","102","","12016003","2015/04/01 15:00:00","1","0","2030/04/01 14:59:59","0"
"201","51003017","403001","0","0","1003","102","","12017003","2015/04/01 15:00:00","1","0","2030/04/01 14:59:59","0"
"201","51003018","403001","0","0","1003","102","","12018003","2015/04/01 15:00:00","1","0","2030/04/01 14:59:59","0"
"201","51003019","403001","0","0","1003","102","","12019003","2015/04/01 15:00:00","1","0","2030/04/01 14:59:59","0"
"201","51003020","403001","0","0","1003","102","","12020003","2015/04/01 15:00:00","1","0","2030/04/01 14:59:59","0"
"201","51003021","403001","0","0","1003","102","","12021003","2015/04/01 15:00:00","1","0","2030/04/01 14:59:59","0"
"201","51003022","403001","0","0","1003","102","","12022003","2015/04/01 15:00:00","1","0","2030/04/01 14:59:59","0"
"201","51003023","403001","0","0","1003","102","","12023003","2015/04/01 15:00:00","1","0","2030/04/01 14:59:59","0"
"201","51003024","403001","0","0","1003","102","","12024003","2015/04/01 15:00:00","1","0","2030/04/01 14:59:59","0"
"204","51010001","701001","0","0","1010","104","","31001","2015/04/01 15:00:00","1","0","2030/04/01 14:59:59","0"
"204","51010002","701001","0","0","1010","104","","31002","2015/04/01 15:00:00","1","0","2030/04/01 14:59:59","0"
"204","51010003","701001","0","0","1010","104","","31003","2015/04/01 15:00:00","1","0","2030/04/01 14:59:59","0"
"204","51010004","701001","0","0","1010","104","","31004","2015/04/01 15:00:00","1","0","2030/04/01 14:59:59","0"
"204","51010005","701001","0","0","1010","104","","31005","2015/04/01 15:00:00","1","0","2030/04/01 14:59:59","0"
"208","51102001","801001","0","0","1102","108","","71010070","2015/04/01 15:00:00","1","0","2030/04/01 14:59:59","0"
"208","51102002","801001","0","0","1102","108","","71020110","2015/04/01 15:00:00","1","0","2030/04/01 14:59:59","0"
"208","51102003","801001","0","0","1102","108","","71030130","2015/04/01 15:00:00","1","0","2030/04/01 14:59:59","0"
"208","51102004","801001","0","0","1102","108","","71040150","2015/04/01 15:00:00","1","0","2030/04/01 14:59:59","0"
"208","51102005","801001","0","0","1102","108","","71050170","2015/04/01 15:00:00","1","0","2030/04/01 14:59:59","0"
"208","51102006","801001","0","0","1102","108","","71060190","2015/04/01 15:00:00","1","0","2030/04/01 14:59:59","0"
"208","51102007","801001","0","0","1102","108","","71070210","2015/04/01 15:00:00","1","0","2030/04/01 14:59:59","0"
"208","51102008","801001","0","0","1102","108","","71080230","2015/04/01 15:00:00","1","0","2030/04/01 14:59:59","0"
"208","51102009","801001","0","0","1102","108","","71090250","2015/04/01 15:00:00","1","0","2030/04/01 14:59:59","0"
"208","51102010","801001","0","0","1102","108","","71100270","2019/06/14 12:00:00","1","0","2030/04/01 14:59:59","0"
"208","51102011","801001","0","0","1102","108","","71110290","2019/07/15 12:00:00","1","0","2030/04/01 14:59:59","0"
"208","51103001","802001","0","0","1103","108","","72010070","2015/04/01 15:00:00","1","0","2030/04/01 14:59:59","0"
"208","51103002","802001","0","0","1103","108","","72020110","2015/04/01 15:00:00","1","0","2030/04/01 14:59:59","0"
"208","51103003","802001","0","0","1103","108","","72030130","2015/04/01 15:00:00","1","0","2030/04/01 14:59:59","0"
"208","51103004","802001","0","0","1103","108","","72040150","2015/04/01 15:00:00","1","0","2030/04/01 14:59:59","0"
"208","51103005","802001","0","0","1103","108","","72050170","2015/04/01 15:00:00","1","0","2030/04/01 14:59:59","0"
"208","51103006","802001","0","0","1103","108","","72060190","2015/04/01 15:00:00","1","0","2030/04/01 14:59:59","0"
"208","51103007","802001","0","0","1103","108","","72070210","2015/04/01 15:00:00","1","0","2030/04/01 14:59:59","0"
"208","51103008","802001","0","0","1103","108","","72080230","2015/04/01 15:00:00","1","0","2030/04/01 14:59:59","0"
"208","51103009","802001","0","0","1103","108","","72090250","2015/04/01 15:00:00","1","0","2030/04/01 14:59:59","0"
"208","51103010","802001","0","0","1103","108","","72100270","2019/06/14 12:00:00","1","0","2030/04/01 14:59:59","0"
"208","51103011","802001","0","0","1103","108","","72110290","2019/07/15 12:00:00","1","0","2030/04/01 14:59:59","0"
"208","51103012","802001","0","0","1103","108","","72120310","2019/08/14 10:00:00","1","0","2030/04/01 14:59:59","0"
"208","51103013","802001","0","0","1103","108","","72130330","2019/09/14 12:00:00","1","0","2030/04/01 14:59:59","0"
"1000","51402001","904001","0","0","1402","1001","完成10次遠征","0","2023/03/01 16:00:00","10","1","2030/04/01 14:59:59","51402001"
"1000","51402002","904001","0","0","1402","1001","完成50次遠征","0","2023/03/01 16:00:00","50","1","2030/04/01 14:59:59","51402002"
"1000","51402003","904001","0","0","1402","1001","完成100次遠征","0","2023/03/01 16:00:00","100","1","2030/04/01 14:59:59","51402003"
"211","51501001","605001","0","0","1501","125","完成次元斷層的PHASE 5","0","2023/07/07 16:00:00","5","1","2030/04/01 14:59:59","51501001"
"211","51502001","605002","0","0","1502","125","完成次元斷層的EXTRA PHASE","0","2023/07/07 16:00:00","1","1","2030/04/01 14:59:59","51502001"
"1001","51601001","906001","0","0","1601","127","在戰鬥試煉場中進入到1000名以內","0","2024/02/06 16:00:00","1","1","2024/11/01 15:59:59","51601001"
"1001","51601002","906001","0","0","1601","127","在戰鬥試煉場中進入到300名以內","0","2024/02/06 16:00:00","1","1","2024/11/01 15:59:59","51601002"
"1001","51601003","906001","0","0","1601","127","在戰鬥試煉場中進入到100名以內","0","2024/02/06 16:00:00","1","1","2024/11/01 15:59:59","51601003"
"1002","51701001","907001","0","0","20021","129","讓公主騎士RANK提升到200","0","2024/06/14 16:00:00","200","1","2030/04/01 14:59:59","51701001"
"1007","51801001","607001","0","0","1702","132","在深淵討伐戰中通過所有Boss的VERY HARD","0","2024/11/15 16:00:00","1","1","2030/04/01 14:59:59","51801001"
"205","54002001","501001","0","0","4002","401","戰鬥競技場獲得10勝","0","2015/04/01 15:00:00","10","1","2030/04/01 14:59:59","54002001"
"205","54002002","501001","0","0","4002","401","戰鬥競技場獲得50勝","0","2015/04/01 15:00:00","50","1","2030/04/01 14:59:59","54002002"
"205","54002003","501001","0","0","4002","401","戰鬥競技場獲得100勝","0","2015/04/01 15:00:00","100","1","2030/04/01 14:59:59","54002003"
"207","54004001","502001","0","0","4004","402","公主競技場獲得10勝","0","2015/04/01 15:00:00","10","1","2030/04/01 14:59:59","54004001"
"207","54004002","502001","0","0","4004","402","公主競技場獲得50勝","0","2015/04/01 15:00:00","50","1","2030/04/01 14:59:59","54004002"
"207","54004003","502001","0","0","4004","402","公主競技場獲得100勝","0","2015/04/01 15:00:00","100","1","2030/04/01 14:59:59","54004003"
"501","55006001","601001","0","0","5006","107","參加1次團隊競賽","0","2015/04/01 15:00:00","1","1","2030/04/01 14:59:59","55006001"
"501","55006002","601001","0","0","5006","107","參加3次團隊競賽","0","2015/04/01 15:00:00","3","1","2030/04/01 14:59:59","55006002"
"501","55006003","601001","0","0","5006","107","參加6次團隊競賽","0","2015/04/01 15:00:00","6","1","2030/04/01 14:59:59","55006003"
"501","55008001","603001","0","0","5008","107","在戰隊競賽（戰隊模式）中進入到30000名以內","0","2020/09/25 05:00:00","1","1","2030/04/01 14:59:59","55008001"
"501","55008002","603002","0","0","5008","107","在戰隊競賽（戰隊模式）中進入到10000名以內","0","2020/09/25 05:00:00","1","1","2030/04/01 14:59:59","55008002"
"501","55008003","603003","0","0","5008","107","在戰隊競賽（戰隊模式）中進入到5000名以內","0","2020/09/25 05:00:00","1","1","2030/04/01 14:59:59","55008003"
"501","55008004","603004","0","0","5008","107","在戰隊競賽（戰隊模式）中進入到3000名以內","0","2020/09/25 05:00:00","1","1","2030/04/01 14:59:59","55008004"
"501","55008005","603005","0","0","5008","107","在戰隊競賽（戰隊模式）中進入到1000名以內","0","2020/09/25 05:00:00","1","1","2030/04/01 14:59:59","55008005"
"501","55008006","603006","0","0","5008","107","在戰隊競賽（戰隊模式）中進入到100名以內","0","2020/09/25 05:00:00","1","1","2030/04/01 14:59:59","55008006"
"301","56011001","201001","0","0","6011","501","將日和成為夥伴","100101","2015/04/01 15:00:00","1","1","2030/04/01 14:59:59","56011001"
"301","56011002","201001","0","0","6011","501","將日和升到★3","100101","2015/04/01 15:00:00","3","1","2030/04/01 14:59:59","56011002"
"301","56011003","201001","0","0","6011","501","將日和升到★5","100101","2015/04/01 15:00:00","5","1","2030/04/01 14:59:59","56011003"
"301","56011004","201002","0","0","6011","501","將優衣成為夥伴","100201","2015/04/01 15:00:00","1","1","2030/04/01 14:59:59","56011004"
"301","56011005","201002","0","0","6011","501","將優衣升到★3","100201","2015/04/01 15:00:00","3","1","2030/04/01 14:59:59","56011005"
"301","56011006","201002","0","0","6011","501","將優衣升到★5","100201","2015/04/01 15:00:00","5","1","2030/04/01 14:59:59","56011006"
"301","56011007","201003","0","0","6011","501","將怜成為夥伴","100301","2015/04/01 15:00:00","1","1","2030/04/01 14:59:59","56011007"
"301","56011008","201003","0","0","6011","501","將怜升到★3","100301","2015/04/01 15:00:00","3","1","2030/04/01 14:59:59","56011008"
"301","56011009","201003","0","0","6011","501","將怜升到★5","100301","2015/04/01 15:00:00","5","1","2030/04/01 14:59:59","56011009"
"301","56011010","201004","0","0","6011","501","將禊成為夥伴","100401","2015/04/01 15:00:00","1","1","2030/04/01 14:59:59","56011010"
"301","56011011","201004","0","0","6011","501","將禊升到★3","100401","2015/04/01 15:00:00","3","1","2030/04/01 14:59:59","56011011"
"301","56011012","201004","0","0","6011","501","將禊升到★5","100401","2015/04/01 15:00:00","5","1","2030/04/01 14:59:59","56011012"
"301","56011013","201005","0","0","6011","501","將茉莉成為夥伴","100501","2015/04/01 15:00:00","1","1","2030/04/01 14:59:59","56011013"
"301","56011014","201005","0","0","6011","501","將茉莉升到★3","100501","2015/04/01 15:00:00","3","1","2030/04/01 14:59:59","56011014"
"301","56011015","201005","0","0","6011","501","將茉莉升到★5","100501","2015/04/01 15:00:00","5","1","2030/04/01 14:59:59","56011015"
"301","56011016","201006","0","0","6011","501","將茜里成為夥伴","100601","2015/04/01 15:00:00","1","1","2030/04/01 14:59:59","56011016"
"301","56011017","201006","0","0","6011","501","將茜里升到★3","100601","2015/04/01 15:00:00","3","1","2030/04/01 14:59:59","56011017"
"301","56011018","201006","0","0","6011","501","將茜里升到★5","100601","2015/04/01 15:00:00","5","1","2030/04/01 14:59:59","56011018"
"301","56011019","201007","0","0","6011","501","將宮子成為夥伴","100701","2015/04/01 15:00:00","1","1","2030/04/01 14:59:59","56011019"
"301","56011020","201007","0","0","6011","501","將宮子升到★3","100701","2015/04/01 15:00:00","3","1","2030/04/01 14:59:59","56011020"
"301","56011021","201007","0","0","6011","501","將宮子升到★5","100701","2015/04/01 15:00:00","5","1","2030/04/01 14:59:59","56011021"
"301","56011022","201008","0","0","6011","501","將雪成為夥伴","100801","2015/04/01 15:00:00","1","1","2030/04/01 14:59:59","56011022"
"301","56011023","201008","0","0","6011","501","將雪升到★3","100801","2015/04/01 15:00:00","3","1","2030/04/01 14:59:59","56011023"
"301","56011024","201008","0","0","6011","501","將雪升到★5","100801","2015/04/01 15:00:00","5","1","2030/04/01 14:59:59","56011024"
"301","56011025","201009","0","0","6011","501","將杏奈成為夥伴","100901","2015/04/01 15:00:00","1","1","2030/04/01 14:59:59","56011025"
"301","56011026","201009","0","0","6011","501","將杏奈升到★3","100901","2015/04/01 15:00:00","3","1","2030/04/01 14:59:59","56011026"
"301","56011027","201009","0","0","6011","501","將杏奈升到★5","100901","2015/04/01 15:00:00","5","1","2030/04/01 14:59:59","56011027"
"301","56011028","201010","0","0","6011","501","將真步成為夥伴","101001","2015/04/01 15:00:00","1","1","2030/04/01 14:59:59","56011028"
"301","56011029","201010","0","0","6011","501","將真步升到★3","101001","2015/04/01 15:00:00","3","1","2030/04/01 14:59:59","56011029"
"301","56011030","201010","0","0","6011","501","將真步升到★5","101001","2015/04/01 15:00:00","5","1","2030/04/01 14:59:59","56011030"
"301","56011031","201011","0","0","6011","501","將璃乃成為夥伴","101101","2015/04/01 15:00:00","1","1","2030/04/01 14:59:59","56011031"
"301","56011032","201011","0","0","6011","501","將璃乃升到★3","101101","2015/04/01 15:00:00","3","1","2030/04/01 14:59:59","56011032"
"301","56011033","201011","0","0","6011","501","將璃乃升到★5","101101","2015/04/01 15:00:00","5","1","2030/04/01 14:59:59","56011033"
"301","56011034","201012","0","0","6011","501","將初音成為夥伴","101201","2015/04/01 15:00:00","1","1","2030/04/01 14:59:59","56011034"
"301","56011035","201012","0","0","6011","501","將初音升到★3","101201","2015/04/01 15:00:00","3","1","2030/04/01 14:59:59","56011035"
"301","56011036","201012","0","0","6011","501","將初音升到★5","101201","2015/04/01 15:00:00","5","1","2030/04/01 14:59:59","56011036"
"301","56011037","201013","0","0","6011","501","將七七香成為夥伴","101301","2015/04/01 15:00:00","1","1","2030/04/01 14:59:59","56011037"
"301","56011038","201013","0","0","6011","501","將七七香升到★3","101301","2015/04/01 15:00:00","3","1","2030/04/01 14:59:59","56011038"
"301","56011039","201013","0","0","6011","501","將七七香升到★5","101301","2015/04/01 15:00:00","5","1","2030/04/01 14:59:59","56011039"
"301","56011040","201014","0","0","6011","501","將霞成為夥伴","101401","2015/04/01 15:00:00","1","1","2030/04/01 14:59:59","56011040"
"301","56011041","201014","0","0","6011","501","將霞升到★3","101401","2015/04/01 15:00:00","3","1","2030/04/01 14:59:59","56011041"
"301","56011042","201014","0","0","6011","501","將霞升到★5","101401","2015/04/01 15:00:00","5","1","2030/04/01 14:59:59","56011042"
"301","56011043","201015","0","0","6011","501","將美里成為夥伴","101501","2015/04/01 15:00:00","1","1","2030/04/01 14:59:59","56011043"
"301","56011044","201015","0","0","6011","501","將美里升到★3","101501","2015/04/01 15:00:00","3","1","2030/04/01 14:59:59","56011044"
"301","56011045","201015","0","0","6011","501","將美里升到★5","101501","2015/04/01 15:00:00","5","1","2030/04/01 14:59:59","56011045"
"301","56011046","201016","0","0","6011","501","將鈴奈成為夥伴","101601","2015/04/01 15:00:00","1","1","2030/04/01 14:59:59","56011046"
"301","56011047","201016","0","0","6011","501","將鈴奈升到★3","101601","2015/04/01 15:00:00","3","1","2030/04/01 14:59:59","56011047"
"301","56011048","201016","0","0","6011","501","將鈴奈升到★5","101601","2015/04/01 15:00:00","5","1","2030/04/01 14:59:59","56011048"
"301","56011049","201017","0","0","6011","501","將香織成為夥伴","101701","2015/04/01 15:00:00","1","1","2030/04/01 14:59:59","56011049"
"301","56011050","201017","0","0","6011","501","將香織升到★3","101701","2015/04/01 15:00:00","3","1","2030/04/01 14:59:59","56011050"
"301","56011051","201017","0","0","6011","501","將香織升到★5","101701","2015/04/01 15:00:00","5","1","2030/04/01 14:59:59","56011051"
"301","56011052","201018","0","0","6011","501","將伊緒成為夥伴","101801","2015/04/01 15:00:00","1","1","2030/04/01 14:59:59","56011052"
"301","56011053","201018","0","0","6011","501","將伊緒升到★3","101801","2015/04/01 15:00:00","3","1","2030/04/01 14:59:59","56011053"
"301","56011054","201018","0","0","6011","501","將伊緒升到★5","101801","2015/04/01 15:00:00","5","1","2030/04/01 14:59:59","56011054"
"301","56011055","201019","0","0","6011","501","將美美成為夥伴","102001","2015/04/01 15:00:00","1","1","2030/04/01 14:59:59","56011055"
"301","56011056","201019","0","0","6011","501","將美美升到★3","102001","2015/04/01 15:00:00","3","1","2030/04/01 14:59:59","56011056"
"301","56011057","201019","0","0","6011","501","將美美升到★5","102001","2015/04/01 15:00:00","5","1","2030/04/01 14:59:59","56011057"
"301","56011058","201020","0","0","6011","501","將胡桃成為夥伴","102101","2015/04/01 15:00:00","1","1","2030/04/01 14:59:59","56011058"
"301","56011059","201020","0","0","6011","501","將胡桃升到★3","102101","2015/04/01 15:00:00","3","1","2030/04/01 14:59:59","56011059"
"301","56011060","201020","0","0","6011","501","將胡桃升到★5","102101","2015/04/01 15:00:00","5","1","2030/04/01 14:59:59","56011060"
"301","56011061","201021","0","0","6011","501","將依里成為夥伴","102201","2015/04/01 15:00:00","1","1","2030/04/01 14:59:59","56011061"
"301","56011062","201021","0","0","6011","501","將依里升到★3","102201","2015/04/01 15:00:00","3","1","2030/04/01 14:59:59","56011062"
"301","56011063","201021","0","0","6011","501","將依里升到★5","102201","2015/04/01 15:00:00","5","1","2030/04/01 14:59:59","56011063"
"301","56011064","201022","0","0","6011","501","將綾音成為夥伴","102301","2015/04/01 15:00:00","1","1","2030/04/01 14:59:59","56011064"
"301","56011065","201022","0","0","6011","501","將綾音升到★3","102301","2015/04/01 15:00:00","3","1","2030/04/01 14:59:59","56011065"
"301","56011066","201022","0","0","6011","501","將綾音升到★5","102301","2015/04/01 15:00:00","5","1","2030/04/01 14:59:59","56011066"
"301","56011067","201023","0","0","6011","501","將鈴莓成為夥伴","102501","2015/04/01 15:00:00","1","1","2030/04/01 14:59:59","56011067"
"301","56011068","201023","0","0","6011","501","將鈴莓升到★3","102501","2015/04/01 15:00:00","3","1","2030/04/01 14:59:59","56011068"
"301","56011069","201023","0","0","6011","501","將鈴莓升到★5","102501","2015/04/01 15:00:00","5","1","2030/04/01 14:59:59","56011069"
"301","56011070","201024","0","0","6011","501","將鈴成為夥伴","102601","2015/04/01 15:00:00","1","1","2030/04/01 14:59:59","56011070"
"301","56011071","201024","0","0","6011","501","將鈴升到★3","102601","2015/04/01 15:00:00","3","1","2030/04/01 14:59:59","56011071"
"301","56011072","201024","0","0","6011","501","將鈴升到★5","102601","2015/04/01 15:00:00","5","1","2030/04/01 14:59:59","56011072"
"301","56011073","201025","0","0","6011","501","將惠理子成為夥伴","102701","2015/04/01 15:00:00","1","1","2030/04/01 14:59:59","56011073"
"301","56011074","201025","0","0","6011","501","將惠理子升到★3","102701","2015/04/01 15:00:00","3","1","2030/04/01 14:59:59","56011074"
"301","56011075","201025","0","0","6011","501","將惠理子升到★5","102701","2015/04/01 15:00:00","5","1","2030/04/01 14:59:59","56011075"
"301","56011076","201026","0","0","6011","501","將咲戀成為夥伴","102801","2015/04/01 15:00:00","1","1","2030/04/01 14:59:59","56011076"
"301","56011077","201026","0","0","6011","501","將咲戀升到★3","102801","2015/04/01 15:00:00","3","1","2030/04/01 14:59:59","56011077"
"301","56011078","201026","0","0","6011","501","將咲戀升到★5","102801","2015/04/01 15:00:00","5","1","2030/04/01 14:59:59","56011078"
"301","56011079","201027","0","0","6011","501","將望成為夥伴","102901","2015/04/01 15:00:00","1","1","2030/04/01 14:59:59","56011079"
"301","56011080","201027","0","0","6011","501","將望升到★3","102901","2015/04/01 15:00:00","3","1","2030/04/01 14:59:59","56011080"
"301","56011081","201027","0","0","6011","501","將望升到★5","102901","2015/04/01 15:00:00","5","1","2030/04/01 14:59:59","56011081"
"301","56011082","201028","0","0","6011","501","將妮諾成為夥伴","103001","2015/04/01 15:00:00","1","1","2030/04/01 14:59:59","56011082"
"301","56011083","201028","0","0","6011","501","將妮諾升到★3","103001","2015/04/01 15:00:00","3","1","2030/04/01 14:59:59","56011083"
"301","56011084","201028","0","0","6011","501","將妮諾升到★5","103001","2015/04/01 15:00:00","5","1","2030/04/01 14:59:59","56011084"
"301","56011085","201029","0","0","6011","501","將忍成為夥伴","103101","2015/04/01 15:00:00","1","1","2030/04/01 14:59:59","56011085"
"301","56011086","201029","0","0","6011","501","將忍升到★3","103101","2015/04/01 15:00:00","3","1","2030/04/01 14:59:59","56011086"
"301","56011087","201029","0","0","6011","501","將忍升到★5","103101","2015/04/01 15:00:00","5","1","2030/04/01 14:59:59","56011087"
"301","56011088","201030","0","0","6011","501","將秋乃成為夥伴","103201","2015/04/01 15:00:00","1","1","2030/04/01 14:59:59","56011088"
"301","56011089","201030","0","0","6011","501","將秋乃升到★3","103201","2015/04/01 15:00:00","3","1","2030/04/01 14:59:59","56011089"
"301","56011090","201030","0","0","6011","501","將秋乃升到★5","103201","2015/04/01 15:00:00","5","1","2030/04/01 14:59:59","56011090"
"301","56011091","201031","0","0","6011","501","將真陽成為夥伴","103301","2015/04/01 15:00:00","1","1","2030/04/01 14:59:59","56011091"
"301","56011092","201031","0","0","6011","501","將真陽升到★3","103301","2015/04/01 15:00:00","3","1","2030/04/01 14:59:59","56011092"
"301","56011093","201031","0","0","6011","501","將真陽升到★5","103301","2015/04/01 15:00:00","5","1","2030/04/01 14:59:59","56011093"
"301","56011094","201032","0","0","6011","501","將優花梨成為夥伴","103401","2015/04/01 15:00:00","1","1","2030/04/01 14:59:59","56011094"
"301","56011095","201032","0","0","6011","501","將優花梨升到★3","103401","2015/04/01 15:00:00","3","1","2030/04/01 14:59:59","56011095"
"301","56011096","201032","0","0","6011","501","將優花梨升到★5","103401","2015/04/01 15:00:00","5","1","2030/04/01 14:59:59","56011096"
"301","56011097","201033","0","0","6011","501","將鏡華成為夥伴","103601","2015/04/01 15:00:00","1","1","2030/04/01 14:59:59","56011097"
"301","56011098","201033","0","0","6011","501","將鏡華升到★3","103601","2015/04/01 15:00:00","3","1","2030/04/01 14:59:59","56011098"
"301","56011099","201033","0","0","6011","501","將鏡華升到★5","103601","2015/04/01 15:00:00","5","1","2030/04/01 14:59:59","56011099"
"301","56011100","201034","0","0","6011","501","將智成為夥伴","103701","2015/04/01 15:00:00","1","1","2030/04/01 14:59:59","56011100"
"301","56011101","201034","0","0","6011","501","將智升到★3","103701","2015/04/01 15:00:00","3","1","2030/04/01 14:59:59","56011101"
"301","56011102","201034","0","0","6011","501","將智升到★5","103701","2015/04/01 15:00:00","5","1","2030/04/01 14:59:59","56011102"
"301","56011103","201035","0","0","6011","501","將栞成為夥伴","103801","2015/04/01 15:00:00","1","1","2030/04/01 14:59:59","56011103"
"301","56011104","201035","0","0","6011","501","將栞升到★3","103801","2015/04/01 15:00:00","3","1","2030/04/01 14:59:59","56011104"
"301","56011105","201035","0","0","6011","501","將栞升到★5","103801","2015/04/01 15:00:00","5","1","2030/04/01 14:59:59","56011105"
"301","56011106","201036","0","0","6011","501","將碧成為夥伴","104001","2015/04/01 15:00:00","1","1","2030/04/01 14:59:59","56011106"
"301","56011107","201036","0","0","6011","501","將碧升到★3","104001","2015/04/01 15:00:00","3","1","2030/04/01 14:59:59","56011107"
"301","56011108","201036","0","0","6011","501","將碧升到★5","104001","2015/04/01 15:00:00","5","1","2030/04/01 14:59:59","56011108"
"301","56011109","201037","0","0","6011","501","將千歌成為夥伴","104201","2015/04/01 15:00:00","1","1","2030/04/01 14:59:59","56011109"
"301","56011110","201037","0","0","6011","501","將千歌升到★3","104201","2015/04/01 15:00:00","3","1","2030/04/01 14:59:59","56011110"
"301","56011111","201037","0","0","6011","501","將千歌升到★5","104201","2015/04/01 15:00:00","5","1","2030/04/01 14:59:59","56011111"
"301","56011112","201038","0","0","6011","501","將真琴成為夥伴","104301","2015/04/01 15:00:00","1","1","2030/04/01 14:59:59","56011112"
"301","56011113","201038","0","0","6011","501","將真琴升到★3","104301","2015/04/01 15:00:00","3","1","2030/04/01 14:59:59","56011113"
"301","56011114","201038","0","0","6011","501","將真琴升到★5","104301","2015/04/01 15:00:00","5","1","2030/04/01 14:59:59","56011114"
"301","56011115","201039","0","0","6011","501","將伊莉亞成為夥伴","104401","2015/04/01 15:00:00","1","1","2030/04/01 14:59:59","56011115"
"301","56011116","201039","0","0","6011","501","將伊莉亞升到★3","104401","2015/04/01 15:00:00","3","1","2030/04/01 14:59:59","56011116"
"301","56011117","201039","0","0","6011","501","將伊莉亞升到★5","104401","2015/04/01 15:00:00","5","1","2030/04/01 14:59:59","56011117"
"301","56011118","201040","0","0","6011","501","將空花成為夥伴","104501","2015/04/01 15:00:00","1","1","2030/04/01 14:59:59","56011118"
"301","56011119","201040","0","0","6011","501","將空花升到★3","104501","2015/04/01 15:00:00","3","1","2030/04/01 14:59:59","56011119"
"301","56011120","201040","0","0","6011","501","將空花升到★5","104501","2015/04/01 15:00:00","5","1","2030/04/01 14:59:59","56011120"
"301","56011121","201041","0","0","6011","501","將珠希成為夥伴","104601","2015/04/01 15:00:00","1","1","2030/04/01 14:59:59","56011121"
"301","56011122","201041","0","0","6011","501","將珠希升到★3","104601","2015/04/01 15:00:00","3","1","2030/04/01 14:59:59","56011122"
"301","56011123","201041","0","0","6011","501","將珠希升到★5","104601","2015/04/01 15:00:00","5","1","2030/04/01 14:59:59","56011123"
"301","56011124","201042","0","0","6011","501","將純成為夥伴","104701","2015/04/01 15:00:00","1","1","2030/04/01 14:59:59","56011124"
"301","56011125","201042","0","0","6011","501","將純升到★3","104701","2015/04/01 15:00:00","3","1","2030/04/01 14:59:59","56011125"
"301","56011126","201042","0","0","6011","501","將純升到★5","104701","2015/04/01 15:00:00","5","1","2030/04/01 14:59:59","56011126"
"301","56011127","201043","0","0","6011","501","將美冬成為夥伴","104801","2015/04/01 15:00:00","1","1","2030/04/01 14:59:59","56011127"
"301","56011128","201043","0","0","6011","501","將美冬升到★3","104801","2015/04/01 15:00:00","3","1","2030/04/01 14:59:59","56011128"
"301","56011129","201043","0","0","6011","501","將美冬升到★5","104801","2015/04/01 15:00:00","5","1","2030/04/01 14:59:59","56011129"
"301","56011130","201044","0","0","6011","501","將靜流成為夥伴","104901","2015/04/01 15:00:00","1","1","2030/04/01 14:59:59","56011130"
"301","56011131","201044","0","0","6011","501","將靜流升到★3","104901","2015/04/01 15:00:00","3","1","2030/04/01 14:59:59","56011131"
"301","56011132","201044","0","0","6011","501","將靜流升到★5","104901","2015/04/01 15:00:00","5","1","2030/04/01 14:59:59","56011132"
"301","56011133","201045","0","0","6011","501","將美咲成為夥伴","105001","2015/04/01 15:00:00","1","1","2030/04/01 14:59:59","56011133"
"301","56011134","201045","0","0","6011","501","將美咲升到★3","105001","2015/04/01 15:00:00","3","1","2030/04/01 14:59:59","56011134"
"301","56011135","201045","0","0","6011","501","將美咲升到★5","105001","2015/04/01 15:00:00","5","1","2030/04/01 14:59:59","56011135"
"301","56011136","201046","0","0","6011","501","將深月成為夥伴","105101","2015/04/01 15:00:00","1","1","2030/04/01 14:59:59","56011136"
"301","56011137","201046","0","0","6011","501","將深月升到★3","105101","2015/04/01 15:00:00","3","1","2030/04/01 14:59:59","56011137"
"301","56011138","201046","0","0","6011","501","將深月升到★5","105101","2015/04/01 15:00:00","5","1","2030/04/01 14:59:59","56011138"
"301","56011139","201047","0","0","6011","501","將莉瑪成為夥伴","105201","2015/04/01 15:00:00","1","1","2030/04/01 14:59:59","56011139"
"301","56011140","201047","0","0","6011","501","將莉瑪升到★3","105201","2015/04/01 15:00:00","3","1","2030/04/01 14:59:59","56011140"
"301","56011141","201047","0","0","6011","501","將莉瑪升到★5","105201","2015/04/01 15:00:00","5","1","2030/04/01 14:59:59","56011141"
"301","56011142","201048","0","0","6011","501","將莫妮卡成為夥伴","105301","2015/04/01 15:00:00","1","1","2030/04/01 14:59:59","56011142"
"301","56011143","201048","0","0","6011","501","將莫妮卡升到★3","105301","2015/04/01 15:00:00","3","1","2030/04/01 14:59:59","56011143"
"301","56011144","201048","0","0","6011","501","將莫妮卡升到★5","105301","2015/04/01 15:00:00","5","1","2030/04/01 14:59:59","56011144"
"301","56011145","201049","0","0","6011","501","將紡希成為夥伴","105401","2015/04/01 15:00:00","1","1","2030/04/01 14:59:59","56011145"
"301","56011146","201049","0","0","6011","501","將紡希升到★3","105401","2015/04/01 15:00:00","3","1","2030/04/01 14:59:59","56011146"
"301","56011147","201049","0","0","6011","501","將紡希升到★5","105401","2015/04/01 15:00:00","5","1","2030/04/01 14:59:59","56011147"
"301","56011148","201050","0","0","6011","501","將步未成為夥伴","105501","2019/07/26 16:00:00","1","1","2030/04/01 14:59:59","56011148"
"301","56011149","201050","0","0","6011","501","將步未升到★3","105501","2019/07/26 16:00:00","3","1","2030/04/01 14:59:59","56011149"
"301","56011150","201050","0","0","6011","501","將步未升到★5","105501","2019/07/26 16:00:00","5","1","2030/04/01 14:59:59","56011150"
"301","56011151","201051","0","0","6011","501","將流夏成為夥伴","105601","2015/04/01 15:00:00","1","1","2030/04/01 14:59:59","56011151"
"301","56011152","201051","0","0","6011","501","將流夏升到★3","105601","2015/04/01 15:00:00","3","1","2030/04/01 14:59:59","56011152"
"301","56011153","201051","0","0","6011","501","將流夏升到★5","105601","2015/04/01 15:00:00","5","1","2030/04/01 14:59:59","56011153"
"301","56011154","201052","0","0","6011","501","將吉塔成為夥伴","105701","2015/04/01 15:00:00","1","1","2030/04/01 14:59:59","56011154"
"301","56011155","201052","0","0","6011","501","將吉塔升到★3","105701","2015/04/01 15:00:00","3","1","2030/04/01 14:59:59","56011155"
"301","56011156","201052","0","0","6011","501","將吉塔升到★5","105701","2015/04/01 15:00:00","5","1","2030/04/01 14:59:59","56011156"
"301","56011157","201053","0","0","6011","501","將貪吃佩可成為夥伴","105801","2015/04/01 15:00:00","1","1","2030/04/01 14:59:59","56011157"
"301","56011158","201053","0","0","6011","501","將貪吃佩可升到★3","105801","2015/04/01 15:00:00","3","1","2030/04/01 14:59:59","56011158"
"301","56011159","201053","0","0","6011","501","將貪吃佩可升到★5","105801","2015/04/01 15:00:00","5","1","2030/04/01 14:59:59","56011159"
"301","56011160","201054","0","0","6011","501","將可可蘿成為夥伴","105901","2015/04/01 15:00:00","1","1","2030/04/01 14:59:59","56011160"
"301","56011161","201054","0","0","6011","501","將可可蘿升到★3","105901","2015/04/01 15:00:00","3","1","2030/04/01 14:59:59","56011161"
"301","56011162","201054","0","0","6011","501","將可可蘿升到★5","105901","2015/04/01 15:00:00","5","1","2030/04/01 14:59:59","56011162"
"301","56011163","201055","0","0","6011","501","將凱留成為夥伴","106001","2015/04/01 15:00:00","1","1","2030/04/01 14:59:59","56011163"
"301","56011164","201055","0","0","6011","501","將凱留升到★3","106001","2015/04/01 15:00:00","3","1","2030/04/01 14:59:59","56011164"
"301","56011165","201055","0","0","6011","501","將凱留升到★5","106001","2015/04/01 15:00:00","5","1","2030/04/01 14:59:59","56011165"
"301","56011166","201056","0","0","6011","501","將矛依未成為夥伴","106101","2015/04/01 15:00:00","1","1","2030/04/01 14:59:59","56011166"
"301","56011167","201056","0","0","6011","501","將矛依未升到★3","106101","2015/04/01 15:00:00","3","1","2030/04/01 14:59:59","56011167"
"301","56011168","201056","0","0","6011","501","將矛依未升到★5","106101","2015/04/01 15:00:00","5","1","2030/04/01 14:59:59","56011168"
"301","56011169","201057","0","0","6011","501","將亞里莎成為夥伴","106301","2015/04/01 15:00:00","1","1","2030/04/01 14:59:59","56011169"
"301","56011170","201057","0","0","6011","501","將亞里莎升到★3","106301","2015/04/01 15:00:00","3","1","2030/04/01 14:59:59","56011170"
"301","56011171","201057","0","0","6011","501","將亞里莎升到★5","106301","2015/04/01 15:00:00","5","1","2030/04/01 14:59:59","56011171"
"301","56011172","201058","0","0","6011","501","將克莉絲提娜成為夥伴","107101","2015/04/01 15:00:00","1","1","2030/04/01 14:59:59","56011172"
"301","56011173","201058","0","0","6011","501","將克莉絲提娜升到★3","107101","2015/04/01 15:00:00","3","1","2030/04/01 14:59:59","56011173"
"301","56011174","201058","0","0","6011","501","將克莉絲提娜升到★5","107101","2015/04/01 15:00:00","5","1","2030/04/01 14:59:59","56011174"
"301","56011175","201059","0","0","6011","501","將貪吃佩可（夏日）成為夥伴","107501","2015/04/01 15:00:00","1","1","2030/04/01 14:59:59","56011175"
"301","56011176","201059","0","0","6011","501","將貪吃佩可（夏日）升到★3","107501","2015/04/01 15:00:00","3","1","2030/04/01 14:59:59","56011176"
"301","56011177","201059","0","0","6011","501","將貪吃佩可（夏日）升到★5","107501","2015/04/01 15:00:00","5","1","2030/04/01 14:59:59","56011177"
"301","56011178","201060","0","0","6011","501","將可可蘿（夏日）成為夥伴","107601","2015/04/01 15:00:00","1","1","2030/04/01 14:59:59","56011178"
"301","56011179","201060","0","0","6011","501","將可可蘿（夏日）升到★3","107601","2015/04/01 15:00:00","3","1","2030/04/01 14:59:59","56011179"
"301","56011180","201060","0","0","6011","501","將可可蘿（夏日）升到★5","107601","2015/04/01 15:00:00","5","1","2030/04/01 14:59:59","56011180"
"301","56011181","201061","0","0","6011","501","將鈴莓（夏日）成為夥伴","107701","2015/04/01 15:00:00","1","1","2030/04/01 14:59:59","56011181"
"301","56011182","201061","0","0","6011","501","將鈴莓（夏日）升到★3","107701","2015/04/01 15:00:00","3","1","2030/04/01 14:59:59","56011182"
"301","56011183","201061","0","0","6011","501","將鈴莓（夏日）升到★5","107701","2015/04/01 15:00:00","5","1","2030/04/01 14:59:59","56011183"
"301","56011184","201062","0","0","6011","501","將凱留（夏日）成為夥伴","107801","2015/04/01 15:00:00","1","1","2030/04/01 14:59:59","56011184"
"301","56011185","201062","0","0","6011","501","將凱留（夏日）升到★3","107801","2015/04/01 15:00:00","3","1","2030/04/01 14:59:59","56011185"
"301","56011186","201062","0","0","6011","501","將凱留（夏日）升到★5","107801","2015/04/01 15:00:00","5","1","2030/04/01 14:59:59","56011186"
"301","56011187","201063","0","0","6011","501","將珠希（夏日）成為夥伴","107901","2015/04/01 15:00:00","1","1","2030/04/01 14:59:59","56011187"
"301","56011188","201063","0","0","6011","501","將珠希（夏日）升到★3","107901","2015/04/01 15:00:00","3","1","2030/04/01 14:59:59","56011188"
"301","56011189","201063","0","0","6011","501","將珠希（夏日）升到★5","107901","2015/04/01 15:00:00","5","1","2030/04/01 14:59:59","56011189"
"301","56011190","201064","0","0","6011","501","將美冬（夏日）成為夥伴","108001","2015/04/01 15:00:00","1","1","2030/04/01 14:59:59","56011190"
"301","56011191","201064","0","0","6011","501","將美冬（夏日）升到★3","108001","2015/04/01 15:00:00","3","1","2030/04/01 14:59:59","56011191"
"301","56011192","201064","0","0","6011","501","將美冬（夏日）升到★5","108001","2015/04/01 15:00:00","5","1","2030/04/01 14:59:59","56011192"
"301","56011193","201065","0","0","6011","501","將忍（萬聖節）成為夥伴","108101","2015/04/01 15:00:00","1","1","2030/04/01 14:59:59","56011193"
"301","56011194","201065","0","0","6011","501","將忍（萬聖節）升到★3","108101","2015/04/01 15:00:00","3","1","2030/04/01 14:59:59","56011194"
"301","56011195","201065","0","0","6011","501","將忍（萬聖節）升到★5","108101","2015/04/01 15:00:00","5","1","2030/04/01 14:59:59","56011195"
"301","56011196","201066","0","0","6011","501","將宮子（萬聖節）成為夥伴","108201","2015/04/01 15:00:00","1","1","2030/04/01 14:59:59","56011196"
"301","56011197","201066","0","0","6011","501","將宮子（萬聖節）升到★3","108201","2015/04/01 15:00:00","3","1","2030/04/01 14:59:59","56011197"
"301","56011198","201066","0","0","6011","501","將宮子（萬聖節）升到★5","108201","2015/04/01 15:00:00","5","1","2030/04/01 14:59:59","56011198"
"301","56011199","201067","0","0","6011","501","將美咲（萬聖節）成為夥伴","108301","2015/04/01 15:00:00","1","1","2030/04/01 14:59:59","56011199"
"301","56011200","201067","0","0","6011","501","將美咲（萬聖節）升到★3","108301","2015/04/01 15:00:00","3","1","2030/04/01 14:59:59","56011200"
"301","56011201","201067","0","0","6011","501","將美咲（萬聖節）升到★5","108301","2015/04/01 15:00:00","5","1","2030/04/01 14:59:59","56011201"
"301","56011202","201068","0","0","6011","501","將千歌（聖誕節）成為夥伴","108401","2015/04/01 15:00:00","1","1","2030/04/01 14:59:59","56011202"
"301","56011203","201068","0","0","6011","501","將千歌（聖誕節）升到★3","108401","2015/04/01 15:00:00","3","1","2030/04/01 14:59:59","56011203"
"301","56011204","201068","0","0","6011","501","將千歌（聖誕節）升到★5","108401","2015/04/01 15:00:00","5","1","2030/04/01 14:59:59","56011204"
"301","56011205","201069","0","0","6011","501","將胡桃（聖誕節）成為夥伴","108501","2015/04/01 15:00:00","1","1","2030/04/01 14:59:59","56011205"
"301","56011206","201069","0","0","6011","501","將胡桃（聖誕節）升到★3","108501","2015/04/01 15:00:00","3","1","2030/04/01 14:59:59","56011206"
"301","56011207","201069","0","0","6011","501","將胡桃（聖誕節）升到★5","108501","2015/04/01 15:00:00","5","1","2030/04/01 14:59:59","56011207"
"301","56011208","201070","0","0","6011","501","將綾音（聖誕節）成為夥伴","108601","2015/04/01 15:00:00","1","1","2030/04/01 14:59:59","56011208"
"301","56011209","201070","0","0","6011","501","將綾音（聖誕節）升到★3","108601","2015/04/01 15:00:00","3","1","2030/04/01 14:59:59","56011209"
"301","56011210","201070","0","0","6011","501","將綾音（聖誕節）升到★5","108601","2015/04/01 15:00:00","5","1","2030/04/01 14:59:59","56011210"
"301","56011211","201071","0","0","6011","501","將日和（新年）成為夥伴","108701","2015/04/01 15:00:00","1","1","2030/04/01 14:59:59","56011211"
"301","56011212","201071","0","0","6011","501","將日和（新年）升到★3","108701","2015/04/01 15:00:00","3","1","2030/04/01 14:59:59","56011212"
"301","56011213","201071","0","0","6011","501","將日和（新年）升到★5","108701","2015/04/01 15:00:00","5","1","2030/04/01 14:59:59","56011213"
"301","56011214","201072","0","0","6011","501","將優衣（新年）成為夥伴","108801","2015/04/01 15:00:00","1","1","2030/04/01 14:59:59","56011214"
"301","56011215","201072","0","0","6011","501","將優衣（新年）升到★3","108801","2015/04/01 15:00:00","3","1","2030/04/01 14:59:59","56011215"
"301","56011216","201072","0","0","6011","501","將優衣（新年）升到★5","108801","2015/04/01 15:00:00","5","1","2030/04/01 14:59:59","56011216"
"301","56011217","201073","0","0","6011","501","將怜（新年）成為夥伴","108901","2015/04/01 15:00:00","1","1","2030/04/01 14:59:59","56011217"
"301","56011218","201073","0","0","6011","501","將怜（新年）升到★3","108901","2015/04/01 15:00:00","3","1","2030/04/01 14:59:59","56011218"
"301","56011219","201073","0","0","6011","501","將怜（新年）升到★5","108901","2015/04/01 15:00:00","5","1","2030/04/01 14:59:59","56011219"
"301","56011220","201074","0","0","6011","501","將惠理子（情人節）成為夥伴","109001","2015/04/01 15:00:00","1","1","2030/04/01 14:59:59","56011220"
"301","56011221","201074","0","0","6011","501","將惠理子（情人節）升到★3","109001","2015/04/01 15:00:00","3","1","2030/04/01 14:59:59","56011221"
"301","56011222","201074","0","0","6011","501","將惠理子（情人節）升到★5","109001","2015/04/01 15:00:00","5","1","2030/04/01 14:59:59","56011222"
"301","56011223","201075","0","0","6011","501","將靜流（情人節）成為夥伴","109101","2015/04/01 15:00:00","1","1","2030/04/01 14:59:59","56011223"
"301","56011224","201075","0","0","6011","501","將靜流（情人節）升到★3","109101","2015/04/01 15:00:00","3","1","2030/04/01 14:59:59","56011224"
"301","56011225","201075","0","0","6011","501","將靜流（情人節）升到★5","109101","2015/04/01 15:00:00","5","1","2030/04/01 14:59:59","56011225"
"301","56011226","201076","0","0","6011","501","將安成為夥伴","109201","2019/08/01 16:00:00","1","1","2030/04/01 14:59:59","56011226"
"301","56011227","201076","0","0","6011","501","將安升到★3","109201","2019/08/01 16:00:00","3","1","2030/04/01 14:59:59","56011227"
"301","56011228","201076","0","0","6011","501","將安升到★5","109201","2019/08/01 16:00:00","5","1","2030/04/01 14:59:59","56011228"
"301","56011229","201077","0","0","6011","501","將露成為夥伴","109301","2019/08/01 16:00:00","1","1","2030/04/01 14:59:59","56011229"
"301","56011230","201077","0","0","6011","501","將露升到★3","109301","2019/08/01 16:00:00","3","1","2030/04/01 14:59:59","56011230"
"301","56011231","201077","0","0","6011","501","將露升到★5","109301","2019/08/01 16:00:00","5","1","2030/04/01 14:59:59","56011231"
"301","56011232","201078","0","0","6011","501","將古蕾婭成為夥伴","109401","2019/08/15 16:00:00","1","1","2030/04/01 14:59:59","56011232"
"301","56011233","201078","0","0","6011","501","將古蕾婭升到★3","109401","2019/08/15 16:00:00","3","1","2030/04/01 14:59:59","56011233"
"301","56011234","201078","0","0","6011","501","將古蕾婭升到★5","109401","2019/08/15 16:00:00","5","1","2030/04/01 14:59:59","56011234"
"301","56011235","201079","0","0","6011","501","將空花（大江戶）成為夥伴","109501","2019/09/02 16:00:00","1","1","2030/04/01 14:59:59","56011235"
"301","56011236","201079","0","0","6011","501","將空花（大江戶）升到★3","109501","2019/09/02 16:00:00","3","1","2030/04/01 14:59:59","56011236"
"301","56011237","201079","0","0","6011","501","將空花（大江戶）升到★5","109501","2019/09/02 16:00:00","5","1","2030/04/01 14:59:59","56011237"
"301","56011238","201080","0","0","6011","501","將妮諾（大江戶）成為夥伴","109601","2019/09/20 16:00:00","1","1","2030/04/01 14:59:59","56011238"
"301","56011239","201080","0","0","6011","501","將妮諾（大江戶）升到★3","109601","2019/09/20 16:00:00","3","1","2030/04/01 14:59:59","56011239"
"301","56011240","201080","0","0","6011","501","將妮諾（大江戶）升到★5","109601","2019/09/20 16:00:00","5","1","2030/04/01 14:59:59","56011240"
"301","56011241","201081","0","0","6011","501","將雷姆成為夥伴","109701","2019/10/01 16:00:00","1","1","2030/04/01 14:59:59","56011241"
"301","56011242","201081","0","0","6011","501","將雷姆升到★3","109701","2019/10/01 16:00:00","3","1","2030/04/01 14:59:59","56011242"
"301","56011243","201081","0","0","6011","501","將雷姆升到★5","109701","2019/10/01 16:00:00","5","1","2030/04/01 14:59:59","56011243"
"301","56011244","201082","0","0","6011","501","將拉姆成為夥伴","109801","2019/10/01 16:00:00","1","1","2030/04/01 14:59:59","56011244"
"301","56011245","201082","0","0","6011","501","將拉姆升到★3","109801","2019/10/01 16:00:00","3","1","2030/04/01 14:59:59","56011245"
"301","56011246","201082","0","0","6011","501","將拉姆升到★5","109801","2019/10/01 16:00:00","5","1","2030/04/01 14:59:59","56011246"
"301","56011247","201083","0","0","6011","501","將愛蜜莉雅成為夥伴","109901","2019/10/18 16:00:00","1","1","2030/04/01 14:59:59","56011247"
"301","56011248","201083","0","0","6011","501","將愛蜜莉雅升到★3","109901","2019/10/18 16:00:00","3","1","2030/04/01 14:59:59","56011248"
"301","56011249","201083","0","0","6011","501","將愛蜜莉雅升到★5","109901","2019/10/18 16:00:00","5","1","2030/04/01 14:59:59","56011249"
"301","56011250","201084","0","0","6011","501","讓鈴奈（夏日）成為夥伴","110001","2019/11/01 16:00:00","1","1","2030/04/01 14:59:59","56011250"
"301","56011251","201084","0","0","6011","501","將鈴奈（夏日）升到★3","110001","2019/11/01 16:00:00","3","1","2030/04/01 14:59:59","56011251"
"301","56011252","201084","0","0","6011","501","將鈴奈（夏日）升到★5","110001","2019/11/01 16:00:00","5","1","2030/04/01 14:59:59","56011252"
"301","56011253","201085","0","0","6011","501","讓伊緒（夏日）成為夥伴","110101","2019/11/01 16:00:00","1","1","2030/04/01 14:59:59","56011253"
"301","56011254","201085","0","0","6011","501","將伊緒（夏日）升到★3","110101","2019/11/01 16:00:00","3","1","2030/04/01 14:59:59","56011254"
"301","56011255","201085","0","0","6011","501","將伊緒（夏日）升到★5","110101","2019/11/01 16:00:00","5","1","2030/04/01 14:59:59","56011255"
"301","56011256","201086","0","0","6011","501","讓咲戀（夏日）成為夥伴","110301","2019/11/19 16:00:00","1","1","2030/04/01 14:59:59","56011256"
"301","56011257","201086","0","0","6011","501","將咲戀（夏日）升到★3","110301","2019/11/19 16:00:00","3","1","2030/04/01 14:59:59","56011257"
"301","56011258","201086","0","0","6011","501","將咲戀（夏日）升到★5","110301","2019/11/19 16:00:00","5","1","2030/04/01 14:59:59","56011258"
"301","56011259","201087","0","0","6011","501","讓真琴（夏日）成為夥伴","110401","2019/12/02 16:00:00","1","1","2030/04/01 14:59:59","56011259"
"301","56011260","201087","0","0","6011","501","將真琴（夏日）升到★3","110401","2019/12/02 16:00:00","3","1","2030/04/01 14:59:59","56011260"
"301","56011261","201087","0","0","6011","501","將真琴（夏日）升到★5","110401","2019/12/02 16:00:00","5","1","2030/04/01 14:59:59","56011261"
"301","56011262","201088","0","0","6011","501","讓香織（夏日）成為夥伴","110501","2019/12/02 16:00:00","1","1","2030/04/01 14:59:59","56011262"
"301","56011263","201088","0","0","6011","501","將香織（夏日）升到★3","110501","2019/12/02 16:00:00","3","1","2030/04/01 14:59:59","56011263"
"301","56011264","201088","0","0","6011","501","將香織（夏日）升到★5","110501","2019/12/02 16:00:00","5","1","2030/04/01 14:59:59","56011264"
"301","56011265","201089","0","0","6011","501","讓真步（夏日）成為夥伴","110601","2019/12/16 16:00:00","1","1","2030/04/01 14:59:59","56011265"
"301","56011266","201089","0","0","6011","501","將真步（夏日）升到★3","110601","2019/12/16 16:00:00","3","1","2030/04/01 14:59:59","56011266"
"301","56011267","201089","0","0","6011","501","將真步（夏日）升到★5","110601","2019/12/16 16:00:00","5","1","2030/04/01 14:59:59","56011267"
"301","56011268","201090","0","0","6011","501","讓似似花成為夥伴","107001","2020/01/21 16:00:00","1","1","2030/04/01 14:59:59","56011268"
"301","56011269","201090","0","0","6011","501","將似似花升到★3","107001","2020/01/21 16:00:00","3","1","2030/04/01 14:59:59","56011269"
"301","56011270","201090","0","0","6011","501","將似似花升到★5","107001","2020/01/21 16:00:00","5","1","2030/04/01 14:59:59","56011270"
"301","56011271","201053","0","0","6011","501","將貪吃佩可升到★6","105801","2020/01/02 16:00:00","6","1","2030/04/01 14:59:59","56011271"
"301","56011272","201054","0","0","6011","501","將可可蘿升到★6","105901","2020/01/02 16:00:00","6","1","2030/04/01 14:59:59","56011272"
"301","56011273","201055","0","0","6011","501","將凱留升到★6","106001","2020/01/02 16:00:00","6","1","2030/04/01 14:59:59","56011273"
"301","56011274","201091","0","0","6011","501","讓碧（插班生）成為夥伴","110701","2020/01/02 16:00:00","1","1","2030/04/01 14:59:59","56011274"
"301","56011275","201091","0","0","6011","501","將碧（插班生）升到★3","110701","2020/01/02 16:00:00","3","1","2030/04/01 14:59:59","56011275"
"301","56011276","201091","0","0","6011","501","將碧（插班生）升到★5","110701","2020/01/02 16:00:00","5","1","2030/04/01 14:59:59","56011276"
"301","56011277","201092","0","0","6011","501","讓克蘿依成為夥伴","110801","2020/01/10 16:00:00","1","1","2030/04/01 14:59:59","56011277"
"301","56011278","201092","0","0","6011","501","將克蘿依升到★3","110801","2020/01/10 16:00:00","3","1","2030/04/01 14:59:59","56011278"
"301","56011279","201092","0","0","6011","501","將克蘿依升到★5","110801","2020/01/10 16:00:00","5","1","2030/04/01 14:59:59","56011279"
"301","56011280","201093","0","0","6011","501","讓鏡華（萬聖節）成為夥伴","111101","2020/02/04 16:00:00","1","1","2030/04/01 14:59:59","56011280"
"301","56011281","201093","0","0","6011","501","將鏡華（萬聖節）升到★3","111101","2020/02/04 16:00:00","3","1","2030/04/01 14:59:59","56011281"
"301","56011282","201093","0","0","6011","501","將鏡華（萬聖節）升到★5","111101","2020/02/04 16:00:00","5","1","2030/04/01 14:59:59","56011282"
"301","56011283","201094","0","0","6011","501","讓禊（萬聖節）成為夥伴","111201","2020/02/04 16:00:00","1","1","2030/04/01 14:59:59","56011283"
"301","56011284","201094","0","0","6011","501","將禊（萬聖節）升到★3","111201","2020/02/04 16:00:00","3","1","2030/04/01 14:59:59","56011284"
"301","56011285","201094","0","0","6011","501","將禊（萬聖節）升到★5","111201","2020/02/04 16:00:00","5","1","2030/04/01 14:59:59","56011285"
"301","56011286","201011","0","0","6011","501","將璃乃升到★6","101101","2020/02/04 16:00:00","6","1","2030/04/01 14:59:59","56011286"
"301","56011287","201095","0","0","6011","501","讓美美（萬聖節）成為夥伴","111301","2020/02/19 16:00:00","1","1","2030/04/01 14:59:59","56011287"
"301","56011288","201095","0","0","6011","501","將美美（萬聖節）升到★3","111301","2020/02/19 16:00:00","3","1","2030/04/01 14:59:59","56011288"
"301","56011289","201095","0","0","6011","501","將美美（萬聖節）升到★5","111301","2020/02/19 16:00:00","5","1","2030/04/01 14:59:59","56011289"
"301","56011290","201096","0","0","6011","501","讓露娜成為夥伴","111401","2020/03/04 16:00:00","1","1","2030/04/01 14:59:59","56011290"
"301","56011291","201096","0","0","6011","501","將露娜升到★3","111401","2020/03/04 16:00:00","3","1","2030/04/01 14:59:59","56011291"
"301","56011292","201096","0","0","6011","501","將露娜升到★5","111401","2020/03/04 16:00:00","5","1","2030/04/01 14:59:59","56011292"
"301","56011293","201047","0","0","6011","501","將莉瑪升到★6","105201","2020/03/04 16:00:00","6","1","2030/04/01 14:59:59","56011293"
"301","56011294","201097","0","0","6011","501","讓嘉夜成為夥伴","106501","2020/03/19 16:00:00","1","1","2030/01/01 23:59:59","56011294"
"301","56011295","201097","0","0","6011","501","將嘉夜升到★3","106501","2020/03/19 16:00:00","3","1","2030/01/01 23:59:59","56011295"
"301","56011296","201097","0","0","6011","501","將嘉夜升到★5","106501","2020/03/19 16:00:00","5","1","2030/01/01 23:59:59","56011296"
"301","56011297","201098","0","0","6011","501","讓克莉絲提娜（聖誕節）成為夥伴","111501","2020/04/01 16:00:00","1","1","2030/04/01 14:59:59","56011297"
"301","56011298","201098","0","0","6011","501","將克莉絲提娜（聖誕節）升到★3","111501","2020/04/01 16:00:00","3","1","2030/04/01 14:59:59","56011298"
"301","56011299","201098","0","0","6011","501","將克莉絲提娜（聖誕節）升到★5","111501","2020/04/01 16:00:00","5","1","2030/04/01 14:59:59","56011299"
"301","56011300","201099","0","0","6011","501","讓望（聖誕節）成為夥伴","111601","2020/04/01 16:00:00","1","1","2030/04/01 14:59:59","56011300"
"301","56011301","201099","0","0","6011","501","將望（聖誕節）升到★3","111601","2020/04/01 16:00:00","3","1","2030/04/01 14:59:59","56011301"
"301","56011302","201099","0","0","6011","501","將望（聖誕節）升到★5","111601","2020/04/01 16:00:00","5","1","2030/04/01 14:59:59","56011302"
"301","56011303","201018","0","0","6011","501","將伊緒升到★6","101801","2020/04/01 16:00:00","6","1","2030/04/01 14:59:59","56011303"
"301","56011304","201100","0","0","6011","501","讓伊莉亞（聖誕節）成為夥伴","111701","2020/04/22 16:00:00","1","1","2030/04/01 14:59:59","56011304"
"301","56011305","201100","0","0","6011","501","將伊莉亞（聖誕節）升到★3","111701","2020/04/22 16:00:00","3","1","2030/04/01 14:59:59","56011305"
"301","56011306","201100","0","0","6011","501","將伊莉亞（聖誕節）升到★5","111701","2020/04/22 16:00:00","5","1","2030/04/01 14:59:59","56011306"
"301","56011307","201101","0","0","6011","501","讓鈴莓（新年）成為夥伴","112101","2020/05/05 16:00:00","1","1","2030/04/01 14:59:59","56011307"
"301","56011308","201101","0","0","6011","501","將鈴莓（新年）升到★3","112101","2020/05/05 16:00:00","3","1","2030/04/01 14:59:59","56011308"
"301","56011309","201101","0","0","6011","501","將鈴莓（新年）升到★5","112101","2020/05/05 16:00:00","5","1","2030/04/01 14:59:59","56011309"
"301","56011310","201102","0","0","6011","501","讓凱留（新年）成為夥伴","112001","2020/05/05 16:00:00","1","1","2030/04/01 14:59:59","56011310"
"301","56011311","201102","0","0","6011","501","將凱留（新年）升到★3","112001","2020/05/05 16:00:00","3","1","2030/04/01 14:59:59","56011311"
"301","56011312","201102","0","0","6011","501","將凱留（新年）升到★5","112001","2020/05/05 16:00:00","5","1","2030/04/01 14:59:59","56011312"
"301","56011313","201032","0","0","6011","501","將優花梨升到★6","103401","2020/05/05 16:00:00","6","1","2030/04/01 14:59:59","56011313"
"301","56011314","201103","0","0","6011","501","讓可可蘿（新年）成為夥伴","111901","2020/05/22 16:00:00","1","1","2030/04/01 14:59:59","56011314"
"301","56011315","201103","0","0","6011","501","將可可蘿（新年）升到★3","111901","2020/05/22 16:00:00","3","1","2030/04/01 14:59:59","56011315"
"301","56011316","201103","0","0","6011","501","將可可蘿（新年）升到★5","111901","2020/05/22 16:00:00","5","1","2030/04/01 14:59:59","56011316"
"301","56011317","201104","0","0","6011","501","讓霞（魔法少女）成為夥伴","112201","2020/06/03 16:00:00","1","1","2030/04/01 14:59:59","56011317"
"301","56011318","201104","0","0","6011","501","將霞（魔法少女）升到★3","112201","2020/06/03 16:00:00","3","1","2030/04/01 14:59:59","56011318"
"301","56011319","201104","0","0","6011","501","將霞（魔法少女）升到★5","112201","2020/06/03 16:00:00","5","1","2030/04/01 14:59:59","56011319"
"301","56011320","201105","0","0","6011","501","讓栞（魔法少女）成為夥伴","112301","2020/06/03 16:00:00","1","1","2030/04/01 14:59:59","56011320"
"301","56011321","201105","0","0","6011","501","讓栞（魔法少女）升到★3","112301","2020/06/03 16:00:00","3","1","2030/04/01 14:59:59","56011321"
"301","56011322","201105","0","0","6011","501","讓栞（魔法少女）升到★5","112301","2020/06/03 16:00:00","5","1","2030/04/01 14:59:59","56011322"
"301","56011323","201010","0","0","6011","501","將真步升到★6","101001","2020/06/03 16:00:00","6","1","2030/04/01 14:59:59","56011323"
"301","56011324","201106","0","0","6011","501","讓貪吃佩可（公主）成為夥伴","180401","2020/06/22 16:00:00","1","1","2030/04/01 14:59:59","56011324"
"301","56011325","201106","0","0","6011","501","將貪吃佩可（公主）升到★3","180401","2020/06/22 16:00:00","3","1","2030/04/01 14:59:59","56011325"
"301","56011326","201106","0","0","6011","501","將貪吃佩可（公主）升到★5","180401","2020/06/22 16:00:00","5","1","2030/04/01 14:59:59","56011326"
"301","56011327","201107","0","0","6011","501","讓卯月（NGs）成為夥伴","112401","2020/09/30 16:00:00","1","1","2030/04/01 14:59:59","56011327"
"301","56011328","201107","0","0","6011","501","將卯月（NGs）升到★3","112401","2020/09/30 16:00:00","3","1","2030/04/01 14:59:59","56011328"
"301","56011329","201107","0","0","6011","501","將卯月（NGs）升到★5","112401","2020/09/30 16:00:00","5","1","2030/04/01 14:59:59","56011329"
"301","56011330","201108","0","0","6011","501","讓未央（NGs）成為夥伴","112601","2020/09/30 16:00:00","1","1","2030/04/01 14:59:59","56011330"
"301","56011331","201108","0","0","6011","501","將未央（NGs）升到★3","112601","2020/09/30 16:00:00","3","1","2030/04/01 14:59:59","56011331"
"301","56011332","201108","0","0","6011","501","將未央（NGs）升到★5","112601","2020/09/30 16:00:00","5","1","2030/04/01 14:59:59","56011332"
"301","56011333","201001","0","0","6011","501","將日和升到★6","100101","2020/07/02 16:00:00","6","1","2030/04/01 14:59:59","56011333"
"301","56011334","201002","0","0","6011","501","將優衣升到★6","100201","2020/07/02 16:00:00","6","1","2030/04/01 14:59:59","56011334"
"301","56011335","201003","0","0","6011","501","將怜升到★6","100301","2020/07/02 16:00:00","6","1","2030/04/01 14:59:59","56011335"
"301","56011336","201109","0","0","6011","501","讓凜（NGs）成為夥伴","112501","2020/10/13 16:00:00","1","1","2030/04/01 14:59:59","56011336"
"301","56011337","201109","0","0","6011","501","將凜（NGs）升到★3","112501","2020/10/13 16:00:00","3","1","2030/04/01 14:59:59","56011337"
"301","56011338","201109","0","0","6011","501","將凜（NGs）升到★5","112501","2020/10/13 16:00:00","5","1","2030/04/01 14:59:59","56011338"
"301","56011339","201110","0","0","6011","501","讓優妮成為夥伴","111001","2020/07/02 16:00:00","1","1","2030/04/01 14:59:59","56011339"
"301","56011340","201110","0","0","6011","501","將優妮升到★3","111001","2020/07/02 16:00:00","3","1","2030/04/01 14:59:59","56011340"
"301","56011341","201110","0","0","6011","501","將優妮升到★5","111001","2020/07/02 16:00:00","5","1","2030/04/01 14:59:59","56011341"
"301","56011342","201012","0","0","6011","501","將初音升到★6","101201","2020/08/03 16:00:00","6","1","2030/04/01 14:59:59","56011342"
"301","56011343","201111","0","0","6011","501","讓琪愛兒成為夥伴","110901","2020/07/20 16:00:00","1","1","2030/04/01 14:59:59","56011343"
"301","56011344","201111","0","0","6011","501","將琪愛兒升到★3","110901","2020/07/20 16:00:00","3","1","2030/04/01 14:59:59","56011344"
"301","56011345","201111","0","0","6011","501","將琪愛兒升到★5","110901","2020/07/20 16:00:00","5","1","2030/04/01 14:59:59","56011345"
"301","56011346","201112","0","0","6011","501","讓鈴（遊俠）成為夥伴","112701","2020/08/06 16:00:00","1","1","2030/04/01 14:59:59","56011346"
"301","56011347","201112","0","0","6011","501","將鈴（遊俠）升到★3","112701","2020/08/06 16:00:00","3","1","2030/04/01 14:59:59","56011347"
"301","56011348","201112","0","0","6011","501","將鈴（遊俠）升到★5","112701","2020/08/06 16:00:00","5","1","2030/04/01 14:59:59","56011348"
"301","56011349","201041","0","0","6011","501","將珠希升到★6","104601","2020/09/04 16:00:00","6","1","2030/04/01 14:59:59","56011349"
"301","56011350","201113","0","0","6011","501","讓真陽（遊俠）成為夥伴","112801","2020/08/21 16:00:00","1","1","2030/04/01 14:59:59","56011350"
"301","56011351","201113","0","0","6011","501","將真陽（遊俠）升到★3","112801","2020/08/21 16:00:00","3","1","2030/04/01 14:59:59","56011351"
"301","56011352","201113","0","0","6011","501","將真陽（遊俠）升到★5","112801","2020/08/21 16:00:00","5","1","2030/04/01 14:59:59","56011352"
"301","56011353","201114","0","0","6011","501","讓步未（奇幻）成為夥伴","113001","2020/09/04 16:00:00","1","1","2030/04/01 14:59:59","56011353"
"301","56011354","201114","0","0","6011","501","將步未（奇幻）升到★3","113001","2020/09/04 16:00:00","3","1","2030/04/01 14:59:59","56011354"
"301","56011355","201114","0","0","6011","501","將步未（奇幻）升到★5","113001","2020/09/04 16:00:00","5","1","2030/04/01 14:59:59","56011355"
"301","56011356","201115","0","0","6011","501","讓可可蘿（公主）成為夥伴","180501","2020/09/01 16:00:00","1","1","2030/04/01 14:59:59","56011356"
"301","56011357","201115","0","0","6011","501","將可可蘿（公主）升到★3","180501","2020/09/01 16:00:00","3","1","2030/04/01 14:59:59","56011357"
"301","56011358","201115","0","0","6011","501","將可可蘿（公主）升到★5","180501","2020/09/01 16:00:00","5","1","2030/04/01 14:59:59","56011358"
"301","56011359","201043","0","0","6011","501","將美冬升到★6","104801","2020/09/30 16:00:00","6","1","2030/04/01 14:59:59","56011359"
"301","56011360","201116","0","0","6011","501","讓璃乃（奇幻）成為夥伴","112901","2020/09/04 16:00:00","1","1","2030/04/01 14:59:59","56011360"
"301","56011361","201116","0","0","6011","501","將璃乃（奇幻）升到★3","112901","2020/09/04 16:00:00","3","1","2030/04/01 14:59:59","56011361"
"301","56011362","201116","0","0","6011","501","將璃乃（奇幻）升到★5","112901","2020/09/04 16:00:00","5","1","2030/04/01 14:59:59","56011362"
"301","56011363","201117","0","0","6011","501","讓祈梨成為夥伴","106601","2020/09/16 16:00:00","1","1","2030/04/01 14:59:59","56011363"
"301","56011364","201117","0","0","6011","501","將祈梨升到★3","106601","2020/09/16 16:00:00","3","1","2030/04/01 14:59:59","56011364"
"301","56011365","201117","0","0","6011","501","將祈梨升到★5","106601","2020/09/16 16:00:00","5","1","2030/04/01 14:59:59","56011365"
"301","56011366","201118","0","0","6011","501","讓杏奈（夏日）成為夥伴","113201","2020/11/02 16:00:00","1","1","2030/04/01 14:59:59","56011366"
"301","56011367","201118","0","0","6011","501","將杏奈（夏日）升到★3","113201","2020/11/02 16:00:00","3","1","2030/04/01 14:59:59","56011367"
"301","56011368","201118","0","0","6011","501","將杏奈（夏日）升到★5","113201","2020/11/02 16:00:00","5","1","2030/04/01 14:59:59","56011368"
"301","56011369","201119","0","0","6011","501","讓優衣（公主）成為夥伴","180201","2020/11/02 16:00:00","1","1","2030/04/01 14:59:59","56011369"
"301","56011370","201119","0","0","6011","501","將優衣（公主）升到★3","180201","2020/11/02 16:00:00","3","1","2030/04/01 14:59:59","56011370"
"301","56011371","201119","0","0","6011","501","將優衣（公主）升到★5","180201","2020/11/02 16:00:00","5","1","2030/04/01 14:59:59","56011371"
"301","56011372","201044","0","0","6011","501","將靜流升到★6","104901","2020/11/02 16:00:00","6","1","2030/04/01 14:59:59","56011372"
"301","56011373","201120","0","0","6011","501","讓流夏（夏日）成為夥伴","113101","2020/11/05 16:00:00","1","1","2030/04/01 14:59:59","56011373"
"301","56011374","201120","0","0","6011","501","將流夏（夏日）升到★3","113101","2020/11/05 16:00:00","3","1","2030/04/01 14:59:59","56011374"
"301","56011375","201120","0","0","6011","501","將流夏（夏日）升到★5","113101","2020/11/05 16:00:00","5","1","2030/04/01 14:59:59","56011375"
"301","56011376","201121","0","0","6011","501","讓七七香（夏日）成為夥伴","113301","2020/11/18 16:00:00","1","1","2030/04/01 14:59:59","56011376"
"301","56011377","201121","0","0","6011","501","將七七香（夏日）升到★3","113301","2020/11/18 16:00:00","3","1","2030/04/01 14:59:59","56011377"
"301","56011378","201121","0","0","6011","501","將七七香（夏日）升到★5","113301","2020/11/18 16:00:00","5","1","2030/04/01 14:59:59","56011378"
"301","56011379","201122","0","0","6011","501","讓初音（夏日）成為夥伴","113401","2020/12/04 16:00:00","1","1","2030/04/01 14:59:59","56011379"
"301","56011380","201122","0","0","6011","501","將初音（夏日）升到★3","113401","2020/12/04 16:00:00","3","1","2030/04/01 14:59:59","56011380"
"301","56011381","201122","0","0","6011","501","將初音（夏日）升到★5","113401","2020/12/04 16:00:00","5","1","2030/04/01 14:59:59","56011381"
"301","56011382","201123","0","0","6011","501","讓美里（夏日）成為夥伴","113501","2020/12/04 16:00:00","1","1","2030/04/01 14:59:59","56011382"
"301","56011383","201123","0","0","6011","501","將美里（夏日）升到★3","113501","2020/12/04 16:00:00","3","1","2030/04/01 14:59:59","56011383"
"301","56011384","201123","0","0","6011","501","將美里（夏日）升到★5","113501","2020/12/04 16:00:00","5","1","2030/04/01 14:59:59","56011384"
"301","56011385","201022","0","0","6011","501","將綾音升到★6","102301","2020/12/04 16:00:00","6","1","2030/04/01 14:59:59","56011385"
"301","56011386","201124","0","0","6011","501","讓純（夏日）成為夥伴","113601","2020/12/26 16:00:00","1","1","2030/04/01 14:59:59","56011386"
"301","56011387","201124","0","0","6011","501","將純（夏日）升到★3","113601","2020/12/26 16:00:00","3","1","2030/04/01 14:59:59","56011387"
"301","56011388","201124","0","0","6011","501","將純（夏日）升到★5","113601","2020/12/26 16:00:00","5","1","2030/04/01 14:59:59","56011388"
"301","56011389","201125","0","0","6011","501","讓拉比林斯達成為夥伴","106801","2020/12/18 16:00:00","1","1","2030/04/01 14:59:59","56011389"
"301","56011390","201125","0","0","6011","501","將拉比林斯達升到★3","106801","2020/12/18 16:00:00","3","1","2030/04/01 14:59:59","56011390"
"301","56011391","201125","0","0","6011","501","將拉比林斯達升到★5","106801","2020/12/18 16:00:00","5","1","2030/04/01 14:59:59","56011391"
"301","56011392","201126","0","0","6011","501","讓茜里（天使）成為夥伴","113701","2020/01/06 16:00:00","1","1","2030/04/01 14:59:59","56011392"
"301","56011393","201126","0","0","6011","501","將茜里（天使）升到★3","113701","2020/01/06 16:00:00","3","1","2030/04/01 14:59:59","56011393"
"301","56011394","201126","0","0","6011","501","將茜里（天使）升到★5","113701","2020/01/06 16:00:00","5","1","2030/04/01 14:59:59","56011394"
"301","56011395","201026","0","0","6011","501","將咲戀升到★6","102801","2021/01/15 16:00:00","6","1","2030/04/01 14:59:59","56011395"
"301","56011396","201030","0","0","6011","501","將秋乃升到★6","103201","2021/01/15 16:00:00","6","1","2030/04/01 14:59:59","56011396"
"301","56011397","201127","0","0","6011","501","讓依里（天使）成為夥伴","113801","2021/01/20 16:00:00","1","1","2030/04/01 14:59:59","56011397"
"301","56011398","201127","0","0","6011","501","將依里（天使）升到★3","113801","2021/01/20 16:00:00","3","1","2030/04/01 14:59:59","56011398"
"301","56011399","201127","0","0","6011","501","將依里（天使）升到★5","113801","2021/01/20 16:00:00","5","1","2030/04/01 14:59:59","56011399"
"301","56011400","201128","0","0","6011","501","讓紡希（萬聖節）成為夥伴","113901","2021/02/01 16:00:00","1","1","2030/04/01 14:59:59","56011400"
"301","56011401","201128","0","0","6011","501","將紡希（萬聖節）升到★3","113901","2021/02/01 16:00:00","3","1","2030/04/01 14:59:59","56011401"
"301","56011402","201128","0","0","6011","501","將紡希（萬聖節）升到★5","113901","2021/02/01 16:00:00","5","1","2030/04/01 14:59:59","56011402"
"301","56011403","201129","0","0","6011","501","讓茉莉（萬聖節）成為夥伴","114101","2021/02/01 16:00:00","1","1","2030/04/01 14:59:59","56011403"
"301","56011404","201129","0","0","6011","501","將茉莉（萬聖節）升到★3","114101","2021/02/01 16:00:00","3","1","2030/04/01 14:59:59","56011404"
"301","56011405","201129","0","0","6011","501","將茉莉（萬聖節）升到★5","114101","2021/02/01 16:00:00","5","1","2030/04/01 14:59:59","56011405"
"301","56011406","201028","0","0","6011","501","將妮諾升到★6","103001","2021/02/09 16:00:00","6","1","2030/04/01 14:59:59","56011406"
"301","56011407","201130","0","0","6011","501","讓怜（萬聖節）成為夥伴","114001","2021/02/19 16:00:00","1","1","2030/04/01 14:59:59","56011407"
"301","56011408","201130","0","0","6011","501","將怜（萬聖節）升到★3","114001","2021/02/19 16:00:00","3","1","2030/04/01 14:59:59","56011408"
"301","56011409","201130","0","0","6011","501","將怜（萬聖節）升到★5","114001","2021/02/19 16:00:00","5","1","2030/04/01 14:59:59","56011409"
"301","56011410","201131","0","0","6011","501","讓莫妮卡（魔法少女）成為夥伴","114201","2021/03/02 16:00:00","1","1","2030/04/01 14:59:59","56011410"
"301","56011411","201131","0","0","6011","501","將莫妮卡（魔法少女）升到★3","114201","2021/03/02 16:00:00","3","1","2030/04/01 14:59:59","56011411"
"301","56011412","201131","0","0","6011","501","將莫妮卡（魔法少女）升到★5","114201","2021/03/02 16:00:00","5","1","2030/04/01 14:59:59","56011412"
"301","56011413","201031","0","0","6011","501","將真陽升到★6","103301","2021/03/09 16:00:00","6","1","2030/04/01 14:59:59","56011413"
"301","56011414","201132","0","0","6011","501","讓智（魔法少女）成為夥伴","114301","2021/03/28 16:00:00","1","1","2030/04/01 14:59:59","56011414"
"301","56011415","201132","0","0","6011","501","將智（魔法少女）升到★3","114301","2021/03/28 16:00:00","3","1","2030/04/01 14:59:59","56011415"
"301","56011416","201132","0","0","6011","501","將智（魔法少女）升到★5","114301","2021/03/28 16:00:00","5","1","2030/04/01 14:59:59","56011416"
"301","56011417","201133","0","0","6011","501","讓秋乃（聖誕節）成為夥伴","114401","2021/04/06 16:00:00","1","1","2030/04/01 14:59:59","56011417"
"301","56011418","201133","0","0","6011","501","將秋乃（聖誕節）升到★3","114401","2021/04/06 16:00:00","3","1","2030/04/01 14:59:59","56011418"
"301","56011419","201133","0","0","6011","501","將秋乃（聖誕節）升到★5","114401","2021/04/06 16:00:00","5","1","2030/04/01 14:59:59","56011419"
"301","56011420","201134","0","0","6011","501","讓優花梨（聖誕節）成為夥伴","114601","2021/04/01 16:00:00","1","1","2030/04/01 14:59:59","56011420"
"301","56011421","201134","0","0","6011","501","將優花梨（聖誕節）升到★3","114601","2021/04/01 16:00:00","3","1","2030/04/01 14:59:59","56011421"
"301","56011422","201134","0","0","6011","501","將優花梨（聖誕節）升到★5","114601","2021/04/01 16:00:00","5","1","2030/04/01 14:59:59","56011422"
"301","56011423","201016","0","0","6011","501","將鈴奈升到★6","101601","2021/04/08 16:00:00","6","1","2030/04/01 14:59:59","56011423"
"301","56011424","201135","0","0","6011","501","讓咲戀（聖誕節）成為夥伴","114501","2021/04/27 16:00:00","1","1","2030/04/01 14:59:59","56011424"
"301","56011425","201135","0","0","6011","501","將咲戀（聖誕節）升到★3","114501","2021/04/27 16:00:00","3","1","2030/04/01 14:59:59","56011425"
"301","56011426","201135","0","0","6011","501","將咲戀（聖誕節）升到★5","114501","2021/04/27 16:00:00","5","1","2030/04/01 14:59:59","56011426"
"301","56011427","201136","0","0","6011","501","讓矛依未（新年）成為夥伴","114701","2021/05/04 16:00:00","1","1","2030/04/01 14:59:59","56011427"
"301","56011428","201136","0","0","6011","501","將矛依未（新年）升到★3","114701","2021/05/04 16:00:00","3","1","2030/04/01 14:59:59","56011428"
"301","56011429","201136","0","0","6011","501","將矛依未（新年）升到★5","114701","2021/05/04 16:00:00","5","1","2030/04/01 14:59:59","56011429"
"301","56011430","201137","0","0","6011","501","讓日和（公主）成為夥伴","180101","2021/02/11 16:00:00","1","1","2030/04/01 14:59:59","56011430"
"301","56011431","201137","0","0","6011","501","將日和（公主）升到★3","180101","2021/02/11 16:00:00","3","1","2030/04/01 14:59:59","56011431"
"301","56011432","201137","0","0","6011","501","將日和（公主）升到★5","180101","2021/02/11 16:00:00","5","1","2030/04/01 14:59:59","56011432"
"301","56011433","201138","0","0","6011","501","讓貪吃佩可（新年）成為夥伴","111801","2021/05/07 16:00:00","1","1","2030/04/01 14:59:59","56011433"
"301","56011434","201138","0","0","6011","501","將貪吃佩可（新年）升到★3","111801","2021/05/07 16:00:00","3","1","2030/04/01 14:59:59","56011434"
"301","56011435","201138","0","0","6011","501","將貪吃佩可（新年）升到★5","111801","2021/05/07 16:00:00","5","1","2030/04/01 14:59:59","56011435"
"301","56011436","201006","0","0","6011","501","將茜里升到★6","100601","2021/05/11 16:00:00","6","1","2030/04/01 14:59:59","56011436"
"301","56011437","201139","0","0","6011","501","讓似似花（新年）成為夥伴","115001","2021/05/26 16:00:00","1","1","2030/04/01 14:59:59","56011437"
"301","56011438","201139","0","0","6011","501","將似似花（新年）升到★3","115001","2021/05/26 16:00:00","3","1","2030/04/01 14:59:59","56011438"
"301","56011439","201139","0","0","6011","501","將似似花（新年）升到★5","115001","2021/05/26 16:00:00","5","1","2030/04/01 14:59:59","56011439"
"301","56011440","201140","0","0","6011","501","讓可可蘿（祭服）成為夥伴","115501","2021/06/04 16:00:00","1","1","2030/04/01 14:59:59","56011440"
"301","56011441","201140","0","0","6011","501","將可可蘿（祭服）升到★3","115501","2021/06/04 16:00:00","3","1","2030/04/01 14:59:59","56011441"
"301","56011442","201140","0","0","6011","501","將可可蘿（祭服）升到★5","115501","2021/06/04 16:00:00","5","1","2030/04/01 14:59:59","56011442"
"301","56011443","201141","0","0","6011","501","讓優衣（祭服）成為夥伴","115601","2021/06/02 16:00:00","1","1","2030/04/01 14:59:59","56011443"
"301","56011444","201141","0","0","6011","501","將優衣（祭服）升到★3","115601","2021/06/02 16:00:00","3","1","2030/04/01 14:59:59","56011444"
"301","56011445","201141","0","0","6011","501","將優衣（祭服）升到★5","115601","2021/06/02 16:00:00","5","1","2030/04/01 14:59:59","56011445"
"301","56011446","201021","0","0","6011","501","將依里升到★6","102201","2021/06/11 16:00:00","6","1","2030/04/01 14:59:59","56011446"
"301","56011447","201142","0","0","6011","501","讓雪菲成為夥伴","106401","2021/06/19 16:00:00","1","1","2030/04/01 14:59:59","56011447"
"301","56011448","201142","0","0","6011","501","將雪菲升到★3","106401","2021/06/19 16:00:00","3","1","2030/04/01 14:59:59","56011448"
"301","56011449","201142","0","0","6011","501","將雪菲升到★5","106401","2021/06/19 16:00:00","5","1","2030/04/01 14:59:59","56011449"
"301","56011450","201143","0","0","6011","501","讓霞（夏日）成為夥伴","115701","2021/06/27 16:00:00","1","1","2030/04/01 14:59:59","56011450"
"301","56011451","201143","0","0","6011","501","將霞（夏日）升到★3","115701","2021/06/27 16:00:00","3","1","2030/04/01 14:59:59","56011451"
"301","56011452","201143","0","0","6011","501","將霞（夏日）升到★5","115701","2021/06/27 16:00:00","5","1","2030/04/01 14:59:59","56011452"
"301","56011453","201144","0","0","6011","501","讓莉瑪（灰姑娘）成為夥伴","115801","2021/07/05 16:00:00","1","1","2030/04/01 14:59:59","56011453"
"301","56011454","201144","0","0","6011","501","將莉瑪（灰姑娘）升到★3","115801","2021/07/05 16:00:00","3","1","2030/04/01 14:59:59","56011454"
"301","56011455","201144","0","0","6011","501","將莉瑪（灰姑娘）升到★5","115801","2021/07/05 16:00:00","5","1","2030/04/01 14:59:59","56011455"
"301","56011456","201145","0","0","6011","501","讓凱留（公主）成為夥伴","180601","2021/07/02 16:00:00","1","1","2030/04/01 14:59:59","56011456"
"301","56011457","201145","0","0","6011","501","將凱留（公主）升到★3","180601","2021/07/02 16:00:00","3","1","2030/04/01 14:59:59","56011457"
"301","56011458","201145","0","0","6011","501","將凱留（公主）升到★5","180601","2021/07/02 16:00:00","5","1","2030/04/01 14:59:59","56011458"
"301","56011459","201146","0","0","6011","501","讓真琴（灰姑娘）成為夥伴","115901","2021/07/05 16:00:00","1","1","2030/04/01 14:59:59","56011459"
"301","56011460","201146","0","0","6011","501","將真琴（灰姑娘）升到★3","115901","2021/07/05 16:00:00","3","1","2030/04/01 14:59:59","56011460"
"301","56011461","201146","0","0","6011","501","將真琴（灰姑娘）升到★5","115901","2021/07/05 16:00:00","5","1","2030/04/01 14:59:59","56011461"
"301","56011462","201004","0","0","6011","501","將禊升到★6","100401","2021/07/13 16:00:00","6","1","2030/04/01 14:59:59","56011462"
"301","56011463","201019","0","0","6011","501","將美美升到★6","102001","2021/07/13 16:00:00","6","1","2030/04/01 14:59:59","56011463"
"301","56011464","201033","0","0","6011","501","將鏡華升到★6","103601","2021/07/13 16:00:00","6","1","2030/04/01 14:59:59","56011464"
"301","56011465","201147","0","0","6011","501","讓真步（灰姑娘）成為夥伴","116001","2021/07/21 16:00:00","1","1","2030/04/01 14:59:59","56011465"
"301","56011466","201147","0","0","6011","501","將真步（灰姑娘）升到★3","116001","2021/07/21 16:00:00","3","1","2030/04/01 14:59:59","56011466"
"301","56011467","201147","0","0","6011","501","將真步（灰姑娘）升到★5","116001","2021/07/21 16:00:00","5","1","2030/04/01 14:59:59","56011467"
"301","56011468","201148","0","0","6011","501","讓琪愛兒（聖學祭）成為夥伴","116301","2021/08/01 16:00:00","1","1","2030/04/01 14:59:59","56011468"
"301","56011469","201148","0","0","6011","501","將琪愛兒（聖學祭）升到★3","116301","2021/08/01 16:00:00","3","1","2030/04/01 14:59:59","56011469"
"301","56011470","201148","0","0","6011","501","將琪愛兒（聖學祭）升到★5","116301","2021/08/01 16:00:00","5","1","2030/04/01 14:59:59","56011470"
"301","56011471","201027","0","0","6011","501","將望升到★6","102901","2021/08/10 16:00:00","6","1","2030/04/01 14:59:59","56011471"
"301","56011472","201149","0","0","6011","501","讓克蘿依（聖學祭）成為夥伴","116201","2021/08/25 16:00:00","1","1","2030/04/01 14:59:59","56011472"
"301","56011473","201149","0","0","6011","501","將克蘿依（聖學祭）升到★3","116201","2021/08/25 16:00:00","3","1","2030/04/01 14:59:59","56011473"
"301","56011474","201149","0","0","6011","501","將克蘿依（聖學祭）升到★5","116201","2021/08/25 16:00:00","5","1","2030/04/01 14:59:59","56011474"
"301","56011475","201150","0","0","6011","501","讓祈梨（時空旅行）成為夥伴","116501","2021/09/01 16:00:00","1","1","2030/04/01 14:59:59","56011475"
"301","56011476","201150","0","0","6011","501","將祈梨（時空旅行）升到★3","116501","2021/09/01 16:00:00","3","1","2030/04/01 14:59:59","56011476"
"301","56011477","201150","0","0","6011","501","將祈梨（時空旅行）升到★5","116501","2021/09/01 16:00:00","5","1","2030/04/01 14:59:59","56011477"
"301","56011484","201023","0","0","6011","501","將鈴莓升到★6","102501","2021/09/08 16:00:00","6","1","2030/04/01 14:59:59","56011484"
"301","56011485","201152","0","0","6011","501","讓嘉夜（時空旅行）成為夥伴","116601","2021/09/22 16:00:00","1","1","2030/04/01 14:59:59","56011485"
"301","56011486","201152","0","0","6011","501","將嘉夜（時空旅行）升到★3","116601","2021/09/22 16:00:00","3","1","2030/04/01 14:59:59","56011486"
"301","56011487","201152","0","0","6011","501","將嘉夜（時空旅行）升到★5","116601","2021/09/22 16:00:00","5","1","2030/04/01 14:59:59","56011487"
"301","56011488","201153","0","0","6011","501","讓碧（工作服）成為夥伴","116701","2021/10/02 16:00:00","1","1","2030/04/01 14:59:59","56011488"
"301","56011489","201153","0","0","6011","501","將碧（工作服）升到★3","116701","2021/10/02 16:00:00","3","1","2030/04/01 14:59:59","56011489"
"301","56011490","201153","0","0","6011","501","將碧（工作服）升到★5","116701","2021/10/02 16:00:00","5","1","2030/04/01 14:59:59","56011490"
"301","56011491","201154","0","0","6011","501","讓珠希（工作服）成為夥伴","116801","2021/10/01 16:00:00","1","1","2030/04/01 14:59:59","56011491"
"301","56011492","201154","0","0","6011","501","將珠希（工作服）升到★3","116801","2021/10/01 16:00:00","3","1","2030/04/01 14:59:59","56011492"
"301","56011493","201154","0","0","6011","501","將珠希（工作服）升到★5","116801","2021/10/01 16:00:00","5","1","2030/04/01 14:59:59","56011493"
"301","56011494","201020","0","0","6011","501","將胡桃升到★6","102101","2021/10/14 16:00:00","6","1","2030/04/01 14:59:59","56011494"
"301","56011495","201155","0","0","6011","501","讓美冬（工作服）成為夥伴","116901","2021/10/18 16:00:00","1","1","2030/04/01 14:59:59","56011495"
"301","56011496","201155","0","0","6011","501","將美冬（工作服）升到★3","116901","2021/10/18 16:00:00","3","1","2030/04/01 14:59:59","56011496"
"301","56011497","201155","0","0","6011","501","將美冬（工作服）升到★5","116901","2021/10/18 16:00:00","5","1","2030/04/01 14:59:59","56011497"
"301","56011498","201156","0","0","6011","501","讓怜（公主）成為夥伴","180301","2021/11/01 16:00:00","1","1","2030/04/01 14:59:59","56011498"
"301","56011499","201156","0","0","6011","501","將怜（公主）升到★3","180301","2021/11/01 16:00:00","3","1","2030/04/01 14:59:59","56011499"
"301","56011500","201156","0","0","6011","501","將怜（公主）升到★5","180301","2021/11/01 16:00:00","5","1","2030/04/01 14:59:59","56011500"
"301","56011501","201157","0","0","6011","501","讓惠理子（夏日）成為夥伴","117001","2021/11/04 16:00:00","1","1","2030/04/01 14:59:59","56011501"
"301","56011502","201157","0","0","6011","501","將惠理子（夏日）升到★3","117001","2021/11/04 16:00:00","3","1","2030/04/01 14:59:59","56011502"
"301","56011503","201157","0","0","6011","501","將惠理子（夏日）升到★5","117001","2021/11/04 16:00:00","5","1","2030/04/01 14:59:59","56011503"
"301","56011504","201017","0","0","6011","501","將香織升到★6","101701","2021/11/09 16:00:00","6","1","2030/04/01 14:59:59","56011504"
"301","56011505","201158","0","0","6011","501","將靜流（夏日）成為夥伴","117101","2021/11/16 16:00:00","1","1","2030/04/01 14:59:59","56011505"
"301","56011506","201158","0","0","6011","501","將靜流（夏日）升到★3","117101","2021/11/16 16:00:00","3","1","2030/04/01 14:59:59","56011506"
"301","56011507","201158","0","0","6011","501","將靜流（夏日）升到★5","117101","2021/11/16 16:00:00","5","1","2030/04/01 14:59:59","56011507"
"301","56011508","201159","0","0","6011","501","讓望（夏日）成為夥伴","117201","2021/12/02 16:00:00","1","1","2030/04/01 14:59:59","56011508"
"301","56011509","201159","0","0","6011","501","將望（夏日）升到★3","117201","2021/12/02 16:00:00","3","1","2030/04/01 14:59:59","56011509"
"301","56011510","201159","0","0","6011","501","將望（夏日）升到★5","117201","2021/12/02 16:00:00","5","1","2030/04/01 14:59:59","56011510"
"301","56011511","201160","0","0","6011","501","讓紡希（夏日）成為夥伴","117401","2021/12/02 16:00:00","1","1","2030/04/01 14:59:59","56011511"
"301","56011512","201160","0","0","6011","501","將紡希（夏日）升到★3","117401","2021/12/02 16:00:00","3","1","2030/04/01 14:59:59","56011512"
"301","56011513","201160","0","0","6011","501","將紡希（夏日）升到★5","117401","2021/12/02 16:00:00","5","1","2030/04/01 14:59:59","56011513"
"301","56011514","201036","0","0","6011","501","將碧升到★6","104001","2021/12/10 16:00:00","6","1","2030/04/01 14:59:59","56011514"
"301","56011515","201161","0","0","6011","501","讓千歌（夏日）成為夥伴","117301","2021/12/17 16:00:00","1","1","2030/04/01 14:59:59","56011515"
"301","56011516","201161","0","0","6011","501","將千歌（夏日）升到★3","117301","2021/12/17 16:00:00","3","1","2030/04/01 14:59:59","56011516"
"301","56011517","201161","0","0","6011","501","將千歌（夏日）升到★5","117301","2021/12/17 16:00:00","5","1","2030/04/01 14:59:59","56011517"
"301","56011518","201162","0","0","6011","501","讓初音＆栞成為夥伴","180701","2021/01/02 16:00:00","1","1","2030/04/01 14:59:59","56011518"
"301","56011519","201162","0","0","6011","501","將初音＆栞升到★3","180701","2021/01/02 16:00:00","3","1","2030/04/01 14:59:59","56011519"
"301","56011520","201162","0","0","6011","501","將初音＆栞升到★5","180701","2021/01/02 16:00:00","5","1","2030/04/01 14:59:59","56011520"
"301","56011521","201163","0","0","6011","501","讓深月（大江戶）成為夥伴","117501","2022/01/05 16:00:00","1","1","2030/04/01 14:59:59","56011521"
"301","56011522","201163","0","0","6011","501","將深月（大江戶）升到★3","117501","2022/01/05 16:00:00","3","1","2030/04/01 14:59:59","56011522"
"301","56011523","201163","0","0","6011","501","將深月（大江戶）升到★5","117501","2022/01/05 16:00:00","5","1","2030/04/01 14:59:59","56011523"
"301","56011524","201052","0","0","6011","501","將吉塔升到★6","105701","2022/01/10 16:00:00","6","1","2030/04/01 14:59:59","56011524"
"301","56011525","201164","0","0","6011","501","讓雪（大江戶）成為夥伴","117601","2022/01/15 16:00:00","1","1","2030/04/01 14:59:59","56011525"
"301","56011526","201164","0","0","6011","501","將雪（大江戶）升到★3","117601","2022/01/15 16:00:00","3","1","2030/04/01 14:59:59","56011526"
"301","56011527","201164","0","0","6011","501","將雪（大江戶）升到★5","117601","2022/01/15 16:00:00","5","1","2030/04/01 14:59:59","56011527"
"301","56011528","201165","0","0","6011","501","讓克蕾琪塔成為夥伴","118001","2022/01/20 16:00:00","1","1","2030/04/01 14:59:59","56011528"
"301","56011529","201165","0","0","6011","501","將克蕾琪塔升到★3","118001","2022/01/20 16:00:00","3","1","2030/04/01 14:59:59","56011529"
"301","56011530","201165","0","0","6011","501","將克蕾琪塔升到★5","118001","2022/01/20 16:00:00","5","1","2030/04/01 14:59:59","56011530"
"301","56011531","201166","0","0","6011","501","讓香織（萬聖節）成為夥伴","117701","2022/02/04 16:00:00","1","1","2030/04/01 14:59:59","56011531"
"301","56011532","201166","0","0","6011","501","將香織（萬聖節）升到★3","117701","2022/02/04 16:00:00","3","1","2030/04/01 14:59:59","56011532"
"301","56011533","201166","0","0","6011","501","將香織（萬聖節）升到★5","117701","2022/02/04 16:00:00","5","1","2030/04/01 14:59:59","56011533"
"301","56011534","201167","0","0","6011","501","讓妮諾（萬聖節）成為夥伴","117801","2022/02/01 16:00:00","1","1","2030/04/01 14:59:59","56011534"
"301","56011535","201167","0","0","6011","501","讓妮諾（萬聖節）升到★3","117801","2022/02/01 16:00:00","3","1","2030/04/01 14:59:59","56011535"
"301","56011536","201167","0","0","6011","501","讓妮諾（萬聖節）升到★5","117801","2022/02/01 16:00:00","5","1","2030/04/01 14:59:59","56011536"
"301","56011537","201013","0","0","6011","501","將七七香升到★6","101301","2022/02/10 16:00:00","6","1","2030/04/01 14:59:59","56011537"
"301","56011538","201168","0","0","6011","501","讓鈴奈（萬聖節）成為夥伴","117901","2022/02/19 16:00:00","1","1","2030/04/01 14:59:59","56011538"
"301","56011539","201168","0","0","6011","501","將鈴奈（萬聖節）升到★3","117901","2022/02/19 16:00:00","3","1","2030/04/01 14:59:59","56011539"
"301","56011540","201168","0","0","6011","501","將鈴奈（萬聖節）升到★5","117901","2022/02/19 16:00:00","5","1","2030/04/01 14:59:59","56011540"
"301","56011541","201169","0","0","6011","501","讓花凜成為夥伴","118501","2022/02/01 16:00:00","1","1","2030/04/01 14:59:59","56011541"
"301","56011542","201169","0","0","6011","501","將花凜升到★3","118501","2022/02/01 16:00:00","3","1","2030/04/01 14:59:59","56011542"
"301","56011543","201169","0","0","6011","501","將花凜升到★5","118501","2022/02/01 16:00:00","5","1","2030/04/01 14:59:59","56011543"
"301","56011544","201170","0","0","6011","501","讓帆稀成為夥伴","106701","2022/02/01 16:00:00","1","1","2030/04/01 14:59:59","56011544"
"301","56011545","201170","0","0","6011","501","將帆稀升到★3","106701","2022/02/01 16:00:00","3","1","2030/04/01 14:59:59","56011545"
"301","56011546","201170","0","0","6011","501","將帆稀升到★5","106701","2022/02/01 16:00:00","5","1","2030/04/01 14:59:59","56011546"
"301","56011547","201171","0","0","6011","501","讓伊緒（黑暗）成為夥伴","119001","2022/03/07 16:00:00","1","1","2030/04/01 14:59:59","56011547"
"301","56011548","201171","0","0","6011","501","將伊緒（黑暗）升到★3","119001","2022/03/07 16:00:00","3","1","2030/04/01 14:59:59","56011548"
"301","56011549","201171","0","0","6011","501","將伊緒（黑暗）升到★5","119001","2022/03/07 16:00:00","5","1","2030/04/01 14:59:59","56011549"
"301","56011550","201057","0","0","6011","501","將亞里莎升到★6","106301","2022/03/10 16:00:00","6","1","2030/04/01 14:59:59","56011550"
"301","56011551","201048","0","0","6011","501","將莫妮卡升到★6","105301","2022/03/10 16:00:00","6","1","2030/04/01 14:59:59","56011551"
"301","56011552","201172","0","0","6011","501","讓空花（黑暗）成為夥伴","119101","2022/03/20 16:00:00","1","1","2030/04/01 14:59:59","56011552"
"301","56011553","201172","0","0","6011","501","將空花（黑暗）升到★3","119101","2022/03/20 16:00:00","3","1","2030/04/01 14:59:59","56011553"
"301","56011554","201172","0","0","6011","501","將空花（黑暗）升到★5","119101","2022/03/20 16:00:00","5","1","2030/04/01 14:59:59","56011554"
"301","56011555","201173","0","0","6011","501","讓真陽（聖誕節）成為夥伴","119201","2022/04/01 16:00:00","1","1","2030/04/01 14:59:59","56011555"
"301","56011556","201173","0","0","6011","501","將真陽（聖誕節）升到★3","119201","2022/04/01 16:00:00","3","1","2030/04/01 14:59:59","56011556"
"301","56011557","201173","0","0","6011","501","將真陽（聖誕節）升到★5","119201","2022/04/01 16:00:00","5","1","2030/04/01 14:59:59","56011557"
"301","56011558","201174","0","0","6011","501","讓宮子（聖誕節）成為夥伴","119901","2022/04/03 16:00:00","1","1","2030/04/01 14:59:59","56011558"
"301","56011559","201174","0","0","6011","501","將宮子（聖誕節）升到★3","119901","2022/04/03 16:00:00","3","1","2030/04/01 14:59:59","56011559"
"301","56011560","201174","0","0","6011","501","將宮子（聖誕節）升到★5","119901","2022/04/03 16:00:00","5","1","2030/04/01 14:59:59","56011560"
"301","56011561","201045","0","0","6011","501","將美咲升到★6","105001","2022/04/11 16:00:00","6","1","2030/04/01 14:59:59","56011561"
"301","56011562","201175","0","0","6011","501","讓璃乃（聖誕節）成為夥伴","119301","2022/04/25 16:00:00","1","1","2030/04/01 14:59:59","56011562"
"301","56011563","201175","0","0","6011","501","將璃乃（聖誕節）升到★3","119301","2022/04/25 16:00:00","3","1","2030/04/01 14:59:59","56011563"
"301","56011564","201175","0","0","6011","501","將璃乃（聖誕節）升到★5","119301","2022/04/25 16:00:00","5","1","2030/04/01 14:59:59","56011564"
"301","56011565","201176","0","0","6011","501","讓禊＆美美＆鏡華成為夥伴","180801","2022/05/04 16:00:00","1","1","2030/04/01 14:59:59","56011565"
"301","56011566","201176","0","0","6011","501","將禊＆美美＆鏡華升到★3","180801","2022/05/04 16:00:00","3","1","2030/04/01 14:59:59","56011566"
"301","56011567","201176","0","0","6011","501","將禊＆美美＆鏡華升到★5","180801","2022/05/04 16:00:00","5","1","2030/04/01 14:59:59","56011567"
"301","56011568","201177","0","0","6011","501","讓流夏（新年）成為夥伴","120801","2022/05/02 16:00:00","1","1","2030/04/01 14:59:59","56011568"
"301","56011569","201177","0","0","6011","501","將流夏（新年）升到★3","120801","2022/05/02 16:00:00","3","1","2030/04/01 14:59:59","56011569"
"301","56011570","201177","0","0","6011","501","將流夏（新年）升到★5","120801","2022/05/02 16:00:00","5","1","2030/04/01 14:59:59","56011570"
"301","56011571","201178","0","0","6011","501","讓雪菲（新年）成為夥伴","120701","2022/05/07 16:00:00","1","1","2030/04/01 14:59:59","56011571"
"301","56011572","201178","0","0","6011","501","將雪菲（新年）升到★3","120701","2022/05/07 16:00:00","3","1","2030/04/01 14:59:59","56011572"
"301","56011573","201178","0","0","6011","501","將雪菲（新年）升到★5","120701","2022/05/07 16:00:00","5","1","2030/04/01 14:59:59","56011573"
"301","56011574","201037","0","0","6011","501","將千歌升到★6","104201","2022/05/10 16:00:00","6","1","2030/04/01 14:59:59","56011574"
"301","56011575","201179","0","0","6011","501","讓伊莉亞（新年）成為夥伴","120901","2022/05/19 16:00:00","1","1","2030/04/01 14:59:59","56011575"
"301","56011576","201179","0","0","6011","501","將伊莉亞（新年）升到★3","120901","2022/05/19 16:00:00","3","1","2030/04/01 14:59:59","56011576"
"301","56011577","201179","0","0","6011","501","將伊莉亞（新年）升到★5","120901","2022/05/19 16:00:00","5","1","2030/04/01 14:59:59","56011577"
"301","56011578","201180","0","0","6011","501","讓貪吃佩可（超載）成為夥伴","121001","2022/06/04 16:00:00","1","1","2030/04/01 14:59:59","56011578"
"301","56011579","201180","0","0","6011","501","將貪吃佩可（超載）升到★3","121001","2022/06/04 16:00:00","3","1","2030/04/01 14:59:59","56011579"
"301","56011580","201180","0","0","6011","501","將貪吃佩可（超載）升到★5","121001","2022/06/04 16:00:00","5","1","2030/04/01 14:59:59","56011580"
"301","56011581","201181","0","0","6011","501","讓拉比林斯達（超載）成為夥伴","121201","2022/06/08 16:00:00","1","1","2030/04/01 14:59:59","56011581"
"301","56011582","201181","0","0","6011","501","將拉比林斯達（超載）升到★3","121201","2022/06/08 16:00:00","3","1","2030/04/01 14:59:59","56011582"
"301","56011583","201181","0","0","6011","501","將拉比林斯達（超載）升到★5","121201","2022/06/08 16:00:00","5","1","2030/04/01 14:59:59","56011583"
"301","56011584","201182","0","0","6011","501","讓優妮（聖學祭）成為夥伴","116401","2015/04/01 15:00:00","1","1","2030/04/01 14:59:59","56011584"
"301","56011585","201182","0","0","6011","501","將優妮（聖學祭）升到★3","116401","2015/04/01 15:00:00","3","1","2030/04/01 14:59:59","56011585"
"301","56011586","201182","0","0","6011","501","將優妮（聖學祭）升到★5","116401","2015/04/01 15:00:00","5","1","2030/04/01 14:59:59","56011586"
"301","56011587","201183","0","0","6011","501","讓凱留（超載）成為夥伴","121101","2022/06/19 16:00:00","1","1","2030/04/01 14:59:59","56011587"
"301","56011588","201183","0","0","6011","501","將凱留（超載）升到★3","121101","2022/06/19 16:00:00","3","1","2030/04/01 14:59:59","56011588"
"301","56011589","201183","0","0","6011","501","將凱留（超載）升到★5","121101","2022/06/19 16:00:00","5","1","2030/04/01 14:59:59","56011589"
"301","56011590","201184","0","0","6011","501","讓蘭法成為夥伴","118101","2022/07/02 16:00:00","1","1","2030/04/01 14:59:59","56011590"
"301","56011591","201184","0","0","6011","501","將蘭法升到★3","118101","2022/07/02 16:00:00","3","1","2030/04/01 14:59:59","56011591"
"301","56011592","201184","0","0","6011","501","將蘭法升到★5","118101","2022/07/02 16:00:00","5","1","2030/04/01 14:59:59","56011592"
"301","56011593","201185","0","0","6011","501","讓胡桃（舞台）成為夥伴","121301","2022/07/05 16:00:00","1","1","2030/04/01 14:59:59","56011593"
"301","56011594","201185","0","0","6011","501","將胡桃（舞台）升到★3","121301","2022/07/05 16:00:00","3","1","2030/04/01 14:59:59","56011594"
"301","56011595","201185","0","0","6011","501","將胡桃（舞台）升到★5","121301","2022/07/05 16:00:00","5","1","2030/04/01 14:59:59","56011595"
"301","56011596","201059","0","0","6011","501","將貪吃佩可（夏日）升到★6","107501","2022/07/11 16:00:00","6","1","2030/04/01 14:59:59","56011596"
"301","56011597","201060","0","0","6011","501","將可可蘿（夏日）升到★6","107601","2022/07/11 16:00:00","6","1","2030/04/01 14:59:59","56011597"
"301","56011598","201062","0","0","6011","501","將凱留（夏日）升到★6","107801","2022/07/11 16:00:00","6","1","2030/04/01 14:59:59","56011598"
"301","56011599","201186","0","0","6011","501","讓美咲（舞台）成為夥伴","121401","2022/07/17 16:00:00","1","1","2030/04/01 14:59:59","56011599"
"301","56011600","201186","0","0","6011","501","將美咲（舞台）升到★3","121401","2022/07/17 16:00:00","3","1","2030/04/01 14:59:59","56011600"
"301","56011601","201186","0","0","6011","501","將美咲（舞台）升到★5","121401","2022/07/17 16:00:00","5","1","2030/04/01 14:59:59","56011601"
"301","56011602","201187","0","0","6011","501","讓步未（怪盜）成為夥伴","121501","2022/08/02 16:00:00","1","1","2030/04/01 14:59:59","56011602"
"301","56011603","201187","0","0","6011","501","將步未（怪盜）升到★3","121501","2022/08/02 16:00:00","3","1","2030/04/01 14:59:59","56011603"
"301","56011604","201187","0","0","6011","501","將步未（怪盜）升到★5","121501","2022/08/02 16:00:00","5","1","2030/04/01 14:59:59","56011604"
"301","56011605","201040","0","0","6011","501","將空花升到★6","104501","2022/08/11 16:00:00","6","1","2030/04/01 14:59:59","56011605"
"301","56011606","201188","0","0","6011","501","讓祈梨（怪盜）成為夥伴","121601","2022/08/17 16:00:00","1","1","2030/04/01 14:59:59","56011606"
"301","56011607","201188","0","0","6011","501","將祈梨（怪盜）升到★3","121601","2022/08/17 16:00:00","3","1","2030/04/01 14:59:59","56011607"
"301","56011608","201188","0","0","6011","501","將祈梨（怪盜）升到★5","121601","2022/08/17 16:00:00","5","1","2030/04/01 14:59:59","56011608"
"301","56011609","201189","0","0","6011","501","讓秋乃＆咲戀成為夥伴","180901","2022/07/30 16:00:00","1","1","2030/04/01 14:59:59","56011609"
"301","56011610","201189","0","0","6011","501","將秋乃＆咲戀升到★3","180901","2022/07/30 16:00:00","3","1","2030/04/01 14:59:59","56011610"
"301","56011611","201189","0","0","6011","501","將秋乃＆咲戀升到★5","180901","2022/07/30 16:00:00","5","1","2030/04/01 14:59:59","56011611"
"301","56011612","201190","0","0","6011","501","讓忍（海盜）成為夥伴","122001","2022/09/04 16:00:00","1","1","2030/04/01 14:59:59","56011612"
"301","56011613","201190","0","0","6011","501","將忍（海盜）升到★3","122001","2022/09/04 16:00:00","3","1","2030/04/01 14:59:59","56011613"
"301","56011614","201190","0","0","6011","501","將忍（海盜）升到★5","122001","2022/09/04 16:00:00","5","1","2030/04/01 14:59:59","56011614"
"301","56011615","201024","0","0","6011","501","將鈴升到★6","102601","2022/09/12 16:00:00","6","1","2030/04/01 14:59:59","56011615"
"301","56011616","201191","0","0","6011","501","讓杏奈（海盜）成為夥伴","121901","2022/09/16 16:00:00","1","1","2030/04/01 14:59:59","56011616"
"301","56011617","201191","0","0","6011","501","將杏奈（海盜）升到★3","121901","2022/09/16 16:00:00","3","1","2030/04/01 14:59:59","56011617"
"301","56011618","201191","0","0","6011","501","將杏奈（海盜）升到★5","121901","2022/09/16 16:00:00","5","1","2030/04/01 14:59:59","56011618"
"301","56011619","201192","0","0","6011","501","讓碧（露營）成為夥伴","122101","2022/10/02 16:00:00","1","1","2030/04/01 14:59:59","56011619"
"301","56011620","201192","0","0","6011","501","將碧（露營）升到★3","122101","2022/10/02 16:00:00","3","1","2030/04/01 14:59:59","56011620"
"301","56011621","201192","0","0","6011","501","將碧（露營）升到★5","122101","2022/10/02 16:00:00","5","1","2030/04/01 14:59:59","56011621"
"301","56011622","201193","0","0","6011","501","讓優花梨（露營）成為夥伴","122201","2022/10/02 16:00:00","1","1","2030/04/01 14:59:59","56011622"
"301","56011623","201193","0","0","6011","501","將優花梨（露營）升到★3","122201","2022/10/02 16:00:00","3","1","2030/04/01 14:59:59","56011623"
"301","56011624","201193","0","0","6011","501","將優花梨（露營）升到★5","122201","2022/10/02 16:00:00","5","1","2030/04/01 14:59:59","56011624"
"301","56011625","201007","0","0","6011","501","將宮子升到★6","100701","2022/10/11 16:00:00","6","1","2030/04/01 14:59:59","56011625"
"301","56011626","201194","0","0","6011","501","讓班比成為夥伴","122301","2022/10/17 16:00:00","1","1","2030/04/01 14:59:59","56011626"
"301","56011627","201194","0","0","6011","501","將班比升到★3","122301","2022/10/17 16:00:00","3","1","2030/04/01 14:59:59","56011627"
"301","56011628","201194","0","0","6011","501","將班比升到★5","122301","2022/10/17 16:00:00","5","1","2030/04/01 14:59:59","56011628"
"301","56011629","201195","0","0","6011","501","讓日和（夏日）成為夥伴","122401","2022/11/01 16:00:00","1","1","2030/04/01 14:59:59","56011629"
"301","56011630","201195","0","0","6011","501","將日和（夏日）升到★3","122401","2022/11/01 16:00:00","3","1","2030/04/01 14:59:59","56011630"
"301","56011631","201195","0","0","6011","501","將日和（夏日）升到★5","122401","2022/11/01 16:00:00","5","1","2030/04/01 14:59:59","56011631"
"301","56011632","201196","0","0","6011","501","讓怜（夏日）成為夥伴","122501","2022/11/01 16:00:00","1","1","2030/04/01 14:59:59","56011632"
"301","56011633","201196","0","0","6011","501","將怜（夏日）升到★3","122501","2022/11/01 16:00:00","3","1","2030/04/01 14:59:59","56011633"
"301","56011634","201196","0","0","6011","501","將怜（夏日）升到★5","122501","2022/11/01 16:00:00","5","1","2030/04/01 14:59:59","56011634"
"301","56011635","201015","0","0","6011","501","將美里升到★6","101501","2022/11/09 16:00:00","6","1","2030/04/01 14:59:59","56011635"
"301","56011636","201197","0","0","6011","501","讓優衣（夏日）成為夥伴","122601","2022/11/16 16:00:00","1","1","2030/04/01 14:59:59","56011636"
"301","56011637","201197","0","0","6011","501","將優衣（夏日）升到★3","122601","2022/11/16 16:00:00","3","1","2030/04/01 14:59:59","56011637"
"301","56011638","201197","0","0","6011","501","將優衣（夏日）升到★5","122601","2022/11/16 16:00:00","5","1","2030/04/01 14:59:59","56011638"
"301","56011639","201198","0","0","6011","501","讓禊（夏日）成為夥伴","122801","2022/12/01 16:00:00","1","1","2030/04/01 14:59:59","56011639"
"301","56011640","201198","0","0","6011","501","將禊（夏日）升到★3","122801","2022/12/01 16:00:00","3","1","2030/04/01 14:59:59","56011640"
"301","56011641","201198","0","0","6011","501","將禊（夏日）升到★5","122801","2022/12/01 16:00:00","5","1","2030/04/01 14:59:59","56011641"
"301","56011642","201199","0","0","6011","501","讓美美（夏日）成為夥伴","122901","2022/12/02 16:00:00","1","1","2030/04/01 14:59:59","56011642"
"301","56011643","201199","0","0","6011","501","將美美（夏日）升到★3","122901","2022/12/02 16:00:00","3","1","2030/04/01 14:59:59","56011643"
"301","56011644","201199","0","0","6011","501","將美美（夏日）升到★5","122901","2022/12/02 16:00:00","5","1","2030/04/01 14:59:59","56011644"
"301","56011645","201025","0","0","6011","501","將惠理子升到★6","102701","2022/12/09 16:00:00","6","1","2030/04/01 14:59:59","56011645"
"301","56011646","201200","0","0","6011","501","讓鏡華（夏日）成為夥伴","122701","2022/12/17 16:00:00","1","1","2030/04/01 14:59:59","56011646"
"301","56011647","201200","0","0","6011","501","將鏡華（夏日）升到★3","122701","2022/12/17 16:00:00","3","1","2030/04/01 14:59:59","56011647"
"301","56011648","201200","0","0","6011","501","將鏡華（夏日）升到★5","122701","2022/12/17 16:00:00","5","1","2030/04/01 14:59:59","56011648"
"301","56011649","201201","0","0","6011","501","讓愛梅斯成為夥伴","123001","2023/01/02 16:00:00","1","1","2030/04/01 14:59:59","56011649"
"301","56011650","201201","0","0","6011","501","將愛梅斯升到★3","123001","2023/01/02 16:00:00","3","1","2030/04/01 14:59:59","56011650"
"301","56011651","201201","0","0","6011","501","將愛梅斯升到★5","123001","2023/01/02 16:00:00","5","1","2030/04/01 14:59:59","56011651"
"301","56011652","201202","0","0","6011","501","讓真步（探險家）成為夥伴","123101","2023/01/05 16:00:00","1","1","2030/04/01 14:59:59","56011652"
"301","56011653","201202","0","0","6011","501","將真步（探險家）升到★3","123101","2023/01/05 16:00:00","3","1","2030/04/01 14:59:59","56011653"
"301","56011654","201202","0","0","6011","501","將真步（探險家）升到★5","123101","2023/01/05 16:00:00","5","1","2030/04/01 14:59:59","56011654"
"301","56011655","201029","0","0","6011","501","將忍升到★6","103101","2023/01/10 16:00:00","6","1","2030/04/01 14:59:59","56011655"
"301","56011656","201039","0","0","6011","501","將伊莉亞升到★6","104401","2023/01/10 16:00:00","6","1","2030/04/01 14:59:59","56011656"
"301","56011657","201203","0","0","6011","501","讓綾音（探險家）成為夥伴","123201","2023/01/17 16:00:00","1","1","2030/04/01 14:59:59","56011657"
"301","56011658","201203","0","0","6011","501","將綾音（探險家）升到★3","123201","2023/01/17 16:00:00","3","1","2030/04/01 14:59:59","56011658"
"301","56011659","201203","0","0","6011","501","將綾音（探險家）升到★5","123201","2023/01/17 16:00:00","5","1","2030/04/01 14:59:59","56011659"
"301","56011660","201204","0","0","6011","501","讓涅婭成為夥伴","123301","2023/01/24 16:00:00","1","1","2030/04/01 14:59:59","56011660"
"301","56011661","201204","0","0","6011","501","將涅婭升到★3","123301","2023/01/24 16:00:00","3","1","2030/04/01 14:59:59","56011661"
"301","56011662","201204","0","0","6011","501","將涅婭升到★5","123301","2023/01/24 16:00:00","5","1","2030/04/01 14:59:59","56011662"
"301","56011663","201205","0","0","6011","501","讓鈴（萬聖節）成為夥伴","123501","2023/02/01 16:00:00","1","1","2030/04/01 14:59:59","56011663"
"301","56011664","201205","0","0","6011","501","將鈴（萬聖節）升到★3","123501","2023/02/01 16:00:00","3","1","2030/04/01 14:59:59","56011664"
"301","56011665","201205","0","0","6011","501","將鈴（萬聖節）升到★5","123501","2023/02/01 16:00:00","5","1","2030/04/01 14:59:59","56011665"
"301","56011666","201206","0","0","6011","501","讓智（萬聖節）成為夥伴","123601","2023/02/01 16:00:00","1","1","2030/04/01 14:59:59","56011666"
"301","56011667","201206","0","0","6011","501","將智（萬聖節）升到★3","123601","2023/02/01 16:00:00","3","1","2030/04/01 14:59:59","56011667"
"301","56011668","201206","0","0","6011","501","將智（萬聖節）升到★5","123601","2023/02/01 16:00:00","5","1","2030/04/01 14:59:59","56011668"
"301","56011669","201034","0","0","6011","501","將智升到★6","103701","2023/02/10 16:00:00","6","1","2030/04/01 14:59:59","56011669"
"301","56011670","201207","0","0","6011","501","讓七七香（萬聖節）成為夥伴","123701","2023/02/16 16:00:00","1","1","2030/04/01 14:59:59","56011670"
"301","56011671","201207","0","0","6011","501","將七七香（萬聖節）升到★3","123701","2023/02/16 16:00:00","3","1","2030/04/01 14:59:59","56011671"
"301","56011672","201207","0","0","6011","501","將七七香（萬聖節）升到★5","123701","2023/02/16 16:00:00","5","1","2030/04/01 14:59:59","56011672"
"301","56011673","201208","0","0","6011","501","讓克莉絲提娜（狂野）成為夥伴","123801","2023/03/04 16:00:00","1","1","2030/04/01 14:59:59","56011673"
"301","56011674","201208","0","0","6011","501","將克莉絲提娜（狂野）升到★3","123801","2023/03/04 16:00:00","3","1","2030/04/01 14:59:59","56011674"
"301","56011675","201208","0","0","6011","501","將克莉絲提娜（狂野）升到★5","123801","2023/03/04 16:00:00","5","1","2030/04/01 14:59:59","56011675"
"301","56011676","201142","0","0","6011","501","將雪菲升到★6","106401","2023/03/09 16:00:00","6","1","2030/04/01 14:59:59","56011676"
"301","56011677","201209","0","0","6011","501","讓茉莉（狂野）成為夥伴","123901","2023/03/19 16:00:00","1","1","2030/04/01 14:59:59","56011677"
"301","56011678","201209","0","0","6011","501","將茉莉（狂野）升到★3","123901","2023/03/19 16:00:00","3","1","2030/04/01 14:59:59","56011678"
"301","56011679","201209","0","0","6011","501","將茉莉（狂野）升到★5","123901","2023/03/19 16:00:00","5","1","2030/04/01 14:59:59","56011679"
"301","56011680","201210","0","0","6011","501","讓霸瞳皇帝成為夥伴","106901","2023/03/15 16:00:00","1","1","2030/04/01 14:59:59","56011680"
"301","56011681","201210","0","0","6011","501","將霸瞳皇帝升到★3","106901","2023/03/15 16:00:00","3","1","2030/04/01 14:59:59","56011681"
"301","56011682","201210","0","0","6011","501","將霸瞳皇帝升到★5","106901","2023/03/15 16:00:00","5","1","2030/04/01 14:59:59","56011682"
"301","56011683","201211","0","0","6011","501","讓茜里（聖誕節）成為夥伴","124001","2023/04/03 16:00:00","1","1","2030/04/01 14:59:59","56011683"
"301","56011684","201211","0","0","6011","501","將茜里（聖誕節）升到★3","124001","2023/04/03 16:00:00","3","1","2030/04/01 14:59:59","56011684"
"301","56011685","201211","0","0","6011","501","將茜里（聖誕節）升到★5","124001","2023/04/03 16:00:00","5","1","2030/04/01 14:59:59","56011685"
"301","56011686","201212","0","0","6011","501","讓依里（聖誕節）成為夥伴","124101","2023/04/01 16:00:00","1","1","2030/04/01 14:59:59","56011686"
"301","56011687","201212","0","0","6011","501","將依里（聖誕節）升到★3","124101","2023/04/01 16:00:00","3","1","2030/04/01 14:59:59","56011687"
"301","56011688","201212","0","0","6011","501","將依里（聖誕節）升到★5","124101","2023/04/01 16:00:00","5","1","2030/04/01 14:59:59","56011688"
"301","56011689","201046","0","0","6011","501","將深月升到★6","105101","2023/04/07 16:00:00","6","1","2030/04/01 14:59:59","56011689"
"301","56011690","201213","0","0","6011","501","讓純（聖誕節）成為夥伴","124201","2023/04/26 16:00:00","1","1","2030/04/01 14:59:59","56011690"
"301","56011691","201213","0","0","6011","501","將純（聖誕節）升到★3","124201","2023/04/26 16:00:00","3","1","2030/04/01 14:59:59","56011691"
"301","56011692","201213","0","0","6011","501","將純（聖誕節）升到★5","124201","2023/04/26 16:00:00","5","1","2030/04/01 14:59:59","56011692"
"301","56011693","201214","0","0","6011","501","讓安＆古蕾婭成為夥伴","181001","2023/05/04 16:00:00","1","1","2030/04/01 14:59:59","56011693"
"301","56011694","201214","0","0","6011","501","將安＆古蕾婭升到★3","181001","2023/05/04 16:00:00","3","1","2030/04/01 14:59:59","56011694"
"301","56011695","201214","0","0","6011","501","將安＆古蕾婭升到★5","181001","2023/05/04 16:00:00","5","1","2030/04/01 14:59:59","56011695"
"301","56011696","201215","0","0","6011","501","讓深月（新年）成為夥伴","124701","2023/05/01 16:00:00","1","1","2030/04/01 14:59:59","56011696"
"301","56011697","201215","0","0","6011","501","將深月（新年）升到★3","124701","2023/05/01 16:00:00","3","1","2030/04/01 14:59:59","56011697"
"301","56011698","201215","0","0","6011","501","將深月（新年）升到★5","124701","2023/05/01 16:00:00","5","1","2030/04/01 14:59:59","56011698"
"301","56011699","201216","0","0","6011","501","讓美里（新年）成為夥伴","124601","2023/05/07 16:00:00","1","1","2030/04/01 14:59:59","56011699"
"301","56011700","201216","0","0","6011","501","將美里（新年）升到★3","124601","2023/05/07 16:00:00","3","1","2030/04/01 14:59:59","56011700"
"301","56011701","201216","0","0","6011","501","將美里（新年）升到★5","124601","2023/05/07 16:00:00","5","1","2030/04/01 14:59:59","56011701"
"301","56011702","201042","0","0","6011","501","將純升到★6","104701","2023/05/11 16:00:00","6","1","2030/04/01 14:59:59","56011702"
"301","56011703","201217","0","0","6011","501","讓帆稀（新年）成為夥伴","124501","2023/05/20 16:00:00","1","1","2030/04/01 14:59:59","56011703"
"301","56011704","201217","0","0","6011","501","將帆稀（新年）升到★3","124501","2023/05/20 16:00:00","3","1","2030/04/01 14:59:59","56011704"
"301","56011705","201217","0","0","6011","501","將帆稀（新年）升到★5","124501","2023/05/20 16:00:00","5","1","2030/04/01 14:59:59","56011705"
"301","56011706","201218","0","0","6011","501","讓望（解放者）成為夥伴","124801","2023/06/04 16:00:00","1","1","2030/04/01 14:59:59","56011706"
"301","56011707","201218","0","0","6011","501","將望（解放者）升到★3","124801","2023/06/04 16:00:00","3","1","2030/04/01 14:59:59","56011707"
"301","56011708","201218","0","0","6011","501","將望（解放者）升到★5","124801","2023/06/04 16:00:00","5","1","2030/04/01 14:59:59","56011708"
"301","56011709","201219","0","0","6011","501","讓嘉夜（解放者）成為夥伴","124901","2023/06/01 16:00:00","1","1","2030/04/01 14:59:59","56011709"
"301","56011710","201219","0","0","6011","501","將嘉夜（解放者）升到★3","124901","2023/06/01 16:00:00","3","1","2030/04/01 14:59:59","56011710"
"301","56011711","201219","0","0","6011","501","將嘉夜（解放者）升到★5","124901","2023/06/01 16:00:00","5","1","2030/04/01 14:59:59","56011711"
"301","56011712","201050","0","0","6011","501","將步未升到★6","105501","2023/06/08 16:00:00","6","1","2030/04/01 14:59:59","56011712"
"301","56011713","201220","0","0","6011","501","讓矛依未（解放者）成為夥伴","125001","2023/06/19 16:00:00","1","1","2030/04/01 14:59:59","56011713"
"301","56011714","201220","0","0","6011","501","將矛依未（解放者）升到★3","125001","2023/06/19 16:00:00","3","1","2030/04/01 14:59:59","56011714"
"301","56011715","201220","0","0","6011","501","將矛依未（解放者）升到★5","125001","2023/06/19 16:00:00","5","1","2030/04/01 14:59:59","56011715"
"301","56011716","201221","0","0","6011","501","讓美空成為夥伴","118201","2023/07/02 16:00:00","1","1","2030/04/01 14:59:59","56011716"
"301","56011717","201221","0","0","6011","501","將美空升到★3","118201","2023/07/02 16:00:00","3","1","2030/04/01 14:59:59","56011717"
"301","56011718","201221","0","0","6011","501","將美空升到★5","118201","2023/07/02 16:00:00","5","1","2030/04/01 14:59:59","56011718"
"301","56011719","201222","0","0","6011","501","讓珠希（咖啡廳）成為夥伴","125101","2023/07/05 16:00:00","1","1","2030/04/01 14:59:59","56011719"
"301","56011720","201222","0","0","6011","501","將珠希（咖啡廳）升到★3","125101","2023/07/05 16:00:00","3","1","2030/04/01 14:59:59","56011720"
"301","56011721","201222","0","0","6011","501","將珠希（咖啡廳）升到★5","125101","2023/07/05 16:00:00","5","1","2030/04/01 14:59:59","56011721"
"301","56011722","201058","0","0","6011","501","將克莉絲提娜升到★6","107101","2023/07/10 16:00:00","6","1","2030/04/01 14:59:59","56011722"
"301","56011723","201223","0","0","6011","501","讓莫妮卡（咖啡廳）成為夥伴","125201","2023/07/12 16:00:00","1","1","2030/04/01 14:59:59","56011723"
"301","56011724","201223","0","0","6011","501","將莫妮卡（咖啡廳）升到★3","125201","2023/07/12 16:00:00","3","1","2030/04/01 14:59:59","56011724"
"301","56011725","201223","0","0","6011","501","將莫妮卡（咖啡廳）升到★5","125201","2023/07/12 16:00:00","5","1","2030/04/01 14:59:59","56011725"
"301","56011726","201224","0","0","6011","501","讓靜流（黑暗）成為夥伴","120001","2023/07/19 16:00:00","1","1","2030/04/01 14:59:59","56011726"
"301","56011727","201224","0","0","6011","501","將靜流（黑暗）升到★3","120001","2023/07/19 16:00:00","3","1","2030/04/01 14:59:59","56011727"
"301","56011728","201224","0","0","6011","501","將靜流（黑暗）升到★5","120001","2023/07/19 16:00:00","5","1","2030/04/01 14:59:59","56011728"
"301","56011729","201225","0","0","6011","501","讓可可蘿（遊俠）成為夥伴","125301","2023/08/01 16:00:00","1","1","2030/04/01 14:59:59","56011729"
"301","56011730","201225","0","0","6011","501","將可可蘿（遊俠）升到★3","125301","2023/08/01 16:00:00","3","1","2030/04/01 14:59:59","56011730"
"301","56011731","201225","0","0","6011","501","將可可蘿（遊俠）升到★5","125301","2023/08/01 16:00:00","5","1","2030/04/01 14:59:59","56011731"
"301","56011732","201009","0","0","6011","501","將杏奈升到★6","100901","2023/08/08 16:00:00","6","1","2030/04/01 14:59:59","56011732"
"301","56011733","201226","0","0","6011","501","讓栞（遊俠）成為夥伴","125401","2023/08/12 16:00:00","1","1","2030/04/01 14:59:59","56011733"
"301","56011734","201226","0","0","6011","501","將栞（遊俠）升到★3","125401","2023/08/12 16:00:00","3","1","2030/04/01 14:59:59","56011734"
"301","56011735","201226","0","0","6011","501","將栞（遊俠）升到★5","125401","2023/08/12 16:00:00","5","1","2030/04/01 14:59:59","56011735"
"301","56011736","201227","0","0","6011","501","讓莉莉（墮落）成為夥伴","125801","2023/08/19 16:00:00","1","1","2030/04/01 14:59:59","56011736"
"301","56011737","201227","0","0","6011","501","將莉莉（墮落）升到★3","125801","2023/08/19 16:00:00","3","1","2030/04/01 14:59:59","56011737"
"301","56011738","201227","0","0","6011","501","將莉莉（墮落）升到★5","125801","2023/08/19 16:00:00","5","1","2030/04/01 14:59:59","56011738"
"301","56011739","201228","0","0","6011","501","讓吉塔（術士）成為夥伴","125501","2023/09/01 16:00:00","1","1","2030/04/01 14:59:59","56011739"
"301","56011740","201228","0","0","6011","501","將吉塔（術士）升到★3","125501","2023/09/01 16:00:00","3","1","2030/04/01 14:59:59","56011740"
"301","56011741","201228","0","0","6011","501","將吉塔（術士）升到★5","125501","2023/09/01 16:00:00","5","1","2030/04/01 14:59:59","56011741"
"301","56011742","201229","0","0","6011","501","讓花凜（鍊金術師）成為夥伴","125701","2023/09/01 16:00:00","1","1","2030/04/01 14:59:59","56011742"
"301","56011743","201229","0","0","6011","501","將花凜（鍊金術師）升到★3","125701","2023/09/01 16:00:00","3","1","2030/04/01 14:59:59","56011743"
"301","56011744","201229","0","0","6011","501","將花凜（鍊金術師）升到★5","125701","2023/09/01 16:00:00","5","1","2030/04/01 14:59:59","56011744"
"301","56011745","201056","0","0","6011","501","將矛依未升到★6","106101","2023/09/08 16:00:00","6","1","2030/04/01 14:59:59","56011745"
"301","56011746","201230","0","0","6011","501","讓碧卡拉成為夥伴","125601","2023/09/16 16:00:00","1","1","2030/04/01 14:59:59","56011746"
"301","56011747","201230","0","0","6011","501","將碧卡拉升到★3","125601","2023/09/16 16:00:00","3","1","2030/04/01 14:59:59","56011747"
"301","56011748","201230","0","0","6011","501","將碧卡拉升到★5","125601","2023/09/16 16:00:00","5","1","2030/04/01 14:59:59","56011748"
"301","56011749","201231","0","0","6011","501","讓伊莉亞（祭服）成為夥伴","126201","2023/10/02 16:00:00","1","1","2030/04/01 14:59:59","56011749"
"301","56011750","201231","0","0","6011","501","將伊莉亞（祭服）升到★3","126201","2023/10/02 16:00:00","3","1","2030/04/01 14:59:59","56011750"
"301","56011751","201231","0","0","6011","501","將伊莉亞（祭服）升到★5","126201","2023/10/02 16:00:00","5","1","2030/04/01 14:59:59","56011751"
"301","56011752","201008","0","0","6011","501","將雪升到★6","100801","2023/10/06 16:00:00","6","1","2030/04/01 14:59:59","56011752"
"301","56011753","201232","0","0","6011","501","讓雪（祭服）成為夥伴","126301","2023/10/17 16:00:00","1","1","2030/04/01 14:59:59","56011753"
"301","56011754","201232","0","0","6011","501","將雪（祭服）升到★3","126301","2023/10/17 16:00:00","3","1","2030/04/01 14:59:59","56011754"
"301","56011755","201232","0","0","6011","501","將雪（祭服）升到★5","126301","2023/10/17 16:00:00","5","1","2030/04/01 14:59:59","56011755"
"301","56011756","201233","0","0","6011","501","讓克蘿茜成為夥伴","126401","2023/11/01 16:00:00","1","1","2030/04/01 14:59:59","56011756"
"301","56011757","201233","0","0","6011","501","將克蘿茜升到★3","126401","2023/11/01 16:00:00","3","1","2030/04/01 14:59:59","56011757"
"301","56011758","201233","0","0","6011","501","將克蘿茜升到★5","126401","2023/11/01 16:00:00","5","1","2030/04/01 14:59:59","56011758"
"301","56011759","201234","0","0","6011","501","讓秋乃（夏日）成為夥伴","126701","2023/11/01 16:00:00","1","1","2030/04/01 14:59:59","56011759"
"301","56011760","201234","0","0","6011","501","將秋乃（夏日）升到★3","126701","2023/11/01 16:00:00","3","1","2030/04/01 14:59:59","56011760"
"301","56011761","201234","0","0","6011","501","將秋乃（夏日）升到★5","126701","2023/11/01 16:00:00","5","1","2030/04/01 14:59:59","56011761"
"301","56011762","201235","0","0","6011","501","讓似似花（夏日）成為夥伴","126601","2023/11/04 16:00:00","1","1","2030/04/01 14:59:59","56011762"
"301","56011763","201235","0","0","6011","501","將似似花（夏日）升到★3","126601","2023/11/04 16:00:00","3","1","2030/04/01 14:59:59","56011763"
"301","56011764","201235","0","0","6011","501","將似似花（夏日）升到★5","126601","2023/11/04 16:00:00","5","1","2030/04/01 14:59:59","56011764"
"301","56011765","201049","0","0","6011","501","將紡希升到★6","105401","2023/11/09 16:00:00","6","1","2030/04/01 14:59:59","56011765"
"301","56011766","201236","0","0","6011","501","讓優花梨（夏日）成為夥伴","126801","2023/11/16 16:00:00","1","1","2030/04/01 14:59:59","56011766"
"301","56011767","201236","0","0","6011","501","將優花梨（夏日）升到★3","126801","2023/11/16 16:00:00","3","1","2030/04/01 14:59:59","56011767"
"301","56011768","201236","0","0","6011","501","將優花梨（夏日）升到★5","126801","2023/11/16 16:00:00","5","1","2030/04/01 14:59:59","56011768"
"301","56011769","201237","0","0","6011","501","讓蘭法（夏日）成為夥伴","126901","2023/12/01 16:00:00","1","1","2030/04/01 14:59:59","56011769"
"301","56011770","201237","0","0","6011","501","將蘭法（夏日）升到★3","126901","2023/12/01 16:00:00","3","1","2030/04/01 14:59:59","56011770"
"301","56011771","201237","0","0","6011","501","將蘭法（夏日）升到★5","126901","2023/12/01 16:00:00","5","1","2030/04/01 14:59:59","56011771"
"301","56011772","201238","0","0","6011","501","讓空花（夏日）成為夥伴","127001","2023/12/01 16:00:00","1","1","2030/04/01 14:59:59","56011772"
"301","56011773","201238","0","0","6011","501","將空花（夏日）升到★3","127001","2023/12/01 16:00:00","3","1","2030/04/01 14:59:59","56011773"
"301","56011774","201238","0","0","6011","501","將空花（夏日）升到★5","127001","2023/12/01 16:00:00","5","1","2030/04/01 14:59:59","56011774"
"301","56011775","201005","0","0","6011","501","將茉莉升到★6","100501","2023/12/07 16:00:00","6","1","2030/04/01 14:59:59","56011775"
"301","56011776","201239","0","0","6011","501","讓忍（夏日）成為夥伴","127101","2023/12/16 16:00:00","1","1","2030/04/01 14:59:59","56011776"
"301","56011777","201239","0","0","6011","501","將忍（夏日）升到★3","127101","2023/12/16 16:00:00","3","1","2030/04/01 14:59:59","56011777"
"301","56011778","201239","0","0","6011","501","將忍（夏日）升到★5","127101","2023/12/16 16:00:00","5","1","2030/04/01 14:59:59","56011778"
"301","56011779","201240","0","0","6011","501","讓萊拉耶爾成為夥伴","126501","2024/01/01 16:00:00","1","1","2030/04/01 14:59:59","56011779"
"301","56011780","201240","0","0","6011","501","將萊拉耶爾升到★3","126501","2024/01/01 16:00:00","3","1","2030/04/01 14:59:59","56011780"
"301","56011781","201240","0","0","6011","501","將萊拉耶爾升到★5","126501","2024/01/01 16:00:00","5","1","2030/04/01 14:59:59","56011781"
"301","56011782","201241","0","0","6011","501","讓凱留（插班生）成為夥伴","127201","2024/01/04 16:00:00","1","1","2030/04/01 14:59:59","56011782"
"301","56011783","201241","0","0","6011","501","將凱留（插班生）升到★3","127201","2024/01/04 16:00:00","3","1","2030/04/01 14:59:59","56011783"
"301","56011784","201241","0","0","6011","501","將凱留（插班生）升到★5","127201","2024/01/04 16:00:00","5","1","2030/04/01 14:59:59","56011784"
"301","56011785","201038","0","0","6011","501","將真琴升到★6","104301","2024/01/08 16:00:00","6","1","2030/04/01 14:59:59","56011785"
"301","56011786","201242","0","0","6011","501","讓鈴奈（插班生）成為夥伴","127301","2024/01/17 16:00:00","1","1","2030/04/01 14:59:59","56011786"
"301","56011787","201242","0","0","6011","501","將鈴奈（插班生）升到★3","127301","2024/01/17 16:00:00","3","1","2030/04/01 14:59:59","56011787"
"301","56011788","201242","0","0","6011","501","將鈴奈（插班生）升到★5","127301","2024/01/17 16:00:00","5","1","2030/04/01 14:59:59","56011788"
"301","56011789","201243","0","0","6011","501","讓咲戀（薩拉薩利亞）成為夥伴","127501","2024/02/01 16:00:00","1","1","2030/04/01 14:59:59","56011789"
"301","56011790","201243","0","0","6011","501","將咲戀（薩拉薩利亞）升到★3","127501","2024/02/01 16:00:00","3","1","2030/04/01 14:59:59","56011790"
"301","56011791","201243","0","0","6011","501","將咲戀（薩拉薩利亞）升到★5","127501","2024/02/01 16:00:00","5","1","2030/04/01 14:59:59","56011791"
"301","56011792","201014","0","0","6011","501","將霞升到★6","101401","2024/02/10 16:00:00","6","1","2030/04/01 14:59:59","56011792"
"301","56011793","201244","0","0","6011","501","讓流夏（薩拉薩利亞）成為夥伴","127601","2024/02/13 16:00:00","1","1","2030/04/01 14:59:59","56011793"
"301","56011794","201244","0","0","6011","501","讓流夏（薩拉薩利亞）升到★3","127601","2024/02/13 16:00:00","3","1","2030/04/01 14:59:59","56011794"
"301","56011795","201244","0","0","6011","501","讓流夏（薩拉薩利亞）升到★5","127601","2024/02/13 16:00:00","5","1","2030/04/01 14:59:59","56011795"
"301","56011796","201245","0","0","6011","501","讓可璃亞（墮落）成為夥伴","126001","2024/03/05 16:00:00","1","1","2030/04/01 14:59:59","56011796"
"301","56011797","201245","0","0","6011","501","讓可璃亞（墮落）升到★3","126001","2024/03/05 16:00:00","3","1","2030/04/01 14:59:59","56011797"
"301","56011798","201245","0","0","6011","501","讓可璃亞（墮落）升到★5","126001","2024/03/05 16:00:00","5","1","2030/04/01 14:59:59","56011798"
"301","56011799","201035","0","0","6011","501","將栞升到★6","103801","2024/03/08 16:00:00","6","1","2030/04/01 14:59:59","56011799"
"301","56011800","201246","0","0","6011","501","讓普蕾西亞（墮落）成為夥伴","126101","2024/03/20 16:00:00","1","1","2030/04/01 14:59:59","56011800"
"301","56011801","201246","0","0","6011","501","讓普蕾西亞（墮落）升到★3","126101","2024/03/20 16:00:00","3","1","2030/04/01 14:59:59","56011801"
"301","56011802","201246","0","0","6011","501","讓普蕾西亞（墮落）升到★5","126101","2024/03/20 16:00:00","5","1","2030/04/01 14:59:59","56011802"
"301","56011803","201247","0","0","6011","501","讓貪吃佩可（聖誕節）成為夥伴","127901","2024/04/01 16:00:00","1","1","2030/04/01 14:59:59","56011803"
"301","56011804","201247","0","0","6011","501","讓貪吃佩可（聖誕節）升到★3","127901","2024/04/01 16:00:00","3","1","2030/04/01 14:59:59","56011804"
"301","56011805","201247","0","0","6011","501","讓貪吃佩可（聖誕節）升到★5","127901","2024/04/01 16:00:00","5","1","2030/04/01 14:59:59","56011805"
"301","56011806","201117","0","0","6011","501","將祈梨升到★6","106601","2024/04/09 16:00:00","6","1","2030/04/01 14:59:59","56011806"
"301","56011807","201248","0","0","6011","501","讓克蕾琪塔（聖誕節）成為夥伴","128001","2024/04/16 16:00:00","1","1","2030/04/01 14:59:59","56011807"
"301","56011808","201248","0","0","6011","501","將克蕾琪塔（聖誕節）升到★3","128001","2024/04/16 16:00:00","3","1","2030/04/01 14:59:59","56011808"
"301","56011809","201248","0","0","6011","501","將克蕾琪塔（聖誕節）升到★5","128001","2024/04/16 16:00:00","5","1","2030/04/01 14:59:59","56011809"
"301","56011810","201249","0","0","6011","501","讓靜流＆璃乃成為夥伴","181101","2024/05/02 16:00:00","1","1","2030/04/01 14:59:59","56011810"
"301","56011811","201249","0","0","6011","501","將靜流＆璃乃升到★3","181101","2024/05/02 16:00:00","3","1","2030/04/01 14:59:59","56011811"
"301","56011812","201249","0","0","6011","501","將靜流＆璃乃升到★5","181101","2024/05/02 16:00:00","5","1","2030/04/01 14:59:59","56011812"
"301","56011813","201250","0","0","6011","501","讓祈梨（新年）成為夥伴","128301","2024/05/01 16:00:00","1","1","2030/04/01 14:59:59","56011813"
"301","56011814","201250","0","0","6011","501","將祈梨（新年）升到★3","128301","2024/05/01 16:00:00","3","1","2030/04/01 14:59:59","56011814"
"301","56011815","201250","0","0","6011","501","將祈梨（新年）升到★5","128301","2024/05/01 16:00:00","5","1","2030/04/01 14:59:59","56011815"
"301","56011816","201251","0","0","6011","501","讓初音（新年）成為夥伴","128401","2024/05/05 16:00:00","1","1","2030/04/01 14:59:59","56011816"
"301","56011817","201251","0","0","6011","501","將初音（新年）升到★3","128401","2024/05/05 16:00:00","3","1","2030/04/01 14:59:59","56011817"
"301","56011818","201251","0","0","6011","501","將初音（新年）升到★5","128401","2024/05/05 16:00:00","5","1","2030/04/01 14:59:59","56011818"
"301","56011819","201097","0","0","6011","501","將嘉夜升到★6","106501","2024/05/10 16:00:00","6","1","2030/04/01 14:59:59","56011819"
"301","56011820","201252","0","0","6011","501","讓霞（新年）成為夥伴","128501","2024/05/17 16:00:00","1","1","2030/04/01 14:59:59","56011820"
"301","56011821","201252","0","0","6011","501","將霞（新年）升到★3","128501","2024/05/17 16:00:00","3","1","2030/04/01 14:59:59","56011821"
"301","56011822","201252","0","0","6011","501","將霞（新年）升到★5","128501","2024/05/17 16:00:00","5","1","2030/04/01 14:59:59","56011822"
"301","56011823","201253","0","0","6011","501","讓怜（星素）成為夥伴","128801","2024/06/01 16:00:00","1","1","2030/04/01 14:59:59","56011823"
"301","56011824","201253","0","0","6011","501","將怜（星素）升到★3","128801","2024/06/01 16:00:00","3","1","2030/04/01 14:59:59","56011824"
"301","56011825","201253","0","0","6011","501","將怜（星素）升到★5","128801","2024/06/01 16:00:00","5","1","2030/04/01 14:59:59","56011825"
"301","56011826","201254","0","0","6011","501","讓優衣（星素）成為夥伴","128901","2024/06/02 16:00:00","1","1","2030/04/01 14:59:59","56011826"
"301","56011827","201254","0","0","6011","501","將優衣（星素）升到★3","128901","2024/06/02 16:00:00","3","1","2030/04/01 14:59:59","56011827"
"301","56011828","201254","0","0","6011","501","將優衣（星素）升到★5","128901","2024/06/02 16:00:00","5","1","2030/04/01 14:59:59","56011828"
"301","56011829","201255","0","0","6011","501","讓日和（星素）成為夥伴","128701","2024/06/17 16:00:00","1","1","2030/04/01 14:59:59","56011829"
"301","56011830","201255","0","0","6011","501","將日和（星素）升到★3","128701","2024/06/17 16:00:00","3","1","2030/04/01 14:59:59","56011830"
"301","56011831","201255","0","0","6011","501","將日和（星素）升到★5","128701","2024/06/17 16:00:00","5","1","2030/04/01 14:59:59","56011831"
"301","56011832","201256","0","0","6011","501","讓厄莉絲成為夥伴","129001","2024/07/01 16:00:00","1","1","2030/04/01 14:59:59","56011832"
"301","56011833","201256","0","0","6011","501","將厄莉絲升到★3","129001","2024/07/01 16:00:00","3","1","2030/04/01 14:59:59","56011833"
"301","56011834","201256","0","0","6011","501","將厄莉絲升到★5","129001","2024/07/01 16:00:00","5","1","2030/04/01 14:59:59","56011834"
"301","56011835","201257","0","0","6011","501","讓優妮（冬日）成為夥伴","129301","2024/07/04 16:00:00","1","1","2030/04/01 14:59:59","56011835"
"301","56011836","201257","0","0","6011","501","將優妮（冬日）升到★3","129301","2024/07/04 16:00:00","3","1","2030/04/01 14:59:59","56011836"
"301","56011837","201257","0","0","6011","501","將優妮（冬日）升到★5","129301","2024/07/04 16:00:00","5","1","2030/04/01 14:59:59","56011837"
"301","56011838","201071","0","0","6011","501","將日和（新年）升到★6","108701","2024/07/11 16:00:00","6","1","2030/04/01 14:59:59","56011838"
"301","56011839","201072","0","0","6011","501","將優衣（新年）升到★6","108801","2024/07/11 16:00:00","6","1","2030/04/01 14:59:59","56011839"
"301","56011840","201073","0","0","6011","501","將怜（新年）升到★6","108901","2024/07/11 16:00:00","6","1","2030/04/01 14:59:59","56011840"
"301","56011841","201258","0","0","6011","501","讓克蘿依（冬日）成為夥伴","129401","2024/07/19 16:00:00","1","1","2030/04/01 14:59:59","56011841"
"301","56011842","201258","0","0","6011","501","將克蘿依（冬日）升到★3","129401","2024/07/19 16:00:00","3","1","2030/04/01 14:59:59","56011842"
"301","56011843","201258","0","0","6011","501","將克蘿依（冬日）升到★5","129401","2024/07/19 16:00:00","5","1","2030/04/01 14:59:59","56011843"
"301","56011844","201259","0","0","6011","501","讓真琴（指揮官）成為夥伴","129801","2024/08/01 16:00:00","1","1","2030/04/01 14:59:59","56011844"
"301","56011845","201259","0","0","6011","501","將真琴（指揮官）升到★3","129801","2024/08/01 16:00:00","3","1","2030/04/01 14:59:59","56011845"
"301","56011846","201259","0","0","6011","501","將真琴（指揮官）升到★5","129801","2024/08/01 16:00:00","5","1","2030/04/01 14:59:59","56011846"
"301","56011847","201260","0","0","6011","501","讓惠理子（指揮官）成為夥伴","129901","2024/08/16 16:00:00","1","1","2030/04/01 14:59:59","56011847"
"301","56011848","201260","0","0","6011","501","將惠理子（指揮官）升到★3","129901","2024/08/16 16:00:00","3","1","2030/04/01 14:59:59","56011848"
"301","56011849","201260","0","0","6011","501","將惠理子（指揮官）升到★5","129901","2024/08/16 16:00:00","5","1","2030/04/01 14:59:59","56011849"
"301","56011850","201261","0","0","6011","501","讓安涅默涅成為夥伴","129601","2024/09/01 16:00:00","1","1","2030/04/01 14:59:59","56011850"
"301","56011851","201261","0","0","6011","501","將安涅默涅升到★3","129601","2024/09/01 16:00:00","3","1","2030/04/01 14:59:59","56011851"
"301","56011852","201261","0","0","6011","501","將安涅默涅升到★5","129601","2024/09/01 16:00:00","5","1","2030/04/01 14:59:59","56011852"
"301","56011853","201262","0","0","6011","501","讓鏡華（春日）成為夥伴","130701","2024/09/04 16:00:00","1","1","2030/04/01 14:59:59","56011853"
"301","56011854","201262","0","0","6011","501","將鏡華（春日）升到★3","130701","2024/09/04 16:00:00","3","1","2030/04/01 14:59:59","56011854"
"301","56011855","201262","0","0","6011","501","將鏡華（春日）升到★5","130701","2024/09/04 16:00:00","5","1","2030/04/01 14:59:59","56011855"
"301","56011856","201263","0","0","6011","501","讓鈴莓（春日）成為夥伴","130801","2024/09/16 16:00:00","1","1","2030/04/01 14:59:59","56011856"
"301","56011857","201263","0","0","6011","501","將鈴莓（春日）升到★3","130801","2024/09/16 16:00:00","3","1","2030/04/01 14:59:59","56011857"
"301","56011858","201263","0","0","6011","501","將鈴莓（春日）升到★5","130801","2024/09/16 16:00:00","5","1","2030/04/01 14:59:59","56011858"
"301","56011859","201264","0","0","6011","501","讓真步（夢想樂園）成為夥伴","131001","2024/10/01 16:00:00","1","1","2030/04/01 14:59:59","56011859"
"301","56011860","201264","0","0","6011","501","將真步（夢想樂園）升到★3","131001","2024/10/01 16:00:00","3","1","2030/04/01 14:59:59","56011860"
"301","56011861","201264","0","0","6011","501","將真步（夢想樂園）升到★5","131001","2024/10/01 16:00:00","5","1","2030/04/01 14:59:59","56011861"
"301","56011862","201051","0","0","6011","501","將流夏升到★6","105601","2024/10/01 16:00:00","6","1","2030/04/01 14:59:59","56011862"
"301","56011863","201265","0","0","6011","501","將庫露露成為夥伴","130901","2024/10/16 16:00:00","1","1","2030/04/01 14:59:59","56011863"
"301","56011864","201265","0","0","6011","501","將庫露露升到★3","130901","2024/10/16 16:00:00","3","1","2030/04/01 14:59:59","56011864"
"301","56011865","201265","0","0","6011","501","將庫露露升到★5","130901","2024/10/16 16:00:00","5","1","2030/04/01 14:59:59","56011865"
"301","56011866","201266","0","0","6011","501","讓涅婭（夏日）成為夥伴","131101","2024/11/01 16:00:00","1","1","2030/04/01 14:59:59","56011866"
"301","56011867","201266","0","0","6011","501","將涅婭（夏日）升到★3","131101","2024/11/01 16:00:00","3","1","2030/04/01 14:59:59","56011867"
"301","56011868","201266","0","0","6011","501","將涅婭（夏日）升到★5","131101","2024/11/01 16:00:00","5","1","2030/04/01 14:59:59","56011868"
"301","56011869","201267","0","0","6011","501","讓涅妃‧涅羅成為夥伴","129701","2024/11/01 16:00:00","1","1","2030/04/01 14:59:59","56011869"
"301","56011870","201267","0","0","6011","501","將涅妃‧涅羅升到★3","129701","2024/11/01 16:00:00","3","1","2030/04/01 14:59:59","56011870"
"301","56011871","201267","0","0","6011","501","將涅妃‧涅羅升到★5","129701","2024/11/01 16:00:00","5","1","2030/04/01 14:59:59","56011871"
"301","56011872","201268","0","0","6011","501","讓美空（夏日）成為夥伴","131201","2024/11/04 16:00:00","1","1","2030/04/01 14:59:59","56011872"
"301","56011873","201268","0","0","6011","501","將美空（夏日）升到★3","131201","2024/11/04 16:00:00","3","1","2030/04/01 14:59:59","56011873"
"301","56011874","201268","0","0","6011","501","將美空（夏日）升到★5","131201","2024/11/04 16:00:00","5","1","2030/04/01 14:59:59","56011874"
"301","56011875","201269","0","0","6011","501","讓莉莉（夏日）成為夥伴","131601","2024/11/16 16:00:00","1","1","2030/04/01 14:59:59","56011875"
"301","56011876","201269","0","0","6011","501","將莉莉（夏日）升到★3","131601","2024/11/16 16:00:00","3","1","2030/04/01 14:59:59","56011876"
"301","56011877","201269","0","0","6011","501","將莉莉（夏日）升到★5","131601","2024/11/16 16:00:00","5","1","2030/04/01 14:59:59","56011877"
"301","56011878","201270","0","0","6011","501","讓愛梅斯（夏日）成為夥伴","131701","2024/12/01 16:00:00","1","1","2030/04/01 14:59:59","56011878"
"301","56011879","201270","0","0","6011","501","將愛梅斯（夏日）升到★3","131701","2024/12/01 16:00:00","3","1","2030/04/01 14:59:59","56011879"
"301","56011880","201270","0","0","6011","501","將愛梅斯（夏日）升到★5","131701","2024/12/01 16:00:00","5","1","2030/04/01 14:59:59","56011880"
"301","56011881","201271","0","0","6011","501","讓涅比亞成為夥伴","118601","2024/12/10 16:00:00","1","1","2030/04/01 14:59:59","56011881"
"301","56011882","201271","0","0","6011","501","將涅比亞升到★3","118601","2024/12/10 16:00:00","3","1","2030/04/01 14:59:59","56011882"
"301","56011883","201271","0","0","6011","501","將涅比亞升到★5","118601","2024/12/10 16:00:00","5","1","2030/04/01 14:59:59","56011883"
"301","56011884","201272","0","0","6011","501","讓帆稀（夏日）成為夥伴","131801","2024/12/16 16:00:00","1","1","2030/04/01 14:59:59","56011884"
"301","56011885","201272","0","0","6011","501","將帆稀（夏日）升到★3","131801","2024/12/16 16:00:00","3","1","2030/04/01 14:59:59","56011885"
"301","56011886","201272","0","0","6011","501","將帆稀（夏日）升到★5","131801","2024/12/16 16:00:00","5","1","2030/04/01 14:59:59","56011886"
"301","56011887","201273","0","0","6011","501","讓雪菲（公主）成為夥伴","181201","2024/12/24 16:00:00","1","1","2030/04/01 14:59:59","56011887"
"301","56011888","201273","0","0","6011","501","將雪菲（公主）升到★3","181201","2024/12/24 16:00:00","3","1","2030/04/01 14:59:59","56011888"
"301","56011889","201273","0","0","6011","501","將雪菲（公主）升到★5","181201","2024/12/24 16:00:00","5","1","2030/04/01 14:59:59","56011889"
"301","56011890","201274","0","0","6011","501","讓愛蜜莉雅（夏日）成為夥伴","131901","2025/01/01 16:00:00","1","1","2030/04/01 14:59:59","56011890"
"301","56011891","201274","0","0","6011","501","將愛蜜莉雅（夏日）升到★3","131901","2025/01/01 16:00:00","3","1","2030/04/01 14:59:59","56011891"
"301","56011892","201274","0","0","6011","501","將愛蜜莉雅（夏日）升到★5","131901","2025/01/01 16:00:00","5","1","2030/04/01 14:59:59","56011892"
"301","56011893","201275","0","0","6011","501","讓雷姆（夏日）成為夥伴","132101","2025/01/01 16:00:00","1","1","2030/04/01 14:59:59","56011893"
"301","56011894","201275","0","0","6011","501","將雷姆（夏日）升到★3","132101","2025/01/01 16:00:00","3","1","2030/04/01 14:59:59","56011894"
"301","56011895","201275","0","0","6011","501","將雷姆（夏日）升到★5","132101","2025/01/01 16:00:00","5","1","2030/04/01 14:59:59","56011895"
"301","56011896","201276","0","0","6011","501","讓艾姬多娜（夏日）成為夥伴","132001","2025/01/14 16:00:00","1","1","2030/04/01 14:59:59","56011896"
"301","56011897","201276","0","0","6011","501","將艾姬多娜（夏日）升到★3","132001","2025/01/14 16:00:00","3","1","2030/04/01 14:59:59","56011897"
"301","56011898","201276","0","0","6011","501","將艾姬多娜（夏日）升到★5","132001","2025/01/14 16:00:00","5","1","2030/04/01 14:59:59","56011898"
"301","56011899","201081","0","0","6011","501","將雷姆升到★6","109701","2025/01/16 16:00:00","6","1","2030/04/01 14:59:59","56011899"
"301","56011900","201082","0","0","6011","501","將拉姆升到★6","109801","2025/01/16 16:00:00","6","1","2030/04/01 14:59:59","56011900"
"301","56011901","201083","0","0","6011","501","將愛蜜莉雅升到★6","109901","2025/01/16 16:00:00","6","1","2030/04/01 14:59:59","56011901"
"301","56011902","201277","0","0","6011","501","讓望（鍊金術師）成為夥伴","132201","2025/02/01 16:00:00","1","1","2030/04/01 14:59:59","56011902"
"301","56011903","201277","0","0","6011","501","將望（鍊金術師）升到★3","132201","2025/02/01 16:00:00","3","1","2030/04/01 14:59:59","56011903"
"301","56011904","201277","0","0","6011","501","將望（鍊金術師）升到★5","132201","2025/02/01 16:00:00","5","1","2030/04/01 14:59:59","56011904"
"301","56011905","201278","0","0","6011","501","讓琳德成為夥伴","127701","2025/02/10 16:00:00","1","1","2030/04/01 14:59:59","56011905"
"301","56011906","201278","0","0","6011","501","將琳德升到★3","127701","2025/02/10 16:00:00","3","1","2030/04/01 14:59:59","56011906"
"301","56011907","201278","0","0","6011","501","將琳德升到★5","127701","2025/02/10 16:00:00","5","1","2030/04/01 14:59:59","56011907"
"301","56011908","201279","0","0","6011","501","讓烏爾姆成為夥伴","127801","2025/02/17 16:00:00","1","1","2030/04/01 14:59:59","56011908"
"301","56011909","201279","0","0","6011","501","將烏爾姆升到★3","127801","2025/02/17 16:00:00","3","1","2030/04/01 14:59:59","56011909"
"301","56011910","201279","0","0","6011","501","將烏爾姆升到★5","127801","2025/02/17 16:00:00","5","1","2030/04/01 14:59:59","56011910"
"301","56011911","201280","0","0","6011","501","讓布武機成為夥伴","130201","2025/03/01 16:00:00","1","1","2030/04/01 14:59:59","56011911"
"301","56011912","201280","0","0","6011","501","將布武機升到★3","130201","2025/03/01 16:00:00","3","1","2030/04/01 14:59:59","56011912"
"301","56011913","201280","0","0","6011","501","將布武機升到★5","130201","2025/03/01 16:00:00","5","1","2030/04/01 14:59:59","56011913"
"301","56011914","201281","0","0","6011","501","讓倭成為夥伴","130001","2025/03/12 16:00:00","1","1","2030/04/01 14:59:59","56011914"
"301","56011915","201281","0","0","6011","501","將倭升到★3","130001","2025/03/12 16:00:00","3","1","2030/04/01 14:59:59","56011915"
"301","56011916","201281","0","0","6011","501","將倭升到★5","130001","2025/03/12 16:00:00","5","1","2030/04/01 14:59:59","56011916"
"301","56011917","201282","0","0","6011","501","讓若菜成為夥伴","130101","2025/03/19 16:00:00","1","1","2030/04/01 14:59:59","56011917"
"301","56011918","201282","0","0","6011","501","將若菜升到★3","130101","2025/03/19 16:00:00","3","1","2030/04/01 14:59:59","56011918"
"301","56011919","201282","0","0","6011","501","將若菜升到★5","130101","2025/03/19 16:00:00","5","1","2030/04/01 14:59:59","56011919"
"301","56011920","201283","0","0","6011","501","讓萊拉耶爾（聖誕節）成為夥伴","132801","2025/04/01 16:00:00","1","1","2030/04/01 14:59:59","56011920"
"301","56011921","201283","0","0","6011","501","將萊拉耶爾（聖誕節）升到★3","132801","2025/04/01 16:00:00","3","1","2030/04/01 14:59:59","56011921"
"301","56011922","201283","0","0","6011","501","將萊拉耶爾（聖誕節）升到★5","132801","2025/04/01 16:00:00","5","1","2030/04/01 14:59:59","56011922"
"301","56011923","201284","0","0","6011","501","讓伊緒（聖誕節）成為夥伴","132901","2025/04/10 16:00:00","1","1","2030/04/01 14:59:59","56011923"
"301","56011924","201284","0","0","6011","501","將伊緒（聖誕節）升到★3","132901","2025/04/10 16:00:00","3","1","2030/04/01 14:59:59","56011924"
"301","56011925","201284","0","0","6011","501","將伊緒（聖誕節）升到★5","132901","2025/04/10 16:00:00","5","1","2030/04/01 14:59:59","56011925"
"301","56011926","201285","0","0","6011","501","讓琪愛兒（冬日）成為夥伴","129501","2025/04/15 16:00:00","1","1","2030/04/01 14:59:59","56011926"
"301","56011927","201285","0","0","6011","501","將琪愛兒（冬日）升到★3","129501","2025/04/15 16:00:00","3","1","2030/04/01 14:59:59","56011927"
"301","56011928","201285","0","0","6011","501","將琪愛兒（冬日）升到★5","129501","2025/04/15 16:00:00","5","1","2030/04/01 14:59:59","56011928"
"301","56011929","201286","0","0","6011","501","讓莫妮卡（新年）成為夥伴","133201","2025/05/01 16:00:00","1","1","2030/04/01 14:59:59","56011929"
"301","56011930","201286","0","0","6011","501","將莫妮卡（新年）升到★3","133201","2025/05/01 16:00:00","3","1","2030/04/01 14:59:59","56011930"
"301","56011931","201286","0","0","6011","501","將莫妮卡（新年）升到★5","133201","2025/05/01 16:00:00","5","1","2030/04/01 14:59:59","56011931"
"301","56011932","201287","0","0","6011","501","將格蕾斯成為夥伴","133001","2025/05/01 16:00:00","1","1","2030/04/01 14:59:59","56011932"
"301","56011933","201287","0","0","6011","501","將格蕾斯升到★3","133001","2025/05/01 16:00:00","3","1","2030/04/01 14:59:59","56011933"
"301","56011934","201287","0","0","6011","501","將格蕾斯升到★5","133001","2025/05/01 16:00:00","5","1","2030/04/01 14:59:59","56011934"
"301","56011935","201288","0","0","6011","501","讓咲戀（新年）成為夥伴","133501","2025/05/04 16:00:00","1","1","2030/04/01 14:59:59","56011935"
"301","56011936","201288","0","0","6011","501","將咲戀（新年）升到★3","133501","2025/05/04 16:00:00","3","1","2030/04/01 14:59:59","56011936"
"301","56011937","201288","0","0","6011","501","將咲戀（新年）升到★5","133501","2025/05/04 16:00:00","5","1","2030/04/01 14:59:59","56011937"
"301","56011938","201289","0","0","6011","501","讓梅杜莎成為夥伴","133601","2025/05/21 16:00:00","1","1","2030/04/01 14:59:59","56011938"
"301","56011939","201289","0","0","6011","501","將梅杜莎升到★3","133601","2025/05/21 16:00:00","3","1","2030/04/01 14:59:59","56011939"
"301","56011940","201289","0","0","6011","501","將梅杜莎升到★5","133601","2025/05/21 16:00:00","5","1","2030/04/01 14:59:59","56011940"
"301","56012001","202001","0","0","6012","501","美食殿堂的合計羈絆Rank達到10","1","2015/04/01 15:00:00","10","1","2030/04/01 14:59:59","56012001"
"301","56012002","202002","0","0","6012","501","破曉之星的合計羈絆Rank達到10","2","2015/04/01 15:00:00","10","1","2030/04/01 14:59:59","56012002"
"301","56012003","202003","0","0","6012","501","拉比林斯的合計羈絆Rank達到10","3","2015/04/01 15:00:00","10","1","2030/04/01 14:59:59","56012003"
"301","56012004","202004","0","0","6012","501","慈樂之音的合計羈絆Rank達到10","4","2015/04/01 15:00:00","10","1","2030/04/01 14:59:59","56012004"
"301","56012005","202005","0","0","6012","501","小小甜心的合計羈絆Rank達到10","5","2015/04/01 15:00:00","10","1","2030/04/01 14:59:59","56012005"
"301","56012006","202006","0","0","6012","501","森林守衛的合計羈絆Rank達到10","6","2015/04/01 15:00:00","10","1","2030/04/01 14:59:59","56012006"
"301","56012007","202007","0","0","6012","501","惡魔偽王國軍的合計羈絆Rank達到10","7","2015/04/01 15:00:00","10","1","2030/04/01 14:59:59","56012007"
"301","56012008","202008","0","0","6012","501","NIGHTMARE的合計羈絆Rank達到10","8","2015/04/01 15:00:00","10","1","2030/04/01 14:59:59","56012008"
"301","56012009","202009","0","0","6012","501","咲戀育幼院的合計羈絆Rank達到10","9","2015/04/01 15:00:00","10","1","2030/04/01 14:59:59","56012009"
"301","56012010","202010","0","0","6012","501","哞哞自衛隊的合計羈絆Rank達到10","10","2015/04/01 15:00:00","10","1","2030/04/01 14:59:59","56012010"
"301","56012011","202011","0","0","6012","501","伊麗莎白牧場的合計羈絆Rank達到10","11","2015/04/01 15:00:00","10","1","2030/04/01 14:59:59","56012011"
"301","56012012","202012","0","0","6012","501","墨丘利財團的合計羈絆Rank達到10","12","2015/04/01 15:00:00","10","1","2030/04/01 14:59:59","56012012"
"301","56012013","202013","0","0","6012","501","暮光流星群的合計羈絆Rank達到10","13","2015/04/01 15:00:00","10","1","2030/04/01 14:59:59","56012013"
"301","56012014","202014","0","0","6012","501","月光學院的合計羈絆Rank達到10","14","2015/04/01 15:00:00","10","1","2030/04/01 14:59:59","56012014"
"301","56012015","202015","0","0","6012","501","純白之翼的合計羈絆Rank達到10","15","2015/04/01 15:00:00","10","1","2030/04/01 14:59:59","56012015"
"301","56012016","202016","0","0","6012","501","聖德蕾莎女子學院（好朋友社）的合計羈絆Rank達到10","16","2020/07/02 16:00:00","10","1","2030/04/01 14:59:59","56012016"
"301","56012017","202017","0","0","6012","501","龍族巢穴的合計羈絆Rank達到10","17","2020/09/16 16:00:00","10","1","2030/04/01 14:59:59","56012017"
"301","56012019","202019","0","0","6012","501","憤怒‧軍團的合計羈絆Rank達到10","19","2015/04/01 15:00:00","10","1","2030/04/01 14:59:59","56012019"
"301","56012100","202100","0","0","6012","501","NGs的合計羈絆Rank達到10","100","2020/09/30 16:00:00","10","1","2030/04/01 14:59:59","56012100"
"108","56014001","503001","0","0","6014","904","跟 10 人成為好友","0","2020/02/18 16:00:00","10","1","2030/04/01 14:59:59","56014001"
"108","56014002","503001","0","0","6014","904","跟 20 人成為好友","0","2020/02/18 16:00:00","20","1","2030/04/01 14:59:59","56014002"
"108","56014003","503001","0","0","6014","904","跟 30 人成為好友","0","2020/02/18 16:00:00","30","1","2030/04/01 14:59:59","56014003"
"109","56015001","504001","0","0","6016","905","挑戰10次好友對戰吧","0","2020/02/18 16:00:00","10","1","2030/04/01 14:59:59","56015001"
"109","56015002","504001","0","0","6016","905","挑戰50次好友對戰吧","0","2020/02/18 16:00:00","50","1","2030/04/01 14:59:59","56015002"
"109","56015003","504001","0","0","6016","905","挑戰100次好友對戰吧","0","2020/02/18 16:00:00","100","1","2030/04/01 14:59:59","56015003"
"305","57004001","903001","0","0","7004","0","在「蘭德索爾猜謎連結！」中將題庫解放至30％吧","0","2029/04/01 15:00:00","1","1","2030/04/01 14:59:59","0"
"305","57004002","903001","0","0","7004","0","在「蘭德索爾猜謎連結！」中將題庫解放至60％吧","0","2029/04/01 15:00:00","1","1","2030/04/01 14:59:59","0"
"305","57004003","903001","0","0","7004","0","在「蘭德索爾猜謎連結！」中將題庫解放至100％吧","0","2029/04/01 15:00:00","1","1","2030/04/01 14:59:59","0"
"101","58002001","101001","0","0","8002","0","將主角等級升到 Lv50","0","2015/04/01 15:00:00","50","1","2030/04/01 14:59:59","58002001"
"101","58002002","101001","0","0","8002","0","將主角等級升到 Lv90","0","2015/04/01 15:00:00","90","1","2030/04/01 14:59:59","58002002"
"101","58002003","101001","0","0","8002","0","將主角等級升到 Lv120","0","2015/04/01 15:00:00","120","1","2030/04/01 14:59:59","58002003"
"602","58008001","301001","0","0","8008","801","","2000002","2015/04/01 15:00:00","1","0","2030/04/01 14:59:59","0"
"602","58008002","301001","0","0","8008","801","","2001006","2015/04/01 15:00:00","1","0","2030/04/01 14:59:59","0"
"602","58008003","301001","0","0","8008","801","","2002006","2015/04/01 15:00:00","1","0","2030/04/01 14:59:59","0"
"602","58008004","301001","0","0","8008","801","","2003010","2015/04/01 15:00:00","1","0","2030/04/01 14:59:59","0"
"602","58008005","301001","0","0","8008","801","","2004010","2015/04/01 15:00:00","1","0","2030/04/01 14:59:59","0"
"602","58008006","301001","0","0","8008","801","","2005010","2015/04/01 15:00:00","1","0","2030/04/01 14:59:59","0"
"602","58008007","301001","0","0","8008","801","","2006099","2015/04/01 15:00:00","1","0","2030/04/01 14:59:59","0"
"602","58008008","301001","0","0","8008","801","","2007099","2015/04/01 15:00:00","1","0","2030/04/01 14:59:59","0"
"602","58008009","301001","0","0","8008","801","","2008099","2015/04/01 15:00:00","1","0","2030/04/01 14:59:59","0"
"602","58008010","301001","0","0","8008","801","","2009099","2015/04/01 15:00:00","1","0","2030/04/01 14:59:59","0"
"602","58008011","301001","0","0","8008","801","","2010099","2020/02/18 16:00:00","1","0","2030/04/01 14:59:59","0"
"602","58008012","301001","0","0","8008","801","","2011099","2020/02/18 16:00:00","1","0","2030/04/01 14:59:59","0"
"602","58008013","301001","0","0","8008","801","","2012099","2020/02/18 16:00:00","1","0","2030/04/01 14:59:59","0"
"602","58008015","301001","0","0","8008","801","閱讀主線劇情第15章第8話","2015008","2020/04/27 16:00:00","1","1","2030/04/01 14:59:59","58008015"