ede23212eb5c4d8ba215343fb8d990145d4a5137c80ee82048dc4ab392086551,6ef0f97f283ad5fd241c794f815759c4bc1749019be73f80ee6ad83c2b13202e,83028b4a491903d133ac7cf7f019de638d933e703797122f951862cd6861b012,d3ccf64667b96fb14f083f1e6991527ba4b4e506ef80dc4397196733eb8d0235,c2442d752d5745f3c2a84dc3cc9f3bacf096cefde6148ebcbd6b321ddd23c435,a7fcb47552bd0397c06f718813b14eef07ba71406e9f1b51e815705c8b60f44f,197600f6385690575cff97fe8df1c2a04a21f3823e77ce8b8eea93ee636288b5,9b405ca2ded3bff70f8dbe28aad65dd10037c1bb3567d072eae6a26d344b0d78,c208473b8e01485354d67e41146f793298dd41eb6b8d9c0de995e8bb60b0bfc6,cb175dd7235b5e1de54952915c5d36ec424e2ef49b80e3c8c1b73ee584e6cea7,71a68bdba9d2aac9816ea2d36781644bb543b8accc75d1e97d20b9920d20fd99,e2b6bb39ff29ac88efaa69ec420b2cad3e712a8746a2babca5eaef9901f3509c,b36315c550aa673d09a80ef27e931eedcc77b5b60a198950588ed2fb6f3c84c5,efa0d256c55ed50b4b3d81f8b8c59584db1c20312ef54e2b4dd9b76d21f5619c,a37568e10e93b5b621fd1ba2387359fc2dd41a8773467a4ff3ea534bce059c32,13cedbcb50caebe209fc831eaff37bbaf2504a31873652aa36816764889ae5d6,1df9a2a69e27f36c24d6839bd2745deba000eba88e0dd18afbe9220e84a21427,12f76c8f80bc4cf5eecb73013b15ce87e8ea831f1a56483bacb34e4efbdf62c7,7e647450dd8208493826ffe1dc994c6f3b74fb45e1fcca2161a8d2e75f1484c9,6f9a66d009fa069dafad3911c56bba0a59fb0e9f60de852aaa4ff64bc0b64872,1c0d5e00195758508b488d4b11f294b6dc32ed83531850ef5ed9534652545d1f,f2580aca2ae063824640f32cf42c80b8367ac0e984095959a220e0a88f177af7,db930170886a8998aadbc254195e679e44cd1a2783988241a1d318d3950f268f,7277426a8c65afbfb4e2dc12a803eb70865012d32310b93df4c43702c69cd82d,6c0a938203ae0ccc796cc90e09fdffa93378c0a42a734b2d77b8789df772dd22,0d709e8227f2fc68c6b79aa9f8a8e92ad7b7dc15306b5839ac30e27fea0936bb,b081f3b132e236884f57d3aef7d7b9cf78aa7716f3f916ccbdcce3ae6d32759a,48e6975452b269f293da27529175b5ab557b7911a7bef2159eb66867b9f70520,9ee1ad96f70401a8d49691f80a892e87f2ff032c4edae078b1c39913cc4669c6,ffd48447982d2e0a0f8cd3f178842007c4eec9f03d5e9a5e85f8e8593608d7b6,7feef42e1dfb913eb5109ac3a16e9dad6e9190f6c4f3578622dcc2f1a6316952,57e55e2fbd3610510ccc5724cf48b7d426714ceb27e392cd68fbc53a79e053d1,3fa63921d2ca756caab0ae56713b28186b17b5a0ee6ebb0f0cb6ca91019f186e,750fad5aa3a8f0f73d5081d875d9300edf3653208dc72035a026e652784032d1,199257311d18f5ecf754f06f0a50134f62f5091d317396bca8c98a66c6ad5e0b,1f1a924818480930a4fae6c6cd8ed6662674e399cbdca34f9d7ad90c83d29039,7fa5de611ef3ec2ca3ca98572cd5e9b2d994d9adace5145b56ec747d81fefa2b,605aa4b4375eabad127463f85e7ac097dcbdc5f54f4c2fbf54cc6e9682f998dc,0e38bf737c9daf20682de160db67be59775e0eb0d86f0467c1aa60e37bd97118,4862fcc742fd96686ef89c3494c7c055eb6cb7007ade5e91f21057f17a6c5c4c,b50da6ab541ccd946cd6fc0a53c5dd72a8b23ca312d28604af70316d625fb685
"1","0","113011","30","12000","0","0","0","5","0","1","94002","12","0","0","2","0","0","2","1","0","1","0","3","20001","0","2100101","50001","0","0","8","4","0","0","1","0","1","0","91002","0","0"
"1","0","123042","30","12100","0","0","0","5","0","1","94002","12","0","0","2","0","0","2","1","0","1","0","3","20001","0","2100102","50001","0","0","8","4","0","0","1","0","1","0","91002","0","0"
"1","0","113071","30","12200","0","0","0","5","0","1","94002","12","0","0","2","0","0","2","1","0","1","0","3","20001","0","2100103","50001","0","0","8","4","0","0","1","0","1","0","91002","0","0"
"1","0","123072","30","12300","0","0","0","5","0","1","94002","12","0","0","2","0","0","2","1","0","1","0","3","20001","0","2100104","50001","0","0","8","4","0","0","1","0","1","0","91002","0","0"
"1","0","113012","30","12400","0","0","0","5","0","1","94002","12","0","0","2","0","0","2","1","0","1","0","3","20001","0","2100105","50001","0","0","8","4","0","0","1","0","1","0","91002","0","0"
"1","0","113013","30","12500","0","0","0","5","0","1","94002","12","0","0","2","0","0","2","1","0","1","0","3","20001","0","2100106","50001","0","0","8","4","0","0","1","0","1","0","91002","0","0"
"1","0","123041","30","12600","0","0","0","5","0","1","94002","12","0","0","2","0","0","2","1","0","1","0","3","20001","0","2100107","50001","0","0","8","4","0","0","1","0","1","0","91002","0","0"
"1","0","123161","30","12700","0","0","0","5","0","1","94002","12","0","0","2","0","0","2","1","0","1","0","3","20001","0","2100108","50001","0","0","8","4","0","0","1","0","1","0","91002","0","0"
"1","0","113162","30","12800","0","0","0","5","0","1","94002","12","0","0","2","0","0","2","1","0","1","0","3","20001","0","2100109","50001","0","0","8","4","0","0","1","0","1","0","91002","0","0"
"1","0","91002","1","5","0","0","0","100","0","6","113191","4","0","0","2","0","0","12","1","0","3","1","12900","94002","2","2100110","20001","0","0","4","8","50001","0","1","1","1","0","140000","0","0"
"1","0","123192","30","13000","0","0","0","5","0","1","94002","12","0","0","2","0","0","2","1","0","1","0","4","20001","0","2100111","50001","0","0","8","4","0","0","1","0","1","0","91002","0","0"
"1","0","123193","30","13100","0","0","0","5","0","1","94002","12","0","0","2","0","0","2","1","0","1","0","4","20001","0","2100112","50001","0","0","8","4","0","0","1","0","1","0","91002","0","0"
"1","0","113221","30","13200","0","0","0","5","0","1","94002","12","0","0","2","0","0","2","1","0","1","0","4","20001","0","2100113","50001","0","0","8","4","0","0","1","0","1","0","91002","0","0"
"1","0","113222","30","13300","0","0","0","5","0","1","94002","12","0","0","2","0","0","2","1","0","1","0","4","20001","0","2100114","50001","0","0","8","4","0","0","1","0","1","0","91002","0","0"
"1","0","123251","30","13400","0","0","0","5","0","1","94002","12","0","0","2","0","0","2","1","0","1","0","4","20001","0","2100115","50001","0","0","8","4","0","0","1","0","1","0","91002","0","0"
"1","0","113252","30","13500","0","0","0","5","0","1","94002","12","0","0","2","0","0","2","1","0","1","0","4","20001","0","2100116","50001","0","0","8","4","0","0","1","0","1","0","91002","0","0"
"1","0","123281","30","13600","0","0","0","5","0","1","94002","12","0","0","2","0","0","2","1","0","1","0","4","20001","0","2100117","50001","0","0","8","4","0","0","1","0","1","0","91002","0","0"
"1","0","123282","30","13700","0","0","0","5","0","1","94002","12","0","0","2","0","0","2","1","0","1","0","4","20001","0","2100118","50001","0","0","8","4","0","0","1","0","1","0","91002","0","0"
"1","0","113283","30","13800","0","0","0","5","0","1","94002","12","0","0","2","0","0","2","1","0","1","0","4","20001","0","2100119","50001","0","0","8","4","0","0","1","0","1","0","91002","0","0"
"1","0","91002","1","5","0","0","0","100","0","6","123311","4","0","0","2","0","0","12","1","0","4","1","13900","94002","2","2100120","20001","0","0","4","8","50001","0","1","1","1","0","140000","0","0"
"1","0","123341","30","14000","0","0","0","5","0","1","94002","12","0","0","2","0","0","2","1","0","1","0","4","20001","0","2100121","50001","0","0","8","4","0","0","1","0","1","0","91002","0","0"
"1","0","113342","30","14100","0","0","0","5","0","1","94002","12","0","0","2","0","0","2","1","0","1","0","4","20001","0","2100122","50001","0","0","8","4","0","0","1","0","1","0","91002","0","0"
"1","0","123343","30","14200","0","0","0","5","0","1","94002","12","0","0","2","0","0","2","1","0","1","0","4","20001","0","2100123","50001","0","0","8","4","0","0","1","0","1","0","91002","0","0"
"1","0","123371","30","14300","0","0","0","5","0","1","94002","12","0","0","2","0","0","2","1","0","1","0","4","20001","0","2100124","50001","0","0","8","4","0","0","1","0","1","0","91002","0","0"
"1","0","113372","30","14400","0","0","0","5","0","1","94002","12","0","0","2","0","0","2","1","0","1","0","4","20001","0","2100125","50001","0","0","8","4","0","0","1","0","1","0","91002","0","0"
"1","0","113401","30","14500","0","0","0","5","0","1","94002","12","0","0","2","0","0","2","1","0","1","0","4","20001","0","2100126","50001","0","0","8","4","0","0","1","0","1","0","91002","0","0"
"1","0","113431","30","14600","0","0","0","5","0","1","94002","12","0","0","2","0","0","2","1","0","1","0","4","20001","0","2100127","50001","0","0","8","4","0","0","1","0","1","0","91002","0","0"
"1","0","123432","30","14700","0","0","0","5","0","1","94002","12","0","0","2","0","0","2","1","0","1","0","4","20001","0","2100128","50001","0","0","8","4","0","0","1","0","1","0","91002","0","0"
"1","0","123461","30","14800","0","0","0","5","0","1","94002","12","0","0","2","0","0","2","1","0","1","0","4","20001","0","2100129","50001","0","0","8","4","0","0","1","0","1","0","91002","0","0"
"1","0","91002","1","2","0","0","0","100","0","6","31032","2","0","0","2","0","0","12","1","0","4","1","14900","94002","2","2100130","20001","0","0","4","8","50001","0","1","1","1","0","140000","0","0"
"1","0","123491","30","15000","0","0","0","5","0","1","94002","12","0","0","2","0","0","2","1","0","1","0","5","20001","0","2100131","50001","0","0","8","4","0","0","1","0","1","0","91002","0","0"
"1","0","113521","30","15100","0","0","0","5","0","1","94002","12","0","0","2","0","0","2","1","0","1","0","5","20001","0","2100132","50001","0","0","8","4","0","0","1","0","1","0","91002","0","0"
"1","0","113522","30","15200","0","0","0","5","0","1","94002","12","0","0","2","0","0","2","1","0","1","0","5","20001","0","2100133","50001","0","0","8","4","0","0","1","0","1","0","91002","0","0"
"1","0","113551","30","15300","0","0","0","5","0","1","94002","12","0","0","2","0","0","2","1","0","1","0","5","20001","0","2100134","50001","0","0","8","4","0","0","1","0","1","0","91002","0","0"
"1","0","113552","30","15400","0","0","0","5","0","1","94002","12","0","0","2","0","0","2","1","0","1","0","5","20001","0","2100135","50001","0","0","8","4","0","0","1","0","1","0","91002","0","0"
"1","0","113553","30","15500","0","0","0","5","0","1","94002","12","0","0","2","0","0","2","1","0","1","0","5","20001","0","2100136","50001","0","0","8","4","0","0","1","0","1","0","91002","0","0"
"1","0","113581","30","15600","0","0","0","5","0","1","94002","12","0","0","2","0","0","2","1","0","1","0","5","20001","0","2100137","50001","0","0","8","4","0","0","1","0","1","0","91002","0","0"
"1","0","123582","30","15700","0","0","0","5","0","1","94002","12","0","0","2","0","0","2","1","0","1","0","5","20001","0","2100138","50001","0","0","8","4","0","0","1","0","1","0","91002","0","0"
"1","0","113611","30","15800","0","0","0","5","0","1","94002","12","0","0","2","0","0","2","1","0","1","0","5","20001","0","2100139","50001","0","0","8","4","0","0","1","0","1","0","91002","0","0"
"1","0","91002","1","2","0","0","0","100","0","6","31023","2","0","0","2","0","0","12","1","0","5","1","15900","94002","2","2100140","20001","0","0","4","8","50001","0","1","1","1","0","140000","0","0"
"1","0","123583","30","16000","0","0","0","5","0","1","94002","12","0","0","2","0","0","2","1","0","1","0","5","20001","0","2100141","50001","0","0","8","4","0","0","1","0","1","0","91002","0","0"
"1","0","123612","30","16100","0","0","0","5","0","1","94002","12","0","0","2","0","0","2","1","0","1","0","5","20001","0","2100142","50001","0","0","8","4","0","0","1","0","1","0","91002","0","0"
"1","0","113614","30","16200","0","0","0","5","0","1","94002","12","0","0","2","0","0","2","1","0","1","0","5","20001","0","2100143","50001","0","0","8","4","0","0","1","0","1","0","91002","0","0"
"1","0","114222","30","16300","0","0","0","5","0","1","94002","12","0","0","2","0","0","2","1","0","1","0","5","20001","0","2100144","50001","0","0","8","4","0","0","1","0","1","0","91002","0","0"
"1","0","124251","30","16400","0","0","0","5","0","1","94002","12","0","0","2","0","0","2","1","0","1","0","5","20001","0","2100145","50001","0","0","8","4","0","0","1","0","1","0","91002","0","0"
"1","0","114252","30","16500","0","0","0","5","0","1","94002","12","0","0","2","0","0","2","1","0","1","0","5","20001","0","2100146","50001","0","0","8","4","0","0","1","0","1","0","91002","0","0"
"1","0","114281","30","16600","0","0","0","5","0","1","94002","12","0","0","2","0","0","2","1","0","1","0","5","20001","0","2100147","50001","0","0","8","4","0","0","1","0","1","0","91002","0","0"
"1","0","124311","30","16700","0","0","0","5","0","1","94002","12","0","0","2","0","0","2","1","0","1","0","5","20001","0","2100148","50001","0","0","8","4","0","0","1","0","1","0","91002","0","0"
"1","0","114341","30","16800","0","0","0","5","0","1","94002","12","0","0","2","0","0","2","1","0","1","0","5","20001","0","2100149","50001","0","0","8","4","0","0","1","0","1","0","91002","0","0"
"1","0","91002","1","3","0","0","0","100","0","6","31049","2","0","0","2","0","0","12","1","0","5","1","16900","94002","2","2100150","20001","0","0","4","8","50001","0","1","1","1","0","140000","0","0"
"1","0","124101","30","17000","0","0","0","5","0","1","94002","12","0","0","2","0","0","2","1","0","2","0","8","20001","0","2100151","50001","0","0","8","4","0","0","1","0","1","0","91002","0","0"
"1","0","114102","30","17100","0","0","0","5","0","1","94002","12","0","0","2","0","0","2","1","0","2","0","8","20001","0","2100152","50001","0","0","8","4","0","0","1","0","1","0","91002","0","0"
"1","0","124131","30","17200","0","0","0","5","0","1","94002","12","0","0","2","0","0","2","1","0","2","0","8","20001","0","2100153","50001","0","0","8","4","0","0","1","0","1","0","91002","0","0"
"1","0","114132","30","17300","0","0","0","5","0","1","94002","12","0","0","2","0","0","2","1","0","2","0","8","20001","0","2100154","50001","0","0","8","4","0","0","1","0","1","0","91002","0","0"
"1","0","124161","30","17400","0","0","0","5","0","1","94002","12","0","0","2","0","0","2","1","0","2","0","8","20001","0","2100155","50001","0","0","8","4","0","0","1","0","1","0","91002","0","0"
"1","0","114162","30","17500","0","0","0","5","0","1","94002","12","0","0","2","0","0","2","1","0","2","0","8","20001","0","2100156","50001","0","0","8","4","0","0","1","0","1","0","91002","0","0"
"1","0","114191","30","17600","0","0","0","5","0","1","94002","12","0","0","2","0","0","2","1","0","2","0","8","20001","0","2100157","50001","0","0","8","4","0","0","1","0","1","0","91002","0","0"
"1","0","124192","30","17700","0","0","0","5","0","1","94002","12","0","0","2","0","0","2","1","0","2","0","8","20001","0","2100158","50001","0","0","8","4","0","0","1","0","1","0","91002","0","0"
"1","0","114221","30","17800","0","0","0","5","0","1","94002","12","0","0","2","0","0","2","1","0","2","0","8","20001","0","2100159","50001","0","0","8","4","0","0","1","0","1","0","91002","0","0"
"1","0","91002","1","3","0","0","0","100","0","6","31053","2","0","0","2","0","0","12","1","0","8","1","17900","94002","2","2100160","20001","0","0","4","8","50001","0","1","2","1","0","140000","0","0"
"1","0","124101","30","18000","0","0","0","5","0","1","94002","12","0","0","2","0","0","2","1","0","2","0","8","20001","0","2100161","50001","0","0","8","4","0","0","1","0","1","0","91002","0","0"
"1","0","114102","30","18100","0","0","0","5","0","1","94002","12","0","0","2","0","0","2","1","0","2","0","8","20001","0","2100162","50001","0","0","8","4","0","0","1","0","1","0","91002","0","0"
"1","0","124131","30","18200","0","0","0","5","0","1","94002","12","0","0","2","0","0","2","1","0","2","0","8","20001","0","2100163","50001","0","0","8","4","0","0","1","0","1","0","91002","0","0"
"1","0","124071","30","18300","0","0","0","5","0","1","94002","12","0","0","2","0","0","2","1","0","2","0","8","20001","0","2100164","50001","0","0","8","4","0","0","1","0","1","0","91002","0","0"
"1","0","114011","30","18400","0","0","0","5","0","1","94002","12","0","0","2","0","0","2","1","0","2","0","8","20001","0","2100165","50001","0","0","8","4","0","0","1","0","1","0","91002","0","0"
"1","0","114072","30","18500","0","0","0","5","0","1","94002","12","0","0","2","0","0","2","1","0","2","0","8","20001","0","2100166","50001","0","0","8","4","0","0","1","0","1","0","91002","0","0"
"1","0","114041","30","18600","0","0","0","5","0","1","94002","12","0","0","2","0","0","2","1","0","2","0","8","20001","0","2100167","50001","0","0","8","4","0","0","1","0","1","0","91002","0","0"
"1","0","124042","30","18700","0","0","0","5","0","1","94002","12","0","0","2","0","0","2","1","0","2","0","8","20001","0","2100168","50001","0","0","8","4","0","0","1","0","1","0","91002","0","0"
"1","0","114012","30","18800","0","0","0","5","0","1","94002","12","0","0","2","0","0","2","1","0","2","0","8","20001","0","2100169","50001","0","0","8","4","0","0","1","0","1","0","91002","0","0"
"1","0","91002","1","3","0","0","0","100","0","6","31011","2","0","0","2","0","0","12","1","0","8","1","18900","94002","2","2100170","20001","0","0","4","8","50001","0","1","2","1","0","140000","0","0"
"1","0","124282","30","19000","0","0","0","5","0","1","94002","12","0","0","2","0","0","2","1","0","2","0","8","20001","0","2100171","50001","0","0","8","4","0","0","1","0","1","0","91002","0","0"
"1","0","114222","30","19100","0","0","0","5","0","1","94002","12","0","0","2","0","0","2","1","0","2","0","8","20001","0","2100172","50001","0","0","8","4","0","0","1","0","1","0","91002","0","0"
"1","0","124312","30","19200","0","0","0","5","0","1","94002","12","0","0","2","0","0","2","1","0","2","0","8","20001","0","2100173","50001","0","0","8","4","0","0","1","0","1","0","91002","0","0"
"1","0","124342","30","19300","0","0","0","5","0","1","94002","12","0","0","2","0","0","2","1","0","2","0","8","20001","0","2100174","50001","0","0","8","4","0","0","1","0","1","0","91002","0","0"
"1","0","114252","30","19400","0","0","0","5","0","1","94002","12","0","0","2","0","0","2","1","0","2","0","8","20001","0","2100175","50001","0","0","8","4","0","0","1","0","1","0","91002","0","0"
"1","0","124372","30","19500","0","0","0","5","0","1","94002","12","0","0","2","0","0","2","1","0","2","0","8","20001","0","2100176","50001","0","0","8","4","0","0","1","0","1","0","91002","0","0"
"1","0","114132","30","19600","0","0","0","5","0","1","94002","12","0","0","2","0","0","2","1","0","2","0","8","20001","0","2100177","50001","0","0","8","4","0","0","1","0","1","0","91002","0","0"
"1","0","124432","30","19700","0","0","0","5","0","1","94002","12","0","0","2","0","0","2","1","0","2","0","8","20001","0","2100178","50001","0","0","8","4","0","0","1","0","1","0","91002","0","0"
"1","0","124522","30","19800","0","0","0","5","0","1","94002","12","0","0","2","0","0","2","1","0","2","0","8","20001","0","2100179","50001","0","0","8","4","0","0","1","0","1","0","91002","0","0"
"1","0","91002","1","3","0","0","0","100","0","6","31036","2","0","0","2","0","0","12","1","0","8","1","19900","94002","2","2100180","20001","0","0","4","8","50001","0","1","2","1","0","140000","0","0"
"1","0","114162","30","20000","0","0","0","5","0","1","94002","12","0","0","2","0","0","2","1","0","2","0","8","20001","0","2100181","50001","0","0","8","4","0","0","1","0","1","0","91002","0","0"
"1","0","124042","30","20100","0","0","0","5","0","1","94002","12","0","0","2","0","0","2","1","0","2","0","8","20001","0","2100182","50001","0","0","8","4","0","0","1","0","1","0","91002","0","0"
"1","0","114102","30","20200","0","0","0","5","0","1","94002","12","0","0","2","0","0","2","1","0","2","0","8","20001","0","2100183","50001","0","0","8","4","0","0","1","0","1","0","91002","0","0"
"1","0","114072","30","20300","0","0","0","5","0","1","94002","12","0","0","2","0","0","2","1","0","2","0","8","20001","0","2100184","50001","0","0","8","4","0","0","1","0","1","0","91002","0","0"
"1","0","124192","30","20400","0","0","0","5","0","1","94002","12","0","0","2","0","0","2","1","0","2","0","8","20001","0","2100185","50001","0","0","8","4","0","0","1","0","1","0","91002","0","0"
"1","0","114012","30","20500","0","0","0","5","0","1","94002","12","0","0","2","0","0","2","1","0","2","0","8","20001","0","2100186","50001","0","0","8","4","0","0","1","0","1","0","91002","0","0"
"1","0","124282","30","20600","0","0","0","5","0","1","94002","12","0","0","2","0","0","2","1","0","2","0","8","20001","0","2100187","50001","0","0","8","4","0","0","1","0","1","0","91002","0","0"
"1","0","114222","30","20700","0","0","0","5","0","1","94002","12","0","0","2","0","0","2","1","0","2","0","8","20001","0","2100188","50001","0","0","8","4","0","0","1","0","1","0","91002","0","0"
"1","0","124312","30","20800","0","0","0","5","0","1","94002","12","0","0","2","0","0","2","1","0","2","0","8","20001","0","2100189","50001","0","0","8","4","0","0","1","0","1","0","91002","0","0"
"1","0","91002","1","3","0","0","0","100","0","6","31044","2","0","0","2","0","0","12","1","0","8","1","20900","94002","2","2100190","20001","0","0","4","8","50001","0","1","2","1","0","140000","0","0"
"1","0","124342","30","21000","0","0","0","5","0","1","94002","12","0","0","2","0","0","2","1","0","2","0","8","20001","0","2100191","50001","0","0","8","4","0","0","1","0","1","0","91002","0","0"
"1","0","114252","30","21100","0","0","0","5","0","1","94002","12","0","0","2","0","0","2","1","0","2","0","8","20001","0","2100192","50001","0","0","8","4","0","0","1","0","1","0","91002","0","0"
"1","0","124372","30","21200","0","0","0","5","0","1","94002","12","0","0","2","0","0","2","1","0","2","0","8","20001","0","2100193","50001","0","0","8","4","0","0","1","0","1","0","91002","0","0"
"1","0","114132","30","21300","0","0","0","5","0","1","94002","12","0","0","2","0","0","2","1","0","2","0","8","20001","0","2100194","50001","0","0","8","4","0","0","1","0","1","0","91002","0","0"
"1","0","124432","30","21400","0","0","0","5","0","1","94002","12","0","0","2","0","0","2","1","0","2","0","8","20001","0","2100195","50001","0","0","8","4","0","0","1","0","1","0","91002","0","0"
"1","0","124522","30","21500","0","0","0","5","0","1","94002","12","0","0","2","0","0","2","1","0","2","0","8","20001","0","2100196","50001","0","0","8","4","0","0","1","0","1","0","91002","0","0"
"1","0","114162","30","21600","0","0","0","5","0","1","94002","12","0","0","2","0","0","2","1","0","2","0","8","20001","0","2100197","50001","0","0","8","4","0","0","1","0","1","0","91002","0","0"
"1","0","124042","30","21700","0","0","0","5","0","1","94002","12","0","0","2","0","0","2","1","0","2","0","8","20001","0","2100198","50001","0","0","8","4","0","0","1","0","1","0","91002","0","0"
"1","0","114102","30","21800","0","0","0","5","0","1","94002","12","0","0","2","0","0","2","1","0","2","0","8","20001","0","2100199","50001","0","0","8","4","0","0","1","0","1","0","91002","0","0"
"1","0","91002","1","3","0","0","0","100","0","6","31023","2","0","0","2","0","0","12","1","0","8","1","21900","94002","2","2100200","20001","0","0","4","8","50001","0","1","2","1","0","140000","0","0"
"1","0","114072","30","22000","0","0","0","5","0","1","94002","12","0","0","2","0","0","2","1","0","2","0","8","20001","0","2100201","50001","0","0","8","4","0","0","1","0","1","0","91002","0","0"
"1","0","124192","30","22100","0","0","0","5","0","1","94002","12","0","0","2","0","0","2","1","0","2","0","8","20001","0","2100202","50001","0","0","8","4","0","0","1","0","1","0","91002","0","0"
"1","0","114012","30","22200","0","0","0","5","0","1","94002","12","0","0","2","0","0","2","1","0","2","0","8","20001","0","2100203","50001","0","0","8","4","0","0","1","0","1","0","91002","0","0"
"1","0","124282","30","22300","0","0","0","5","0","1","94002","12","0","0","2","0","0","2","1","0","2","0","8","20001","0","2100204","50001","0","0","8","4","0","0","1","0","1","0","91002","0","0"
"1","0","114222","30","22400","0","0","0","5","0","1","94002","12","0","0","2","0","0","2","1","0","2","0","8","20001","0","2100205","50001","0","0","8","4","0","0","1","0","1","0","91002","0","0"
"1","0","124312","30","22500","0","0","0","5","0","1","94002","12","0","0","2","0","0","2","1","0","2","0","8","20001","0","2100206","50001","0","0","8","4","0","0","1","0","1","0","91002","0","0"
"1","0","124342","30","22600","0","0","0","5","0","1","94002","12","0","0","2","0","0","2","1","0","2","0","8","20001","0","2100207","50001","0","0","8","4","0","0","1","0","1","0","91002","0","0"
"1","0","114252","30","22700","0","0","0","5","0","1","94002","12","0","0","2","0","0","2","1","0","2","0","8","20001","0","2100208","50001","0","0","8","4","0","0","1","0","1","0","91002","0","0"
"1","0","124372","30","22800","0","0","0","5","0","1","94002","12","0","0","2","0","0","2","1","0","2","0","8","20001","0","2100209","50001","0","0","8","4","0","0","1","0","1","0","91002","0","0"
"1","0","91002","1","3","0","0","0","100","0","6","31037","2","0","0","2","0","0","12","1","0","8","1","22900","94002","2","2100210","20001","0","0","4","8","50001","0","1","2","1","0","140000","0","0"
"1","0","114132","30","23000","0","0","0","5","0","1","94002","12","0","0","2","0","0","2","1","0","2","0","8","20001","0","2100211","50001","0","0","8","4","0","0","1","0","1","0","91002","0","0"
"1","0","124432","30","23100","0","0","0","5","0","1","94002","12","0","0","2","0","0","2","1","0","2","0","8","20001","0","2100212","50001","0","0","8","4","0","0","1","0","1","0","91002","0","0"
"1","0","124522","30","23200","0","0","0","5","0","1","94002","12","0","0","2","0","0","2","1","0","2","0","8","20001","0","2100213","50001","0","0","8","4","0","0","1","0","1","0","91002","0","0"
"1","0","114162","30","23300","0","0","0","5","0","1","94002","12","0","0","2","0","0","2","1","0","2","0","8","20001","0","2100214","50001","0","0","8","4","0","0","1","0","1","0","91002","0","0"
"1","0","124042","30","23400","0","0","0","5","0","1","94002","12","0","0","2","0","0","2","1","0","2","0","8","20001","0","2100215","50001","0","0","8","4","0","0","1","0","1","0","91002","0","0"
"1","0","114102","30","23500","0","0","0","5","0","1","94002","12","0","0","2","0","0","2","1","0","2","0","8","20001","0","2100216","50001","0","0","8","4","0","0","1","0","1","0","91002","0","0"
"1","0","114072","30","23600","0","0","0","5","0","1","94002","12","0","0","2","0","0","2","1","0","2","0","8","20001","0","2100217","50001","0","0","8","4","0","0","1","0","1","0","91002","0","0"
"1","0","124192","30","23700","0","0","0","5","0","1","94002","12","0","0","2","0","0","2","1","0","2","0","8","20001","0","2100218","50001","0","0","8","4","0","0","1","0","1","0","91002","0","0"
"1","0","114012","30","23800","0","0","0","5","0","1","94002","12","0","0","2","0","0","2","1","0","2","0","8","20001","0","2100219","50001","0","0","8","4","0","0","1","0","1","0","91002","0","0"
"1","0","91002","1","3","0","0","0","100","0","6","31011","2","0","0","2","0","0","12","1","0","8","1","23900","94002","2","2100220","20001","0","0","4","8","50001","0","1","2","1","0","140000","0","0"
"1","0","124282","30","24000","0","0","0","5","0","1","94002","12","0","0","2","0","0","2","1","0","2","0","8","20001","0","2100221","50001","0","0","8","4","0","0","1","0","1","0","91002","0","0"
"1","0","114222","30","24100","0","0","0","5","0","1","94002","12","0","0","2","0","0","2","1","0","2","0","8","20001","0","2100222","50001","0","0","8","4","0","0","1","0","1","0","91002","0","0"
"1","0","124312","30","24200","0","0","0","5","0","1","94002","12","0","0","2","0","0","2","1","0","2","0","8","20001","0","2100223","50001","0","0","8","4","0","0","1","0","1","0","91002","0","0"
"1","0","124342","30","24300","0","0","0","5","0","1","94002","12","0","0","2","0","0","2","1","0","2","0","8","20001","0","2100224","50001","0","0","8","4","0","0","1","0","1","0","91002","0","0"
"1","0","114252","30","24400","0","0","0","5","0","1","94002","12","0","0","2","0","0","2","1","0","2","0","8","20001","0","2100225","50001","0","0","8","4","0","0","1","0","1","0","91002","0","0"
"1","0","124372","30","24500","0","0","0","5","0","1","94002","12","0","0","2","0","0","2","1","0","2","0","8","20001","0","2100226","50001","0","0","8","4","0","0","1","0","1","0","91002","0","0"
"1","0","114132","30","24600","0","0","0","5","0","1","94002","12","0","0","2","0","0","2","1","0","2","0","8","20001","0","2100227","50001","0","0","8","4","0","0","1","0","1","0","91002","0","0"
"1","0","124432","30","24700","0","0","0","5","0","1","94002","12","0","0","2","0","0","2","1","0","2","0","8","20001","0","2100228","50001","0","0","8","4","0","0","1","0","1","0","91002","0","0"
"1","0","124522","30","24800","0","0","0","5","0","1","94002","12","0","0","2","0","0","2","1","0","2","0","8","20001","0","2100229","50001","0","0","8","4","0","0","1","0","1","0","91002","0","0"
"1","0","91002","1","3","0","0","0","100","0","6","31046","2","0","0","2","0","0","12","1","0","8","1","24900","94002","2","2100230","20001","0","0","4","8","50001","0","1","2","1","0","140000","0","0"
"1","0","124282","30","25000","0","0","0","5","0","1","94002","12","0","0","2","0","0","2","1","0","2","0","8","20001","0","2100231","50001","0","0","8","4","0","0","1","0","1","0","91002","0","0"
"1","0","114162","30","25100","0","0","0","5","0","1","94002","12","0","0","2","0","0","2","1","0","2","0","8","20001","0","2100232","50001","0","0","8","4","0","0","1","0","1","0","91002","0","0"
"1","0","114581","30","25200","0","0","0","5","0","1","94002","12","0","0","2","0","0","2","1","0","2","0","8","20001","0","2100233","50001","0","0","8","4","0","0","1","0","1","0","91002","0","0"
"1","0","114102","30","25300","0","0","0","5","0","1","94002","12","0","0","2","0","0","2","1","0","2","0","8","20001","0","2100234","50001","0","0","8","4","0","0","1","0","1","0","91002","0","0"
"1","0","124372","30","25400","0","0","0","5","0","1","94002","12","0","0","2","0","0","2","1","0","2","0","8","20001","0","2100235","50001","0","0","8","4","0","0","1","0","1","0","91002","0","0"
"1","0","124312","30","25500","0","0","0","5","0","1","94002","12","0","0","2","0","0","2","1","0","2","0","8","20001","0","2100236","50001","0","0","8","4","0","0","1","0","1","0","91002","0","0"
"1","0","124432","30","25600","0","0","0","5","0","1","94002","12","0","0","2","0","0","2","1","0","2","0","8","20001","0","2100237","50001","0","0","8","4","0","0","1","0","1","0","91002","0","0"
"1","0","124342","30","25700","0","0","0","5","0","1","94002","12","0","0","2","0","0","2","1","0","2","0","8","20001","0","2100238","50001","0","0","8","4","0","0","1","0","1","0","91002","0","0"
"1","0","114072","30","25800","0","0","0","5","0","1","94002","12","0","0","2","0","0","2","1","0","2","0","8","20001","0","2100239","50001","0","0","8","4","0","0","1","0","1","0","91002","0","0"
"1","0","91002","1","3","0","0","0","100","0","6","31025","2","0","0","2","0","0","12","1","0","8","1","25900","94002","2","2100240","20001","0","0","4","8","50001","0","1","2","1","0","140000","0","0"
"1","0","114551","30","26000","0","0","0","5","0","1","94002","12","0","0","2","0","0","2","1","0","2","0","8","20001","0","2100241","50001","0","0","8","4","0","0","1","0","1","0","91002","0","0"
"1","0","124282","30","26100","0","0","0","5","0","1","94002","12","0","0","2","0","0","2","1","0","2","0","8","20001","0","2100242","50001","0","0","8","4","0","0","1","0","1","0","91002","0","0"
"1","0","124372","30","26200","0","0","0","5","0","1","94002","12","0","0","2","0","0","2","1","0","2","0","8","20001","0","2100243","50001","0","0","8","4","0","0","1","0","1","0","91002","0","0"
"1","0","114102","30","26300","0","0","0","5","0","1","94002","12","0","0","2","0","0","2","1","0","2","0","8","20001","0","2100244","50001","0","0","8","4","0","0","1","0","1","0","91002","0","0"
"1","0","124042","30","26400","0","0","0","5","0","1","94002","12","0","0","2","0","0","2","1","0","2","0","8","20001","0","2100245","50001","0","0","8","4","0","0","1","0","1","0","91002","0","0"
"1","0","124312","30","26500","0","0","0","5","0","1","94002","12","0","0","2","0","0","2","1","0","2","0","8","20001","0","2100246","50001","0","0","8","4","0","0","1","0","1","0","91002","0","0"
"1","0","114072","30","26600","0","0","0","5","0","1","94002","12","0","0","2","0","0","2","1","0","2","0","8","20001","0","2100247","50001","0","0","8","4","0","0","1","0","1","0","91002","0","0"
"1","0","124432","30","26700","0","0","0","5","0","1","94002","12","0","0","2","0","0","2","1","0","2","0","8","20001","0","2100248","50001","0","0","8","4","0","0","1","0","1","0","91002","0","0"
"1","0","124342","30","26800","0","0","0","5","0","1","94002","12","0","0","2","0","0","2","1","0","2","0","8","20001","0","2100249","50001","0","0","8","4","0","0","1","0","1","0","91002","0","0"
"1","0","91002","1","3","0","0","0","100","0","6","31013","2","0","0","2","0","0","12","1","0","8","1","26900","94002","2","2100250","20001","0","0","4","8","50001","0","1","2","1","0","140000","0","0"
"1","0","124282","30","3","0","0","0","5","0","1","114461","4","0","0","2","0","0","12","1","0","8","1","27000","94002","2","2100251","20001","0","0","8","4","50001","0","1","2","1","0","91002","0","0"
"1","0","114162","30","3","0","0","0","5","0","1","124161","4","0","0","2","0","0","12","1","0","8","1","27100","94002","2","2100252","20001","0","0","8","4","50001","0","1","2","1","0","91002","0","0"
"1","0","114581","30","3","0","0","0","5","0","1","114281","4","0","0","2","0","0","12","1","0","8","1","27200","94002","2","2100253","20001","0","0","8","4","50001","0","1","2","1","0","91002","0","0"
"1","0","114102","30","3","0","0","0","5","0","1","124101","4","0","0","2","0","0","12","1","0","8","1","27300","94002","2","2100254","20001","0","0","8","4","50001","0","1","2","1","0","91002","0","0"
"1","0","124372","30","3","0","0","0","5","0","1","114371","4","0","0","2","0","0","12","1","0","8","1","27400","94002","2","2100255","20001","0","0","8","4","50001","0","1","2","1","0","91002","0","0"
"1","0","124312","30","3","0","0","0","5","0","1","114341","4","0","0","2","0","0","12","1","0","8","1","27500","94002","2","2100256","20001","0","0","8","4","50001","0","1","2","1","0","91002","0","0"
"1","0","124432","30","3","0","0","0","5","0","1","124251","4","0","0","2","0","0","12","1","0","8","1","27600","94002","2","2100257","20001","0","0","8","4","50001","0","1","2","1","0","91002","0","0"
"1","0","124342","30","3","0","0","0","5","0","1","114581","4","0","0","2","0","0","12","1","0","8","1","27700","94002","2","2100258","20001","0","0","8","4","50001","0","1","2","1","0","91002","0","0"
"1","0","114072","30","3","0","0","0","5","0","1","124491","4","0","0","2","0","0","12","1","0","8","1","27800","94002","2","2100259","20001","0","0","8","4","50001","0","1","2","1","0","91002","0","0"
"1","0","91002","1","3","0","0","0","100","0","6","31042","2","0","0","2","0","0","12","1","0","8","1","27900","94002","2","2100260","20001","0","0","4","8","50001","0","1","2","1","0","140000","0","0"
"1","0","114551","30","3","0","0","0","5","0","1","114281","4","0","0","2","0","0","12","1","0","8","1","28000","94002","2","2100261","20001","0","0","8","4","50001","0","1","2","1","0","91002","0","0"
"1","0","124282","30","3","0","0","0","5","0","1","114461","4","0","0","2","0","0","12","1","0","8","1","28100","94002","2","2100262","20001","0","0","8","4","50001","0","1","2","1","0","91002","0","0"
"1","0","124372","30","3","0","0","0","5","0","1","124161","4","0","0","2","0","0","12","1","0","8","1","28200","94002","2","2100263","20001","0","0","8","4","50001","0","1","2","1","0","91002","0","0"
"1","0","114102","30","3","0","0","0","5","0","1","124101","4","0","0","2","0","0","12","1","0","8","1","28300","94002","2","2100264","20001","0","0","8","4","50001","0","1","2","1","0","91002","0","0"
"1","0","124042","30","3","0","0","0","5","0","1","114341","4","0","0","2","0","0","12","1","0","8","1","28400","94002","2","2100265","20001","0","0","8","4","50001","0","1","2","1","0","91002","0","0"
"1","0","124312","30","3","0","0","0","5","0","1","124251","4","0","0","2","0","0","12","1","0","8","1","28500","94002","2","2100266","20001","0","0","8","4","50001","0","1","2","1","0","91002","0","0"
"1","0","114072","30","3","0","0","0","5","0","1","114371","4","0","0","2","0","0","12","1","0","8","1","28600","94002","2","2100267","20001","0","0","8","4","50001","0","1","2","1","0","91002","0","0"
"1","0","124432","30","3","0","0","0","5","0","1","124491","4","0","0","2","0","0","12","1","0","8","1","28700","94002","2","2100268","20001","0","0","8","4","50001","0","1","2","1","0","91002","0","0"
"1","0","124342","30","3","0","0","0","5","0","1","114581","4","0","0","2","0","0","12","1","0","8","1","28800","94002","2","2100269","20001","0","0","8","4","50001","0","1","2","1","0","91002","0","0"
"1","0","91002","1","3","0","0","0","100","0","6","31057","2","0","0","2","0","0","12","1","0","8","1","28900","94002","2","2100270","20001","0","0","4","8","50001","0","1","2","1","0","140000","0","0"
"1","0","114162","30","3","0","0","0","5","0","1","114581","4","0","0","2","0","0","12","1","0","8","1","29000","94002","2","2100271","20001","0","0","8","4","50001","0","1","2","1","0","91002","0","0"
"1","0","124282","30","3","0","0","0","5","0","1","114341","4","0","0","2","0","0","12","1","0","8","1","29100","94002","2","2100272","20001","0","0","8","4","50001","0","1","2","1","0","91002","0","0"
"1","0","114102","30","3","0","0","0","5","0","1","114281","4","0","0","2","0","0","12","1","0","8","1","29200","94002","2","2100273","20001","0","0","8","4","50001","0","1","2","1","0","91002","0","0"
"1","0","124042","30","3","0","0","0","5","0","1","124251","4","0","0","2","0","0","12","1","0","8","1","29300","94002","2","2100274","20001","0","0","8","4","50001","0","1","2","1","0","91002","0","0"
"1","0","124312","30","3","0","0","0","5","0","1","124491","4","0","0","2","0","0","12","1","0","8","1","29400","94002","2","2100275","20001","0","0","8","4","50001","0","1","2","1","0","91002","0","0"
"1","0","124372","30","3","0","0","0","5","0","1","114371","4","0","0","2","0","0","12","1","0","8","1","29500","94002","2","2100276","20001","0","0","8","4","50001","0","1","2","1","0","91002","0","0"
"1","0","124342","30","3","0","0","0","5","0","1","114461","4","0","0","2","0","0","12","1","0","8","1","29600","94002","2","2100277","20001","0","0","8","4","50001","0","1","2","1","0","91002","0","0"
"1","0","114072","30","3","0","0","0","5","0","1","124161","4","0","0","2","0","0","12","1","0","8","1","29700","94002","2","2100278","20001","0","0","8","4","50001","0","1","2","1","0","91002","0","0"
"1","0","124432","30","3","0","0","0","5","0","1","124101","4","0","0","2","0","0","12","1","0","8","1","29800","94002","2","2100279","20001","0","0","8","4","50001","0","1","2","1","0","91002","0","0"
"1","0","91002","1","3","0","0","0","100","0","6","31045","2","0","0","2","0","0","12","1","0","8","1","29900","94002","2","2100280","20001","0","0","4","8","50001","0","1","2","1","0","140000","0","0"
"1","0","114012","30","3","0","0","0","5","0","1","114341","4","0","0","2","0","0","12","1","0","8","1","30000","94002","2","2100281","20001","0","0","8","4","50001","0","1","2","1","0","91002","0","0"
"1","0","124282","30","3","0","0","0","5","0","1","114581","4","0","0","2","0","0","12","1","0","8","1","30100","94002","2","2100282","20001","0","0","8","4","50001","0","1","2","1","0","91002","0","0"
"1","0","124372","30","3","0","0","0","5","0","1","124491","4","0","0","2","0","0","12","1","0","8","1","30200","94002","2","2100283","20001","0","0","8","4","50001","0","1","2","1","0","91002","0","0"
"1","0","114102","30","3","0","0","0","5","0","1","124251","4","0","0","2","0","0","12","1","0","8","1","30300","94002","2","2100284","20001","0","0","8","4","50001","0","1","2","1","0","91002","0","0"
"1","0","114132","30","3","0","0","0","5","0","1","114281","4","0","0","2","0","0","12","1","0","8","1","30400","94002","2","2100285","20001","0","0","8","4","50001","0","1","2","1","0","91002","0","0"
"1","0","114072","30","3","0","0","0","5","0","1","114371","4","0","0","2","0","0","12","1","0","8","1","30500","94002","2","2100286","20001","0","0","8","4","50001","0","1","2","1","0","91002","0","0"
"1","0","124312","30","3","0","0","0","5","0","1","124161","4","0","0","2","0","0","12","1","0","8","1","30600","94002","2","2100287","20001","0","0","8","4","50001","0","1","2","1","0","91002","0","0"
"1","0","124432","30","3","0","0","0","5","0","1","124101","4","0","0","2","0","0","12","1","0","8","1","30700","94002","2","2100288","20001","0","0","8","4","50001","0","1","2","1","0","91002","0","0"
"1","0","124342","30","3","0","0","0","5","0","1","114461","4","0","0","2","0","0","12","1","0","8","1","30800","94002","2","2100289","20001","0","0","8","4","50001","0","1","2","1","0","91002","0","0"
"1","0","91002","1","3","0","0","0","100","0","6","31029","2","0","0","2","0","0","12","1","0","8","1","30900","94002","2","2100290","20001","0","0","4","8","50001","0","1","2","1","0","140000","0","0"
"1","0","114583","30","3","0","50001","0","2","2","1","124103","4","0","0","12","0","2","4","1","0","50000","1","3","114102","2","2100291","94002","0","0","8","4","20001","0","1","8","1","1","91002","0","0"
"1","0","114104","30","3","0","50001","0","2","2","1","114193","4","0","0","12","0","2","4","1","0","50000","1","3","124042","2","2100292","94002","0","0","8","4","20001","0","1","8","1","1","91002","0","0"
"1","0","124074","30","3","0","50001","0","2","2","1","114552","4","0","0","12","0","2","4","1","0","50000","1","3","124372","2","2100293","94002","0","0","8","4","20001","0","1","8","1","1","91002","0","0"
"1","0","114014","30","3","0","50001","0","2","2","1","124163","4","0","0","12","0","2","4","1","0","50000","1","3","124342","2","2100294","94002","0","0","8","4","20001","0","1","8","1","1","91002","0","0"
"1","0","124344","30","3","0","50001","0","2","2","1","114582","4","0","0","12","0","2","4","1","0","50000","1","3","124192","2","2100295","94002","0","0","8","4","20001","0","1","8","1","1","91002","0","0"
"1","0","114613","30","3","0","50001","0","2","2","1","114612","4","0","0","12","0","2","4","1","0","50000","1","3","114012","2","2100296","94002","0","0","8","4","20001","0","1","8","1","1","91002","0","0"
"1","0","114254","30","3","0","50001","0","2","2","1","124402","4","0","0","12","0","2","4","1","0","50000","1","3","114162","2","2100297","94002","0","0","8","4","20001","0","1","8","1","1","91002","0","0"
"1","0","124044","30","3","0","50001","0","2","2","1","114073","4","0","0","12","0","2","4","1","0","50000","1","3","124432","2","2100298","94002","0","0","8","4","20001","0","1","8","1","1","91002","0","0"
"1","0","114164","30","3","0","50001","0","2","2","1","124523","4","0","0","12","0","2","4","1","0","50000","1","3","124282","2","2100299","94002","0","0","8","4","20001","0","1","8","1","1","91002","0","0"
"1","0","91002","1","3","0","0","0","100","0","6","31056","2","0","0","2","0","0","12","1","0","8","1","100000","94002","2","2100300","20001","0","0","4","8","50001","0","1","2","1","0","140000","0","0"
"1","0","114104","30","3","0","50001","0","2","2","1","114552","4","0","0","12","0","2","4","1","0","50000","1","3","124042","2","2100301","94002","0","0","8","4","20001","0","1","8","1","1","91002","0","0"
"1","0","114014","30","3","0","50001","0","2","2","1","124103","4","0","0","12","0","2","4","1","0","50000","1","3","124372","2","2100302","94002","0","0","8","4","20001","0","1","8","1","1","91002","0","0"
"1","0","124074","30","3","0","50001","0","2","2","1","114193","4","0","0","12","0","2","4","1","0","50000","1","3","114102","2","2100303","94002","0","0","8","4","20001","0","1","8","1","1","91002","0","0"
"1","0","114583","30","3","0","50001","0","2","2","1","124163","4","0","0","12","0","2","4","1","0","50000","1","3","114012","2","2100304","94002","0","0","8","4","20001","0","1","8","1","1","91002","0","0"
"1","0","114613","30","3","0","50001","0","2","2","1","114612","4","0","0","12","0","2","4","1","0","50000","1","3","124342","2","2100305","94002","0","0","8","4","20001","0","1","8","1","1","91002","0","0"
"1","0","124044","30","3","0","50001","0","2","2","1","124402","4","0","0","12","0","2","4","1","0","50000","1","3","124192","2","2100306","94002","0","0","8","4","20001","0","1","8","1","1","91002","0","0"
"1","0","114164","30","3","0","50001","0","2","2","1","114582","4","0","0","12","0","2","4","1","0","50000","1","3","124432","2","2100307","94002","0","0","8","4","20001","0","1","8","1","1","91002","0","0"
"1","0","114254","30","3","0","50001","0","2","2","1","124523","4","0","0","12","0","2","4","1","0","50000","1","3","124282","2","2100308","94002","0","0","8","4","20001","0","1","8","1","1","91002","0","0"
"1","0","124344","30","3","0","50001","0","2","2","1","114073","4","0","0","12","0","2","4","1","0","50000","1","3","114162","2","2100309","94002","0","0","8","4","20001","0","1","8","1","1","91002","0","0"
"1","0","91002","1","3","0","0","0","100","0","6","31037","2","0","0","2","0","0","12","1","0","8","1","100000","94002","2","2100310","20001","0","0","4","8","50001","0","1","2","1","0","140000","0","0"
"1","0","114583","30","3","0","50001","0","2","2","1","124103","4","0","0","12","0","2","4","1","0","50000","1","3","114102","2","2100311","94002","0","0","8","4","20001","0","1","8","1","1","91002","0","0"
"1","0","91002","1","2","0","20001","0","30","2","1","124074","4","0","2","4","0","8","4","1","0","3","1","3","114552","12","2100312","124042","0","50001","4","8","94002","2","1","50000","1","1","140001","1","0"
"1","0","114104","30","3","0","50001","0","2","2","1","114193","4","0","0","12","0","2","4","1","0","50000","1","3","124372","2","2100313","94002","0","0","8","4","20001","0","1","8","1","1","91002","0","0"
"1","0","91002","1","2","0","20001","0","30","2","1","124344","4","0","2","4","0","8","4","1","0","3","1","3","124163","12","2100314","124342","0","50001","4","8","94002","2","1","50000","1","1","140001","1","0"
"1","0","114583","30","3","0","50001","0","2","2","1","114582","4","0","0","12","0","2","4","1","0","50000","1","3","124192","2","2100315","94002","0","0","8","4","20001","0","1","8","1","1","91002","0","0"
"1","0","91002","1","2","0","20001","0","30","2","1","124074","4","0","2","4","0","8","4","1","0","3","1","3","114612","12","2100316","114012","0","50001","4","8","94002","2","1","50000","1","1","140001","1","0"
"1","0","114104","30","3","0","50001","0","2","2","1","114073","4","0","0","12","0","2","4","1","0","50000","1","3","124282","2","2100317","94002","0","0","8","4","20001","0","1","8","1","1","91002","0","0"
"1","0","91002","1","2","0","20001","0","30","2","1","124344","4","0","2","4","0","8","4","1","0","3","1","3","124523","12","2100318","114162","0","50001","4","8","94002","2","1","50000","1","1","140001","1","0"
"1","0","114583","30","3","0","50001","0","2","2","1","124103","4","0","0","12","0","2","4","1","0","50000","1","3","124432","2","2100319","94002","0","0","8","4","20001","0","1","8","1","1","91002","0","0"
"1","0","140001","1","100","0","50001","0","1","2","6","91002","8","0","0","12","0","2","2","1","0","100000","1","3","31005","2","2100320","94002","0","0","4","4","20001","0","1","8","1","1","140000","0","0"
"1","0","124074","30","3","0","50001","0","2","2","1","124163","4","0","0","12","0","2","4","1","0","50000","1","3","124042","2","2100321","94002","0","0","8","4","20001","0","1","8","1","1","91002","0","0"
"1","0","91002","1","2","0","20001","0","30","2","1","114104","4","0","2","4","0","8","4","1","0","3","1","3","114552","12","2100322","124372","0","50001","4","8","94002","2","1","50000","1","1","140001","1","0"
"1","0","124344","30","3","0","50001","0","2","2","1","114582","4","0","0","12","0","2","4","1","0","50000","1","3","114102","2","2100323","94002","0","0","8","4","20001","0","1","8","1","1","91002","0","0"
"1","0","91002","1","2","0","20001","0","30","2","1","114583","4","0","2","4","0","8","4","1","0","3","1","3","114193","12","2100324","114012","0","50001","4","8","94002","2","1","50000","1","1","140001","1","0"
"1","0","124074","30","3","0","50001","0","2","2","1","114073","4","0","0","12","0","2","4","1","0","50000","1","3","124342","2","2100325","94002","0","0","8","4","20001","0","1","8","1","1","91002","0","0"
"1","0","91002","1","2","0","20001","0","30","2","1","114104","4","0","2","4","0","8","4","1","0","3","1","3","114612","12","2100326","124192","0","50001","4","8","94002","2","1","50000","1","1","140001","1","0"
"1","0","124344","30","3","0","50001","0","2","2","1","124103","4","0","0","12","0","2","4","1","0","50000","1","3","114162","2","2100327","94002","0","0","8","4","20001","0","1","8","1","1","91002","0","0"
"1","0","91002","1","2","0","20001","0","30","2","1","114583","4","0","2","4","0","8","4","1","0","3","1","3","124523","12","2100328","124432","0","50001","4","8","94002","2","1","50000","1","1","140001","1","0"
"1","0","124074","30","3","0","50001","0","2","2","1","114552","4","0","0","12","0","2","4","1","0","50000","1","3","124282","2","2100329","94002","0","0","8","4","20001","0","1","8","1","1","91002","0","0"
"1","0","140001","1","100","0","50001","0","1","2","6","91002","8","0","0","12","0","2","2","1","0","100000","1","3","31013","2","2100330","94002","0","0","4","4","20001","0","1","8","1","1","140000","0","0"
"1","0","115071","30","2","0","50001","0","2","2","1","114583","4","0","0","12","0","2","4","1","0","50000","1","5","124103","2","2100331","94002","0","0","8","4","20001","0","1","8","1","1","91002","0","0"
"1","0","91002","1","2","0","20001","0","30","2","1","115041","4","0","2","4","0","8","4","1","0","5","1","2","124074","12","2100332","114552","0","50001","4","8","94002","2","1","50000","1","1","140001","1","0"
"1","0","115251","30","2","0","50001","0","2","2","1","114104","4","0","0","12","0","2","4","1","0","50000","1","5","114193","2","2100333","94002","0","0","8","4","20001","0","1","8","1","1","91002","0","0"
"1","0","91002","1","2","0","20001","0","30","2","1","125101","4","0","2","4","0","8","4","1","0","5","1","2","114613","12","2100334","124163","0","50001","4","8","94002","2","1","50000","1","1","140001","1","0"
"1","0","115161","30","2","0","50001","0","2","2","1","124344","4","0","0","12","0","2","4","1","0","50000","1","5","114582","2","2100335","94002","0","0","8","4","20001","0","1","8","1","1","91002","0","0"
"1","0","91002","1","2","0","20001","0","30","2","1","115011","4","0","2","4","0","8","4","1","0","5","1","2","114254","12","2100336","114552","0","50001","4","8","94002","2","1","50000","1","1","140001","1","0"
"1","0","125371","30","2","0","50001","0","2","2","1","114014","4","0","0","12","0","2","4","1","0","50000","1","5","114193","2","2100337","94002","0","0","8","4","20001","0","1","8","1","1","91002","0","0"
"1","0","91002","1","2","0","20001","0","30","2","1","125401","4","0","2","4","0","8","4","1","0","5","1","2","114164","12","2100338","124103","0","50001","4","8","94002","2","1","50000","1","1","140001","1","0"
"1","0","125131","30","2","0","50001","0","2","2","1","124044","4","0","0","12","0","2","4","1","0","50000","1","5","124163","2","2100339","94002","0","0","8","4","20001","0","1","8","1","1","91002","0","0"
"1","0","140001","1","100","0","50001","0","1","2","6","91002","8","0","0","12","0","2","2","1","0","100000","1","3","31008","2","2100340","94002","0","0","4","4","20001","0","1","8","1","1","140000","0","0"
"1","0","115251","30","2","0","50001","0","2","2","1","114613","4","0","0","12","0","2","4","1","0","50000","1","5","114582","2","2100341","94002","0","0","8","4","20001","0","1","8","1","1","91002","0","0"
"1","0","91002","1","2","0","20001","0","30","2","1","125101","4","0","2","4","0","8","4","1","0","5","1","2","124074","12","2100342","114552","0","50001","4","8","94002","2","1","50000","1","1","140001","1","0"
"1","0","115071","30","2","0","50001","0","2","2","1","124344","4","0","0","12","0","2","4","1","0","50000","1","5","124103","2","2100343","94002","0","0","8","4","20001","0","1","8","1","1","91002","0","0"
"1","0","91002","1","2","0","20001","0","30","2","1","115041","4","0","2","4","0","8","4","1","0","5","1","2","114104","12","2100344","124163","0","50001","4","8","94002","2","1","50000","1","1","140001","1","0"
"1","0","115011","30","2","0","50001","0","2","2","1","114014","4","0","0","12","0","2","4","1","0","50000","1","5","114193","2","2100345","94002","0","0","8","4","20001","0","1","8","1","1","91002","0","0"
"1","0","91002","1","2","0","20001","0","30","2","1","115161","4","0","2","4","0","8","4","1","0","5","1","2","114254","12","2100346","114582","0","50001","4","8","94002","2","1","50000","1","1","140001","1","0"
"1","0","125131","30","2","0","50001","0","2","2","1","114583","4","0","0","12","0","2","4","1","0","50000","1","5","124103","2","2100347","94002","0","0","8","4","20001","0","1","8","1","1","91002","0","0"
"1","0","91002","1","2","0","20001","0","30","2","1","125371","4","0","2","4","0","8","4","1","0","5","1","2","114164","12","2100348","114552","0","50001","4","8","94002","2","1","50000","1","1","140001","1","0"
"1","0","125401","30","2","0","50001","0","2","2","1","124074","4","0","0","12","0","2","4","1","0","50000","1","5","114193","2","2100349","94002","0","0","8","4","20001","0","1","8","1","1","91002","0","0"
"1","0","140001","1","100","0","50001","0","1","2","6","91002","8","0","0","12","0","2","2","1","0","100000","1","3","31023","2","2100350","94002","0","0","4","4","20001","0","1","8","1","1","140000","0","0"
"1","0","115071","30","2","0","50001","0","2","2","1","114254","4","0","0","12","0","2","4","1","0","80000","1","5","124103","2","2100351","94002","0","0","8","4","20001","0","1","8","1","1","91002","0","0"
"1","0","91002","1","2","0","20001","0","30","2","1","115251","4","0","2","4","0","8","4","1","0","5","1","2","114583","12","2100352","114193","0","50001","4","8","94002","2","1","80000","1","1","140001","1","0"
"1","0","115041","30","2","0","50001","0","2","2","1","114613","4","0","0","12","0","2","4","1","0","80000","1","5","114552","2","2100353","94002","0","0","8","4","20001","0","1","8","1","1","91002","0","0"
"1","0","91002","1","2","0","20001","0","30","2","1","125101","4","0","2","4","0","8","4","1","0","5","1","2","124044","12","2100354","124163","0","50001","4","8","94002","2","1","80000","1","1","140001","1","0"
"1","0","115581","30","2","0","50001","0","2","2","1","124284","4","0","0","12","0","2","4","1","0","80000","1","5","114582","2","2100355","94002","0","0","8","4","20001","0","1","8","1","1","91002","0","0"
"1","0","91002","1","2","0","20001","0","30","2","1","115161","4","0","2","4","0","8","4","1","0","5","1","2","114104","12","2100356","114193","0","50001","4","8","94002","2","1","80000","1","1","140001","1","0"
"1","0","125401","30","2","0","50001","0","2","2","1","124344","4","0","0","12","0","2","4","1","0","80000","1","5","114552","2","2100357","94002","0","0","8","4","20001","0","1","8","1","1","91002","0","0"
"1","0","91002","1","2","0","20001","0","30","2","1","125371","4","0","2","4","0","8","4","1","0","5","1","2","124224","12","2100358","124103","0","50001","4","8","94002","2","1","80000","1","1","140001","1","0"
"1","0","125341","30","2","0","50001","0","2","2","1","114164","4","0","0","12","0","2","4","1","0","80000","1","5","124163","2","2100359","94002","0","0","8","4","20001","0","1","8","1","1","91002","0","0"
"1","0","140001","1","100","0","50001","0","1","2","6","91002","8","0","0","12","0","2","2","1","0","150000","1","3","31007","2","2100360","94002","0","0","4","4","20001","0","1","8","1","1","140000","0","0"
"1","0","115041","30","2","0","50001","0","2","2","1","124044","4","0","0","12","0","2","4","1","0","80000","1","5","114582","2","2100361","94002","0","0","8","4","20001","0","1","8","1","1","91002","0","0"
"1","0","91002","1","2","0","20001","0","30","2","1","125101","4","0","2","4","0","8","4","1","0","5","1","2","114583","12","2100362","114193","0","50001","4","8","94002","2","1","80000","1","1","140001","1","0"
"1","0","115071","30","2","0","50001","0","2","2","1","124284","4","0","0","12","0","2","4","1","0","80000","1","5","124103","2","2100363","94002","0","0","8","4","20001","0","1","8","1","1","91002","0","0"
"1","0","91002","1","2","0","20001","0","30","2","1","115251","4","0","2","4","0","8","4","1","0","5","1","2","114613","12","2100364","124163","0","50001","4","8","94002","2","1","80000","1","1","140001","1","0"
"1","0","115161","30","2","0","50001","0","2","2","1","124344","4","0","0","12","0","2","4","1","0","80000","1","5","114552","2","2100365","94002","0","0","8","4","20001","0","1","8","1","1","91002","0","0"
"1","0","91002","1","2","0","20001","0","30","2","1","115581","4","0","2","4","0","8","4","1","0","5","1","2","114104","12","2100366","114582","0","50001","4","8","94002","2","1","80000","1","1","140001","1","0"
"1","0","125341","30","2","0","50001","0","2","2","1","114254","4","0","0","12","0","2","4","1","0","80000","1","5","124103","2","2100367","94002","0","0","8","4","20001","0","1","8","1","1","91002","0","0"
"1","0","91002","1","2","0","20001","0","30","2","1","125401","4","0","2","4","0","8","4","1","0","5","1","2","124224","12","2100368","114193","0","50001","4","8","94002","2","1","80000","1","1","140001","1","0"
"1","0","125371","30","2","0","50001","0","2","2","1","114583","4","0","0","12","0","2","4","1","0","80000","1","5","114552","2","2100369","94002","0","0","8","4","20001","0","1","8","1","1","91002","0","0"
"1","0","140001","1","100","0","50001","0","1","2","6","91002","8","0","0","12","0","2","2","1","0","150000","1","3","31053","2","2100370","94002","0","0","4","4","20001","0","1","8","1","1","140000","0","0"
"1","0","115222","30","2","0","50001","0","2","2","1","115071","4","0","0","12","0","2","4","1","0","80000","1","5","114613","2","2100371","94002","0","0","8","4","20001","0","1","8","1","1","91002","0","0"
"1","0","91002","2","2","0","20001","0","30","2","1","115552","4","0","2","4","0","8","4","1","0","5","1","2","115251","12","2100372","114254","0","50001","4","8","94002","2","1","80000","1","1","140001","1","0"
"1","0","115192","30","2","0","50001","0","2","2","1","115581","4","0","0","12","0","2","4","1","0","80000","1","5","124284","2","2100373","94002","0","0","8","4","20001","0","1","8","1","1","91002","0","0"
"1","0","91002","2","2","0","20001","0","30","2","1","125252","4","0","2","4","0","8","4","1","0","5","1","2","115041","12","2100374","124044","0","50001","4","8","94002","2","1","80000","1","1","140001","1","0"
"1","0","125012","30","2","0","50001","0","2","2","1","125101","4","0","0","12","0","2","4","1","0","80000","1","5","124224","2","2100375","94002","0","0","8","4","20001","0","1","8","1","1","91002","0","0"
"1","0","91002","2","2","0","20001","0","30","2","1","125522","4","0","2","4","0","8","4","1","0","5","1","2","115161","12","2100376","114583","0","50001","4","8","94002","2","1","80000","1","1","140001","1","0"
"1","0","115582","30","2","0","50001","0","2","2","1","115221","4","0","0","12","0","2","4","1","0","80000","1","5","114194","2","2100377","94002","0","0","8","4","20001","0","1","8","1","1","91002","0","0"
"1","0","91002","2","2","0","20001","0","30","2","1","115612","4","0","2","4","0","8","4","1","0","5","1","2","125401","12","2100378","114554","0","50001","4","8","94002","2","1","80000","1","1","140001","1","0"
"1","0","115102","30","2","0","50001","0","2","2","1","125341","4","0","0","12","0","2","4","1","0","80000","1","5","114164","2","2100379","94002","0","0","8","4","20001","0","1","8","1","1","91002","0","0"
"1","0","140001","1","100","0","50001","0","2","2","6","91002","8","0","0","12","0","2","2","1","0","150000","1","3","31054","2","2100380","94002","0","0","4","4","20001","0","1","8","1","1","140000","0","0"
"1","0","115192","30","2","0","50001","0","2","2","1","115581","4","0","0","12","0","2","4","1","0","80000","1","5","124044","2","2100381","94002","0","0","8","4","20001","0","1","8","1","1","91002","0","0"
"1","0","91002","2","2","0","20001","0","30","2","1","125252","4","0","2","4","0","8","4","1","0","5","1","2","115041","12","2100382","114254","0","50001","4","8","94002","2","1","80000","1","1","140001","1","0"
"1","0","115222","30","2","0","50001","0","2","2","1","115071","4","0","0","12","0","2","4","1","0","80000","1","5","124224","2","2100383","94002","0","0","8","4","20001","0","1","8","1","1","91002","0","0"
"1","0","91002","2","2","0","20001","0","30","2","1","115552","4","0","2","4","0","8","4","1","0","5","1","2","115251","12","2100384","124284","0","50001","4","8","94002","2","1","80000","1","1","140001","1","0"
"1","0","125522","30","2","0","50001","0","2","2","1","115161","4","0","0","12","0","2","4","1","0","80000","1","5","114194","2","2100385","94002","0","0","8","4","20001","0","1","8","1","1","91002","0","0"
"1","0","91002","2","2","0","20001","0","30","2","1","125012","4","0","2","4","0","8","4","1","0","5","1","2","125101","12","2100386","114583","0","50001","4","8","94002","2","1","80000","1","1","140001","1","0"
"1","0","115102","30","2","0","50001","0","2","2","1","125341","4","0","0","12","0","2","4","1","0","80000","1","5","114613","2","2100387","94002","0","0","8","4","20001","0","1","8","1","1","91002","0","0"
"1","0","91002","2","2","0","20001","0","30","2","1","115582","4","0","2","4","0","8","4","1","0","5","1","2","115221","12","2100388","114554","0","50001","4","8","94002","2","1","80000","1","1","140001","1","0"
"1","0","115612","30","2","0","50001","0","2","2","1","125401","4","0","0","12","0","2","4","1","0","80000","1","5","114254","2","2100389","94002","0","0","8","4","20001","0","1","8","1","1","91002","0","0"
"1","0","140001","1","100","0","50001","0","2","2","6","91002","8","0","0","12","0","2","2","1","0","150000","1","3","31044","2","2100390","94002","0","0","4","4","20001","0","1","8","1","1","140000","0","0"
"1","0","125164","30","3","0","50001","0","2","2","1","125223","4","0","0","12","0","2","4","1","0","80000","1","5","115222","2","2100391","94002","0","0","8","4","20001","0","1","8","1","1","91002","0","0"
"1","0","91002","2","2","0","20001","0","30","2","1","125074","4","0","2","4","0","8","4","1","0","5","1","3","125043","12","2100392","115552","0","50001","4","8","94002","2","1","80000","1","1","140001","1","0"
"1","0","125134","30","3","0","50001","0","2","2","1","115133","4","0","0","12","0","2","4","1","0","80000","1","5","125012","2","2100393","94002","0","0","8","4","20001","0","1","8","1","1","91002","0","0"
"1","0","91002","2","2","0","20001","0","30","2","1","125044","4","0","2","4","0","8","4","1","0","5","1","3","125253","12","2100394","125252","0","50001","4","8","94002","2","1","80000","1","1","140001","1","0"
"1","0","125014","30","3","0","50001","0","2","2","1","125013","4","0","0","12","0","2","4","1","0","80000","1","5","115132","2","2100395","94002","0","0","8","4","20001","0","1","8","1","1","91002","0","0"
"1","0","91002","2","2","0","20001","0","30","2","1","125224","4","0","2","4","0","8","4","1","0","5","1","3","125103","12","2100396","125342","0","50001","4","8","94002","2","1","80000","1","1","140001","1","0"
"1","0","115104","30","3","0","50001","0","2","2","1","115163","4","0","0","12","0","2","4","1","0","80000","1","5","115042","2","2100397","94002","0","0","8","4","20001","0","1","8","1","1","91002","0","0"
"1","0","91002","2","2","0","20001","0","30","2","1","115194","4","0","2","4","0","8","4","1","0","5","1","3","125373","12","2100398","115102","0","50001","4","8","94002","2","1","80000","1","1","140001","1","0"
"1","0","115254","30","3","0","50001","0","2","2","1","115073","4","0","0","12","0","2","4","1","0","80000","1","5","125522","2","2100399","94002","0","0","8","4","20001","0","1","8","1","1","91002","0","0"
"1","0","140001","1","100","0","50001","0","2","2","6","91002","8","0","0","12","0","2","2","1","0","150000","1","3","31013","2","2100400","94002","0","0","4","4","20001","0","1","8","1","1","140000","0","0"
"1","0","125134","30","3","0","50001","0","2","2","1","115133","4","0","0","12","0","2","4","1","0","80000","1","5","125252","2","2100401","94002","0","0","8","4","20001","0","1","8","1","1","91002","0","0"
"1","0","91002","2","2","0","20001","0","30","2","1","125044","4","0","2","4","0","8","4","1","0","5","1","3","125253","12","2100402","115552","0","50001","4","8","94002","2","1","80000","1","1","140001","1","0"
"1","0","125164","30","3","0","50001","0","2","2","1","125223","4","0","0","12","0","2","4","1","0","80000","1","5","115132","2","2100403","94002","0","0","8","4","20001","0","1","8","1","1","91002","0","0"
"1","0","91002","2","2","0","20001","0","30","2","1","125074","4","0","2","4","0","8","4","1","0","5","1","3","125043","12","2100404","125012","0","50001","4","8","94002","2","1","80000","1","1","140001","1","0"
"1","0","125224","30","3","0","50001","0","2","2","1","125103","4","0","0","12","0","2","4","1","0","80000","1","5","115042","2","2100405","94002","0","0","8","4","20001","0","1","8","1","1","91002","0","0"
"1","0","91002","2","2","0","20001","0","30","2","1","125014","4","0","2","4","0","8","4","1","0","5","1","3","125013","12","2100406","125342","0","50001","4","8","94002","2","1","80000","1","1","140001","1","0"
"1","0","115254","30","3","0","50001","0","2","2","1","115073","4","0","0","12","0","2","4","1","0","80000","1","5","115222","2","2100407","94002","0","0","8","4","20001","0","1","8","1","1","91002","0","0"
"1","0","91002","2","2","0","20001","0","30","2","1","115104","4","0","2","4","0","8","4","1","0","5","1","3","115163","12","2100408","115102","0","50001","4","8","94002","2","1","80000","1","1","140001","1","0"
"1","0","115194","30","3","0","50001","0","2","2","1","125373","4","0","0","12","0","2","4","1","0","80000","1","5","115552","2","2100409","94002","0","0","8","4","20001","0","1","8","1","1","91002","0","0"
"1","0","140001","1","100","0","50001","0","2","2","6","91002","8","0","0","12","0","2","2","1","0","150000","1","3","31014","2","2100410","94002","0","0","4","4","20001","0","1","8","1","1","140000","0","0"
"1","0","125164","30","3","0","50001","0","2","2","1","125043","4","0","0","12","0","2","4","1","0","80000","1","5","115222","2","2100411","94002","0","0","8","4","20001","0","1","8","1","1","91002","0","0"
"1","0","91002","2","2","0","20001","0","30","2","1","125074","4","0","2","4","0","8","4","1","0","5","1","3","125253","12","2100412","125012","0","50001","4","8","94002","2","1","80000","1","1","140001","1","0"
"1","0","125134","30","3","0","50001","0","2","2","1","125013","4","0","0","12","0","2","4","1","0","80000","1","5","125252","2","2100413","94002","0","0","8","4","20001","0","1","8","1","1","91002","0","0"
"1","0","91002","2","2","0","20001","0","30","2","1","125044","4","0","2","4","0","8","4","1","0","5","1","3","125223","12","2100414","115552","0","50001","4","8","94002","2","1","80000","1","1","140001","1","0"
"1","0","125224","30","3","0","50001","0","2","2","1","115163","4","0","0","12","0","2","4","1","0","80000","1","5","115042","2","2100415","94002","0","0","8","4","20001","0","1","8","1","1","91002","0","0"
"1","0","91002","2","2","0","20001","0","30","2","1","125014","4","0","2","4","0","8","4","1","0","5","1","3","115133","12","2100416","115132","0","50001","4","8","94002","2","1","80000","1","1","140001","1","0"
"1","0","115614","30","3","0","50001","0","2","2","1","125103","4","0","0","12","0","2","4","1","0","80000","1","5","125522","2","2100417","94002","0","0","8","4","20001","0","1","8","1","1","91002","0","0"
"1","0","91002","2","2","0","20001","0","30","2","1","115554","4","0","2","4","0","8","4","1","0","5","1","3","115073","12","2100418","115102","0","50001","4","8","94002","2","1","80000","1","1","140001","1","0"
"1","0","115104","30","3","0","50001","0","2","2","1","125283","4","0","0","12","0","2","4","1","0","80000","1","5","115582","2","2100419","94002","0","0","8","4","20001","0","1","8","1","1","91002","0","0"
"1","0","140001","1","100","0","50001","0","2","2","6","91002","8","0","0","12","0","2","2","1","0","150000","1","3","31055","2","2100420","94002","0","0","4","4","20001","0","1","8","1","1","140000","0","0"
"1","0","125134","30","3","0","50001","0","2","2","1","125013","4","0","0","12","0","2","4","1","0","80000","1","5","115552","2","2100421","94002","0","0","8","4","20001","0","1","8","1","1","91002","0","0"
"1","0","91002","2","2","0","20001","0","30","2","1","125044","4","0","2","4","0","8","4","1","0","5","1","3","125223","12","2100422","125012","0","50001","4","8","94002","2","1","80000","1","1","140001","1","0"
"1","0","125164","30","3","0","50001","0","2","2","1","125043","4","0","0","12","0","2","4","1","0","80000","1","5","115042","2","2100423","94002","0","0","8","4","20001","0","1","8","1","1","91002","0","0"
"1","0","91002","2","2","0","20001","0","30","2","1","125074","4","0","2","4","0","8","4","1","0","5","1","3","125253","12","2100424","125252","0","50001","4","8","94002","2","1","80000","1","1","140001","1","0"
"1","0","125014","30","3","0","50001","0","2","2","1","115133","4","0","0","12","0","2","4","1","0","80000","1","5","125522","2","2100425","94002","0","0","8","4","20001","0","1","8","1","1","91002","0","0"
"1","0","91002","2","2","0","20001","0","30","2","1","125224","4","0","2","4","0","8","4","1","0","5","1","3","115163","12","2100426","115132","0","50001","4","8","94002","2","1","80000","1","1","140001","1","0"
"1","0","115104","30","3","0","50001","0","2","2","1","125283","4","0","0","12","0","2","4","1","0","80000","1","5","115222","2","2100427","94002","0","0","8","4","20001","0","1","8","1","1","91002","0","0"
"1","0","91002","2","2","0","20001","0","30","2","1","115614","4","0","2","4","0","8","4","1","0","5","1","3","125103","12","2100428","115102","0","50001","4","8","94002","2","1","80000","1","1","140001","1","0"
"1","0","115554","30","3","0","50001","0","2","2","1","115073","4","0","0","12","0","2","4","1","0","80000","1","5","125012","2","2100429","94002","0","0","8","4","20001","0","1","8","1","1","91002","0","0"
"1","0","140001","1","100","0","50001","0","2","2","6","91002","8","0","0","12","0","2","2","1","0","150000","1","3","31056","2","2100430","94002","0","0","4","4","20001","0","1","8","1","1","140000","0","0"
"1","0","125314","30","3","0","50001","0","2","2","1","125223","4","0","0","12","0","2","4","1","0","80000","1","5","115222","2","2100431","94002","0","0","8","4","20001","0","1","8","1","1","91002","0","0"
"1","0","91002","2","2","0","20001","0","30","2","1","125523","4","0","2","4","0","8","4","1","0","5","1","3","115073","12","2100432","125252","0","50001","4","8","94002","2","1","80000","1","1","140001","1","0"
"1","0","115344","30","3","0","50001","0","2","2","1","125043","4","0","0","12","0","2","4","1","0","80000","1","5","115042","2","2100433","94002","0","0","8","4","20001","0","1","8","1","1","91002","0","0"
"1","0","91002","2","2","0","20001","0","30","2","1","115284","4","0","2","4","0","8","4","1","0","5","1","3","125253","12","2100434","125012","0","50001","4","8","94002","2","1","80000","1","1","140001","1","0"
"1","0","115432","30","3","0","50001","0","2","2","1","125491","4","0","0","12","0","2","4","1","0","80000","1","5","115552","2","2100435","94002","0","0","8","4","20001","0","1","8","1","1","91002","0","0"
"1","0","91002","2","2","0","20001","0","30","2","1","125374","4","0","2","4","0","8","4","1","0","5","1","3","125013","12","2100436","115132","0","50001","4","8","94002","2","1","80000","1","1","140001","1","0"
"1","0","125044","30","3","0","50001","0","2","2","1","125103","4","0","0","12","0","2","4","1","0","80000","1","5","125522","2","2100437","94002","0","0","8","4","20001","0","1","8","1","1","91002","0","0"
"1","0","91002","2","2","0","20001","0","30","2","1","125224","4","0","2","4","0","8","4","1","0","5","1","3","125283","12","2100438","125282","0","50001","4","8","94002","2","1","80000","1","1","140001","1","0"
"1","0","125164","30","3","0","50001","0","2","2","1","125373","4","0","0","12","0","2","4","1","0","80000","1","5","125162","2","2100439","94002","0","0","8","4","20001","0","1","8","1","1","91002","0","0"
"1","0","140001","1","100","0","50001","0","2","2","6","91002","8","0","0","12","0","2","2","1","0","150000","1","3","31032","2","2100440","94002","0","0","4","4","20001","0","1","8","1","1","140000","0","0"
"1","0","115344","30","3","0","50001","0","2","2","1","125043","4","0","0","12","0","2","4","1","0","80000","1","5","125012","2","2100441","94002","0","0","8","4","20001","0","1","8","1","1","91002","0","0"
"1","0","91002","2","2","0","20001","0","30","2","1","115284","4","0","2","4","0","8","4","1","0","5","1","3","125253","12","2100442","125252","0","50001","4","8","94002","2","1","80000","1","1","140001","1","0"
"1","0","125314","30","3","0","50001","0","2","2","1","125223","4","0","0","12","0","2","4","1","0","80000","1","5","115552","2","2100443","94002","0","0","8","4","20001","0","1","8","1","1","91002","0","0"
"1","0","91002","2","2","0","20001","0","30","2","1","125523","4","0","2","4","0","8","4","1","0","5","1","3","115073","12","2100444","115042","0","50001","4","8","94002","2","1","80000","1","1","140001","1","0"
"1","0","125374","30","3","0","50001","0","2","2","1","125013","4","0","0","12","0","2","4","1","0","80000","1","5","125522","2","2100445","94002","0","0","8","4","20001","0","1","8","1","1","91002","0","0"
"1","0","91002","2","2","0","20001","0","30","2","1","115432","4","0","2","4","0","8","4","1","0","5","1","3","125491","12","2100446","115132","0","50001","4","8","94002","2","1","80000","1","1","140001","1","0"
"1","0","125164","30","3","0","50001","0","2","2","1","125373","4","0","0","12","0","2","4","1","0","80000","1","5","115222","2","2100447","94002","0","0","8","4","20001","0","1","8","1","1","91002","0","0"
"1","0","91002","2","2","0","20001","0","30","2","1","125044","4","0","2","4","0","8","4","1","0","5","1","3","125103","12","2100448","125282","0","50001","4","8","94002","2","1","80000","1","1","140001","1","0"
"1","0","125224","30","3","0","50001","0","2","2","1","125283","4","0","0","12","0","2","4","1","0","80000","1","5","125252","2","2100449","94002","0","0","8","4","20001","0","1","8","1","1","91002","0","0"
"1","0","140001","1","100","0","50001","0","2","2","6","91002","8","0","0","12","0","2","2","1","0","150000","1","3","31011","2","2100450","94002","0","0","4","4","20001","0","1","8","1","1","140000","0","0"
"1","1","140001","60","2","50001","115344","2","2","4","1","125015","4","1","10","12","2","3","4","1","16","200000","1","2","115105","4","2100451","94002","4","125103","8","4","115284","4","1","3","1","1","91002","1","20001"
"1","1","140001","60","2","50001","115432","2","2","4","1","125045","4","1","10","12","2","3","4","1","16","200000","1","2","115225","4","2100452","94002","4","115553","8","4","125523","4","1","3","1","1","91002","1","20001"
"1","1","140001","60","2","50001","115284","2","2","4","1","115105","4","1","10","12","2","3","4","1","16","200000","1","2","125015","4","2100453","94002","4","115073","8","4","115344","4","1","3","1","1","91002","1","20001"
"1","1","140001","60","2","50001","125523","2","2","4","1","115225","4","1","10","12","2","3","4","1","16","200000","1","2","125045","4","2100454","94002","4","125462","8","4","115432","4","1","3","1","1","91002","1","20001"
"1","1","140001","60","2","50001","125044","2","2","4","1","125255","4","1","10","12","2","3","4","1","16","200000","1","2","115135","4","2100455","94002","4","125253","8","4","125134","4","1","3","1","1","91002","1","20001"
"1","1","140001","60","2","50001","125134","2","2","4","1","115135","4","1","10","12","2","3","4","1","16","200000","1","2","125255","4","2100456","94002","4","115613","8","4","125044","4","1","3","1","1","91002","1","20001"
"1","1","140001","60","2","50001","115194","2","2","4","1","115165","4","1","10","12","2","3","4","1","16","200000","1","2","125195","4","2100457","94002","4","115133","8","4","125314","4","1","3","1","1","91002","1","20001"
"1","1","140001","60","2","50001","125314","2","2","4","1","125075","4","1","10","12","2","3","4","1","16","200000","1","2","115165","4","2100458","94002","4","125013","8","4","115104","4","1","3","1","1","91002","1","20001"
"1","1","140001","60","2","50001","115104","2","2","4","1","125195","4","1","10","12","2","3","4","1","16","200000","1","2","125075","4","2100459","94002","4","125043","8","4","115194","4","1","3","1","1","91002","1","20001"
"1","0","91002","2","2","0","50001","0","200","2","6","140001","4","0","0","12","0","4","2","1","0","400000","1","6","31023","2","2100460","94002","0","0","4","8","20001","0","1","16","1","1","140000","0","0"
"1","1","140001","60","2","50001","115194","2","2","4","1","125045","4","1","10","12","2","3","4","1","16","240000","1","2","115615","4","2100461","94002","4","115073","8","4","125523","4","1","3","1","1","91002","1","20001"
"1","1","140001","60","2","50001","125134","2","2","4","1","115105","4","1","10","12","2","3","4","1","16","240000","1","2","125195","4","2100462","94002","4","125103","8","4","115284","4","1","3","1","1","91002","1","20001"
"1","1","140001","60","2","50001","125523","2","2","4","1","125255","4","1","10","12","2","3","4","1","16","240000","1","2","125045","4","2100463","94002","4","115553","8","4","115344","4","1","3","1","1","91002","1","20001"
"1","1","140001","60","2","50001","115284","2","2","4","1","115165","4","1","10","12","2","3","4","1","16","240000","1","2","115105","4","2100464","94002","4","125491","8","4","125314","4","1","3","1","1","91002","1","20001"
"1","1","140001","60","2","50001","115344","2","2","4","1","115585","4","1","10","12","2","3","4","1","16","240000","1","2","125255","4","2100465","94002","4","125043","8","4","125044","4","1","3","1","1","91002","1","20001"
"1","1","140001","60","2","50001","125314","2","2","4","1","115555","4","1","10","12","2","3","4","1","16","240000","1","2","115165","4","2100466","94002","4","115133","8","4","115432","4","1","3","1","1","91002","1","20001"
"1","1","140001","60","2","50001","125044","2","2","4","1","125015","4","1","10","12","2","3","4","1","16","240000","1","2","115585","4","2100467","94002","4","125013","8","4","125224","4","1","3","1","1","91002","1","20001"
"1","1","140001","60","2","50001","115432","2","2","4","1","115615","4","1","10","12","2","3","4","1","16","240000","1","2","115555","4","2100468","94002","4","115613","8","4","115194","4","1","3","1","1","91002","1","20001"
"1","1","140001","60","2","50001","125224","2","2","4","1","125195","4","1","10","12","2","3","4","1","16","240000","1","2","125015","4","2100469","94002","4","125462","8","4","125134","4","1","3","1","1","91002","1","20001"
"1","0","91002","2","2","0","50001","0","200","2","6","140001","4","0","0","12","0","4","2","1","0","480000","1","6","31052","2","2100470","94002","0","0","4","8","20001","0","1","16","1","1","140000","0","0"
"1","1","140001","60","2","50001","115194","2","2","4","1","125285","4","1","10","12","2","3","4","1","16","240000","1","2","115105","4","2100471","94002","4","115553","8","4","115284","4","1","3","1","1","91002","1","20001"
"1","1","140001","60","2","50001","125374","2","2","4","1","115315","4","1","10","12","2","3","4","1","16","240000","1","2","125255","4","2100472","94002","4","115073","8","4","125523","4","1","3","1","1","91002","1","20001"
"1","1","140001","60","2","50001","115284","2","2","4","1","115375","4","1","10","12","2","3","4","1","16","240000","1","2","125285","4","2100473","94002","4","125491","8","4","115344","4","1","3","1","1","91002","1","20001"
"1","1","140001","60","2","50001","125523","2","2","4","1","125345","4","1","10","12","2","3","4","1","16","240000","1","2","115315","4","2100474","94002","4","125103","8","4","115432","4","1","3","1","1","91002","1","20001"
"1","1","140001","60","2","50001","115344","2","2","4","1","125463","4","1","10","12","2","3","4","1","16","240000","1","2","115375","4","2100475","94002","4","115583","8","4","125314","4","1","3","1","1","91002","1","20001"
"1","1","140001","60","2","50001","115432","2","2","4","1","115402","4","1","10","12","2","3","4","1","16","240000","1","2","125345","4","2100476","94002","4","115613","8","4","125044","4","1","3","1","1","91002","1","20001"
"1","1","140001","60","2","50001","125314","2","2","4","1","125045","4","1","10","12","2","3","4","1","16","240000","1","2","125463","4","2100477","94002","4","125462","8","4","125224","4","1","3","1","1","91002","1","20001"
"1","1","140001","60","2","50001","125044","2","2","4","1","115105","4","1","10","12","2","3","4","1","16","240000","1","2","115402","4","2100478","94002","4","125013","8","4","115194","4","1","3","1","1","91002","1","20001"
"1","1","140001","60","2","50001","125224","2","2","4","1","125255","4","1","10","12","2","3","4","1","16","240000","1","2","125045","4","2100479","94002","4","125223","8","4","125374","4","1","3","1","1","91002","1","20001"
"1","0","91002","2","2","0","50001","0","200","2","6","140001","4","0","0","12","0","4","2","1","0","480000","1","6","31025","2","2100480","94002","0","0","4","8","20001","0","1","16","1","1","140000","0","0"
"1","1","140001","60","2","50001","125463","2","2","4","1","115106","4","1","10","12","2","3","4","1","16","280000","1","2","125226","4","2100481","94002","4","115584","8","4","115105","4","1","3","1","1","91002","1","20001"
"1","1","140001","60","2","50001","125255","2","2","4","1","115136","4","1","10","12","2","3","4","1","16","280000","1","2","115166","4","2100482","94002","4","115614","8","4","115402","4","1","3","1","1","91002","1","20001"
"1","1","140001","60","2","50001","115105","2","2","4","1","125256","4","1","10","12","2","3","4","1","16","280000","1","2","115106","4","2100483","94002","4","115344","8","4","125195","4","1","3","1","1","91002","1","20001"
"1","1","140001","60","2","50001","115402","2","2","4","1","125076","4","1","10","12","2","3","4","1","16","280000","1","2","115136","4","2100484","94002","4","115194","8","4","125345","4","1","3","1","1","91002","1","20001"
"1","1","140001","60","2","50001","125195","2","2","4","1","125016","4","1","10","12","2","3","4","1","16","280000","1","2","125256","4","2100485","94002","4","115432","8","4","115315","4","1","3","1","1","91002","1","20001"
"1","1","140001","60","2","50001","125345","2","2","4","1","115196","4","1","10","12","2","3","4","1","16","280000","1","2","125076","4","2100486","94002","4","115104","8","4","125045","4","1","3","1","1","91002","1","20001"
"1","1","140001","60","2","50001","115315","2","2","4","1","125046","4","1","10","12","2","3","4","1","16","280000","1","2","125016","4","2100487","94002","4","115554","8","4","125075","4","1","3","1","1","91002","1","20001"
"1","1","140001","60","2","50001","125045","2","2","4","1","125226","4","1","10","12","2","3","4","1","16","280000","1","2","115196","4","2100488","94002","4","125314","8","4","125463","4","1","3","1","1","91002","1","20001"
"1","1","140001","60","2","50001","125075","2","2","4","1","115166","4","1","10","12","2","3","4","1","16","280000","1","2","125046","4","2100489","94002","4","125044","8","4","125255","4","1","3","1","1","91002","1","20001"
"1","0","91002","2","2","0","50001","0","200","2","6","140001","4","0","0","12","0","4","2","1","0","560000","1","6","31049","2","2100490","94002","0","0","4","8","20001","0","1","16","1","1","140000","0","0"
"1","1","140001","60","2","50001","125195","2","2","4","1","115136","4","1","10","12","2","3","4","1","16","280000","1","2","115196","4","2100491","94002","4","115584","8","4","125045","4","1","3","1","1","91002","1","20001"
"1","1","140001","60","2","50001","115225","2","2","4","1","125076","4","1","10","12","2","3","4","1","16","280000","1","2","125016","4","2100492","94002","4","125523","8","4","125015","4","1","3","1","1","91002","1","20001"
"1","1","140001","60","2","50001","125045","2","2","4","1","115106","4","1","10","12","2","3","4","1","16","280000","1","2","115136","4","2100493","94002","4","115284","8","4","115165","4","1","3","1","1","91002","1","20001"
"1","1","140001","60","2","50001","125015","2","2","4","1","125046","4","1","10","12","2","3","4","1","16","280000","1","2","125076","4","2100494","94002","4","115614","8","4","125463","4","1","3","1","1","91002","1","20001"
"1","1","140001","60","2","50001","115165","2","2","4","1","125256","4","1","10","12","2","3","4","1","16","280000","1","2","115106","4","2100495","94002","4","115432","8","4","115105","4","1","3","1","1","91002","1","20001"
"1","1","140001","60","2","50001","125463","2","2","4","1","115616","4","1","10","12","2","3","4","1","16","280000","1","2","125046","4","2100496","94002","4","115344","8","4","125345","4","1","3","1","1","91002","1","20001"
"1","1","140001","60","2","50001","115105","2","2","4","1","115586","4","1","10","12","2","3","4","1","16","280000","1","2","125256","4","2100497","94002","4","125044","8","4","115315","4","1","3","1","1","91002","1","20001"
"1","1","140001","60","2","50001","125345","2","2","4","1","115196","4","1","10","12","2","3","4","1","16","280000","1","2","115616","4","2100498","94002","4","115194","8","4","125195","4","1","3","1","1","91002","1","20001"
"1","1","140001","60","2","50001","115315","2","2","4","1","125016","4","1","10","12","2","3","4","1","16","280000","1","2","115586","4","2100499","94002","4","125224","8","4","115225","4","1","3","1","1","91002","1","20001"
"1","0","91002","2","2","0","50001","0","200","2","6","140001","4","0","0","12","0","4","2","1","0","560000","1","6","31020","2","2100500","94002","0","0","4","8","20001","0","1","16","1","1","140000","0","0"
"1","1","140001","60","2","50001","125255","2","2","4","1","125046","4","1","10","12","2","3","4","1","16","320000","1","2","115196","4","2100501","94002","4","115432","8","4","115105","4","1","3","1","1","91002","1","20001"
"1","1","140001","60","2","50001","125075","2","2","4","1","125076","4","1","10","12","2","3","4","1","16","320000","1","2","115556","4","2100502","94002","4","115584","8","4","125015","4","1","3","1","1","91002","1","20001"
"1","1","140001","60","2","50001","115105","2","2","4","1","115136","4","1","10","12","2","3","4","1","16","320000","1","2","125046","4","2100503","94002","4","115284","8","4","125045","4","1","3","1","1","91002","1","20001"
"1","1","140001","60","2","50001","125015","2","2","4","1","115106","4","1","10","12","2","3","4","1","16","320000","1","2","125076","4","2100504","94002","4","125044","8","4","125195","4","1","3","1","1","91002","1","20001"
"1","1","140001","60","2","50001","125045","2","2","4","1","115166","4","1","10","12","2","3","4","1","16","320000","1","2","115136","4","2100505","94002","4","125314","8","4","115225","4","1","3","1","1","91002","1","20001"
"1","1","140001","60","2","50001","125195","2","2","4","1","125016","4","1","10","12","2","3","4","1","16","320000","1","2","115106","4","2100506","94002","4","115344","8","4","115165","4","1","3","1","1","91002","1","20001"
"1","1","140001","60","2","50001","115225","2","2","4","1","115586","4","1","10","12","2","3","4","1","16","320000","1","2","115166","4","2100507","94002","4","115194","8","4","125463","4","1","3","1","1","91002","1","20001"
"1","1","140001","60","2","50001","115165","2","2","4","1","115196","4","1","10","12","2","3","4","1","16","320000","1","2","125016","4","2100508","94002","4","125224","8","4","125255","4","1","3","1","1","91002","1","20001"
"1","1","140001","60","2","50001","125463","2","2","4","1","115556","4","1","10","12","2","3","4","1","16","320000","1","2","115586","4","2100509","94002","4","125374","8","4","125075","4","1","3","1","1","91002","1","20001"
"1","0","91002","2","2","0","50001","0","200","2","6","140001","4","0","0","12","0","4","2","1","0","640000","1","6","31044","2","2100510","94002","0","0","4","8","20001","0","1","16","1","1","140000","0","0"
"1","1","140001","60","2","50001","125255","2","2","4","1","125524","4","1","10","12","2","3","4","1","16","320000","1","2","125076","4","2100511","94002","4","115584","8","4","125015","4","1","3","1","1","91002","1","20001"
"1","1","140001","60","2","50001","125463","2","2","4","1","115316","4","1","10","12","2","3","4","1","16","320000","1","2","115136","4","2100512","94002","4","115432","8","4","125045","4","1","3","1","1","91002","1","20001"
"1","1","140001","60","2","50001","125015","2","2","4","1","115433","4","1","10","12","2","3","4","1","16","320000","1","2","125524","4","2100513","94002","4","115284","8","4","115105","4","1","3","1","1","91002","1","20001"
"1","1","140001","60","2","50001","125045","2","2","4","1","125286","4","1","10","12","2","3","4","1","16","320000","1","2","115316","4","2100514","94002","4","125044","8","4","115225","4","1","3","1","1","91002","1","20001"
"1","1","140001","60","2","50001","115105","2","2","4","1","125376","4","1","10","12","2","3","4","1","16","320000","1","2","115433","4","2100515","94002","4","125314","8","4","125195","4","1","3","1","1","91002","1","20001"
"1","1","140001","60","2","50001","115225","2","2","4","1","115346","4","1","10","12","2","3","4","1","16","320000","1","2","125286","4","2100516","94002","4","115194","8","4","115555","4","1","3","1","1","91002","1","20001"
"1","1","140001","60","2","50001","125195","2","2","4","1","125046","4","1","10","12","2","3","4","1","16","320000","1","2","125376","4","2100517","94002","4","115554","8","4","115165","4","1","3","1","1","91002","1","20001"
"1","1","140001","60","2","50001","115555","2","2","4","1","125076","4","1","10","12","2","3","4","1","16","320000","1","2","115346","4","2100518","94002","4","115344","8","4","125255","4","1","3","1","1","91002","1","20001"
"1","1","140001","60","2","50001","115165","2","2","4","1","115136","4","1","10","12","2","3","4","1","16","320000","1","2","125046","4","2100519","94002","4","115614","8","4","125463","4","1","3","1","1","91002","1","20001"
"1","0","91002","2","2","0","50001","0","200","2","6","140001","4","0","0","12","0","4","2","1","0","640000","1","6","31037","2","2100520","94002","0","0","4","8","20001","0","1","16","1","1","140000","0","0"
"1","1","140001","60","2","50001","125016","2","2","4","1","115197","4","1","10","12","2","3","4","1","16","360000","1","2","125257","4","2100521","94002","4","115105","8","4","125376","4","1","3","1","1","91002","1","20001"
"1","1","140001","60","2","50001","115433","2","2","4","1","115137","4","1","10","12","2","3","4","1","16","360000","1","2","125167","4","2100522","94002","4","125015","8","4","125286","4","1","3","1","1","91002","1","20001"
"1","1","140001","60","2","50001","125376","2","2","4","1","115077","4","1","10","12","2","3","4","1","16","360000","1","2","115197","4","2100523","94002","4","125045","8","4","125076","4","1","3","1","1","91002","1","20001"
"1","1","140001","60","2","50001","125286","2","2","4","1","125017","4","1","10","12","2","3","4","1","16","360000","1","2","115137","4","2100524","94002","4","125075","8","4","125046","4","1","3","1","1","91002","1","20001"
"1","1","140001","60","2","50001","125076","2","2","4","1","125107","4","1","10","12","2","3","4","1","16","360000","1","2","115077","4","2100525","94002","4","115585","8","4","115106","4","1","3","1","1","91002","1","20001"
"1","1","140001","60","2","50001","125046","2","2","4","1","125227","4","1","10","12","2","3","4","1","16","360000","1","2","125017","4","2100526","94002","4","125285","8","4","115136","4","1","3","1","1","91002","1","20001"
"1","1","140001","60","2","50001","115106","2","2","4","1","115047","4","1","10","12","2","3","4","1","16","360000","1","2","125107","4","2100527","94002","4","125345","8","4","115346","4","1","3","1","1","91002","1","20001"
"1","1","140001","60","2","50001","115136","2","2","4","1","125257","4","1","10","12","2","3","4","1","16","360000","1","2","125227","4","2100528","94002","4","125195","8","4","125016","4","1","3","1","1","91002","1","20001"
"1","1","140001","60","2","50001","115346","2","2","4","1","125167","4","1","10","12","2","3","4","1","16","360000","1","2","115047","4","2100529","94002","4","115615","8","4","115433","4","1","3","1","1","91002","1","20001"
"1","0","91002","2","2","0","50001","0","200","2","6","140001","4","0","0","12","0","4","2","1","0","720000","1","6","31046","2","2100530","94002","0","0","4","8","20001","0","1","16","1","1","140000","0","0"
"1","1","140001","60","2","50001","115346","2","2","4","1","115617","4","1","10","12","2","3","4","1","16","360000","1","2","125017","4","2100531","94002","4","115615","8","4","125076","4","1","3","1","1","91002","1","20001"
"1","1","140001","60","2","50001","125256","2","2","4","1","115557","4","1","10","12","2","3","4","1","16","360000","1","2","125107","4","2100532","94002","4","125345","8","4","115106","4","1","3","1","1","91002","1","20001"
"1","1","140001","60","2","50001","125076","2","2","4","1","115077","4","1","10","12","2","3","4","1","16","360000","1","2","115617","4","2100533","94002","4","115165","8","4","115136","4","1","3","1","1","91002","1","20001"
"1","1","140001","60","2","50001","115106","2","2","4","1","115587","4","1","10","12","2","3","4","1","16","360000","1","2","115557","4","2100534","94002","4","125463","8","4","125376","4","1","3","1","1","91002","1","20001"
"1","1","140001","60","2","50001","115136","2","2","4","1","115137","4","1","10","12","2","3","4","1","16","360000","1","2","115077","4","2100535","94002","4","125015","8","4","125046","4","1","3","1","1","91002","1","20001"
"1","1","140001","60","2","50001","125376","2","2","4","1","115197","4","1","10","12","2","3","4","1","16","360000","1","2","115587","4","2100536","94002","4","115105","8","4","125286","4","1","3","1","1","91002","1","20001"
"1","1","140001","60","2","50001","125046","2","2","4","1","115047","4","1","10","12","2","3","4","1","16","360000","1","2","115137","4","2100537","94002","4","125285","8","4","125016","4","1","3","1","1","91002","1","20001"
"1","1","140001","60","2","50001","125286","2","2","4","1","125017","4","1","10","12","2","3","4","1","16","360000","1","2","115197","4","2100538","94002","4","125075","8","4","115346","4","1","3","1","1","91002","1","20001"
"1","1","140001","60","2","50001","125016","2","2","4","1","125107","4","1","10","12","2","3","4","1","16","360000","1","2","115047","4","2100539","94002","4","115585","8","4","125256","4","1","3","1","1","91002","1","20001"
"1","0","91002","2","2","0","50001","0","200","2","6","140001","4","0","0","12","0","4","2","1","0","720000","1","6","31025","2","2100540","94002","0","0","4","8","20001","0","1","16","1","1","140000","0","0"
"1","1","140001","60","2","50001","125256","2","2","4","1","115317","4","1","10","12","2","3","4","1","16","400000","1","2","115137","4","2100541","94002","4","115615","8","4","125076","4","1","3","1","1","91002","1","20001"
"1","1","140001","60","2","50001","115166","2","2","4","1","125377","4","1","10","12","2","3","4","1","16","400000","1","2","115047","4","2100542","94002","4","125345","8","4","125046","4","1","3","1","1","91002","1","20001"
"1","1","140001","60","2","50001","125076","2","2","4","1","125287","4","1","10","12","2","3","4","1","16","400000","1","2","115317","4","2100543","94002","4","125463","8","4","115136","4","1","3","1","1","91002","1","20001"
"1","1","140001","60","2","50001","125046","2","2","4","1","115464","4","1","10","12","2","3","4","1","16","400000","1","2","125377","4","2100544","94002","4","115165","8","4","115106","4","1","3","1","1","91002","1","20001"
"1","1","140001","60","2","50001","115136","2","2","4","1","115403","4","1","10","12","2","3","4","1","16","400000","1","2","125287","4","2100545","94002","4","125045","8","4","125376","4","1","3","1","1","91002","1","20001"
"1","1","140001","60","2","50001","115106","2","2","4","1","125347","4","1","10","12","2","3","4","1","16","400000","1","2","115464","4","2100546","94002","4","125285","8","4","125286","4","1","3","1","1","91002","1","20001"
"1","1","140001","60","2","50001","125376","2","2","4","1","115077","4","1","10","12","2","3","4","1","16","400000","1","2","115403","4","2100547","94002","4","125075","8","4","125016","4","1","3","1","1","91002","1","20001"
"1","1","140001","60","2","50001","125286","2","2","4","1","115137","4","1","10","12","2","3","4","1","16","400000","1","2","125347","4","2100548","94002","4","125015","8","4","125256","4","1","3","1","1","91002","1","20001"
"1","1","140001","60","2","50001","125016","2","2","4","1","115047","4","1","10","12","2","3","4","1","16","400000","1","2","115077","4","2100549","94002","4","115585","8","4","115166","4","1","3","1","1","91002","1","20001"
"1","0","91002","2","2","0","50001","0","200","2","6","140001","4","0","0","12","0","4","2","1","0","800000","1","6","31013","2","2100550","94002","0","0","4","8","20001","0","1","16","1","1","140000","0","0"
"1","1","140001","60","2","50001","115403","2","2","4","1","116071","4","1","10","12","2","3","4","1","16","400000","1","2","126251","4","2100551","94002","4","115106","8","4","115047","4","1","3","1","1","91002","1","20001"
"1","1","140001","60","2","50001","125107","2","2","4","1","116191","4","1","10","12","2","3","4","1","16","400000","1","2","126101","4","2100552","94002","4","125376","8","4","115137","4","1","3","1","1","91002","1","20001"
"1","1","140001","60","2","50001","115047","2","2","4","1","116041","4","1","10","12","2","3","4","1","16","400000","1","2","116071","4","2100553","94002","4","125076","8","4","115077","4","1","3","1","1","91002","1","20001"
"1","1","140001","60","2","50001","115137","2","2","4","1","116131","4","1","10","12","2","3","4","1","16","400000","1","2","116191","4","2100554","94002","4","125016","8","4","125017","4","1","3","1","1","91002","1","20001"
"1","1","140001","60","2","50001","115077","2","2","4","1","126221","4","1","10","12","2","3","4","1","16","400000","1","2","116041","4","2100555","94002","4","125046","8","4","115197","4","1","3","1","1","91002","1","20001"
"1","1","140001","60","2","50001","125017","2","2","4","1","126011","4","1","10","12","2","3","4","1","16","400000","1","2","116131","4","2100556","94002","4","115616","8","4","115317","4","1","3","1","1","91002","1","20001"
"1","1","140001","60","2","50001","115197","2","2","4","1","126161","4","1","10","12","2","3","4","1","16","400000","1","2","126221","4","2100557","94002","4","115136","8","4","125377","4","1","3","1","1","91002","1","20001"
"1","1","140001","60","2","50001","115317","2","2","4","1","126251","4","1","10","12","2","3","4","1","16","400000","1","2","126011","4","2100558","94002","4","115433","8","4","115403","4","1","3","1","1","91002","1","20001"
"1","1","140001","60","2","50001","125377","2","2","4","1","126101","4","1","10","12","2","3","4","1","16","400000","1","2","126161","4","2100559","94002","4","115586","8","4","125107","4","1","3","1","1","91002","1","20001"
"1","0","91002","2","2","0","50001","0","200","2","6","140001","4","0","0","12","0","4","2","1","0","800000","1","6","31042","2","2100560","94002","0","0","4","8","20001","0","1","16","1","1","140000","0","0"
"1","1","140001","60","2","50001","115137","2","2","4","1","116551","4","1","10","12","2","3","4","1","16","440000","1","2","126011","4","2100561","94002","4","125376","8","4","115317","4","1","3","1","1","91002","1","20001"
"1","1","140001","60","2","50001","125107","2","2","4","1","116611","4","1","10","12","2","3","4","1","16","440000","1","2","116131","4","2100562","94002","4","125286","8","4","115047","4","1","3","1","1","91002","1","20001"
"1","1","140001","60","2","50001","115317","2","2","4","1","116041","4","1","10","12","2","3","4","1","16","440000","1","2","116551","4","2100563","94002","4","125046","8","4","125377","4","1","3","1","1","91002","1","20001"
"1","1","140001","60","2","50001","115047","2","2","4","1","116581","4","1","10","12","2","3","4","1","16","440000","1","2","116611","4","2100564","94002","4","115433","8","4","115617","4","1","3","1","1","91002","1","20001"
"1","1","140001","60","2","50001","125377","2","2","4","1","116191","4","1","10","12","2","3","4","1","16","440000","1","2","116041","4","2100565","94002","4","115106","8","4","115077","4","1","3","1","1","91002","1","20001"
"1","1","140001","60","2","50001","115617","2","2","4","1","116071","4","1","10","12","2","3","4","1","16","440000","1","2","116581","4","2100566","94002","4","115316","8","4","115403","4","1","3","1","1","91002","1","20001"
"1","1","140001","60","2","50001","115077","2","2","4","1","126161","4","1","10","12","2","3","4","1","16","440000","1","2","116191","4","2100567","94002","4","115586","8","4","115197","4","1","3","1","1","91002","1","20001"
"1","1","140001","60","2","50001","115403","2","2","4","1","126011","4","1","10","12","2","3","4","1","16","440000","1","2","116071","4","2100568","94002","4","125076","8","4","115137","4","1","3","1","1","91002","1","20001"
"1","1","140001","60","2","50001","115197","2","2","4","1","116131","4","1","10","12","2","3","4","1","16","440000","1","2","126161","4","2100569","94002","4","115616","8","4","125107","4","1","3","1","1","91002","1","20001"
"1","0","91002","2","2","0","50001","0","200","2","6","140001","4","0","0","12","0","4","2","1","0","880000","1","6","31057","2","2100570","94002","0","0","4","8","20001","0","1","16","1","1","140000","0","0"
"1","1","140001","60","2","50001","115197","2","2","4","1","126371","4","1","10","12","2","3","4","1","16","440000","1","2","116071","4","2100571","94002","4","125376","8","4","115317","4","1","3","1","1","91002","1","20001"
"1","1","140001","60","2","50001","115557","2","2","4","1","116311","4","1","10","12","2","3","4","1","16","440000","1","2","116041","4","2100572","94002","4","115433","8","4","115047","4","1","3","1","1","91002","1","20001"
"1","1","140001","60","2","50001","115317","2","2","4","1","126281","4","1","10","12","2","3","4","1","16","440000","1","2","126371","4","2100573","94002","4","115616","8","4","115617","4","1","3","1","1","91002","1","20001"
"1","1","140001","60","2","50001","115047","2","2","4","1","116401","4","1","10","12","2","3","4","1","16","440000","1","2","116311","4","2100574","94002","4","125046","8","4","115403","4","1","3","1","1","91002","1","20001"
"1","1","140001","60","2","50001","115617","2","2","4","1","126341","4","1","10","12","2","3","4","1","16","440000","1","2","126281","4","2100575","94002","4","115106","8","4","115587","4","1","3","1","1","91002","1","20001"
"1","1","140001","60","2","50001","115403","2","2","4","1","116461","4","1","10","12","2","3","4","1","16","440000","1","2","116401","4","2100576","94002","4","125286","8","4","125377","4","1","3","1","1","91002","1","20001"
"1","1","140001","60","2","50001","115587","2","2","4","1","116191","4","1","10","12","2","3","4","1","16","440000","1","2","126341","4","2100577","94002","4","115586","8","4","115077","4","1","3","1","1","91002","1","20001"
"1","1","140001","60","2","50001","125377","2","2","4","1","116071","4","1","10","12","2","3","4","1","16","440000","1","2","116461","4","2100578","94002","4","115316","8","4","115197","4","1","3","1","1","91002","1","20001"
"1","1","140001","60","2","50001","115077","2","2","4","1","116041","4","1","10","12","2","3","4","1","16","440000","1","2","116191","4","2100579","94002","4","115196","8","4","115557","4","1","3","1","1","91002","1","20001"
"1","0","91002","2","2","0","50001","0","200","2","6","140001","4","0","0","12","0","4","2","1","0","880000","1","6","31045","2","2100580","94002","0","0","4","8","20001","0","1","16","1","1","140000","0","0"
"1","1","140001","60","2","50001","126161","2","2","4","1","126162","4","1","10","12","2","3","4","1","16","480000","1","2","116072","4","2100581","94002","4","115617","8","4","116041","4","1","3","1","1","91002","1","20001"
"1","1","140001","60","2","50001","126341","2","2","4","1","126102","4","1","10","12","2","3","4","1","16","480000","1","2","126252","4","2100582","94002","4","115317","8","4","116311","4","1","3","1","1","91002","1","20001"
"1","1","140001","60","2","50001","116041","2","2","4","1","116132","4","1","10","12","2","3","4","1","16","480000","1","2","126162","4","2100583","94002","4","115587","8","4","126371","4","1","3","1","1","91002","1","20001"
"1","1","140001","60","2","50001","116311","2","2","4","1","126222","4","1","10","12","2","3","4","1","16","480000","1","2","126102","4","2100584","94002","4","125377","8","4","116401","4","1","3","1","1","91002","1","20001"
"1","1","140001","60","2","50001","126371","2","2","4","1","116042","4","1","10","12","2","3","4","1","16","480000","1","2","116132","4","2100585","94002","4","115047","8","4","116191","4","1","3","1","1","91002","1","20001"
"1","1","140001","60","2","50001","116401","2","2","4","1","126012","4","1","10","12","2","3","4","1","16","480000","1","2","126222","4","2100586","94002","4","115403","8","4","116071","4","1","3","1","1","91002","1","20001"
"1","1","140001","60","2","50001","116191","2","2","4","1","116192","4","1","10","12","2","3","4","1","16","480000","1","2","116042","4","2100587","94002","4","115077","8","4","116461","4","1","3","1","1","91002","1","20001"
"1","1","140001","60","2","50001","116071","2","2","4","1","116072","4","1","10","12","2","3","4","1","16","480000","1","2","126012","4","2100588","94002","4","115197","8","4","126161","4","1","3","1","1","91002","1","20001"
"1","1","140001","60","2","50001","116461","2","2","4","1","126252","4","1","10","12","2","3","4","1","16","480000","1","2","116192","4","2100589","94002","4","125107","8","4","126341","4","1","3","1","1","91002","1","20001"
"1","0","91002","2","2","0","50001","0","200","2","6","140001","4","0","0","12","0","4","2","1","0","960000","1","6","31029","2","2100590","94002","0","0","4","8","20001","0","1","16","1","1","140000","0","0"
"1","1","140001","60","2","50001","126371","2","2","4","1","126102","4","1","10","12","2","3","4","1","16","480000","1","2","116552","4","2100591","94002","4","115617","8","4","116041","4","1","3","1","1","91002","1","20001"
"1","1","140001","60","2","50001","116401","2","2","4","1","126162","4","1","10","12","2","3","4","1","16","480000","1","2","126252","4","2100592","94002","4","115317","8","4","116191","4","1","3","1","1","91002","1","20001"
"1","1","140001","60","2","50001","116041","2","2","4","1","126012","4","1","10","12","2","3","4","1","16","480000","1","2","126102","4","2100593","94002","4","115587","8","4","116311","4","1","3","1","1","91002","1","20001"
"1","1","140001","60","2","50001","116191","2","2","4","1","116132","4","1","10","12","2","3","4","1","16","480000","1","2","126162","4","2100594","94002","4","115403","8","4","126161","4","1","3","1","1","91002","1","20001"
"1","1","140001","60","2","50001","116311","2","2","4","1","126222","4","1","10","12","2","3","4","1","16","480000","1","2","126012","4","2100595","94002","4","115047","8","4","116071","4","1","3","1","1","91002","1","20001"
"1","1","140001","60","2","50001","126161","2","2","4","1","116612","4","1","10","12","2","3","4","1","16","480000","1","2","116132","4","2100596","94002","4","125377","8","4","116461","4","1","3","1","1","91002","1","20001"
"1","1","140001","60","2","50001","116071","2","2","4","1","116582","4","1","10","12","2","3","4","1","16","480000","1","2","126222","4","2100597","94002","4","125107","8","4","116611","4","1","3","1","1","91002","1","20001"
"1","1","140001","60","2","50001","116461","2","2","4","1","116552","4","1","10","12","2","3","4","1","16","480000","1","2","116612","4","2100598","94002","4","115077","8","4","126371","4","1","3","1","1","91002","1","20001"
"1","1","140001","60","2","50001","116611","2","2","4","1","126252","4","1","10","12","2","3","4","1","16","480000","1","2","116582","4","2100599","94002","4","125017","8","4","116401","4","1","3","1","1","91002","1","20001"
"1","0","91002","2","2","0","50001","0","200","2","6","140001","4","0","0","12","0","4","2","1","0","960000","1","6","31056","2","2100600","94002","0","0","4","8","20001","0","1","16","1","1","140000","0","0"
"1","1","140001","60","2","50001","126341","2","2","4","1","116372","4","1","10","12","2","3","4","1","16","520000","1","2","126162","4","2100601","94002","4","115617","8","4","116041","4","1","3","1","1","91002","1","20001"
"1","1","140001","60","2","50001","126161","2","2","4","1","126282","4","1","10","12","2","3","4","1","16","520000","1","2","126102","4","2100602","94002","4","115317","8","4","116611","4","1","3","1","1","91002","1","20001"
"1","1","140001","60","2","50001","116041","2","2","4","1","116312","4","1","10","12","2","3","4","1","16","520000","1","2","116372","4","2100603","94002","4","115587","8","4","116191","4","1","3","1","1","91002","1","20001"
"1","1","140001","60","2","50001","116611","2","2","4","1","116431","4","1","10","12","2","3","4","1","16","520000","1","2","126282","4","2100604","94002","4","125377","8","4","116551","4","1","3","1","1","91002","1","20001"
"1","1","140001","60","2","50001","116191","2","2","4","1","126342","4","1","10","12","2","3","4","1","16","520000","1","2","116312","4","2100605","94002","4","115403","8","4","126101","4","1","3","1","1","91002","1","20001"
"1","1","140001","60","2","50001","116551","2","2","4","1","126012","4","1","10","12","2","3","4","1","16","520000","1","2","116431","4","2100606","94002","4","115047","8","4","116311","4","1","3","1","1","91002","1","20001"
"1","1","140001","60","2","50001","126101","2","2","4","1","126521","4","1","10","12","2","3","4","1","16","520000","1","2","126342","4","2100607","94002","4","125107","8","4","116071","4","1","3","1","1","91002","1","20001"
"1","1","140001","60","2","50001","116311","2","2","4","1","126162","4","1","10","12","2","3","4","1","16","520000","1","2","126012","4","2100608","94002","4","115077","8","4","126341","4","1","3","1","1","91002","1","20001"
"1","1","140001","60","2","50001","116071","2","2","4","1","126102","4","1","10","12","2","3","4","1","16","520000","1","2","126521","4","2100609","94002","4","115197","8","4","126161","4","1","3","1","1","91002","1","20001"
"1","0","91002","2","2","0","50001","0","200","2","6","140001","4","0","0","12","0","4","2","1","0","1040000","1","6","31037","2","2100610","94002","0","0","4","8","20001","0","1","16","1","1","140000","0","0"
"1","1","140001","60","2","50001","116132","2","2","4","1","126103","4","1","10","12","2","3","4","1","16","520000","1","2","126253","4","2100611","94002","4","116041","8","4","126012","4","1","3","1","1","91002","1","20001"
"1","1","140001","60","2","50001","116042","2","2","4","1","126223","4","1","10","12","2","3","4","1","16","520000","1","2","116073","4","2100612","94002","4","116611","8","4","126222","4","1","3","1","1","91002","1","20001"
"1","1","140001","60","2","50001","126012","2","2","4","1","116133","4","1","10","12","2","3","4","1","16","520000","1","2","126103","4","2100613","94002","4","126101","8","4","126162","4","1","3","1","1","91002","1","20001"
"1","1","140001","60","2","50001","126222","2","2","4","1","126013","4","1","10","12","2","3","4","1","16","520000","1","2","126223","4","2100614","94002","4","116191","8","4","126282","4","1","3","1","1","91002","1","20001"
"1","1","140001","60","2","50001","126162","2","2","4","1","116043","4","1","10","12","2","3","4","1","16","520000","1","2","116133","4","2100615","94002","4","116311","8","4","126102","4","1","3","1","1","91002","1","20001"
"1","1","140001","60","2","50001","126282","2","2","4","1","116193","4","1","10","12","2","3","4","1","16","520000","1","2","126013","4","2100616","94002","4","116581","8","4","126521","4","1","3","1","1","91002","1","20001"
"1","1","140001","60","2","50001","126102","2","2","4","1","126163","4","1","10","12","2","3","4","1","16","520000","1","2","116043","4","2100617","94002","4","116461","8","4","116192","4","1","3","1","1","91002","1","20001"
"1","1","140001","60","2","50001","126521","2","2","4","1","126253","4","1","10","12","2","3","4","1","16","520000","1","2","116193","4","2100618","94002","4","116071","8","4","116132","4","1","3","1","1","91002","1","20001"
"1","1","140001","60","2","50001","116192","2","2","4","1","116073","4","1","10","12","2","3","4","1","16","520000","1","2","126163","4","2100619","94002","4","126281","8","4","116042","4","1","3","1","1","91002","1","20001"
"1","0","91002","2","2","0","50001","0","200","2","6","140001","4","0","0","12","0","4","2","1","0","1040000","1","6","31011","2","2100620","94002","0","0","4","8","20001","0","1","16","1","1","140000","0","0"
"1","1","140001","60","2","50001","126102","2","2","4","1","116553","4","1","10","12","2","3","4","1","16","560000","1","2","126103","4","2100621","94002","4","116611","8","4","126222","4","1","3","1","1","91002","1","20001"
"1","1","140001","60","2","50001","116372","2","2","4","1","116613","4","1","10","12","2","3","4","1","16","560000","1","2","126253","4","2100622","94002","4","116041","8","4","126012","4","1","3","1","1","91002","1","20001"
"1","1","140001","60","2","50001","126222","2","2","4","1","126163","4","1","10","12","2","3","4","1","16","560000","1","2","116553","4","2100623","94002","4","126101","8","4","126162","4","1","3","1","1","91002","1","20001"
"1","1","140001","60","2","50001","126012","2","2","4","1","116583","4","1","10","12","2","3","4","1","16","560000","1","2","116613","4","2100624","94002","4","116581","8","4","116552","4","1","3","1","1","91002","1","20001"
"1","1","140001","60","2","50001","126162","2","2","4","1","116133","4","1","10","12","2","3","4","1","16","560000","1","2","126163","4","2100625","94002","4","116191","8","4","116042","4","1","3","1","1","91002","1","20001"
"1","1","140001","60","2","50001","116552","2","2","4","1","126013","4","1","10","12","2","3","4","1","16","560000","1","2","116583","4","2100626","94002","4","116311","8","4","126282","4","1","3","1","1","91002","1","20001"
"1","1","140001","60","2","50001","116042","2","2","4","1","126223","4","1","10","12","2","3","4","1","16","560000","1","2","116133","4","2100627","94002","4","116401","8","4","116192","4","1","3","1","1","91002","1","20001"
"1","1","140001","60","2","50001","126282","2","2","4","1","126103","4","1","10","12","2","3","4","1","16","560000","1","2","126013","4","2100628","94002","4","126281","8","4","126102","4","1","3","1","1","91002","1","20001"
"1","1","140001","60","2","50001","116192","2","2","4","1","126253","4","1","10","12","2","3","4","1","16","560000","1","2","126223","4","2100629","94002","4","116071","8","4","116372","4","1","3","1","1","91002","1","20001"
"1","0","91002","2","2","0","50001","0","200","2","6","140001","4","0","0","12","0","4","2","1","0","1120000","1","6","31046","2","2100630","94002","0","0","4","8","20001","0","1","16","1","1","140000","0","0"
"1","1","140001","60","2","50001","126102","2","2","4","1","116313","4","1","10","12","2","3","4","1","16","560000","1","2","116133","4","2100631","94002","4","116611","8","4","126222","4","1","3","1","1","91002","1","20001"
"1","1","140001","60","2","50001","126282","2","2","4","1","126373","4","1","10","12","2","3","4","1","16","560000","1","2","126103","4","2100632","94002","4","116041","8","4","126012","4","1","3","1","1","91002","1","20001"
"1","1","140001","60","2","50001","126222","2","2","4","1","126283","4","1","10","12","2","3","4","1","16","560000","1","2","116313","4","2100633","94002","4","126101","8","4","116552","4","1","3","1","1","91002","1","20001"
"1","1","140001","60","2","50001","126012","2","2","4","1","116462","4","1","10","12","2","3","4","1","16","560000","1","2","126373","4","2100634","94002","4","116401","8","4","116192","4","1","3","1","1","91002","1","20001"
"1","1","140001","60","2","50001","116552","2","2","4","1","126343","4","1","10","12","2","3","4","1","16","560000","1","2","126283","4","2100635","94002","4","116191","8","4","116042","4","1","3","1","1","91002","1","20001"
"1","1","140001","60","2","50001","116192","2","2","4","1","116491","4","1","10","12","2","3","4","1","16","560000","1","2","116462","4","2100636","94002","4","116581","8","4","126162","4","1","3","1","1","91002","1","20001"
"1","1","140001","60","2","50001","116042","2","2","4","1","126163","4","1","10","12","2","3","4","1","16","560000","1","2","126343","4","2100637","94002","4","116311","8","4","116372","4","1","3","1","1","91002","1","20001"
"1","1","140001","60","2","50001","126162","2","2","4","1","116133","4","1","10","12","2","3","4","1","16","560000","1","2","116491","4","2100638","94002","4","116071","8","4","126102","4","1","3","1","1","91002","1","20001"
"1","1","140001","60","2","50001","116372","2","2","4","1","126103","4","1","10","12","2","3","4","1","16","560000","1","2","126163","4","2100639","94002","4","116131","8","4","126282","4","1","3","1","1","91002","1","20001"
"1","0","91002","2","2","0","50001","0","200","2","6","140001","4","0","0","12","0","4","2","1","0","1120000","1","6","31025","2","2100640","94002","0","0","4","8","20001","0","1","16","1","1","140000","0","0"
"1","1","140001","60","2","50001","126373","2","2","4","1","127161","4","1","10","12","2","3","4","1","16","600000","1","2","117191","4","2100641","94002","4","126222","8","4","116313","4","1","3","1","1","91002","1","20001"
"1","1","140001","60","2","50001","116462","2","2","4","1","117041","4","1","10","12","2","3","4","1","16","600000","1","2","127251","4","2100642","94002","4","126102","8","4","126163","4","1","3","1","1","91002","1","20001"
"1","1","140001","60","2","50001","116313","2","2","4","1","127101","4","1","10","12","2","3","4","1","16","600000","1","2","127161","4","2100643","94002","4","126162","8","4","126013","4","1","3","1","1","91002","1","20001"
"1","1","140001","60","2","50001","126163","2","2","4","1","127221","4","1","10","12","2","3","4","1","16","600000","1","2","117041","4","2100644","94002","4","126012","8","4","126223","4","1","3","1","1","91002","1","20001"
"1","1","140001","60","2","50001","126013","2","2","4","1","127011","4","1","10","12","2","3","4","1","16","600000","1","2","127101","4","2100645","94002","4","126282","8","4","116133","4","1","3","1","1","91002","1","20001"
"1","1","140001","60","2","50001","126223","2","2","4","1","117071","4","1","10","12","2","3","4","1","16","600000","1","2","127221","4","2100646","94002","4","116042","8","4","126103","4","1","3","1","1","91002","1","20001"
"1","1","140001","60","2","50001","116133","2","2","4","1","117131","4","1","10","12","2","3","4","1","16","600000","1","2","127011","4","2100647","94002","4","116372","8","4","126283","4","1","3","1","1","91002","1","20001"
"1","1","140001","60","2","50001","126103","2","2","4","1","117191","4","1","10","12","2","3","4","1","16","600000","1","2","117071","4","2100648","94002","4","116192","8","4","126373","4","1","3","1","1","91002","1","20001"
"1","1","140001","60","2","50001","126283","2","2","4","1","127251","4","1","10","12","2","3","4","1","16","600000","1","2","117131","4","2100649","94002","4","116582","8","4","116462","4","1","3","1","1","91002","1","20001"
"1","0","91002","2","2","0","50001","0","200","2","6","140001","4","0","0","12","0","4","2","1","0","1200000","1","6","31013","2","2100650","94002","0","0","4","8","20001","0","1","16","1","1","140000","0","0"
"1","1","140001","60","3","50001","126283","2","2","4","1","117041","4","1","10","12","2","5","4","1","16","600000","1","3","117581","4","2100651","94002","4","126102","8","4","126013","4","1","5","1","1","91002","1","20001"
"1","1","140001","60","3","50001","116073","2","3","4","1","127161","4","1","10","12","2","5","4","1","16","600000","1","3","127101","4","2100652","94002","4","126222","8","4","116133","4","1","5","1","1","91002","1","20001"
"1","1","140001","60","3","50001","126013","2","2","4","1","117551","4","1","10","12","2","5","4","1","16","600000","1","3","117041","4","2100653","94002","4","126162","8","4","126163","4","1","5","1","1","91002","1","20001"
"1","1","140001","60","3","50001","116133","2","3","4","1","127221","4","1","10","12","2","5","4","1","16","600000","1","3","127161","4","2100654","94002","4","116582","8","4","126103","4","1","5","1","1","91002","1","20001"
"1","1","140001","60","3","50001","126163","2","2","4","1","117071","4","1","10","12","2","5","4","1","16","600000","1","3","117551","4","2100655","94002","4","126012","8","4","126223","4","1","5","1","1","91002","1","20001"
"1","1","140001","60","3","50001","126103","2","3","4","1","127011","4","1","10","12","2","5","4","1","16","600000","1","3","127221","4","2100656","94002","4","116192","8","4","116313","4","1","5","1","1","91002","1","20001"
"1","1","140001","60","3","50001","126223","2","2","4","1","117611","4","1","10","12","2","5","4","1","16","600000","1","3","117071","4","2100657","94002","4","116042","8","4","116553","4","1","5","1","1","91002","1","20001"
"1","1","140001","60","3","50001","116313","2","3","4","1","117581","4","1","10","12","2","5","4","1","16","600000","1","3","127011","4","2100658","94002","4","126282","8","4","126283","4","1","5","1","1","91002","1","20001"
"1","1","140001","60","3","50001","116553","2","2","4","1","127101","4","1","10","12","2","5","4","1","16","600000","1","3","117611","4","2100659","94002","4","116372","8","4","116073","4","1","5","1","1","91002","1","20001"
"1","0","91002","2","2","0","50001","0","200","2","6","140001","4","0","0","12","0","4","2","1","0","1200000","1","6","31042","2","2100660","94002","0","0","4","8","20001","0","1","16","1","1","140000","0","0"
"1","1","140001","60","3","50001","116613","2","2","4","1","117311","4","1","10","12","2","5","4","1","16","640000","1","3","127221","4","2100661","94002","4","126102","8","4","126013","4","1","5","1","1","91002","1","20001"
"1","1","140001","60","3","50001","126253","2","3","4","1","127371","4","1","10","12","2","5","4","1","16","640000","1","3","127011","4","2100662","94002","4","126012","8","4","116553","4","1","5","1","1","91002","1","20001"
"1","1","140001","60","3","50001","126013","2","2","4","1","117461","4","1","10","12","2","5","4","1","16","640000","1","3","117311","4","2100663","94002","4","116582","8","4","126163","4","1","5","1","1","91002","1","20001"
"1","1","140001","60","3","50001","116553","2","3","4","1","127281","4","1","10","12","2","5","4","1","16","640000","1","3","127371","4","2100664","94002","4","126162","8","4","126223","4","1","5","1","1","91002","1","20001"
"1","1","140001","60","3","50001","126163","2","2","4","1","127341","4","1","10","12","2","5","4","1","16","640000","1","3","117461","4","2100665","94002","4","116192","8","4","116313","4","1","5","1","1","91002","1","20001"
"1","1","140001","60","3","50001","126223","2","3","4","1","117491","4","1","10","12","2","5","4","1","16","640000","1","3","127281","4","2100666","94002","4","126222","8","4","116133","4","1","5","1","1","91002","1","20001"
"1","1","140001","60","3","50001","116313","2","2","4","1","117041","4","1","10","12","2","5","4","1","16","640000","1","3","127341","4","2100667","94002","4","116132","8","4","126103","4","1","5","1","1","91002","1","20001"
"1","1","140001","60","3","50001","116133","2","3","4","1","127221","4","1","10","12","2","5","4","1","16","640000","1","3","117491","4","2100668","94002","4","126252","8","4","116613","4","1","5","1","1","91002","1","20001"
"1","1","140001","60","3","50001","126103","2","2","4","1","127011","4","1","10","12","2","5","4","1","16","640000","1","3","117041","4","2100669","94002","4","126282","8","4","126253","4","1","5","1","1","91002","1","20001"
"1","0","91002","2","2","0","50001","0","200","2","6","140001","4","0","0","12","0","4","2","1","0","1280000","1","6","31057","2","2100670","94002","0","0","4","8","20001","0","1","16","1","1","140000","0","0"
"1","1","140001","60","3","50001","116583","2","2","4","1","127162","4","1","10","12","2","5","4","1","16","640000","1","3","127011","4","2100671","94002","4","116582","8","4","116613","4","1","5","1","1","91002","1","20001"
"1","1","140001","60","3","50001","116462","2","3","4","1","117132","4","1","10","12","2","5","4","1","16","640000","1","3","127221","4","2100672","94002","4","126102","8","4","116313","4","1","5","1","1","91002","1","20001"
"1","1","140001","60","3","50001","116613","2","2","4","1","127102","4","1","10","12","2","5","4","1","16","640000","1","3","127162","4","2100673","94002","4","126012","8","4","126013","4","1","5","1","1","91002","1","20001"
"1","1","140001","60","3","50001","116313","2","3","4","1","127012","4","1","10","12","2","5","4","1","16","640000","1","3","117132","4","2100674","94002","4","126252","8","4","116133","4","1","5","1","1","91002","1","20001"
"1","1","140001","60","3","50001","126013","2","2","4","1","127222","4","1","10","12","2","5","4","1","16","640000","1","3","127102","4","2100675","94002","4","126162","8","4","126163","4","1","5","1","1","91002","1","20001"
"1","1","140001","60","3","50001","116133","2","3","4","1","117072","4","1","10","12","2","5","4","1","16","640000","1","3","127012","4","2100676","94002","4","116132","8","4","126103","4","1","5","1","1","91002","1","20001"
"1","1","140001","60","3","50001","126163","2","2","4","1","117042","4","1","10","12","2","5","4","1","16","640000","1","3","127222","4","2100677","94002","4","116552","8","4","126253","4","1","5","1","1","91002","1","20001"
"1","1","140001","60","3","50001","126103","2","3","4","1","127011","4","1","10","12","2","5","4","1","16","640000","1","3","117072","4","2100678","94002","4","116192","8","4","116583","4","1","5","1","1","91002","1","20001"
"1","1","140001","60","3","50001","126253","2","2","4","1","127221","4","1","10","12","2","5","4","1","16","640000","1","3","117042","4","2100679","94002","4","126222","8","4","116462","4","1","5","1","1","91002","1","20001"
"1","0","91002","2","2","0","50001","0","200","2","6","140001","4","0","0","12","0","4","2","1","0","1280000","1","6","31045","2","2100680","94002","0","0","4","8","20001","0","1","16","1","1","140000","0","0"
"1","1","140001","60","3","50001","117191","2","2","4","1","117612","4","1","10","12","2","5","4","1","16","680000","1","3","127012","4","2100681","94002","4","116613","8","4","127221","4","1","5","1","1","91002","1","20001"
"1","1","140001","60","3","50001","127101","2","3","4","1","117582","4","1","10","12","2","5","4","1","16","680000","1","3","117042","4","2100682","94002","4","116313","8","4","127011","4","1","5","1","1","91002","1","20001"
"1","1","140001","60","3","50001","127281","2","2","4","1","117552","4","1","10","12","2","5","4","1","16","680000","1","3","117612","4","2100683","94002","4","116133","8","4","127161","4","1","5","1","1","91002","1","20001"
"1","1","140001","60","3","50001","117491","2","3","4","1","117132","4","1","10","12","2","5","4","1","16","680000","1","3","117582","4","2100684","94002","4","126013","8","4","117041","4","1","5","1","1","91002","1","20001"
"1","1","140001","60","3","50001","127011","2","2","4","1","127102","4","1","10","12","2","5","4","1","16","680000","1","3","117552","4","2100685","94002","4","116583","8","4","117071","4","1","5","1","1","91002","1","20001"
"1","1","140001","60","3","50001","117071","2","3","4","1","127222","4","1","10","12","2","5","4","1","16","680000","1","3","117132","4","2100686","94002","4","116462","8","4","117311","4","1","5","1","1","91002","1","20001"
"1","1","140001","60","3","50001","127221","2","2","4","1","117072","4","1","10","12","2","5","4","1","16","680000","1","3","127102","4","2100687","94002","4","116553","8","4","117131","4","1","5","1","1","91002","1","20001"
"1","1","140001","60","3","50001","117461","2","3","4","1","127012","4","1","10","12","2","5","4","1","16","680000","1","3","127222","4","2100688","94002","4","126163","8","4","117191","4","1","5","1","1","91002","1","20001"
"1","1","140001","60","3","50001","127371","2","2","4","1","117042","4","1","10","12","2","5","4","1","16","680000","1","3","117072","4","2100689","94002","4","116073","8","4","127281","4","1","5","1","1","91002","1","20001"
"1","0","91002","2","2","0","50001","0","200","2","6","140001","4","0","0","12","0","4","2","1","0","1360000","1","6","31029","2","2100690","94002","0","0","4","8","20001","0","1","16","1","1","140000","0","0"
"1","1","140001","60","3","50001","117551","2","2","4","1","117372","4","1","10","12","2","5","4","1","16","680000","1","3","117072","4","2100691","94002","4","116613","8","4","127221","4","1","5","1","1","91002","1","20001"
"1","1","140001","60","3","50001","117191","2","3","4","1","117312","4","1","10","12","2","5","4","1","16","680000","1","3","127102","4","2100692","94002","4","116313","8","4","127161","4","1","5","1","1","91002","1","20001"
"1","1","140001","60","3","50001","127281","2","2","4","1","117492","4","1","10","12","2","5","4","1","16","680000","1","3","117372","4","2100693","94002","4","116133","8","4","117041","4","1","5","1","1","91002","1","20001"
"1","1","140001","60","3","50001","127371","2","3","4","1","127342","4","1","10","12","2","5","4","1","16","680000","1","3","117312","4","2100694","94002","4","116462","8","4","117071","4","1","5","1","1","91002","1","20001"
"1","1","140001","60","3","50001","127101","2","2","4","1","127282","4","1","10","12","2","5","4","1","16","680000","1","3","117492","4","2100695","94002","4","116583","8","4","117311","4","1","5","1","1","91002","1","20001"
"1","1","140001","60","3","50001","127251","2","3","4","1","127462","4","1","10","12","2","5","4","1","16","680000","1","3","127342","4","2100696","94002","4","126013","8","4","127011","4","1","5","1","1","91002","1","20001"
"1","1","140001","60","3","50001","117611","2","2","4","1","117132","4","1","10","12","2","5","4","1","16","680000","1","3","127282","4","2100697","94002","4","116073","8","4","117131","4","1","5","1","1","91002","1","20001"
"1","1","140001","60","3","50001","117461","2","3","4","1","117072","4","1","10","12","2","5","4","1","16","680000","1","3","127462","4","2100698","94002","4","126163","8","4","117551","4","1","5","1","1","91002","1","20001"
"1","1","140001","60","3","50001","117491","2","2","4","1","127102","4","1","10","12","2","5","4","1","16","680000","1","3","117132","4","2100699","94002","4","116553","8","4","117191","4","1","5","1","1","91002","1","20001"
"1","0","91002","2","2","0","50001","0","200","2","6","140001","4","0","0","12","0","4","2","1","0","1360000","1","6","31056","2","2100700","94002","0","0","4","8","20001","0","1","16","1","1","140000","0","0"
"1","1","140001","60","3","50001","117072","2","2","4","1","127193","4","1","10","12","2","5","4","1","16","720000","1","3","117103","4","2100701","94002","4","117131","8","4","127012","4","1","5","1","1","91002","1","20001"
"1","1","140001","60","3","50001","117042","2","3","4","1","127133","4","1","10","12","2","5","4","1","16","720000","1","3","117253","4","2100702","94002","4","127011","8","4","127252","4","1","5","1","1","91002","1","20001"
"1","1","140001","60","3","50001","117192","2","2","4","1","117223","4","1","10","12","2","5","4","1","16","720000","1","3","127193","4","2100703","94002","4","117041","8","4","127222","4","1","5","1","1","91002","1","20001"
"1","1","140001","60","3","50001","127282","2","3","4","1","127043","4","1","10","12","2","5","4","1","16","720000","1","3","127133","4","2100704","94002","4","127161","8","4","117132","4","1","5","1","1","91002","1","20001"
"1","1","140001","60","3","50001","127162","2","2","4","1","117013","4","1","10","12","2","5","4","1","16","720000","1","3","117223","4","2100705","94002","4","117311","8","4","127102","4","1","5","1","1","91002","1","20001"
"1","1","140001","60","3","50001","127342","2","3","4","1","117163","4","1","10","12","2","5","4","1","16","720000","1","3","127043","4","2100706","94002","4","117551","8","4","117372","4","1","5","1","1","91002","1","20001"
"1","1","140001","60","3","50001","127462","2","2","4","1","117073","4","1","10","12","2","5","4","1","16","720000","1","3","117013","4","2100707","94002","4","127221","8","4","117312","4","1","5","1","1","91002","1","20001"
"1","1","140001","60","3","50001","117582","2","3","4","1","117103","4","1","10","12","2","5","4","1","16","720000","1","3","117163","4","2100708","94002","4","117071","8","4","117072","4","1","5","1","1","91002","1","20001"
"1","1","140001","60","3","50001","117492","2","2","4","1","117253","4","1","10","12","2","5","4","1","16","720000","1","3","117073","4","2100709","94002","4","117611","8","4","117042","4","1","5","1","1","91002","1","20001"
"1","0","91002","2","2","0","50001","0","200","2","6","140001","4","0","0","12","0","4","2","1","0","1440000","1","6","31037","2","2100710","94002","0","0","4","8","20001","0","1","16","1","1","140000","0","0"
"1","1","140001","60","3","50001","117192","2","2","4","1","127133","4","1","10","12","2","5","4","1","16","720000","1","3","117583","4","2100711","94002","4","117131","8","4","127012","4","1","5","1","1","91002","1","20001"
"1","1","140001","60","3","50001","127162","2","3","4","1","117073","4","1","10","12","2","5","4","1","16","720000","1","3","117613","4","2100712","94002","4","127011","8","4","127222","4","1","5","1","1","91002","1","20001"
"1","1","140001","60","3","50001","117552","2","2","4","1","127193","4","1","10","12","2","5","4","1","16","720000","1","3","127133","4","2100713","94002","4","117551","8","4","127252","4","1","5","1","1","91002","1","20001"
"1","1","140001","60","3","50001","117312","2","3","4","1","117163","4","1","10","12","2","5","4","1","16","720000","1","3","117073","4","2100714","94002","4","117611","8","4","117132","4","1","5","1","1","91002","1","20001"
"1","1","140001","60","3","50001","117582","2","2","4","1","127043","4","1","10","12","2","5","4","1","16","720000","1","3","127193","4","2100715","94002","4","117041","8","4","127102","4","1","5","1","1","91002","1","20001"
"1","1","140001","60","3","50001","127342","2","3","4","1","117013","4","1","10","12","2","5","4","1","16","720000","1","3","117163","4","2100716","94002","4","127371","8","4","117072","4","1","5","1","1","91002","1","20001"
"1","1","140001","60","3","50001","117372","2","2","4","1","117223","4","1","10","12","2","5","4","1","16","720000","1","3","127043","4","2100717","94002","4","127161","8","4","117042","4","1","5","1","1","91002","1","20001"
"1","1","140001","60","3","50001","127282","2","3","4","1","117583","4","1","10","12","2","5","4","1","16","720000","1","3","117013","4","2100718","94002","4","117311","8","4","117192","4","1","5","1","1","91002","1","20001"
"1","1","140001","60","3","50001","127462","2","2","4","1","117613","4","1","10","12","2","5","4","1","16","720000","1","3","117223","4","2100719","94002","4","127101","8","4","127162","4","1","5","1","1","91002","1","20001"
"1","0","91002","2","2","0","50001","0","200","2","6","140001","4","0","0","12","0","4","2","1","0","1440000","1","6","31046","2","2100720","94002","0","0","4","8","20001","0","1","16","1","1","140000","0","0"
"1","1","140001","60","3","50001","117072","2","2","4","1","127283","4","1","10","12","2","5","4","1","16","760000","1","3","127133","4","2100721","94002","4","117131","8","4","127222","4","1","5","1","1","91002","1","20001"
"1","1","140001","60","3","50001","117192","2","3","4","1","117463","4","1","10","12","2","5","4","1","16","760000","1","3","117163","4","2100722","94002","4","127011","8","4","117132","4","1","5","1","1","91002","1","20001"
"1","1","140001","60","3","50001","117582","2","2","4","1","127313","4","1","10","12","2","5","4","1","16","760000","1","3","127283","4","2100723","94002","4","117611","8","4","127252","4","1","5","1","1","91002","1","20001"
"1","1","140001","60","3","50001","117312","2","3","4","1","127373","4","1","10","12","2","5","4","1","16","760000","1","3","117463","4","2100724","94002","4","127371","8","4","127012","4","1","5","1","1","91002","1","20001"
"1","1","140001","60","3","50001","127162","2","2","4","1","127193","4","1","10","12","2","5","4","1","16","760000","1","3","127313","4","2100725","94002","4","127101","8","4","117552","4","1","5","1","1","91002","1","20001"
"1","1","140001","60","3","50001","127342","2","3","4","1","117493","4","1","10","12","2","5","4","1","16","760000","1","3","127373","4","2100726","94002","4","117041","8","4","117042","4","1","5","1","1","91002","1","20001"
"1","1","140001","60","3","50001","117372","2","2","4","1","117343","4","1","10","12","2","5","4","1","16","760000","1","3","127193","4","2100727","94002","4","127161","8","4","127102","4","1","5","1","1","91002","1","20001"
"1","1","140001","60","3","50001","127462","2","3","4","1","127133","4","1","10","12","2","5","4","1","16","760000","1","3","117493","4","2100728","94002","4","117551","8","4","117072","4","1","5","1","1","91002","1","20001"
"1","1","140001","60","3","50001","127282","2","2","4","1","117163","4","1","10","12","2","5","4","1","16","760000","1","3","117343","4","2100729","94002","4","117191","8","4","117192","4","1","5","1","1","91002","1","20001"
"1","0","91002","2","2","0","50001","0","200","2","6","140001","4","0","0","12","0","4","2","1","0","1520000","1","6","31025","2","2100730","94002","0","0","4","8","20001","0","1","16","1","1","140000","0","0"
"1","1","140001","60","3","50001","117103","2","2","4","1","128161","4","1","10","12","2","5","4","1","16","760000","1","3","118251","4","2100731","94002","4","127252","8","4","117013","4","1","5","1","1","91002","1","20001"
"1","1","140001","60","3","50001","117463","2","3","4","1","128041","4","1","10","12","2","5","4","1","16","760000","1","3","118191","4","2100732","94002","4","117132","8","4","117223","4","1","5","1","1","91002","1","20001"
"1","1","140001","60","3","50001","127193","2","2","4","1","128131","4","1","10","12","2","5","4","1","16","760000","1","3","128161","4","2100733","94002","4","117072","8","4","127133","4","1","5","1","1","91002","1","20001"
"1","1","140001","60","3","50001","117613","2","3","4","1","118221","4","1","10","12","2","5","4","1","16","760000","1","3","128041","4","2100734","94002","4","127102","8","4","117073","4","1","5","1","1","91002","1","20001"
"1","1","140001","60","3","50001","117343","2","2","4","1","118011","4","1","10","12","2","5","4","1","16","760000","1","3","128131","4","2100735","94002","4","127012","8","4","117163","4","1","5","1","1","91002","1","20001"
"1","1","140001","60","3","50001","127313","2","3","4","1","118101","4","1","10","12","2","5","4","1","16","760000","1","3","118221","4","2100736","94002","4","117552","8","4","117253","4","1","5","1","1","91002","1","20001"
"1","1","140001","60","3","50001","127283","2","2","4","1","118071","4","1","10","12","2","5","4","1","16","760000","1","3","118011","4","2100737","94002","4","117492","8","4","127373","4","1","5","1","1","91002","1","20001"
"1","1","140001","60","3","50001","117493","2","3","4","1","118251","4","1","10","12","2","5","4","1","16","760000","1","3","118101","4","2100738","94002","4","127222","8","4","117103","4","1","5","1","1","91002","1","20001"
"1","1","140001","60","3","50001","127043","2","2","4","1","118191","4","1","10","12","2","5","4","1","16","760000","1","3","118071","4","2100739","94002","4","117582","8","4","117463","4","1","5","1","1","91002","1","20001"
"1","0","91002","2","2","0","50001","0","200","2","6","140001","4","0","0","12","0","4","2","1","0","1520000","1","6","31013","2","2100740","94002","0","0","4","8","20001","0","1","16","1","1","140000","0","0"
"1","1","140001","60","3","50001","127193","2","2","4","1","128041","4","1","10","12","2","5","4","1","16","800000","1","3","118221","4","2100741","94002","4","117132","8","4","117013","4","1","5","1","1","91002","1","20001"
"1","1","140001","60","3","50001","117613","2","3","4","1","128131","4","1","10","12","2","5","4","1","16","800000","1","3","118101","4","2100742","94002","4","117072","8","4","117223","4","1","5","1","1","91002","1","20001"
"1","1","140001","60","3","50001","127373","2","2","4","1","118581","4","1","10","12","2","5","4","1","16","800000","1","3","128041","4","2100743","94002","4","127252","8","4","127133","4","1","5","1","1","91002","1","20001"
"1","1","140001","60","3","50001","117463","2","3","4","1","128161","4","1","10","12","2","5","4","1","16","800000","1","3","128131","4","2100744","94002","4","117552","8","4","117073","4","1","5","1","1","91002","1","20001"
"1","1","140001","60","3","50001","127313","2","2","4","1","118071","4","1","10","12","2","5","4","1","16","800000","1","3","118581","4","2100745","94002","4","127012","8","4","117163","4","1","5","1","1","91002","1","20001"
"1","1","140001","60","3","50001","117343","2","3","4","1","118611","4","1","10","12","2","5","4","1","16","800000","1","3","128161","4","2100746","94002","4","117492","8","4","117253","4","1","5","1","1","91002","1","20001"
"1","1","140001","60","3","50001","127283","2","2","4","1","118551","4","1","10","12","2","5","4","1","16","800000","1","3","118071","4","2100747","94002","4","127102","8","4","117103","4","1","5","1","1","91002","1","20001"
"1","1","140001","60","3","50001","117493","2","3","4","1","118221","4","1","10","12","2","5","4","1","16","800000","1","3","118611","4","2100748","94002","4","117612","8","4","127193","4","1","5","1","1","91002","1","20001"
"1","1","140001","60","3","50001","127043","2","2","4","1","118101","4","1","10","12","2","5","4","1","16","800000","1","3","118551","4","2100749","94002","4","127162","8","4","117613","4","1","5","1","1","91002","1","20001"
"1","0","91002","2","2","0","50001","0","200","2","6","140001","4","0","0","12","0","4","2","1","0","1600000","1","6","31057","2","2100750","94002","0","0","4","8","20001","0","1","16","1","1","140000","0","0"
"1","1","140001","60","3","50001","118071","2","2","4","1","118192","4","1","10","12","2","5","4","1","16","800000","1","3","118252","4","2100751","94002","4","117223","8","4","128131","4","1","5","1","1","91002","1","20001"
"1","1","140001","60","3","50001","118371","2","3","4","1","128132","4","1","10","12","2","5","4","1","16","800000","1","3","118102","4","2100752","94002","4","117253","8","4","128041","4","1","5","1","1","91002","1","20001"
"1","1","140001","60","3","50001","118521","2","2","4","1","128042","4","1","10","12","2","5","4","1","16","800000","1","3","118192","4","2100753","94002","4","117073","8","4","118221","4","1","5","1","1","91002","1","20001"
"1","1","140001","60","3","50001","128401","2","3","4","1","118072","4","1","10","12","2","5","4","1","16","800000","1","3","128132","4","2100754","94002","4","127133","8","4","118011","4","1","5","1","1","91002","1","20001"
"1","1","140001","60","3","50001","128161","2","2","4","1","118012","4","1","10","12","2","5","4","1","16","800000","1","3","128042","4","2100755","94002","4","117013","8","4","128311","4","1","5","1","1","91002","1","20001"
"1","1","140001","60","3","50001","118191","2","3","4","1","128162","4","1","10","12","2","5","4","1","16","800000","1","3","118072","4","2100756","94002","4","117163","8","4","118251","4","1","5","1","1","91002","1","20001"
"1","1","140001","60","3","50001","128281","2","2","4","1","118222","4","1","10","12","2","5","4","1","16","800000","1","3","118012","4","2100757","94002","4","117103","8","4","118101","4","1","5","1","1","91002","1","20001"
"1","1","140001","60","3","50001","118431","2","3","4","1","118252","4","1","10","12","2","5","4","1","16","800000","1","3","128162","4","2100758","94002","4","127313","8","4","118071","4","1","5","1","1","91002","1","20001"
"1","1","140001","60","3","50001","118611","2","2","4","1","118102","4","1","10","12","2","5","4","1","16","800000","1","3","118222","4","2100759","94002","4","117343","8","4","118371","4","1","5","1","1","91002","1","20001"
"1","0","91002","2","2","0","20001","0","200","2","6","140001","4","0","4","2","0","16","2","1","0","6","1","1","21951","12","2100760","31042","0","50001","4","8","94002","2","6","1600000","1","1","140000","1","0"
"1","1","140001","60","3","50001","128311","2","2","4","1","128312","4","1","10","12","2","5","4","1","16","840000","1","3","118072","4","2100761","94002","4","117223","8","4","118221","4","1","5","1","1","91002","1","20001"
"1","1","140001","60","3","50001","128161","2","3","4","1","118492","4","1","10","12","2","5","4","1","16","840000","1","3","118192","4","2100762","94002","4","117073","8","4","128131","4","1","5","1","1","91002","1","20001"
"1","1","140001","60","3","50001","118551","2","2","4","1","128282","4","1","10","12","2","5","4","1","16","840000","1","3","128312","4","2100763","94002","4","117163","8","4","128041","4","1","5","1","1","91002","1","20001"
"1","1","140001","60","3","50001","118521","2","3","4","1","118462","4","1","10","12","2","5","4","1","16","840000","1","3","118492","4","2100764","94002","4","117583","8","4","118071","4","1","5","1","1","91002","1","20001"
"1","1","140001","60","3","50001","118191","2","2","4","1","128372","4","1","10","12","2","5","4","1","16","840000","1","3","128282","4","2100765","94002","4","127313","8","4","118251","4","1","5","1","1","91002","1","20001"
"1","1","140001","60","3","50001","128401","2","3","4","1","118342","4","1","10","12","2","5","4","1","16","840000","1","3","118462","4","2100766","94002","4","117343","8","4","118011","4","1","5","1","1","91002","1","20001"
"1","1","140001","60","3","50001","118611","2","2","4","1","128132","4","1","10","12","2","5","4","1","16","840000","1","3","128372","4","2100767","94002","4","127133","8","4","118101","4","1","5","1","1","91002","1","20001"
"1","1","140001","60","3","50001","118581","2","3","4","1","118072","4","1","10","12","2","5","4","1","16","840000","1","3","118342","4","2100768","94002","4","117013","8","4","128311","4","1","5","1","1","91002","1","20001"
"1","1","140001","60","3","50001","118371","2","2","4","1","118192","4","1","10","12","2","5","4","1","16","840000","1","3","128132","4","2100769","94002","4","127193","8","4","128161","4","1","5","1","1","91002","1","20001"
"1","0","91002","2","2","0","20001","0","200","2","6","140001","4","0","4","2","0","16","2","1","0","6","1","1","21951","12","2100770","31045","0","50001","4","8","94002","2","6","1680000","1","1","140000","1","0"
"1","1","140001","60","3","50001","128162","2","2","4","1","118163","4","1","10","12","2","5","4","1","16","840000","1","3","118193","4","2100771","94002","4","118251","8","4","118012","4","1","5","1","1","91002","1","20001"
"1","1","140001","60","3","50001","118102","2","3","4","1","128073","4","1","10","12","2","5","4","1","16","840000","1","3","118013","4","2100772","94002","4","128041","8","4","118072","4","1","5","1","1","91002","1","20001"
"1","1","140001","60","3","50001","118612","2","2","4","1","118613","4","1","10","12","2","5","4","1","16","840000","1","3","118163","4","2100773","94002","4","128311","8","4","118222","4","1","5","1","1","91002","1","20001"
"1","1","140001","60","3","50001","128372","2","3","4","1","128133","4","1","10","12","2","5","4","1","16","840000","1","3","128073","4","2100774","94002","4","118191","8","4","128132","4","1","5","1","1","91002","1","20001"
"1","1","140001","60","3","50001","118252","2","2","4","1","118553","4","1","10","12","2","5","4","1","16","840000","1","3","118613","4","2100775","94002","4","118101","8","4","128042","4","1","5","1","1","91002","1","20001"
"1","1","140001","60","3","50001","128282","2","3","4","1","128043","4","1","10","12","2","5","4","1","16","840000","1","3","128133","4","2100776","94002","4","118551","8","4","118192","4","1","5","1","1","91002","1","20001"
"1","1","140001","60","3","50001","128312","2","2","4","1","118223","4","1","10","12","2","5","4","1","16","840000","1","3","118553","4","2100777","94002","4","118221","8","4","118492","4","1","5","1","1","91002","1","20001"
"1","1","140001","60","3","50001","118552","2","3","4","1","118193","4","1","10","12","2","5","4","1","16","840000","1","3","128043","4","2100778","94002","4","128401","8","4","128162","4","1","5","1","1","91002","1","20001"
"1","1","140001","60","3","50001","118342","2","2","4","1","118013","4","1","10","12","2","5","4","1","16","840000","1","3","118223","4","2100779","94002","4","128161","8","4","118102","4","1","5","1","1","91002","1","20001"
"1","0","91002","2","2","0","20001","0","200","2","6","140001","4","0","4","2","0","16","2","1","0","6","1","1","21951","12","2100780","31029","0","50001","4","8","94002","2","6","1680000","1","1","140000","1","0"
"1","1","140001","60","3","50001","118253","2","2","4","1","128134","4","1","10","12","2","5","4","1","16","880000","1","3","118104","4","2100781","94002","4","118012","8","4","118163","4","1","5","1","1","91002","1","20001"
"1","1","140001","60","3","50001","128373","2","3","4","1","128044","4","1","10","12","2","5","4","1","16","880000","1","3","118254","4","2100782","94002","4","118072","8","4","118013","4","1","5","1","1","91002","1","20001"
"1","1","140001","60","3","50001","118523","2","2","4","1","128194","4","1","10","12","2","5","4","1","16","880000","1","3","128134","4","2100783","94002","4","118492","8","4","118223","4","1","5","1","1","91002","1","20001"
"1","1","140001","60","3","50001","128313","2","3","4","1","118224","4","1","10","12","2","5","4","1","16","880000","1","3","128044","4","2100784","94002","4","128132","8","4","128133","4","1","5","1","1","91002","1","20001"
"1","1","140001","60","3","50001","118103","2","2","4","1","118014","4","1","10","12","2","5","4","1","16","880000","1","3","128194","4","2100785","94002","4","118192","8","4","128073","4","1","5","1","1","91002","1","20001"
"1","1","140001","60","3","50001","118403","2","3","4","1","118074","4","1","10","12","2","5","4","1","16","880000","1","3","118224","4","2100786","94002","4","118222","8","4","128043","4","1","5","1","1","91002","1","20001"
"1","1","140001","60","3","50001","128283","2","2","4","1","118164","4","1","10","12","2","5","4","1","16","880000","1","3","118014","4","2100787","94002","4","128042","8","4","118193","4","1","5","1","1","91002","1","20001"
"1","1","140001","60","3","50001","118613","2","3","4","1","118104","4","1","10","12","2","5","4","1","16","880000","1","3","118074","4","2100788","94002","4","118612","8","4","118253","4","1","5","1","1","91002","1","20001"
"1","1","140001","60","3","50001","118343","2","2","4","1","118254","4","1","10","12","2","5","4","1","16","880000","1","3","118164","4","2100789","94002","4","118552","8","4","128373","4","1","5","1","1","91002","1","20001"
"1","0","91002","2","2","0","20001","0","200","2","6","140001","4","0","4","2","0","16","2","1","0","6","1","1","21951","12","2100790","31056","0","50001","4","8","94002","2","6","1760000","1","1","140000","1","0"
"1","1","140001","60","3","50001","128194","2","2","4","1","129191","4","1","10","12","2","5","4","1","16","880000","1","3","119251","4","2100791","94002","4","128133","8","4","118014","4","1","5","1","1","91002","1","20001"
"1","1","140001","60","3","50001","118164","2","3","4","1","129131","4","1","10","12","2","5","4","1","16","880000","1","3","119101","4","2100792","94002","4","118013","8","4","128134","4","1","5","1","1","91002","1","20001"
"1","1","140001","60","3","50001","118104","2","2","4","1","129041","4","1","10","12","2","5","4","1","16","880000","1","3","129191","4","2100793","94002","4","128373","8","4","118224","4","1","5","1","1","91002","1","20001"
"1","1","140001","60","3","50001","128314","2","3","4","1","119221","4","1","10","12","2","5","4","1","16","880000","1","3","129131","4","2100794","94002","4","128073","8","4","128044","4","1","5","1","1","91002","1","20001"
"1","1","140001","60","3","50001","128374","2","2","4","1","119071","4","1","10","12","2","5","4","1","16","880000","1","3","129041","4","2100795","94002","4","118193","8","4","118254","4","1","5","1","1","91002","1","20001"
"1","1","140001","60","3","50001","118434","2","3","4","1","119011","4","1","10","12","2","5","4","1","16","880000","1","3","119221","4","2100796","94002","4","118163","8","4","128284","4","1","5","1","1","91002","1","20001"
"1","1","140001","60","3","50001","118584","2","2","4","1","119161","4","1","10","12","2","5","4","1","16","880000","1","3","119071","4","2100797","94002","4","118253","8","4","118074","4","1","5","1","1","91002","1","20001"
"1","1","140001","60","3","50001","118494","2","3","4","1","119251","4","1","10","12","2","5","4","1","16","880000","1","3","119011","4","2100798","94002","4","128043","8","4","128194","4","1","5","1","1","91002","1","20001"
"1","1","140001","60","3","50001","118614","2","2","4","1","119101","4","1","10","12","2","5","4","1","16","880000","1","3","119161","4","2100799","94002","4","118223","8","4","118164","4","1","5","1","1","91002","1","20001"
"1","0","91002","2","2","0","20001","0","200","2","6","140001","4","0","4","2","0","16","2","1","0","6","1","1","21951","12","2100800","31037","0","50001","4","8","94002","2","6","1760000","1","1","140000","1","0"
"1","1","140001","10","3","90005","119071","2","5","4","1","129042","4","1","10","12","2","5","4","1","3","920000","1","3","119252","4","2100801","94002","5","128134","8","4","129131","4","1","5","1","1","91002","1","20004"
"1","1","140001","20","3","90005","119161","2","5","4","1","129162","4","1","10","12","2","5","4","1","3","920000","1","3","119102","4","2100802","94002","5","128044","8","4","129401","4","1","5","1","1","91002","1","20004"
"1","1","140001","30","3","90005","119371","2","5","4","1","119072","4","1","10","12","2","5","4","1","3","920000","1","3","129042","4","2100803","94002","5","118164","8","4","129281","4","1","5","1","1","91002","1","20004"
"1","1","140001","40","3","90005","119341","2","10","4","1","129132","4","1","10","12","2","5","4","1","3","920000","1","3","129162","4","2100804","94002","5","118224","8","4","129311","4","1","5","1","1","91002","1","20004"
"1","1","140001","50","3","90005","119101","2","10","4","1","119192","4","1","10","12","2","5","4","1","3","920000","1","3","119072","4","2100805","94002","5","128194","8","4","129041","4","1","5","1","1","91002","1","20004"
"1","1","140001","60","3","90005","119221","2","10","4","1","119012","4","1","10","12","2","5","4","1","3","920000","1","3","129132","4","2100806","94002","10","118254","8","4","119461","4","1","5","1","1","91002","1","20004"
"1","1","140001","70","3","90005","119581","2","15","4","1","119222","4","1","10","12","2","5","4","1","3","920000","1","3","119192","4","2100807","94002","10","118014","8","4","129191","4","1","5","1","1","91002","1","20004"
"1","1","140001","80","3","90005","119611","2","15","4","1","119252","4","1","10","12","2","5","4","1","3","920000","1","3","119012","4","2100808","94002","10","118584","8","4","119071","4","1","5","1","1","91002","1","20004"
"1","1","140001","90","3","90005","119011","2","15","4","1","119102","4","1","10","12","2","5","4","1","3","920000","1","3","119222","4","2100809","94002","10","118074","8","4","119161","4","1","5","1","1","91002","1","20004"
"1","0","91002","1","30","0","20004","0","100","2","6","140001","4","0","10","2","0","3","2","1","0","6","1","10","90005","12","2100810","31011","0","50003","2","8","94002","2","1","1840000","1","1","21951","1","0"
"1","1","140001","10","3","90005","119192","2","5","4","1","129043","4","1","10","12","2","5","4","1","3","920000","1","3","119253","4","2100811","94002","5","129131","8","4","129402","4","1","5","1","1","91002","1","20004"
"1","1","140001","20","3","90005","129312","2","5","4","1","129133","4","1","10","12","2","5","4","1","3","920000","1","3","119103","4","2100812","94002","5","119071","8","4","129282","4","1","5","1","1","91002","1","20004"
"1","1","140001","30","3","90005","119432","2","5","4","1","129193","4","1","10","12","2","5","4","1","3","920000","1","3","129043","4","2100813","94002","5","129041","8","4","129042","4","1","5","1","1","91002","1","20004"
"1","1","140001","40","3","90005","119222","2","10","4","1","119013","4","1","10","12","2","5","4","1","3","920000","1","3","129133","4","2100814","94002","5","119101","8","4","119072","4","1","5","1","1","91002","1","20004"
"1","1","140001","50","3","90005","119012","2","10","4","1","119073","4","1","10","12","2","5","4","1","3","920000","1","3","129193","4","2100815","94002","5","119161","8","4","129162","4","1","5","1","1","91002","1","20004"
"1","1","140001","60","3","90005","119522","2","10","4","1","119163","4","1","10","12","2","5","4","1","3","920000","1","3","119013","4","2100816","94002","10","129191","8","4","129132","4","1","5","1","1","91002","1","20004"
"1","1","140001","70","3","90005","119252","2","15","4","1","119223","4","1","10","12","2","5","4","1","3","920000","1","3","119073","4","2100817","94002","10","129281","8","4","119372","4","1","5","1","1","91002","1","20004"
"1","1","140001","80","3","90005","119102","2","15","4","1","119253","4","1","10","12","2","5","4","1","3","920000","1","3","119163","4","2100818","94002","10","119221","8","4","119192","4","1","5","1","1","91002","1","20004"
"1","1","140001","90","3","90005","119582","2","15","4","1","119103","4","1","10","12","2","5","4","1","3","920000","1","3","119223","4","2100819","94002","10","119461","8","4","129312","4","1","5","1","1","91002","1","20004"
"1","0","91002","1","30","0","20004","0","100","2","6","140001","4","0","10","2","0","3","2","1","0","6","1","10","90005","12","2100820","31046","0","50003","2","8","94002","2","1","1840000","1","1","21951","1","0"
"1","1","140001","10","3","90005","129402","2","5","4","1","129283","4","1","10","12","2","5","4","1","3","960000","1","3","119073","4","2100821","94002","5","129131","8","4","119222","4","1","5","1","1","91002","1","20004"
"1","1","140001","20","3","90005","119252","2","5","4","1","129313","4","1","10","12","2","5","4","1","3","960000","1","3","129043","4","2100822","94002","5","129041","8","4","129042","4","1","5","1","1","91002","1","20004"
"1","1","140001","30","3","90005","129282","2","5","4","1","119343","4","1","10","12","2","5","4","1","3","960000","1","3","129283","4","2100823","94002","5","119101","8","4","129132","4","1","5","1","1","91002","1","20004"
"1","1","140001","40","3","90005","119102","2","10","4","1","129373","4","1","10","12","2","5","4","1","3","960000","1","3","129313","4","2100824","94002","5","129191","8","4","119072","4","1","5","1","1","91002","1","20004"
"1","1","140001","50","3","90005","119372","2","10","4","1","119463","4","1","10","12","2","5","4","1","3","960000","1","3","119343","4","2100825","94002","5","119161","8","4","129162","4","1","5","1","1","91002","1","20004"
"1","1","140001","60","3","90005","129312","2","10","4","1","119493","4","1","10","12","2","5","4","1","3","960000","1","3","129373","4","2100826","94002","10","119071","8","4","119192","4","1","5","1","1","91002","1","20004"
"1","1","140001","70","3","90005","119522","2","15","4","1","119163","4","1","10","12","2","5","4","1","3","960000","1","3","119463","4","2100827","94002","10","119461","8","4","119012","4","1","5","1","1","91002","1","20004"
"1","1","140001","80","3","90005","119612","2","15","4","1","119073","4","1","10","12","2","5","4","1","3","960000","1","3","119493","4","2100828","94002","10","129401","8","4","129402","4","1","5","1","1","91002","1","20004"
"1","1","140001","90","3","90005","119582","2","15","4","1","129043","4","1","10","12","2","5","4","1","3","960000","1","3","119163","4","2100829","94002","10","129281","8","4","119252","4","1","5","1","1","91002","1","20004"
"1","0","91002","1","30","0","20004","0","100","2","6","140001","4","0","10","2","0","3","2","1","0","6","1","10","90005","12","2100830","31025","0","50003","2","8","94002","2","1","1920000","1","1","21951","1","0"
"1","1","140001","10","3","90005","119224","2","5","4","1","11055032","4","1","10","12","2","5","4","1","3","960000","1","3","12013032","4","2100831","94002","5","129133","8","4","119164","4","1","5","1","1","91002","1","20004"
"1","1","140001","20","3","90005","119494","2","5","4","1","11058032","4","1","10","12","2","5","4","1","3","960000","1","3","11001032","4","2100832","94002","5","119163","8","4","129044","4","1","5","1","1","91002","1","20004"
"1","1","140001","30","3","90005","119434","2","5","4","1","11061032","4","1","10","12","2","5","4","1","3","960000","1","3","11055032","4","2100833","94002","5","129043","8","4","129134","4","1","5","1","1","91002","1","20004"
"1","1","140001","40","3","90005","119524","2","10","4","1","11007032","4","1","10","12","2","5","4","1","3","960000","1","3","11058032","4","2100834","94002","5","129193","8","4","129194","4","1","5","1","1","91002","1","20004"
"1","1","140001","50","3","90005","129314","2","10","4","1","12004032","4","1","10","12","2","5","4","1","3","960000","1","3","11061032","4","2100835","94002","5","119073","8","4","119074","4","1","5","1","1","91002","1","20004"
"1","1","140001","60","3","90005","119254","2","10","4","1","11019032","4","1","10","12","2","5","4","1","3","960000","1","3","11007032","4","2100836","94002","10","119223","8","4","119014","4","1","5","1","1","91002","1","20004"
"1","1","140001","70","3","90005","129374","2","15","4","1","12016032","4","1","10","12","2","5","4","1","3","960000","1","3","12004032","4","2100837","94002","10","119103","8","4","129284","4","1","5","1","1","91002","1","20004"
"1","1","140001","80","3","90005","119104","2","15","4","1","12013032","4","1","10","12","2","5","4","1","3","960000","1","3","11019032","4","2100838","94002","10","129313","8","4","119224","4","1","5","1","1","91002","1","20004"
"1","1","140001","90","3","90005","119614","2","15","4","1","11001032","4","1","10","12","2","5","4","1","3","960000","1","3","12016032","4","2100839","94002","10","129283","8","4","119494","4","1","5","1","1","91002","1","20004"
"1","0","91002","1","30","0","20004","0","100","2","6","140001","4","0","10","2","0","3","2","1","0","6","1","10","90005","12","2100840","31013","0","50003","2","8","94002","2","1","1920000","1","1","21951","1","0"
"1","1","140001","10","3","90005","11007032","2","5","4","1","12040033","4","1","10","12","2","5","4","1","3","1000000","1","3","11010033","4","2100841","94002","5","129044","8","4","12013032","4","1","5","1","1","91002","1","20004"
"1","1","140001","20","3","90005","12016032","2","5","4","1","11043033","4","1","10","12","2","5","4","1","3","1000000","1","3","12013033","4","2100842","94002","5","119164","8","4","12037032","4","1","5","1","1","91002","1","20004"
"1","1","140001","30","3","90005","11034032","2","5","4","1","12031033","4","1","10","12","2","5","4","1","3","1000000","1","3","12040033","4","2100843","94002","5","129134","8","4","12004032","4","1","5","1","1","91002","1","20004"
"1","1","140001","40","3","90005","11046032","2","10","4","1","11046033","4","1","10","12","2","5","4","1","3","1000000","1","3","11043033","4","2100844","94002","5","129194","8","4","12031032","4","1","5","1","1","91002","1","20004"
"1","1","140001","50","3","90005","11010032","2","10","4","1","12028033","4","1","10","12","2","5","4","1","3","1000000","1","3","12031033","4","2100845","94002","5","119074","8","4","11040032","4","1","5","1","1","91002","1","20004"
"1","1","140001","60","3","90005","11001032","2","10","4","1","12037033","4","1","10","12","2","5","4","1","3","1000000","1","3","11046033","4","2100846","94002","10","129284","8","4","12028032","4","1","5","1","1","91002","1","20004"
"1","1","140001","70","3","90005","11061032","2","15","4","1","11007033","4","1","10","12","2","5","4","1","3","1000000","1","3","12028033","4","2100847","94002","10","119224","8","4","11019032","4","1","5","1","1","91002","1","20004"
"1","1","140001","80","3","90005","11058032","2","15","4","1","11010033","4","1","10","12","2","5","4","1","3","1000000","1","3","12037033","4","2100848","94002","10","119014","8","4","11007032","4","1","5","1","1","91002","1","20004"
"1","1","140001","90","3","90005","11022032","2","15","4","1","12013033","4","1","10","12","2","5","4","1","3","1000000","1","3","11007033","4","2100849","94002","10","119434","8","4","12016032","4","1","5","1","1","91002","1","20004"
"1","0","91002","1","30","0","20004","0","100","2","6","140001","4","0","10","2","0","3","2","1","0","6","1","10","90005","12","2100850","31057","0","50003","2","8","94002","2","1","2000000","1","1","21951","1","0"
"1","1","140001","10","3","90005","12016035","2","5","4","1","11058036","4","1","10","12","2","5","4","1","3","1000000","1","3","12004036","4","2100851","94002","5","12013034","8","4","11007035","4","1","5","1","1","91002","1","20004"
"1","1","140001","20","3","90005","11001035","2","5","4","1","11055036","4","1","10","12","2","5","4","1","3","1000000","1","3","11025036","4","2100852","94002","5","11010034","8","4","12013035","4","1","5","1","1","91002","1","20004"
"1","1","140001","30","3","90005","11022035","2","5","4","1","11061036","4","1","10","12","2","5","4","1","3","1000000","1","3","11058036","4","2100853","94002","5","12004034","8","4","11010035","4","1","5","1","1","91002","1","20004"
"1","1","140001","40","3","90005","12031035","2","10","4","1","11007036","4","1","10","12","2","5","4","1","3","1000000","1","3","11055036","4","2100854","94002","5","11007034","8","4","12040035","4","1","5","1","1","91002","1","20004"
"1","1","140001","50","3","90005","11025035","2","10","4","1","11010036","4","1","10","12","2","5","4","1","3","1000000","1","3","11061036","4","2100855","94002","5","12016034","8","4","12019035","4","1","5","1","1","91002","1","20004"
"1","1","140001","60","3","90005","12037035","2","10","4","1","11001036","4","1","10","12","2","5","4","1","3","1000000","1","3","11007036","4","2100856","94002","10","11001034","8","4","12028035","4","1","5","1","1","91002","1","20004"
"1","1","140001","70","3","90005","11043035","2","15","4","1","12013036","4","1","10","12","2","5","4","1","3","1000000","1","3","11010036","4","2100857","94002","10","12049034","8","4","12004035","4","1","5","1","1","91002","1","20004"
"1","1","140001","80","3","90005","11052035","2","15","4","1","12004036","4","1","10","12","2","5","4","1","3","1000000","1","3","11001036","4","2100858","94002","10","12037034","8","4","12016035","4","1","5","1","1","91002","1","20004"
"1","1","140001","90","3","90005","11058035","2","15","4","1","11025036","4","1","10","12","2","5","4","1","3","1000000","1","3","12013036","4","2100859","94002","10","11022034","8","4","11001035","4","1","5","1","1","91002","1","20004"
"1","0","91002","1","30","0","20004","0","100","2","6","140001","4","0","10","2","0","3","2","1","0","6","1","10","90005","12","2100860","31045","0","50003","2","8","94002","2","1","2000000","1","1","21951","1","0"
"1","0","91002","1","30","0","0","0","300","0","6","90005","2","0","0","0","0","0","12","1","0","0","0","100000","94002","0","2200101","0","0","0","4","8","0","0","1","0","0","0","140000","0","0"
"1","0","91002","1","30","0","0","0","300","0","6","90005","2","0","0","0","0","0","12","1","0","0","0","100000","94002","0","2200102","0","0","0","4","8","0","0","1","0","0","0","140000","0","0"
"1","0","91002","1","30","0","0","0","300","0","6","90005","2","0","0","0","0","0","12","1","0","0","0","100000","94002","0","2200103","0","0","0","4","8","0","0","1","0","0","0","140000","0","0"
"1","0","91002","1","30","0","0","0","300","0","6","90005","2","0","0","0","0","0","12","1","0","0","0","100000","94002","0","2200104","0","0","0","4","8","0","0","1","0","0","0","140000","0","0"
"1","0","91002","1","30","0","0","0","300","0","6","90005","2","0","0","0","0","0","12","1","0","0","0","100000","94002","0","2200105","0","0","0","4","8","0","0","1","0","0","0","140000","0","0"
"1","0","91002","1","30","0","0","0","300","0","6","90005","2","0","0","0","0","0","12","1","0","0","0","100000","94002","0","2200106","0","0","0","4","8","0","0","1","0","0","0","140000","0","0"
"1","0","91002","1","30","0","0","0","300","0","6","90005","2","0","0","0","0","0","12","1","0","0","0","200000","94002","0","2200107","0","0","0","4","8","0","0","1","0","0","0","140000","0","0"
"1","0","91002","1","30","0","0","0","300","0","6","90005","2","0","0","0","0","0","12","1","0","0","0","200000","94002","0","2200108","0","0","0","4","8","0","0","1","0","0","0","140000","0","0"
"1","0","91002","1","30","0","0","0","300","0","6","90005","2","0","0","0","0","0","12","1","0","0","0","200000","94002","0","2200109","0","0","0","4","8","0","0","1","0","0","0","140000","0","0"
"1","0","91002","1","30","0","0","0","300","0","6","90005","2","0","0","0","0","0","12","1","0","0","0","300000","94002","0","2200110","0","0","0","4","8","0","0","1","0","0","0","140000","0","0"
"1","0","91002","1","30","0","0","0","300","0","6","90005","2","0","0","0","0","0","12","1","0","0","0","300000","94002","0","2200111","0","0","0","4","8","0","0","1","0","0","0","140000","0","0"
"1","0","91002","1","30","0","0","0","300","0","6","90005","2","0","0","0","0","0","12","1","0","0","0","300000","94002","0","2200112","0","0","0","4","8","0","0","1","0","0","0","140000","0","0"
"1","0","91002","1","30","0","0","0","300","0","6","90005","2","0","0","0","0","0","12","1","0","0","0","300000","94002","0","2200113","0","0","0","4","8","0","0","1","0","0","0","140000","0","0"
"1","0","91002","1","30","0","0","0","300","0","6","90005","2","0","0","0","0","0","12","1","0","0","0","300000","94002","0","2200114","0","0","0","4","8","0","0","1","0","0","0","140000","0","0"
"1","0","91002","1","30","0","0","0","300","0","6","90005","2","0","0","0","0","0","12","1","0","0","0","400000","94002","0","2200115","0","0","0","4","8","0","0","1","0","0","0","140000","0","0"
"1","0","91002","1","30","0","0","0","300","0","6","90005","2","0","0","0","0","0","12","1","0","0","0","480000","94002","0","2200116","0","0","0","4","8","0","0","1","0","0","0","140000","0","0"
"1","0","91002","1","30","0","0","0","300","0","6","90005","2","0","0","0","0","0","12","1","0","0","0","480000","94002","0","2200117","0","0","0","4","8","0","0","1","0","0","0","140000","0","0"
"1","0","91002","1","30","0","0","0","300","0","6","90005","2","0","0","0","0","0","12","1","0","0","0","560000","94002","0","2200118","0","0","0","4","8","0","0","1","0","0","0","140000","0","0"
"1","0","91002","1","30","0","0","0","300","0","6","90005","2","0","0","0","0","0","12","1","0","0","0","560000","94002","0","2200119","0","0","0","4","8","0","0","1","0","0","0","140000","0","0"
"1","0","91002","1","30","0","0","0","300","0","6","90005","2","0","0","0","0","0","12","1","0","0","0","640000","94002","0","2200120","0","0","0","4","8","0","0","1","0","0","0","140000","0","0"
"1","0","91002","1","30","0","0","0","300","0","6","90005","2","0","0","0","0","0","12","1","0","0","0","640000","94002","0","2200121","0","0","0","4","8","0","0","1","0","0","0","140000","0","0"
"1","0","91002","1","30","0","0","0","300","0","6","90005","2","0","0","0","0","0","12","1","0","0","0","720000","94002","0","2200122","0","0","0","4","8","0","0","1","0","0","0","140000","0","0"
"1","0","91002","1","30","0","0","0","300","0","6","90005","2","0","0","0","0","0","12","1","0","0","0","720000","94002","0","2200123","0","0","0","4","8","0","0","1","0","0","0","140000","0","0"
"1","0","91002","1","30","0","0","0","300","0","6","90005","2","0","0","0","0","0","12","1","0","0","0","800000","94002","0","2200124","0","0","0","4","8","0","0","1","0","0","0","140000","0","0"
"1","0","91002","1","30","0","0","0","300","0","6","90005","2","0","0","0","0","0","12","1","0","0","0","800000","94002","0","2200125","0","0","0","4","8","0","0","1","0","0","0","140000","0","0"
"1","0","91002","1","30","0","0","0","300","0","6","90005","2","0","0","0","0","0","12","1","0","0","0","880000","94002","0","2200126","0","0","0","4","8","0","0","1","0","0","0","140000","0","0"
"1","0","91002","1","30","0","0","0","300","0","6","90005","2","0","0","0","0","0","12","1","0","0","0","880000","94002","0","2200127","0","0","0","4","8","0","0","1","0","0","0","140000","0","0"
"1","0","91002","1","30","0","0","0","300","0","6","90005","2","0","0","0","0","0","12","1","0","0","0","960000","94002","0","2200128","0","0","0","4","8","0","0","1","0","0","0","140000","0","0"
"1","0","91002","1","30","0","0","0","300","0","6","90005","2","0","0","0","0","0","12","1","0","0","0","960000","94002","0","2200129","0","0","0","4","8","0","0","1","0","0","0","140000","0","0"
"1","0","91002","1","30","0","0","0","300","0","6","90005","2","0","0","0","0","0","12","1","0","0","0","1040000","94002","0","2200130","0","0","0","4","8","0","0","1","0","0","0","140000","0","0"
"1","0","91002","1","30","0","0","0","300","0","6","90005","2","0","0","0","0","0","12","1","0","0","0","1040000","94002","0","2200131","0","0","0","4","8","0","0","1","0","0","0","140000","0","0"
"1","0","91002","1","30","0","0","0","300","0","6","90005","2","0","0","0","0","0","12","1","0","0","0","1120000","94002","0","2200132","0","0","0","4","8","0","0","1","0","0","0","140000","0","0"
"1","0","91002","1","30","0","0","0","300","0","6","90005","2","0","0","0","0","0","12","1","0","0","0","1120000","94002","0","2200133","0","0","0","4","8","0","0","1","0","0","0","140000","0","0"
"1","0","91002","1","30","0","0","0","300","0","6","90005","2","0","0","0","0","0","12","1","0","0","0","1200000","94002","0","2200134","0","0","0","4","8","0","0","1","0","0","0","140000","0","0"
"1","0","91002","1","30","0","0","0","300","0","6","90005","2","0","0","0","0","0","12","1","0","0","0","1200000","94002","0","2200135","0","0","0","4","8","0","0","1","0","0","0","140000","0","0"
"1","0","91002","1","30","0","0","0","300","0","6","90005","2","0","0","0","0","0","12","1","0","0","0","1280000","94002","0","2200136","0","0","0","4","8","0","0","1","0","0","0","140000","0","0"
"1","0","91002","1","30","0","0","0","300","0","6","90005","2","0","0","0","0","0","12","1","0","0","0","1280000","94002","0","2200137","0","0","0","4","8","0","0","1","0","0","0","140000","0","0"
"1","0","91002","1","30","0","0","0","300","0","6","90005","2","0","0","0","0","0","12","1","0","0","0","1360000","94002","0","2200138","0","0","0","4","8","0","0","1","0","0","0","140000","0","0"
"1","0","91002","1","30","0","0","0","300","0","6","90005","2","0","0","0","0","0","12","1","0","0","0","1360000","94002","0","2200139","0","0","0","4","8","0","0","1","0","0","0","140000","0","0"
"1","0","91002","1","30","0","0","0","300","0","6","90005","2","0","0","0","0","0","12","1","0","0","0","1440000","94002","0","2200140","0","0","0","4","8","0","0","1","0","0","0","140000","0","0"
"1","0","91002","1","30","0","0","0","300","0","6","90005","2","0","0","0","0","0","12","1","0","0","0","1440000","94002","0","2200141","0","0","0","4","8","0","0","1","0","0","0","140000","0","0"
"1","0","91002","1","30","0","0","0","300","0","6","90005","2","0","0","0","0","0","12","1","0","0","0","1520000","94002","0","2200142","0","0","0","4","8","0","0","1","0","0","0","140000","0","0"
"1","0","91002","1","30","0","0","0","300","0","6","90005","2","0","0","0","0","0","12","1","0","0","0","1520000","94002","0","2200143","0","0","0","4","8","0","0","1","0","0","0","140000","0","0"
"1","0","91002","1","30","0","0","0","300","0","6","90005","2","0","0","0","0","0","12","1","0","0","0","1600000","94002","0","2200144","0","0","0","4","8","0","0","1","0","0","0","140000","0","0"
"1","0","91002","1","30","0","0","0","300","0","6","90005","2","0","0","0","0","0","12","1","0","0","0","1600000","94002","0","2200145","0","0","0","4","8","0","0","1","0","0","0","140000","0","0"
"1","0","91002","1","30","0","0","0","300","0","6","90005","2","0","0","0","0","0","12","1","0","0","0","1680000","94002","0","2200146","0","0","0","4","8","0","0","1","0","0","0","140000","0","0"
"1","0","91002","1","30","0","0","0","300","0","6","90005","2","0","0","0","0","0","12","1","0","0","0","1680000","94002","0","2200147","0","0","0","4","8","0","0","1","0","0","0","140000","0","0"
"1","0","91002","1","30","0","0","0","300","0","6","90005","2","0","0","0","0","0","12","1","0","0","0","1760000","94002","0","2200148","0","0","0","4","8","0","0","1","0","0","0","140000","0","0"
"1","0","91002","1","30","0","0","0","300","0","6","90005","2","0","0","0","0","0","12","1","0","0","0","1760000","94002","0","2200149","0","0","0","4","8","0","0","1","0","0","0","140000","0","0"
"1","0","91002","15","30","0","0","0","300","0","1","90005","2","0","0","2","0","0","12","1","0","10","0","1840000","94002","0","2200150","50003","0","0","4","8","0","0","1","0","1","0","140001","0","0"
"1","0","91002","15","30","0","0","0","300","0","1","90005","2","0","0","2","0","0","12","1","0","10","0","1840000","94002","0","2200151","50003","0","0","4","8","0","0","1","0","1","0","140001","0","0"
"1","0","91002","15","30","0","0","0","300","0","1","90005","2","0","0","2","0","0","12","1","0","10","0","1920000","94002","0","2200152","50003","0","0","4","8","0","0","1","0","1","0","140001","0","0"
"1","0","91002","15","30","0","0","0","300","0","1","90005","2","0","0","2","0","0","12","1","0","10","0","1920000","94002","0","2200153","50003","0","0","4","8","0","0","1","0","1","0","140001","0","0"
"1","0","91002","15","30","0","0","0","300","0","1","90005","2","0","0","2","0","0","12","1","0","10","0","2000000","94002","0","2200154","50003","0","0","4","8","0","0","1","0","1","0","140001","0","0"
"1","0","91002","15","30","0","0","0","300","0","1","90005","2","0","0","2","0","0","12","1","0","10","0","2000000","94002","0","2200155","50003","0","0","4","8","0","0","1","0","1","0","140001","0","0"
"1","0","91002","2","10","0","0","0","100","0","6","90005","2","0","0","0","0","0","0","1","0","0","0","0","0","0","2300001","0","0","0","4","8","0","0","1","0","0","0","140000","0","0"
"1","0","91002","2","10","0","0","0","100","0","6","90005","2","0","0","0","0","0","0","1","0","0","0","0","0","0","2300002","0","0","0","4","8","0","0","1","0","0","0","140000","0","0"
"1","0","91002","2","10","0","0","0","100","0","6","90005","2","0","0","0","0","0","0","1","0","0","0","0","0","0","2300003","0","0","0","4","8","0","0","1","0","0","0","140000","0","0"
"1","0","91002","2","10","0","0","0","100","0","6","90005","2","0","0","0","0","0","0","1","0","0","0","0","0","0","2300004","0","0","0","4","8","0","0","1","0","0","0","140000","0","0"
"1","0","91002","2","10","0","0","0","100","0","6","90005","2","0","0","0","0","0","0","1","0","0","0","0","0","0","2300005","0","0","0","4","8","0","0","1","0","0","0","140000","0","0"
"1","0","91002","2","10","0","0","0","100","0","6","90005","2","0","0","0","0","0","0","1","0","0","0","0","0","0","2300006","0","0","0","4","8","0","0","1","0","0","0","140000","0","0"
"1","0","91002","2","10","0","0","0","100","0","6","90005","2","0","0","0","0","0","0","1","0","0","0","0","0","0","2300007","0","0","0","4","8","0","0","1","0","0","0","140000","0","0"
"1","0","91002","2","10","0","0","0","100","0","6","90005","2","0","0","0","0","0","0","1","0","0","0","0","0","0","2300008","0","0","0","4","8","0","0","1","0","0","0","140000","0","0"
"1","0","91002","2","10","0","0","0","100","0","6","90005","2","0","0","0","0","0","0","1","0","0","0","0","0","0","2300009","0","0","0","4","8","0","0","1","0","0","0","140000","0","0"
"1","0","91002","2","10","0","0","0","100","0","6","90005","2","0","0","0","0","0","0","1","0","0","0","0","0","0","2300010","0","0","0","4","8","0","0","1","0","0","0","140000","0","0"
"1","0","91002","2","10","0","0","0","100","0","6","90005","2","0","0","0","0","0","0","1","0","0","0","0","0","0","2300011","0","0","0","4","8","0","0","1","0","0","0","140000","0","0"
"1","0","91002","2","10","0","0","0","100","0","6","90005","2","0","0","0","0","0","0","1","0","0","0","0","0","0","2300012","0","0","0","4","8","0","0","1","0","0","0","140000","0","0"
"1","0","91002","2","10","0","0","0","100","0","6","90005","2","0","0","0","0","0","0","1","0","0","0","0","0","0","2300013","0","0","0","4","8","0","0","1","0","0","0","140000","0","0"
"1","0","91002","2","10","0","0","0","100","0","6","90005","2","0","0","0","0","0","0","1","0","0","0","0","0","0","2300014","0","0","0","4","8","0","0","1","0","0","0","140000","0","0"
"1","0","91002","2","10","0","0","0","100","0","6","90005","2","0","0","0","0","0","0","1","0","0","0","0","0","0","2300015","0","0","0","4","8","0","0","1","0","0","0","140000","0","0"
"1","0","91002","2","10","0","0","0","100","0","6","90005","2","0","0","0","0","0","0","1","0","0","0","0","0","0","2300016","0","0","0","4","8","0","0","1","0","0","0","140000","0","0"
"1","0","91002","2","10","0","0","0","100","0","6","90005","2","0","0","0","0","0","0","1","0","0","0","0","0","0","2300017","0","0","0","4","8","0","0","1","0","0","0","140000","0","0"
"1","0","91002","2","10","0","0","0","100","0","6","90005","2","0","0","0","0","0","0","1","0","0","0","0","0","0","2300018","0","0","0","4","8","0","0","1","0","0","0","140000","0","0"
"1","0","91002","2","10","0","0","0","100","0","6","90005","2","0","0","0","0","0","0","1","0","0","0","0","0","0","2300019","0","0","0","4","8","0","0","1","0","0","0","140000","0","0"
"1","0","91002","2","10","0","0","0","100","0","6","90005","2","0","0","0","0","0","0","1","0","0","0","0","0","0","2300020","0","0","0","4","8","0","0","1","0","0","0","140000","0","0"
"1","0","91002","2","10","0","0","0","100","0","6","90005","2","0","0","0","0","0","0","1","0","0","0","0","0","0","2300021","0","0","0","4","8","0","0","1","0","0","0","140000","0","0"
"1","0","91002","2","10","0","0","0","100","0","6","90005","2","0","0","0","0","0","0","1","0","0","0","0","0","0","2300022","0","0","0","4","8","0","0","1","0","0","0","140000","0","0"
"1","0","91002","2","10","0","0","0","100","0","6","90005","2","0","0","0","0","0","0","1","0","0","0","0","0","0","2300023","0","0","0","4","8","0","0","1","0","0","0","140000","0","0"
"1","0","91002","2","10","0","0","0","100","0","6","90005","2","0","0","0","0","0","0","1","0","0","0","0","0","0","2300024","0","0","0","4","8","0","0","1","0","0","0","140000","0","0"
"1","0","91002","2","10","0","0","0","100","0","6","90005","2","0","0","0","0","0","0","1","0","0","0","0","0","0","2300025","0","0","0","4","8","0","0","1","0","0","0","140000","0","0"
"1","0","91002","2","10","0","0","0","100","0","6","90005","2","0","0","0","0","0","0","1","0","0","0","0","0","0","2300026","0","0","0","4","8","0","0","1","0","0","0","140000","0","0"
"1","0","91002","2","10","0","0","0","100","0","6","90005","2","0","0","0","0","0","0","1","0","0","0","0","0","0","2300027","0","0","0","4","8","0","0","1","0","0","0","140000","0","0"
"1","0","91002","2","10","0","0","0","100","0","6","90005","2","0","0","0","0","0","0","1","0","0","0","0","0","0","2300028","0","0","0","4","8","0","0","1","0","0","0","140000","0","0"
"1","0","91002","2","10","0","0","0","100","0","6","90005","2","0","0","0","0","0","0","1","0","0","0","0","0","0","2300029","0","0","0","4","8","0","0","1","0","0","0","140000","0","0"
"1","0","91002","2","10","0","0","0","100","0","6","90005","2","0","0","0","0","0","0","1","0","0","0","0","0","0","2300030","0","0","0","4","8","0","0","1","0","0","0","140000","0","0"
"1","0","91002","2","10","0","0","0","100","0","6","90005","2","0","0","0","0","0","0","1","0","0","0","0","0","0","2300031","0","0","0","4","8","0","0","1","0","0","0","140000","0","0"
"1","0","91002","2","10","0","0","0","100","0","6","90005","2","0","0","0","0","0","0","1","0","0","0","0","0","0","2300032","0","0","0","4","8","0","0","1","0","0","0","140000","0","0"
"1","0","91002","2","10","0","0","0","100","0","6","90005","2","0","0","0","0","0","0","1","0","0","0","0","0","0","2300033","0","0","0","4","8","0","0","1","0","0","0","140000","0","0"
"1","0","91002","2","10","0","0","0","100","0","6","90005","2","0","0","0","0","0","0","1","0","0","0","0","0","0","2300034","0","0","0","4","8","0","0","1","0","0","0","140000","0","0"
"1","0","91002","2","10","0","0","0","100","0","6","90005","2","0","0","0","0","0","0","1","0","0","0","0","0","0","2300035","0","0","0","4","8","0","0","1","0","0","0","140000","0","0"
"1","0","91002","2","10","0","0","0","100","0","6","90005","2","0","0","0","0","0","0","1","0","0","0","0","0","0","2300036","0","0","0","4","8","0","0","1","0","0","0","140000","0","0"
"1","0","91002","30","10","0","0","0","50","0","1","50003","2","0","0","0","0","0","0","1","0","0","0","0","0","0","2300037","0","0","0","4","8","0","0","1","0","0","0","140001","0","0"
"1","0","91002","30","10","0","0","0","50","0","1","50003","2","0","0","0","0","0","0","1","0","0","0","0","0","0","2300038","0","0","0","4","8","0","0","1","0","0","0","140001","0","0"
"1","0","91002","30","10","0","0","0","50","0","1","50003","2","0","0","0","0","0","0","1","0","0","0","0","0","0","2300039","0","0","0","4","8","0","0","1","0","0","0","140001","0","0"
"1","0","91002","30","10","0","0","0","50","0","1","50003","2","0","0","0","0","0","0","1","0","0","0","0","0","0","2300040","0","0","0","4","8","0","0","1","0","0","0","140001","0","0"
"1","0","91002","30","10","0","0","0","50","0","1","50003","2","0","0","0","0","0","0","1","0","0","0","0","0","0","2300041","0","0","0","4","8","0","0","0","0","0","0","140001","0","0"
"1","0","91002","30","10","0","0","0","50","0","1","50003","2","0","0","0","0","0","0","1","0","0","0","0","0","0","2300042","0","0","0","4","8","0","0","0","0","0","0","140001","0","0"