b1031ab53977597c6de5c0dc9c99bf07f03e0012aa0659714834711733ab525a,e020f14dc3010f55efe43b2c189f98c98d3d6a1f80ebd07e84c41f3334afea80,bde15b953d25c3d4bc7c47bd406c83760df5d707c0c889c19dd2a8bb937e550b,ae2092de2ac65e708be1963c806fe8dc289c51e20b31b5a2fcaae72e4086bb30,645839aaba540fbfa7d2fcc3a798ecf6ef365e79f24c1e6335b878b45917baab,214d8c0d79918ecf557fa4dce2f3a42c4800c966e19377f0fe2f0e852f35d275,7bedc9e4a583803543bba2dc95b5666218fcf30fb96ea7b0af54402221ed6f0c,c007db17a85537251c8af262e80053dfc1304d5aad73d88c8b1038a47b55d16f,455112f7195c8ac2ea98c598bf050784d540669609c07b65ffece841755ed9e7,284a17508ee9fce7d7fb6f01d40164b82d82288004d7d4788f7f40d9b4078972,ec92e9f611f75138d9a8f6aa3eb54f62c9556b3fcf62ad992e24ddb90410977b,3dc51fda9a4dc32e1f936fc475dea6b8cb0aadcdc488516ba4b6dfe0a8e68946,2cb56feb445d6ebaf248aad76c7624ed76a1bb5036e18464019890a85dcb60a6,74637d9ba58158830b52a1ddbbca7316e2f3a3b29ce7f8a2c635e2790d2859bc,2407f52d9e79ecd2263462c629ac852da29a52f676aa4697e91d42d43d418a57,5d083b2f58546fbdb17c8704cdc17b2b49ab6b138aa6d9b1dc485b38de4bfcc4,450776521314a234b7058185d3d5ea5481848de420af0371a12f8db0d7103eeb,e848c3d66b9ada626d6ec71b195818d635c0b452a94454b6f81e8d5c5a7be801,acc5e49b840dfbdb3f36121c7d1371c633aecf67ef2bde159b5a5018e3590a65,d1fb122ab568eedbef84edffa4c92dcbfa0e7a7387ebaa2feff6b72358db9dbb,56aa80da65ee2fe96e9588b777ef387b23cb68b515a1f8978f580c887d9e2602,01750ee4c684a106416d85aa61387fe44c81e4c2b2b81cb40cba4d7c108c8774,a3021ea1d60e2541250ea7912bdfaa1806d3c4ee597d1873fb345505bce38bac,69f9b3398ac4a736778d29b6d542f84f71f0d08cfe8a6bfdddf308ae2779595e,72377f60b9eab300c963e1b5b48155d18bcfb21cb55e7566e134788c4a26a318
"100101","0","0","0","0","100000","32001","0","0","160","0","0","1","50","18","0","0","0","0","1","5","0","1","0","0"
"100101","0","0","0","0","100000","31001","0","0","80","0","0","2","50","11","0","0","0","0","1","3","0","1","0","0"
"100101","0","0","0","0","100000","25001","0","0","100","0","0","3","10","15","0","0","0","0","0","0","0","1","0","0"
"100101","0","0","0","0","200000","25001","0","0","200","0","0","3","15","15","0","0","0","0","0","0","0","2","0","10"
"100101","0","0","0","0","400000","25001","0","0","300","0","0","3","20","15","0","0","0","0","0","0","0","3","0","20"
"100101","0","0","0","0","500000","25001","0","0","400","0","0","3","25","15","0","0","0","0","0","0","0","4","0","30"
"100101","0","0","0","0","600000","25001","0","0","500","0","0","3","30","15","0","0","2","0","1","2","0","5","0","40"
"100201","0","0","100","0","100000","32002","10","0","0","0","0","1","50","18","0","0","0","0","1","0","0","1","0","0"
"100201","0","0","60","0","100000","31002","10","0","0","0","0","2","50","11","0","0","0","0","1","0","0","1","0","0"
"100201","0","0","20","0","100000","25001","0","0","0","2","0","3","10","15","0","0","0","0","0","0","0","1","0","0"
"100201","0","0","40","0","200000","25001","0","0","0","4","0","3","15","15","0","0","0","0","0","0","0","2","0","0"
"100201","0","0","60","0","400000","25001","0","0","0","6","0","3","20","15","0","0","0","0","0","0","0","3","0","0"
"100201","0","0","80","0","500000","25001","0","0","0","8","0","3","25","15","0","0","0","0","0","0","0","4","0","0"
"100201","0","0","100","0","600000","25001","10","0","0","10","0","3","30","15","0","0","0","0","1","0","0","5","0","0"
"100301","0","0","0","0","100000","32003","0","0","160","0","0","1","50","18","0","0","0","0","1","5","0","1","0","0"
"100301","0","0","0","0","100000","31003","0","0","80","0","0","2","50","11","0","0","0","0","1","3","0","1","0","0"
"100301","0","0","0","0","100000","25001","0","0","100","0","0","3","10","15","0","0","0","0","0","0","0","1","0","0"
"100301","0","0","0","0","200000","25001","0","0","200","0","0","3","15","15","0","0","0","0","0","0","0","2","0","10"
"100301","0","0","0","0","400000","25001","0","0","300","0","0","3","20","15","0","0","0","0","0","0","0","3","0","20"
"100301","0","0","0","0","500000","25001","0","0","400","0","0","3","25","15","0","0","0","0","0","0","0","4","0","30"
"100301","0","0","0","0","600000","25001","0","0","500","0","0","3","30","15","0","0","2","0","1","2","0","5","0","40"
"100401","0","0","0","0","100000","32004","0","0","60","0","0","1","50","18","14","0","0","0","1","3","0","1","0","0"
"100401","0","0","0","0","100000","31004","0","0","30","0","0","2","50","11","7","0","0","0","1","2","0","1","0","0"
"100401","0","0","0","0","100000","25001","0","0","50","0","0","3","10","15","3","0","0","0","0","0","0","1","0","0"
"100401","0","0","0","0","200000","25001","0","0","150","0","0","3","15","15","6","0","0","0","0","0","0","2","0","0"
"100401","0","0","0","0","400000","25001","0","0","225","0","0","3","20","15","9","0","0","0","0","0","0","3","0","0"
"100401","0","0","0","0","500000","25001","0","0","270","0","0","3","25","15","12","0","0","0","0","0","0","4","0","0"
"100401","0","0","0","0","600000","25001","0","0","320","0","10","3","30","15","15","0","0","0","1","5","0","5","0","0"
"100501","0","0","0","0","100000","32005","0","0","0","0","0","1","50","18","0","0","0","0","1","3","0","1","1500","0"
"100501","0","0","0","0","100000","31005","0","0","0","0","0","2","50","11","0","0","0","0","1","2","0","1","1000","0"
"100501","0","0","0","0","100000","25001","0","0","40","2","0","3","10","15","2","0","0","0","0","0","0","1","0","0"
"100501","0","0","0","0","200000","25001","0","0","80","4","0","3","15","15","4","0","0","0","0","0","0","2","0","0"
"100501","0","0","0","0","400000","25001","0","0","120","6","0","3","20","15","6","0","0","0","0","0","0","3","0","0"
"100501","0","0","0","0","500000","25001","0","0","160","8","0","3","25","15","8","0","0","0","0","0","0","4","0","0"
"100501","0","0","0","0","600000","25001","0","0","200","10","0","3","30","15","10","0","0","0","1","5","0","5","0","0"
"100601","0","0","160","0","100000","32006","0","0","0","0","0","1","50","18","0","10","0","0","1","3","0","1","0","0"
"100601","0","0","80","0","100000","31006","0","0","0","0","0","2","50","11","0","5","0","0","1","2","0","1","0","0"
"100601","0","0","90","0","100000","25001","0","0","0","0","0","3","10","15","0","0","0","0","0","0","0","1","0","0"
"100601","0","0","180","0","200000","25001","0","0","0","0","0","3","15","15","0","5","0","0","0","0","0","2","0","0"
"100601","0","0","270","0","400000","25001","0","0","0","0","0","3","20","15","0","10","0","0","0","0","0","3","0","0"
"100601","0","0","360","0","500000","25001","0","0","0","0","0","3","25","15","0","15","0","0","0","0","0","4","0","0"
"100601","0","0","450","0","600000","25001","0","0","0","0","0","3","30","15","0","20","0","0","1","5","0","5","0","0"
"100701","0","0","0","0","100000","32007","0","0","0","0","4","1","50","18","10","0","0","0","1","0","0","1","1500","0"
"100701","0","0","0","0","100000","31007","0","0","0","0","5","2","50","11","15","0","0","0","1","0","0","1","1000","0"
"100701","0","0","0","0","100000","25001","0","0","0","0","2","3","10","15","6","0","0","0","0","0","0","1","0","0"
"100701","0","0","0","0","200000","25001","0","0","0","0","4","3","15","15","12","0","0","0","0","0","0","2","0","0"
"100701","0","0","0","0","400000","25001","0","0","0","0","6","3","20","15","18","0","0","0","0","0","0","3","0","0"
"100701","0","0","0","0","500000","25001","0","0","0","0","8","3","25","15","24","0","0","0","0","0","0","4","0","0"
"100701","0","0","0","0","600000","25001","0","0","0","0","10","3","30","15","30","0","0","0","1","0","0","5","0","0"
"100801","0","0","240","0","100000","32008","0","0","0","0","0","1","50","18","0","0","0","0","1","5","0","1","0","0"
"100801","0","0","120","0","100000","31008","0","0","0","0","0","2","50","11","0","0","0","0","1","3","0","1","0","0"
"100801","0","0","130","0","100000","25001","0","0","0","0","0","3","10","15","0","5","0","0","0","0","0","1","0","0"
"100801","0","0","260","0","200000","25001","0","0","0","0","0","3","15","15","0","10","0","0","0","0","0","2","0","0"
"100801","0","0","390","0","400000","25001","0","0","0","0","0","3","20","15","0","15","0","0","0","0","0","3","0","0"
"100801","0","0","520","0","500000","25001","0","0","0","0","0","3","25","15","0","20","0","0","0","0","0","4","0","0"
"100801","0","0","650","0","600000","25001","0","1","0","0","0","3","30","15","0","25","0","0","1","2","0","5","0","0"
"100901","0","0","360","0","100000","32009","0","0","0","0","0","1","50","18","0","10","0","0","1","5","0","1","0","0"
"100901","0","0","180","0","100000","31009","0","0","0","0","0","2","50","11","0","10","0","0","1","3","0","1","0","0"
"100901","0","0","180","0","100000","25001","0","0","0","0","0","3","10","15","0","10","0","0","0","0","0","1","0","0"
"100901","0","0","360","0","200000","25001","0","0","0","0","0","3","15","15","0","20","0","0","0","0","0","2","0","0"
"100901","0","0","540","0","400000","25001","0","0","0","0","0","3","20","15","0","20","0","0","0","0","0","3","0","0"
"100901","0","0","720","0","500000","25001","0","0","0","0","0","3","25","15","0","30","0","0","0","0","0","4","0","0"
"100901","0","0","900","0","600000","25001","0","0","0","0","0","3","30","15","0","50","0","0","1","2","0","5","0","0"
"101001","0","0","100","0","100000","32010","10","0","0","0","0","1","50","18","0","0","0","0","1","0","0","1","0","0"
"101001","0","0","60","0","100000","31010","10","0","0","0","0","2","50","11","0","0","0","0","1","0","0","1","0","0"
"101001","0","0","20","0","100000","25001","0","0","0","0","0","3","10","15","2","0","0","0","0","0","0","1","0","0"
"101001","0","0","40","0","200000","25001","0","0","0","0","0","3","15","15","4","0","0","0","0","0","0","2","0","0"
"101001","0","0","60","0","400000","25001","0","0","0","0","0","3","20","15","6","0","0","0","0","0","0","3","0","0"
"101001","0","0","80","0","500000","25001","0","0","0","0","0","3","25","15","8","0","0","0","0","0","0","4","0","0"
"101001","0","0","100","0","600000","25001","10","0","0","0","0","3","30","15","10","0","0","0","1","0","0","5","0","0"
"101101","0","0","0","0","100000","32011","0","0","160","0","0","1","50","18","0","0","0","0","1","5","0","1","0","0"
"101101","0","0","0","0","100000","31011","0","0","80","0","0","2","50","11","0","0","0","0","1","3","0","1","0","0"
"101101","0","0","0","0","100000","25001","0","0","100","0","0","3","10","15","0","0","0","0","0","0","0","1","0","0"
"101101","0","0","0","0","200000","25001","0","0","200","0","0","3","15","15","0","0","0","0","0","0","0","2","0","10"
"101101","0","0","0","0","400000","25001","0","0","300","0","0","3","20","15","0","0","0","0","0","0","0","3","0","20"
"101101","0","0","0","0","500000","25001","0","0","400","0","0","3","25","15","0","0","0","0","0","0","0","4","0","30"
"101101","0","0","0","0","600000","25001","0","0","500","0","0","3","30","15","0","0","2","0","1","2","0","5","0","40"
"101201","0","0","160","0","100000","32012","0","0","0","0","0","1","50","18","0","10","0","0","1","3","0","1","0","0"
"101201","0","0","80","0","100000","31012","0","0","0","0","0","2","50","11","0","5","0","0","1","2","0","1","0","0"
"101201","0","0","100","0","100000","25001","0","0","0","0","0","3","10","15","0","5","0","0","0","0","0","1","0","0"
"101201","0","0","200","0","200000","25001","0","0","0","0","0","3","15","15","0","10","0","0","0","0","0","2","0","0"
"101201","0","0","300","0","400000","25001","0","0","0","0","0","3","20","15","0","15","0","0","0","0","0","3","0","0"
"101201","0","0","400","0","500000","25001","0","0","0","0","0","3","25","15","0","20","0","0","0","0","0","4","0","0"
"101201","0","0","500","0","600000","25001","0","0","0","0","0","3","30","15","0","25","2","0","1","0","0","5","0","0"
"101301","0","0","160","0","100000","32013","0","0","0","0","0","1","50","18","0","10","0","0","1","3","0","1","0","0"
"101301","0","0","80","0","100000","31013","0","0","0","0","0","2","50","11","0","5","0","0","1","2","0","1","0","0"
"101301","0","0","85","0","100000","25001","0","0","0","0","0","3","10","15","0","5","0","0","0","0","0","1","0","0"
"101301","0","0","170","0","200000","25001","0","0","0","0","0","3","15","15","0","10","0","0","0","0","0","2","0","0"
"101301","0","0","255","0","400000","25001","0","0","0","0","0","3","20","15","0","15","0","0","0","0","0","3","0","0"
"101301","0","0","340","0","500000","25001","0","0","0","0","0","3","25","15","0","20","0","0","0","0","0","4","0","0"
"101301","0","0","425","0","600000","25001","0","0","0","0","0","3","30","15","0","25","2","0","1","5","0","5","0","0"
"101401","0","0","240","0","100000","32014","0","0","0","0","0","1","50","18","25","0","0","0","1","0","0","1","0","0"
"101401","0","0","120","0","100000","31014","0","0","0","25","0","2","50","11","0","0","0","0","1","0","0","1","0","0"
"101401","0","0","130","0","100000","25001","0","0","0","4","0","3","10","15","4","0","0","0","0","0","0","1","0","0"
"101401","0","0","260","0","200000","25001","0","0","0","8","0","3","15","15","8","0","0","0","0","0","0","2","0","0"
"101401","0","0","390","0","400000","25001","0","0","0","12","0","3","20","15","12","0","0","0","0","0","0","3","0","0"
"101401","0","0","520","0","500000","25001","0","0","0","16","0","3","25","15","16","0","0","0","0","0","0","4","0","0"
"101401","0","0","650","0","600000","25001","0","0","0","18","0","3","30","15","18","0","0","0","1","0","0","5","0","0"
"101501","0","0","160","0","100000","32015","0","0","0","0","0","1","50","18","0","0","0","0","1","5","0","1","0","0"
"101501","0","0","80","0","100000","31015","0","0","0","0","0","2","50","11","0","0","0","0","1","3","0","1","0","0"
"101501","0","0","100","0","100000","25001","0","0","0","0","0","3","10","15","0","0","0","0","0","0","0","1","0","0"
"101501","0","0","220","0","200000","25001","0","0","0","0","0","3","15","15","0","0","0","0","0","0","0","2","0","0"
"101501","0","0","330","0","400000","25001","0","0","0","0","0","3","20","15","0","0","0","0","0","0","0","3","0","0"
"101501","0","0","440","0","500000","25001","0","0","0","0","0","3","25","15","0","0","0","0","0","0","0","4","0","0"
"101501","0","0","550","0","600000","25001","0","0","0","0","0","3","30","15","0","0","0","0","1","2","0","5","0","0"
"101601","0","0","0","0","100000","32016","0","0","160","0","0","1","50","18","0","0","0","0","1","5","0","1","0","0"
"101601","0","0","0","0","100000","31016","0","0","80","0","0","2","50","11","0","0","0","0","1","3","0","1","0","0"
"101601","0","0","0","0","100000","25001","0","0","100","0","0","3","10","15","0","0","0","0","0","0","0","1","0","0"
"101601","0","0","0","0","200000","25001","0","0","220","0","0","3","15","15","0","0","0","0","0","0","0","2","0","0"
"101601","0","0","0","0","400000","25001","0","0","330","0","0","3","20","15","0","0","0","0","0","0","0","3","0","0"
"101601","0","0","0","0","500000","25001","0","0","440","0","0","3","25","15","0","0","0","0","0","0","0","4","0","0"
"101601","0","0","0","0","600000","25001","0","0","550","0","0","3","30","15","0","0","0","0","1","2","0","5","0","0"
"101701","0","0","0","0","100000","32017","0","0","160","0","0","1","50","18","0","0","0","0","1","5","0","1","0","0"
"101701","0","0","0","0","100000","31017","0","0","80","0","0","2","50","11","0","0","0","0","1","3","0","1","0","0"
"101701","0","0","0","0","100000","25001","0","0","100","0","0","3","10","15","0","0","0","0","0","0","0","1","0","0"
"101701","0","0","0","0","200000","25001","0","0","220","0","0","3","15","15","0","0","0","0","0","0","0","2","0","0"
"101701","0","0","0","0","400000","25001","0","0","330","0","0","3","20","15","0","0","0","0","0","0","0","3","0","0"
"101701","0","0","0","0","500000","25001","0","0","440","0","0","3","25","15","0","0","0","0","0","0","0","4","0","0"
"101701","0","0","0","0","600000","25001","0","0","500","0","0","3","30","15","0","0","2","0","1","2","0","5","0","0"
"101801","0","0","100","0","100000","32018","0","0","0","5","0","1","50","18","5","0","0","0","1","0","0","1","0","0"
"101801","0","0","60","0","100000","31018","0","0","0","2","0","2","50","11","1","0","0","0","1","0","0","1","170","0"
"101801","0","0","20","0","100000","25001","0","0","0","1","0","3","10","15","1","0","0","0","0","0","0","1","0","0"
"101801","0","0","40","0","200000","25001","0","0","0","2","0","3","15","15","2","0","0","0","0","0","0","2","0","0"
"101801","0","0","60","0","400000","25001","0","0","0","3","0","3","20","15","3","0","0","0","0","0","0","3","0","0"
"101801","0","0","80","0","500000","25001","0","0","0","4","0","3","25","15","4","0","0","0","0","0","0","4","0","0"
"101801","0","0","100","0","600000","25001","0","0","0","7","0","3","30","15","6","0","0","0","1","2","0","5","0","0"
"101901","0","0","0","0","0","0","0","0","0","0","0","1","0","0","0","0","0","0","0","0","0","0","0","0"
"101901","0","0","0","0","0","0","0","0","0","0","0","2","0","0","0","0","0","0","0","0","0","0","0","0"
"101901","0","0","0","0","0","0","0","0","0","0","0","3","0","0","0","0","0","0","0","0","0","0","0","0"
"102001","0","0","0","0","100000","32020","0","0","160","0","0","1","50","18","0","0","0","0","1","5","0","1","0","30"
"102001","0","0","0","0","100000","31020","0","0","120","0","0","2","50","11","0","0","0","0","1","3","0","1","0","15"
"102001","0","0","0","0","100000","25001","0","0","100","0","0","3","10","15","0","0","0","0","0","0","0","1","0","0"
"102001","0","0","0","0","200000","25001","0","0","200","0","0","3","15","15","0","0","0","0","0","0","0","2","0","10"
"102001","0","0","0","0","400000","25001","0","0","300","0","0","3","20","15","0","0","0","0","0","0","0","3","0","20"
"102001","0","0","0","0","500000","25001","0","0","400","0","0","3","25","15","0","0","0","0","0","0","0","4","0","30"
"102001","10","0","0","0","600000","25001","0","0","450","0","0","3","30","15","0","0","0","0","1","2","0","5","0","50"
"102101","0","0","0","0","100000","32021","0","0","95","0","0","1","50","18","0","0","0","0","1","5","0","1","0","0"
"102101","0","0","0","0","100000","31021","0","0","55","0","0","2","50","11","0","0","0","0","1","5","0","1","0","0"
"102101","0","0","0","0","100000","25001","0","0","0","3","0","3","10","15","4","0","0","0","0","0","0","1","0","0"
"102101","0","0","0","0","200000","25001","0","0","10","6","0","3","15","15","8","0","0","0","0","0","0","2","0","0"
"102101","0","0","0","0","400000","25001","0","0","20","9","0","3","20","15","12","0","0","0","0","0","0","3","0","0"
"102101","0","0","0","0","500000","25001","0","0","30","12","0","3","25","15","16","0","0","0","0","0","0","4","0","0"
"102101","15","0","0","0","600000","25001","0","0","40","15","0","3","30","15","20","0","0","0","1","0","0","5","0","0"
"102201","0","0","160","0","100000","32022","0","0","0","0","0","1","50","18","0","10","0","0","1","3","0","1","0","0"
"102201","0","0","80","0","100000","31022","0","0","0","0","0","2","50","11","0","5","0","0","1","2","0","1","0","0"
"102201","0","0","90","0","100000","25001","0","0","0","0","0","3","10","15","0","0","0","0","0","0","0","1","0","0"
"102201","0","0","180","0","200000","25001","0","0","0","0","0","3","15","15","0","5","0","0","0","0","0","2","0","0"
"102201","0","0","270","0","400000","25001","0","0","0","0","0","3","20","15","0","10","0","0","0","0","0","3","0","0"
"102201","0","0","360","0","500000","25001","0","0","0","0","0","3","25","15","0","15","0","0","0","0","0","4","0","0"
"102201","0","0","450","0","600000","25001","0","0","0","0","0","3","30","15","0","20","0","0","1","5","0","5","0","0"
"102301","0","0","0","0","100000","32023","0","0","100","5","0","1","50","18","0","0","0","0","1","5","0","1","0","0"
"102301","0","0","0","0","100000","31023","0","0","0","0","0","2","50","11","5","0","0","0","1","5","0","1","0","0"
"102301","0","0","0","0","100000","25001","0","0","0","5","0","3","10","15","5","0","0","0","0","0","0","1","0","0"
"102301","0","0","0","0","200000","25001","0","0","0","10","0","3","15","15","10","0","0","0","0","0","0","2","0","0"
"102301","0","0","0","0","400000","25001","0","0","0","15","0","3","20","15","15","0","0","0","0","0","0","3","0","0"
"102301","0","0","0","0","500000","25001","0","0","0","20","0","3","25","15","20","0","0","0","0","0","0","4","0","0"
"102301","0","0","0","0","600000","25001","0","0","0","25","0","3","30","15","25","0","0","0","1","0","0","5","0","0"
"102401","0","0","0","0","0","0","0","0","0","0","0","1","0","0","0","0","0","0","0","0","0","0","0","0"
"102401","0","0","0","0","0","0","0","0","0","0","0","2","0","0","0","0","0","0","0","0","0","0","0","0"
"102401","0","0","0","0","0","0","0","0","0","0","0","3","0","0","0","0","0","0","0","0","0","0","0","0"
"102501","0","0","160","0","100000","32025","0","0","0","0","0","1","50","18","0","10","0","0","1","3","0","1","0","0"
"102501","0","0","80","0","100000","31025","0","0","0","0","0","2","50","11","0","5","0","0","1","2","0","1","0","0"
"102501","0","0","100","0","100000","25001","0","0","0","0","0","3","10","15","0","5","0","0","0","0","0","1","0","0"
"102501","0","0","200","0","200000","25001","0","0","0","0","0","3","15","15","0","10","0","0","0","0","0","2","0","0"
"102501","0","0","300","0","400000","25001","0","0","0","0","0","3","20","15","0","15","0","0","0","0","0","3","0","0"
"102501","0","0","400","0","500000","25001","0","0","0","0","0","3","25","15","0","20","0","0","0","0","0","4","0","0"
"102501","0","0","500","0","600000","25001","0","0","0","0","0","3","30","15","0","25","2","0","1","0","0","5","0","0"
"102601","0","0","0","0","100000","32026","10","0","200","0","0","1","50","18","0","0","0","0","1","5","0","1","0","0"
"102601","0","0","0","0","100000","31026","10","0","100","0","0","2","50","11","0","0","0","0","1","3","0","1","0","0"
"102601","0","0","0","0","100000","25001","0","0","50","2","0","3","10","15","0","0","0","0","0","0","0","1","0","0"
"102601","0","0","0","0","200000","25001","0","0","100","4","0","3","15","15","0","0","0","0","0","0","0","2","0","0"
"102601","0","0","0","0","400000","25001","0","0","150","6","0","3","20","15","0","0","0","0","0","0","0","3","0","0"
"102601","0","0","0","0","500000","25001","0","0","200","8","0","3","25","15","0","0","0","0","0","0","0","4","0","0"
"102601","0","0","0","0","600000","25001","10","0","250","10","0","3","30","15","0","0","0","0","1","2","0","5","0","0"
"102701","0","0","0","0","100000","32027","0","0","200","0","0","1","50","18","0","0","0","0","1","0","0","1","0","100"
"102701","0","0","0","0","100000","31027","0","0","80","0","0","2","50","11","0","0","0","0","1","3","0","1","0","0"
"102701","0","0","0","0","100000","25001","0","0","100","0","0","3","10","15","0","0","0","0","0","0","0","1","0","0"
"102701","0","0","0","0","200000","25001","0","0","200","0","0","3","15","15","0","0","0","0","0","0","0","2","0","10"
"102701","0","0","0","0","400000","25001","0","0","300","0","0","3","20","15","0","0","0","0","0","0","0","3","0","20"
"102701","0","0","0","0","500000","25001","0","0","400","0","0","3","25","15","0","0","0","0","0","0","0","4","0","30"
"102701","0","0","0","0","600000","25001","0","0","500","0","0","3","30","15","0","0","2","0","1","2","0","5","0","40"
"102801","0","0","0","0","100000","32028","0","0","0","5","0","1","50","18","5","0","0","0","1","5","0","1","1500","0"
"102801","0","0","0","0","100000","31028","0","0","0","10","0","2","50","11","10","0","0","0","1","0","0","1","1000","0"
"102801","0","0","0","0","100000","25001","0","0","100","0","0","3","10","15","0","0","0","0","0","0","0","1","0","0"
"102801","0","0","0","0","200000","25001","0","0","200","0","0","3","15","15","0","0","0","0","0","0","0","2","0","0"
"102801","0","0","0","0","400000","25001","0","0","300","0","0","3","20","15","0","0","0","0","0","0","0","3","0","0"
"102801","0","0","0","0","500000","25001","0","0","400","0","0","3","25","15","0","0","0","0","0","0","0","4","0","0"
"102801","0","0","0","0","600000","25001","0","0","500","0","0","3","30","15","0","0","2","0","1","5","0","5","0","0"
"102901","0","0","0","0","100000","32029","0","0","0","7","0","1","50","18","7","0","0","0","1","0","0","1","1500","0"
"102901","0","0","0","0","100000","31029","0","0","0","10","0","2","50","11","10","0","0","0","1","0","0","1","1000","0"
"102901","0","0","0","0","100000","25001","0","0","0","4","0","3","10","15","4","0","0","0","0","0","0","1","0","0"
"102901","0","0","0","0","200000","25001","0","0","0","8","0","3","15","15","8","0","0","0","0","0","0","2","0","0"
"102901","0","0","0","0","400000","25001","0","0","0","12","0","3","20","15","12","0","0","0","0","0","0","3","0","0"
"102901","0","0","0","0","500000","25001","0","0","0","16","0","3","25","15","16","0","0","0","0","0","0","4","0","0"
"102901","20","0","0","0","600000","25001","0","0","0","20","0","3","30","15","20","0","0","0","1","5","0","5","0","0"
"103001","0","0","0","0","100000","32030","0","0","160","0","0","1","50","18","0","0","0","0","1","5","0","1","0","30"
"103001","0","0","0","0","100000","31030","0","0","120","0","0","2","50","11","0","0","0","0","1","3","0","1","0","15"
"103001","0","0","0","0","100000","25001","0","0","100","0","0","3","10","15","0","0","0","0","0","0","0","1","0","0"
"103001","0","0","0","0","200000","25001","0","0","200","0","0","3","15","15","0","0","0","0","0","0","0","2","0","10"
"103001","0","0","0","0","400000","25001","0","0","300","0","0","3","20","15","0","0","0","0","0","0","0","3","0","20"
"103001","0","0","0","0","500000","25001","0","0","400","0","0","3","25","15","0","0","0","0","0","0","0","4","0","30"
"103001","15","0","0","0","600000","25001","0","0","450","0","0","3","30","15","0","0","0","0","1","2","0","5","0","40"
"103101","0","0","0","0","100000","32031","0","0","0","5","0","1","50","18","5","0","0","0","1","5","0","1","1500","0"
"103101","0","0","0","0","100000","31031","0","0","0","10","0","2","50","11","10","0","0","0","1","0","0","1","1000","0"
"103101","0","0","0","0","100000","25001","0","0","100","0","0","3","10","15","0","0","0","0","0","0","0","1","0","0"
"103101","0","0","0","0","200000","25001","0","0","200","0","0","3","15","15","0","0","0","0","0","0","0","2","0","0"
"103101","0","0","0","0","400000","25001","0","0","300","0","0","3","20","15","0","0","0","0","0","0","0","3","0","0"
"103101","0","0","0","0","500000","25001","0","0","400","0","0","3","25","15","0","0","0","0","0","0","0","4","0","0"
"103101","0","0","0","0","600000","25001","0","0","500","0","0","3","30","15","0","0","2","0","1","5","0","5","0","0"
"103201","0","0","0","0","100000","32032","0","0","160","15","0","1","50","18","15","0","0","0","1","0","0","1","0","0"
"103201","0","0","0","0","100000","31032","0","0","80","10","0","2","50","11","10","0","0","0","1","3","0","1","0","0"
"103201","0","0","0","0","100000","25001","0","0","110","0","0","3","10","15","0","0","0","0","0","0","0","1","0","0"
"103201","0","0","0","0","200000","25001","0","0","220","0","0","3","15","15","0","0","0","0","0","0","0","2","0","0"
"103201","0","0","0","0","400000","25001","0","0","330","0","0","3","20","15","0","0","0","0","0","0","0","3","0","0"
"103201","0","0","0","0","500000","25001","0","0","440","0","0","3","25","15","0","0","0","0","0","0","0","4","0","0"
"103201","0","0","0","0","600000","25001","0","0","550","0","0","3","30","15","0","0","2","0","1","2","0","5","0","0"
"103301","0","0","0","0","100000","32033","0","0","0","0","0","1","50","18","25","0","0","0","1","5","0","1","0","0"
"103301","10","0","0","0","100000","31033","0","0","0","25","0","2","50","11","0","0","0","0","1","0","0","1","0","0"
"103301","0","0","0","0","100000","25001","0","0","0","4","0","3","10","15","4","0","0","0","0","0","0","1","0","0"
"103301","0","0","0","0","200000","25001","0","0","0","8","0","3","15","15","8","0","0","0","0","0","0","2","0","0"
"103301","0","0","0","0","400000","25001","0","0","0","12","0","3","20","15","12","0","0","0","0","0","0","3","0","0"
"103301","0","0","0","0","500000","25001","0","0","0","16","0","3","25","15","16","0","0","0","0","0","0","4","0","0"
"103301","15","0","0","0","600000","25001","0","0","200","18","0","3","30","15","18","0","0","0","1","0","0","5","0","0"
"103401","0","0","0","0","100000","32034","10","0","100","0","0","1","50","18","0","0","0","0","1","0","0","1","0","0"
"103401","0","0","0","0","100000","31034","10","0","60","0","0","2","50","11","0","0","0","0","1","0","0","1","0","0"
"103401","0","0","0","0","100000","25001","0","0","20","2","0","3","10","15","0","0","0","0","0","0","0","1","0","0"
"103401","0","0","0","0","200000","25001","0","0","40","4","0","3","15","15","0","0","0","0","0","0","0","2","0","0"
"103401","0","0","0","0","400000","25001","0","0","60","6","0","3","20","15","0","0","0","0","0","0","0","3","0","0"
"103401","0","0","0","0","500000","25001","0","0","80","8","0","3","25","15","0","0","0","0","0","0","0","4","0","0"
"103401","0","0","0","0","600000","25001","10","0","100","10","0","3","30","15","0","0","0","0","1","0","0","5","0","0"
"103501","0","0","0","0","0","0","0","0","0","0","0","1","0","0","0","0","0","0","0","0","0","0","0","0"
"103501","0","0","0","0","0","0","0","0","0","0","0","2","0","0","0","0","0","0","0","0","0","0","0","0"
"103501","0","0","0","0","0","0","0","0","0","0","0","3","0","0","0","0","0","0","0","0","0","0","0","0"
"103601","0","0","160","0","100000","32036","0","0","0","0","0","1","50","18","0","10","0","0","1","3","0","1","0","0"
"103601","0","0","80","0","100000","31036","0","0","0","0","0","2","50","11","0","5","0","0","1","2","0","1","0","0"
"103601","0","0","100","0","100000","25001","0","0","0","0","0","3","10","15","0","5","0","0","0","0","0","1","0","0"
"103601","0","0","200","0","200000","25001","0","0","0","0","0","3","15","15","0","10","0","0","0","0","0","2","0","0"
"103601","0","0","300","0","400000","25001","0","0","0","0","0","3","20","15","0","15","0","0","0","0","0","3","0","0"
"103601","0","0","400","0","500000","25001","0","0","0","0","0","3","25","15","0","20","0","0","0","0","0","4","0","0"
"103601","0","0","500","0","600000","25001","0","0","0","0","0","3","30","15","0","25","2","0","1","0","0","5","0","0"
"103701","0","0","0","0","100000","32037","0","0","240","0","0","1","50","18","0","0","0","0","1","0","0","1","0","0"
"103701","0","0","0","0","100000","31037","0","0","120","0","0","2","50","11","0","0","0","0","1","3","0","1","0","0"
"103701","0","0","0","0","100000","25001","0","0","130","0","0","3","10","15","0","0","0","0","0","0","0","1","0","0"
"103701","0","0","0","0","200000","25001","0","0","260","0","0","3","15","15","0","0","0","0","0","0","0","2","0","10"
"103701","0","0","0","0","400000","25001","0","0","390","0","0","3","20","15","0","0","0","0","0","0","0","3","0","20"
"103701","0","0","0","0","500000","25001","0","0","520","0","0","3","25","15","0","0","0","0","0","0","0","4","0","30"
"103701","0","0","0","0","600000","25001","0","0","650","0","0","3","30","15","0","0","2","0","1","2","0","5","0","40"
"103801","0","0","0","0","100000","32038","0","0","160","0","0","1","50","18","25","0","0","0","1","0","0","1","0","0"
"103801","0","0","0","0","100000","31038","0","0","80","25","0","2","50","11","0","0","0","0","1","3","0","1","0","0"
"103801","0","0","0","0","100000","25001","0","0","100","4","0","3","10","15","4","0","0","0","0","0","0","1","0","0"
"103801","0","0","0","0","200000","25001","0","0","220","8","0","3","15","15","8","0","0","0","0","0","0","2","0","0"
"103801","0","0","0","0","400000","25001","0","0","330","12","0","3","20","15","12","0","0","0","0","0","0","3","0","0"
"103801","0","0","0","0","500000","25001","0","0","440","16","0","3","25","15","16","0","0","0","0","0","0","4","0","0"
"103801","0","0","0","0","600000","25001","0","0","550","18","0","3","30","15","18","0","0","0","1","2","0","5","0","0"
"103901","0","0","0","0","0","0","0","0","0","0","0","1","0","0","0","0","0","0","0","0","0","0","0","0"
"103901","0","0","0","0","0","0","0","0","0","0","0","2","0","0","0","0","0","0","0","0","0","0","0","0"
"103901","0","0","0","0","0","0","0","0","0","0","0","3","0","0","0","0","0","0","0","0","0","0","0","0"
"104001","0","0","0","0","100000","32040","0","0","0","25","0","1","50","18","20","0","0","0","1","0","0","1","0","0"
"104001","10","0","0","0","100000","31040","0","0","0","25","0","2","50","11","0","0","0","0","1","0","0","1","0","0"
"104001","0","0","0","0","100000","25001","0","0","40","3","0","3","10","15","3","0","0","0","0","0","0","1","0","0"
"104001","0","0","0","0","200000","25001","0","0","80","6","0","3","15","15","6","0","0","0","0","0","0","2","0","0"
"104001","0","0","0","0","400000","25001","0","0","120","9","0","3","20","15","9","0","0","0","0","0","0","3","0","0"
"104001","0","0","0","0","500000","25001","0","0","160","12","0","3","25","15","12","0","0","0","0","0","0","4","0","0"
"104001","15","0","0","0","600000","25001","0","0","200","15","0","3","30","15","15","0","0","0","1","0","0","5","0","0"
"104101","0","0","0","0","0","0","0","0","0","0","0","1","0","0","0","0","0","0","0","0","0","0","0","0"
"104101","0","0","0","0","0","0","0","0","0","0","0","2","0","0","0","0","0","0","0","0","0","0","0","0"
"104101","0","0","0","0","0","0","0","0","0","0","0","3","0","0","0","0","0","0","0","0","0","0","0","0"
"104201","0","0","100","0","100000","32042","10","0","0","0","0","1","50","18","0","0","0","0","1","0","0","1","0","0"
"104201","0","0","60","0","100000","31042","10","0","0","0","0","2","50","11","0","0","0","0","1","0","0","1","0","0"
"104201","0","0","20","0","100000","25001","0","0","0","0","0","3","10","15","2","0","0","0","0","0","0","1","0","0"
"104201","0","0","40","0","200000","25001","0","0","0","0","0","3","15","15","4","0","0","0","0","0","0","2","0","0"
"104201","0","0","60","0","400000","25001","0","0","0","0","0","3","20","15","6","0","0","0","0","0","0","3","0","0"
"104201","0","0","80","0","500000","25001","0","0","0","0","0","3","25","15","8","0","0","0","0","0","0","4","0","0"
"104201","0","0","100","0","600000","25001","10","0","0","0","0","3","30","15","10","0","0","0","1","0","0","5","0","0"
"104301","0","0","0","0","100000","32043","0","0","160","0","0","1","50","18","0","0","0","0","1","3","0","1","0","0"
"104301","0","0","0","0","100000","31043","0","0","80","0","0","2","50","11","0","0","0","0","1","2","0","1","0","0"
"104301","0","0","0","0","100000","25001","0","0","100","0","0","3","10","15","0","0","0","0","0","0","0","1","0","0"
"104301","0","0","0","0","200000","25001","0","0","220","0","0","3","15","15","0","0","0","0","0","0","0","2","0","0"
"104301","0","0","0","0","400000","25001","0","0","330","0","0","3","20","15","0","0","0","0","0","0","0","3","0","0"
"104301","0","0","0","0","500000","25001","0","0","440","0","0","3","25","15","0","0","0","0","0","0","0","4","0","0"
"104301","0","0","0","0","600000","25001","0","0","550","0","0","3","30","15","0","0","0","0","1","5","0","5","0","0"
"104401","0","0","360","0","100000","32044","0","0","0","0","0","1","50","18","0","10","0","0","1","0","0","1","0","0"
"104401","0","0","180","0","100000","31044","0","0","0","0","0","2","50","11","0","10","0","0","1","0","0","1","0","0"
"104401","0","0","180","0","100000","25001","0","0","0","0","0","3","10","15","0","10","0","0","0","0","0","1","0","0"
"104401","0","0","360","0","200000","25001","0","0","0","0","0","3","15","15","0","20","0","0","0","0","0","2","0","0"
"104401","0","0","540","0","400000","25001","0","0","0","0","0","3","20","15","0","20","0","0","0","0","0","3","0","0"
"104401","0","0","720","0","500000","25001","0","0","0","0","0","3","25","15","0","30","0","0","0","0","0","4","0","0"
"104401","0","0","900","0","600000","25001","0","0","0","0","0","3","30","15","0","50","0","0","1","0","0","5","0","0"
"104501","0","0","0","0","100000","32045","0","0","0","10","0","1","50","18","4","0","0","0","1","0","0","1","1500","0"
"104501","0","0","0","0","100000","31045","0","0","0","15","0","2","50","11","5","0","0","0","1","0","0","1","1000","0"
"104501","0","0","0","0","100000","25001","0","0","0","6","0","3","10","15","2","0","0","0","0","0","0","1","0","0"
"104501","0","0","0","0","200000","25001","0","0","0","12","0","3","15","15","4","0","0","0","0","0","0","2","0","0"
"104501","0","0","0","0","400000","25001","0","0","0","18","0","3","20","15","6","0","0","0","0","0","0","3","0","0"
"104501","0","0","0","0","500000","25001","0","0","0","24","0","3","25","15","8","0","0","0","0","0","0","4","0","0"
"104501","0","0","0","0","600000","25001","0","0","0","30","0","3","30","15","10","0","0","0","1","0","0","5","0","0"
"104601","0","0","0","0","100000","32046","0","0","180","0","0","1","50","18","0","0","0","0","1","0","0","1","0","15"
"104601","0","0","0","0","100000","31046","0","0","80","0","0","2","50","11","0","0","0","0","1","3","0","1","0","0"
"104601","0","0","0","0","100000","25001","0","0","100","0","0","3","10","15","0","0","0","0","0","0","0","1","0","0"
"104601","0","0","0","0","200000","25001","0","0","200","0","0","3","15","15","0","0","0","0","0","0","0","2","0","10"
"104601","0","0","0","0","400000","25001","0","0","300","0","0","3","20","15","0","0","0","0","0","0","0","3","0","20"
"104601","0","0","0","0","500000","25001","0","0","400","0","0","3","25","15","0","0","0","0","0","0","0","4","0","30"
"104601","0","0","0","0","600000","25001","0","0","500","0","0","3","30","15","0","0","2","0","1","2","0","5","0","40"
"104701","0","0","0","0","100000","32047","10","0","0","10","0","1","50","18","10","0","0","0","1","5","0","1","0","0"
"104701","0","0","0","0","100000","31047","10","0","0","15","0","2","50","11","15","0","0","0","1","3","0","1","0","0"
"104701","0","0","0","0","100000","25001","0","0","0","6","0","3","10","15","6","0","0","0","0","0","0","1","0","0"
"104701","0","0","0","0","200000","25001","0","0","0","12","0","3","15","15","12","0","0","0","0","0","0","2","0","0"
"104701","0","0","0","0","400000","25001","0","0","0","18","0","3","20","15","18","0","0","0","0","0","0","3","0","0"
"104701","0","0","0","0","500000","25001","0","0","0","24","0","3","25","15","24","0","0","0","0","0","0","4","0","0"
"104701","0","0","0","0","600000","25001","10","0","0","30","0","3","30","15","30","0","0","0","1","2","0","5","0","0"
"104801","0","0","0","0","100000","32048","0","0","95","0","0","1","50","18","0","0","0","0","1","5","0","1","0","0"
"104801","0","0","0","0","100000","31048","0","0","55","0","0","2","50","11","0","0","0","0","1","5","0","1","0","0"
"104801","0","0","0","0","100000","25001","0","0","20","1","0","3","10","15","1","0","0","0","0","0","0","1","0","0"
"104801","0","0","0","0","200000","25001","0","0","40","2","0","3","15","15","2","0","0","0","0","0","0","2","0","0"
"104801","0","0","0","0","400000","25001","0","0","60","3","0","3","20","15","3","0","0","0","0","0","0","3","0","0"
"104801","0","0","0","0","500000","25001","0","0","80","4","0","3","25","15","4","0","0","0","0","0","0","4","0","0"
"104801","15","0","0","0","600000","25001","0","0","90","5","0","3","30","15","5","0","0","0","1","0","0","5","0","0"
"104901","0","0","0","0","100000","32049","0","0","95","0","0","1","50","18","0","0","0","0","1","5","0","1","0","0"
"104901","0","0","0","0","100000","31049","0","0","55","0","0","2","50","11","0","0","0","0","1","5","0","1","0","0"
"104901","0","0","0","0","100000","25001","0","0","10","2","0","3","10","15","4","0","0","0","0","0","0","1","0","0"
"104901","0","0","0","0","200000","25001","0","0","20","4","0","3","15","15","8","0","0","0","0","0","0","2","0","0"
"104901","0","0","0","0","400000","25001","0","0","30","6","0","3","20","15","12","0","0","0","0","0","0","3","0","0"
"104901","0","0","0","0","500000","25001","0","0","40","8","0","3","25","15","16","0","0","0","0","0","0","4","0","0"
"104901","0","0","0","0","600000","25001","0","0","50","10","0","3","30","15","20","0","0","0","1","0","0","5","0","0"
"105001","0","0","150","0","100000","32050","0","0","0","0","0","1","50","18","0","10","0","0","1","3","0","1","0","0"
"105001","0","0","75","0","100000","31050","0","0","0","0","0","2","50","11","0","5","0","0","1","2","0","1","0","0"
"105001","0","0","100","0","100000","25001","0","0","0","0","0","3","10","15","0","6","0","0","0","0","0","1","0","0"
"105001","0","0","200","0","200000","25001","0","0","0","0","0","3","15","15","0","12","0","0","0","0","0","2","0","0"
"105001","0","0","300","0","400000","25001","0","0","0","0","0","3","20","15","0","18","0","0","0","0","0","3","0","0"
"105001","0","0","400","0","500000","25001","0","0","0","0","0","3","25","15","0","24","0","0","0","0","0","4","0","0"
"105001","0","0","500","0","600000","25001","0","0","0","0","0","3","30","15","0","30","0","0","1","0","0","5","0","0"
"105101","0","0","0","0","100000","32051","0","0","160","0","0","1","50","18","0","0","0","0","1","5","0","1","0","0"
"105101","0","0","0","0","100000","31051","0","0","80","0","0","2","50","11","0","0","0","0","1","0","0","1","0","0"
"105101","0","0","0","0","100000","25001","0","0","100","0","0","3","10","15","0","0","0","0","0","0","0","1","0","10"
"105101","0","0","0","0","200000","25001","0","0","220","0","0","3","15","15","0","0","0","0","0","0","0","2","0","20"
"105101","0","0","0","0","400000","25001","0","0","330","0","0","3","20","15","0","0","0","0","0","0","0","3","0","30"
"105101","0","0","0","0","500000","25001","0","0","440","0","0","3","25","15","0","0","0","0","0","0","0","4","0","40"
"105101","0","0","0","0","600000","25001","0","1","550","0","0","3","30","15","0","0","0","0","1","5","0","5","0","50"
"105201","0","0","0","0","100000","32052","0","0","0","4","0","1","50","18","10","0","0","0","1","0","0","1","1500","0"
"105201","0","0","0","0","100000","31052","0","0","0","5","0","2","50","11","15","0","0","0","1","0","0","1","1000","0"
"105201","0","0","0","0","100000","25001","0","0","0","2","0","3","10","15","6","0","0","0","0","0","0","1","0","0"
"105201","0","0","0","0","200000","25001","0","0","0","4","0","3","15","15","12","0","0","0","0","0","0","2","0","0"
"105201","0","0","0","0","400000","25001","0","0","0","6","0","3","20","15","18","0","0","0","0","0","0","3","0","0"
"105201","0","0","0","0","500000","25001","0","0","0","8","0","3","25","15","24","0","0","0","0","0","0","4","0","0"
"105201","0","0","0","0","600000","25001","0","0","0","10","0","3","30","15","30","0","0","0","1","0","0","5","0","0"
"105301","0","0","0","0","100000","32053","0","0","160","0","0","1","50","18","0","0","0","0","1","5","0","1","0","0"
"105301","0","0","0","0","100000","31053","0","0","80","0","0","2","50","11","0","0","0","0","1","3","0","1","0","0"
"105301","0","0","0","0","100000","25001","0","0","100","0","0","3","10","15","0","0","0","0","0","0","0","1","0","0"
"105301","0","0","0","0","200000","25001","0","0","200","0","0","3","15","15","0","0","0","0","0","0","0","2","0","10"
"105301","0","0","0","0","400000","25001","0","0","300","0","0","3","20","15","0","0","0","0","0","0","0","3","0","20"
"105301","0","0","0","0","500000","25001","0","0","400","0","0","3","25","15","0","0","0","0","0","0","0","4","0","30"
"105301","0","0","0","0","600000","25001","0","0","500","0","0","3","30","15","0","0","2","0","1","2","0","5","0","40"
"105401","0","0","0","0","100000","32054","0","0","0","15","0","1","50","18","15","0","0","0","1","5","0","1","1500","0"
"105401","0","0","0","0","100000","31054","0","0","0","20","0","2","50","11","0","0","0","0","1","0","0","1","1000","0"
"105401","0","0","0","0","100000","25001","0","0","0","3","0","3","10","15","3","0","0","0","0","0","0","1","0","0"
"105401","0","0","0","0","200000","25001","0","0","0","6","0","3","15","15","6","0","0","0","0","0","0","2","0","0"
"105401","0","0","0","0","400000","25001","0","0","0","9","0","3","20","15","9","0","0","0","0","0","0","3","0","0"
"105401","0","0","0","0","500000","25001","0","0","0","12","0","3","25","15","12","0","0","0","0","0","0","4","0","0"
"105401","0","0","0","0","600000","25001","0","0","0","15","0","3","30","15","15","0","0","0","1","5","0","5","0","0"
"105501","0","0","0","0","100000","32055","0","0","160","0","0","1","50","18","0","0","0","0","1","5","0","1","0","0"
"105501","10","0","0","0","100000","31055","0","0","80","0","0","2","50","11","0","0","0","0","1","3","0","1","0","0"
"105501","0","0","0","0","100000","25001","0","0","100","0","0","3","10","15","0","0","0","0","0","0","0","1","0","0"
"105501","0","0","0","0","200000","25001","0","0","220","0","0","3","15","15","0","0","0","0","0","0","0","2","0","0"
"105501","0","0","0","0","400000","25001","0","0","330","0","0","3","20","15","0","0","0","0","0","0","0","3","0","0"
"105501","0","0","0","0","500000","25001","0","0","440","0","0","3","25","15","0","0","0","0","0","0","0","4","0","0"
"105501","15","0","0","0","600000","25001","0","0","550","0","0","3","30","15","0","0","0","0","1","2","0","5","0","0"
"105601","0","0","0","0","100000","32056","0","0","0","10","0","1","50","18","10","0","0","0","1","7","0","1","1500","0"
"105601","0","0","0","0","100000","31056","0","0","0","15","0","2","50","11","15","0","0","0","1","8","0","1","1000","0"
"105601","0","0","0","0","100000","25001","0","0","0","6","0","3","10","15","6","0","0","0","0","0","0","1","0","0"
"105601","0","0","0","0","200000","25001","0","0","0","12","0","3","15","15","12","0","0","0","0","0","0","2","0","0"
"105601","0","0","0","0","400000","25001","0","0","0","18","0","3","20","15","18","0","0","0","0","0","0","3","0","0"
"105601","0","0","0","0","500000","25001","0","0","0","24","0","3","25","15","24","0","0","0","0","0","0","4","0","0"
"105601","0","0","0","0","600000","25001","0","0","0","30","0","3","30","15","30","0","0","0","1","10","0","5","0","0"
"105701","0","0","0","0","100000","32057","0","0","240","0","0","1","50","18","0","0","0","0","1","3","0","1","0","0"
"105701","0","0","0","0","100000","31057","0","0","120","0","0","2","50","11","0","0","0","0","1","2","0","1","0","0"
"105701","0","0","0","0","100000","25001","0","0","100","0","0","3","10","15","0","0","0","0","0","0","0","1","0","0"
"105701","0","0","0","0","200000","25001","0","0","200","0","0","3","15","15","0","0","0","0","0","0","0","2","0","0"
"105701","0","0","0","0","400000","25001","0","0","300","0","0","3","20","15","0","0","0","0","0","0","0","3","0","0"
"105701","0","0","0","0","500000","25001","0","0","400","0","0","3","25","15","0","0","0","0","0","0","0","4","0","0"
"105701","0","0","0","0","600000","25001","0","0","500","0","0","3","30","15","0","0","0","0","1","2","0","5","0","20"
"105801","0","0","0","0","100000","32058","10","0","0","5","0","1","50","18","5","0","0","0","1","0","0","1","1500","0"
"105801","0","0","0","0","100000","31058","0","0","0","10","0","2","50","11","10","0","0","0","1","0","0","1","1000","0"
"105801","0","0","0","0","100000","25001","0","0","0","4","0","3","10","15","4","0","0","0","0","0","0","1","0","0"
"105801","0","0","0","0","200000","25001","0","0","0","8","0","3","15","15","8","0","0","0","0","0","0","2","0","0"
"105801","0","0","0","0","400000","25001","0","0","0","12","0","3","20","15","12","0","0","0","0","0","0","3","0","0"
"105801","0","0","0","0","500000","25001","0","0","0","16","0","3","25","15","16","0","0","0","0","0","0","4","0","0"
"105801","0","0","0","0","600000","25001","0","0","0","20","0","3","30","15","20","0","0","0","1","0","0","5","0","0"
"105901","0","0","0","0","100000","32059","10","0","100","0","0","1","50","18","0","0","0","0","1","0","0","1","0","0"
"105901","0","0","0","0","100000","31059","10","0","60","0","0","2","50","11","0","0","0","0","1","0","0","1","0","0"
"105901","0","0","0","0","100000","25001","0","0","20","1","0","3","10","15","1","0","0","0","0","0","0","1","0","0"
"105901","0","0","0","0","200000","25001","0","0","40","2","0","3","15","15","2","0","0","0","0","0","0","2","0","0"
"105901","0","0","0","0","400000","25001","0","0","60","3","0","3","20","15","3","0","0","0","0","0","0","3","0","0"
"105901","0","0","0","0","500000","25001","0","0","80","4","0","3","25","15","4","0","0","0","0","0","0","4","0","0"
"105901","0","0","0","0","600000","25001","10","0","100","5","0","3","30","15","5","0","0","0","1","0","0","5","0","0"
"106001","0","0","160","0","100000","32060","0","0","0","0","0","1","50","18","0","10","0","0","1","3","0","1","0","0"
"106001","0","0","80","0","100000","31060","0","0","0","0","0","2","50","11","0","5","0","0","1","2","0","1","0","0"
"106001","0","0","100","0","100000","25001","0","0","0","0","0","3","10","15","0","5","0","0","0","0","0","1","0","0"
"106001","0","0","200","0","200000","25001","0","0","0","0","0","3","15","15","0","10","0","0","0","0","0","2","0","0"
"106001","0","0","300","0","400000","25001","0","0","0","0","0","3","20","15","0","15","0","0","0","0","0","3","0","0"
"106001","0","0","400","0","500000","25001","0","0","0","0","0","3","25","15","0","20","0","0","0","0","0","4","0","0"
"106001","0","0","500","0","600000","25001","0","0","0","0","0","3","30","15","0","25","2","0","1","0","0","5","0","0"
"106101","0","0","0","0","100000","32061","0","0","0","5","0","1","50","18","5","0","0","0","1","5","0","1","1500","0"
"106101","0","0","0","0","100000","31061","0","0","0","10","0","2","25","11","10","0","0","0","1","0","0","1","1000","0"
"106101","0","0","0","0","100000","25001","0","0","100","0","0","3","10","15","0","0","0","0","0","0","0","1","0","0"
"106101","0","0","0","0","200000","25001","0","0","200","0","0","3","15","15","0","0","0","0","0","0","0","2","0","0"
"106101","0","0","0","0","400000","25001","0","0","300","0","0","3","20","15","0","0","0","0","0","0","0","3","0","0"
"106101","0","0","0","0","500000","25001","0","0","400","0","0","3","25","15","0","0","0","0","0","0","0","4","0","0"
"106101","0","0","0","0","600000","25001","0","0","500","0","0","3","30","15","0","0","2","0","1","5","0","5","0","0"
"106301","0","0","0","0","100000","32063","0","0","200","0","0","1","50","18","0","0","0","0","1","0","0","1","0","100"
"106301","0","0","0","0","100000","31063","0","0","80","0","0","2","50","11","0","0","0","0","1","3","0","1","0","0"
"106301","0","0","0","0","100000","25001","0","0","100","0","0","3","10","15","0","0","0","0","0","0","0","1","0","0"
"106301","0","0","0","0","200000","25001","0","0","200","0","0","3","15","15","0","0","0","0","0","0","0","2","0","10"
"106301","0","0","0","0","400000","25001","0","0","300","0","0","3","20","15","0","0","0","0","0","0","0","3","0","20"
"106301","0","0","0","0","500000","25001","0","0","400","0","0","3","25","15","0","0","0","0","0","0","0","4","0","30"
"106301","0","0","0","0","600000","25001","0","0","500","0","0","3","30","15","0","0","2","0","1","2","0","5","0","40"
"106401","0","0","0","0","100000","32064","0","0","240","0","0","1","50","18","0","0","0","0","1","0","0","1","0","200"
"106401","0","0","0","0","100000","31064","0","0","120","0","0","2","50","11","0","0","0","0","1","3","0","1","0","0"
"106401","0","0","0","0","100000","25001","0","0","130","0","0","3","10","15","0","0","0","0","0","0","0","1","0","0"
"106401","0","0","0","0","200000","25001","0","0","260","0","0","3","15","15","0","0","0","0","0","0","0","2","0","10"
"106401","0","0","0","0","400000","25001","0","0","390","0","0","3","20","15","0","0","0","0","0","0","0","3","0","20"
"106401","0","0","0","0","500000","25001","0","0","520","0","0","3","25","15","0","0","0","0","0","0","0","4","0","30"
"106401","0","0","0","0","600000","25001","0","0","650","0","0","3","30","15","0","0","2","0","1","0","0","5","0","40"
"106501","0","0","0","0","100000","32065","0","0","240","0","0","1","50","18","0","0","0","0","1","0","0","1","0","200"
"106501","0","0","0","0","100000","31065","0","0","120","0","0","2","50","11","0","0","0","0","1","0","0","1","0","0"
"106501","0","0","0","0","100000","25001","0","0","130","0","0","3","10","15","0","0","0","0","0","0","0","1","0","0"
"106501","0","0","0","0","200000","25001","0","0","260","0","0","3","15","15","0","0","0","0","0","0","0","2","0","10"
"106501","0","0","0","0","400000","25001","0","0","390","0","0","3","20","15","0","0","0","0","0","0","0","3","0","20"
"106501","0","0","0","0","500000","25001","0","0","520","0","0","3","25","15","0","0","0","0","0","0","0","4","0","30"
"106501","0","0","0","0","600000","25001","0","0","650","0","0","3","30","15","0","0","0","0","1","0","0","5","0","40"
"106601","0","0","0","0","100000","32066","0","0","100","0","0","1","50","18","0","0","0","0","1","3","0","1","0","0"
"106601","0","0","0","0","100000","31066","0","0","150","0","0","2","50","11","0","0","0","0","1","2","0","1","0","0"
"106601","0","0","0","0","100000","25001","0","0","200","0","0","3","10","15","0","0","0","0","0","0","0","1","0","0"
"106601","0","0","0","0","200000","25001","0","0","250","0","0","3","15","15","0","0","0","0","0","0","0","2","0","0"
"106601","0","0","0","0","400000","25001","0","0","300","0","0","3","20","15","0","0","0","0","0","0","0","3","0","0"
"106601","0","0","0","0","500000","25001","0","0","400","0","0","3","25","15","0","0","0","0","0","0","0","4","0","0"
"106601","0","0","0","0","600000","25001","0","0","600","0","0","3","30","15","0","0","0","0","1","5","0","5","0","0"
"106701","0","0","0","0","0","0","0","0","0","0","0","1","0","0","0","0","0","0","0","0","0","0","0","0"
"106701","0","0","0","0","0","0","0","0","0","0","0","2","0","0","0","0","0","0","0","0","0","0","0","0"
"106701","0","0","0","0","0","0","0","0","0","0","0","3","0","0","0","0","0","0","0","0","0","0","0","0"
"106801","0","0","0","0","0","0","0","0","0","0","0","1","0","0","0","0","0","0","0","0","0","0","0","0"
"106801","0","0","0","0","0","0","0","0","0","0","0","2","0","0","0","0","0","0","0","0","0","0","0","0"
"106801","0","0","0","0","0","0","0","0","0","0","0","3","0","0","0","0","0","0","0","0","0","0","0","0"
"106901","0","0","0","0","0","0","0","0","0","0","0","1","0","0","0","0","0","0","0","0","0","0","0","0"
"106901","0","0","0","0","0","0","0","0","0","0","0","2","0","0","0","0","0","0","0","0","0","0","0","0"
"106901","0","0","0","0","0","0","0","0","0","0","0","3","0","0","0","0","0","0","0","0","0","0","0","0"
"107001","0","0","0","0","0","0","0","0","0","0","0","1","0","0","0","0","0","0","0","0","0","0","0","0"
"107001","0","0","0","0","0","0","0","0","0","0","0","2","0","0","0","0","0","0","0","0","0","0","0","0"
"107001","0","0","0","0","0","0","0","0","0","0","0","3","0","0","0","0","0","0","0","0","0","0","0","0"
"107101","0","0","0","0","100000","32071","0","0","390","0","0","1","50","18","0","0","0","0","1","0","0","1","0","0"
"107101","0","0","0","0","100000","31071","0","0","260","0","0","2","25","11","0","0","0","0","1","0","0","1","0","0"
"107101","0","0","0","0","100000","25001","0","0","260","0","0","3","10","15","0","0","0","0","0","0","0","1","0","10"
"107101","0","0","0","0","200000","25001","0","0","260","0","0","3","15","15","0","0","0","0","0","0","0","2","0","20"
"107101","0","0","0","0","400000","25001","0","0","390","0","0","3","20","15","0","0","0","0","0","0","0","3","0","30"
"107101","0","0","0","0","500000","25001","0","0","520","0","0","3","25","15","0","0","0","0","0","0","0","4","0","40"
"107101","0","0","0","0","600000","25001","0","0","650","0","0","3","30","15","0","0","2","0","1","0","0","5","0","50"
"107501","0","0","0","0","100000","32075","0","0","240","0","0","1","50","18","0","0","0","0","1","5","0","1","0","0"
"107501","0","0","0","0","100000","31075","0","0","120","0","0","2","25","11","0","0","0","0","1","3","0","1","0","0"
"107501","0","0","0","0","100000","25001","0","0","130","0","0","3","10","15","0","0","0","0","0","0","0","1","0","10"
"107501","0","0","0","0","200000","25001","0","0","260","0","0","3","15","15","0","0","0","0","0","0","0","2","0","20"
"107501","0","0","0","0","400000","25001","0","0","390","0","0","3","20","15","0","0","0","0","0","0","0","3","0","30"
"107501","0","0","0","0","500000","25001","0","0","520","0","0","3","25","15","0","0","0","0","0","0","0","4","0","40"
"107501","0","0","0","0","600000","25001","0","0","650","0","0","3","30","15","0","0","2","0","1","2","0","5","0","50"
"107601","0","0","0","0","100000","32076","0","0","200","0","0","1","50","18","0","0","0","0","1","5","0","1","0","0"
"107601","0","0","0","0","100000","31076","0","0","100","0","0","2","25","11","0","0","0","0","1","3","0","1","0","0"
"107601","0","0","0","0","100000","25001","0","0","50","2","0","3","10","15","2","0","0","0","0","0","0","1","0","0"
"107601","0","0","0","0","200000","25001","0","0","100","4","0","3","15","15","4","0","0","0","0","0","0","2","0","0"
"107601","0","0","0","0","400000","25001","0","0","150","6","0","3","20","15","6","0","0","0","0","0","0","3","0","0"
"107601","0","0","0","0","500000","25001","0","0","200","8","0","3","25","15","8","0","0","0","0","0","0","4","0","0"
"107601","0","0","0","0","600000","25001","0","0","250","10","0","3","30","15","10","0","0","0","1","2","0","5","0","0"
"107701","0","0","0","0","0","0","0","0","0","0","0","1","0","0","0","0","0","0","0","0","0","0","0","0"
"107701","0","0","0","0","0","0","0","0","0","0","0","2","0","0","0","0","0","0","0","0","0","0","0","0"
"107701","0","0","0","0","0","0","0","0","0","0","0","3","0","0","0","0","0","0","0","0","0","0","0","0"
"107801","0","0","240","0","100000","32078","0","0","0","0","0","1","50","18","0","0","0","0","1","5","0","1","0","0"
"107801","0","0","120","0","100000","31078","0","0","0","0","0","2","25","11","0","0","0","0","1","3","0","1","0","0"
"107801","0","0","130","0","100000","25001","0","0","0","0","0","3","10","15","0","5","0","0","0","0","0","1","0","0"
"107801","0","0","260","0","200000","25001","0","0","0","0","0","3","15","15","0","10","0","0","0","0","0","2","0","0"
"107801","0","0","390","0","400000","25001","0","0","0","0","0","3","20","15","0","15","0","0","0","0","0","3","0","0"
"107801","0","0","520","0","500000","25001","0","0","0","0","0","3","25","15","0","20","0","0","0","0","0","4","0","0"
"107801","0","0","650","0","600000","25001","0","1","0","0","0","3","30","15","0","25","0","0","1","2","0","5","0","0"
"107901","0","0","0","0","0","0","0","0","0","0","0","1","0","0","0","0","0","0","0","0","0","0","0","0"
"107901","0","0","0","0","0","0","0","0","0","0","0","2","0","0","0","0","0","0","0","0","0","0","0","0"
"107901","0","0","0","0","0","0","0","0","0","0","0","3","0","0","0","0","0","0","0","0","0","0","0","0"
"108001","0","0","0","0","0","0","0","0","0","0","0","1","0","0","0","0","0","0","0","0","0","0","0","0"
"108001","0","0","0","0","0","0","0","0","0","0","0","2","0","0","0","0","0","0","0","0","0","0","0","0"
"108001","0","0","0","0","0","0","0","0","0","0","0","3","0","0","0","0","0","0","0","0","0","0","0","0"
"108101","0","0","0","0","0","0","0","0","0","0","0","1","0","0","0","0","0","0","0","0","0","0","0","0"
"108101","0","0","0","0","0","0","0","0","0","0","0","2","0","0","0","0","0","0","0","0","0","0","0","0"
"108101","0","0","0","0","0","0","0","0","0","0","0","3","0","0","0","0","0","0","0","0","0","0","0","0"
"108201","0","0","0","0","0","0","0","0","0","0","0","1","0","0","0","0","0","0","0","0","0","0","0","0"
"108201","0","0","0","0","0","0","0","0","0","0","0","2","0","0","0","0","0","0","0","0","0","0","0","0"
"108201","0","0","0","0","0","0","0","0","0","0","0","3","0","0","0","0","0","0","0","0","0","0","0","0"
"108301","0","0","0","0","0","0","0","0","0","0","0","1","0","0","0","0","0","0","0","0","0","0","0","0"
"108301","0","0","0","0","0","0","0","0","0","0","0","2","0","0","0","0","0","0","0","0","0","0","0","0"
"108301","0","0","0","0","0","0","0","0","0","0","0","3","0","0","0","0","0","0","0","0","0","0","0","0"
"108401","0","0","0","0","0","0","0","0","0","0","0","1","0","0","0","0","0","0","0","0","0","0","0","0"
"108401","0","0","0","0","0","0","0","0","0","0","0","2","0","0","0","0","0","0","0","0","0","0","0","0"
"108401","0","0","0","0","0","0","0","0","0","0","0","3","0","0","0","0","0","0","0","0","0","0","0","0"
"108501","0","0","0","0","0","0","0","0","0","0","0","1","0","0","0","0","0","0","0","0","0","0","0","0"
"108501","0","0","0","0","0","0","0","0","0","0","0","2","0","0","0","0","0","0","0","0","0","0","0","0"
"108501","0","0","0","0","0","0","0","0","0","0","0","3","0","0","0","0","0","0","0","0","0","0","0","0"
"108601","0","0","0","0","0","0","0","0","0","0","0","1","0","0","0","0","0","0","0","0","0","0","0","0"
"108601","0","0","0","0","0","0","0","0","0","0","0","2","0","0","0","0","0","0","0","0","0","0","0","0"
"108601","0","0","0","0","0","0","0","0","0","0","0","3","0","0","0","0","0","0","0","0","0","0","0","0"
"108701","0","0","0","0","100000","32087","0","0","160","5","0","1","50","18","15","0","0","0","1","0","0","1","0","0"
"108701","0","0","0","0","100000","31087","0","0","80","10","0","2","25","11","20","0","0","0","1","0","0","1","0","0"
"108701","0","0","0","0","100000","25001","0","0","100","3","0","3","10","15","10","0","0","0","0","0","0","1","0","0"
"108701","0","0","0","0","200000","25001","0","0","200","5","0","3","15","15","20","0","0","0","0","0","0","2","0","0"
"108701","0","0","0","0","400000","25001","0","0","300","10","0","3","20","15","24","0","0","0","0","0","0","3","0","0"
"108701","0","0","0","0","500000","25001","0","0","400","12","0","3","25","15","36","0","0","0","0","0","0","4","0","0"
"108701","0","0","0","0","600000","25001","0","0","500","15","0","3","30","15","45","0","0","0","1","0","0","5","0","0"
"108801","0","0","0","0","100000","32088","0","0","0","0","0","1","50","18","25","0","0","0","1","5","0","1","1500","0"
"108801","0","0","0","0","100000","31088","0","0","0","25","0","2","25","11","0","0","0","0","1","3","0","1","1000","0"
"108801","0","0","0","0","100000","25001","0","0","0","4","0","3","10","15","4","0","0","0","0","0","0","1","0","0"
"108801","0","0","0","0","200000","25001","0","0","0","8","0","3","15","15","8","0","0","0","0","0","0","2","0","0"
"108801","0","0","0","0","400000","25001","0","0","0","12","0","3","20","15","12","0","0","0","0","0","0","3","0","0"
"108801","0","0","0","0","500000","25001","0","0","0","16","0","3","25","15","16","0","0","0","0","0","0","4","0","0"
"108801","0","0","0","0","600000","25001","0","0","0","18","0","3","30","15","18","0","0","0","1","2","0","5","0","0"
"108901","0","0","0","0","100000","32089","0","0","0","10","0","1","50","18","10","0","0","0","1","5","0","1","0","0"
"108901","0","0","0","0","100000","31089","0","0","0","15","0","2","25","11","15","0","0","0","1","3","0","1","0","0"
"108901","0","0","0","0","100000","25001","0","0","100","6","0","3","10","15","6","0","0","0","0","0","0","1","0","0"
"108901","0","0","0","0","200000","25001","0","0","200","12","0","3","15","15","12","0","0","0","0","0","0","2","0","0"
"108901","0","0","0","0","400000","25001","0","0","300","18","0","3","20","15","18","0","0","0","0","0","0","3","0","0"
"108901","0","0","0","0","500000","25001","0","0","400","24","0","3","25","15","24","0","0","0","0","0","0","4","0","0"
"108901","0","0","0","0","600000","25001","0","0","500","30","0","3","30","15","30","0","0","0","1","2","0","5","0","0"
"109001","0","0","0","0","0","0","0","0","0","0","0","1","0","0","0","0","0","0","0","0","0","0","0","0"
"109001","0","0","0","0","0","0","0","0","0","0","0","2","0","0","0","0","0","0","0","0","0","0","0","0"
"109001","0","0","0","0","0","0","0","0","0","0","0","3","0","0","0","0","0","0","0","0","0","0","0","0"
"109101","0","0","0","0","0","0","0","0","0","0","0","1","0","0","0","0","0","0","0","0","0","0","0","0"
"109101","0","0","0","0","0","0","0","0","0","0","0","2","0","0","0","0","0","0","0","0","0","0","0","0"
"109101","0","0","0","0","0","0","0","0","0","0","0","3","0","0","0","0","0","0","0","0","0","0","0","0"
"109201","0","0","0","0","0","0","0","0","0","0","0","1","0","0","0","0","0","0","0","0","0","0","0","0"
"109201","0","0","0","0","0","0","0","0","0","0","0","2","0","0","0","0","0","0","0","0","0","0","0","0"
"109201","0","0","0","0","0","0","0","0","0","0","0","3","0","0","0","0","0","0","0","0","0","0","0","0"
"109301","0","0","0","0","0","0","0","0","0","0","0","1","0","0","0","0","0","0","0","0","0","0","0","0"
"109301","0","0","0","0","0","0","0","0","0","0","0","2","0","0","0","0","0","0","0","0","0","0","0","0"
"109301","0","0","0","0","0","0","0","0","0","0","0","3","0","0","0","0","0","0","0","0","0","0","0","0"
"109401","0","0","0","0","0","0","0","0","0","0","0","1","0","0","0","0","0","0","0","0","0","0","0","0"
"109401","0","0","0","0","0","0","0","0","0","0","0","2","0","0","0","0","0","0","0","0","0","0","0","0"
"109401","0","0","0","0","0","0","0","0","0","0","0","3","0","0","0","0","0","0","0","0","0","0","0","0"
"109501","0","0","0","0","0","0","0","0","0","0","0","1","0","0","0","0","0","0","0","0","0","0","0","0"
"109501","0","0","0","0","0","0","0","0","0","0","0","2","0","0","0","0","0","0","0","0","0","0","0","0"
"109501","0","0","0","0","0","0","0","0","0","0","0","3","0","0","0","0","0","0","0","0","0","0","0","0"
"109601","0","0","0","0","0","0","0","0","0","0","0","1","0","0","0","0","0","0","0","0","0","0","0","0"
"109601","0","0","0","0","0","0","0","0","0","0","0","2","0","0","0","0","0","0","0","0","0","0","0","0"
"109601","0","0","0","0","0","0","0","0","0","0","0","3","0","0","0","0","0","0","0","0","0","0","0","0"
"109701","0","0","0","0","100000","32097","0","0","160","5","0","1","50","18","15","0","0","0","1","0","0","1","0","0"
"109701","0","0","0","0","100000","31097","0","0","80","10","0","2","25","11","20","0","0","0","1","0","0","1","0","0"
"109701","0","0","0","0","100000","25001","0","0","100","3","0","3","10","15","10","0","0","0","0","0","0","1","0","0"
"109701","0","0","0","0","200000","25001","0","0","200","5","0","3","15","15","20","0","0","0","0","0","0","2","0","0"
"109701","0","0","0","0","400000","25001","0","0","300","10","0","3","20","15","24","0","0","0","0","0","0","3","0","0"
"109701","0","0","0","0","500000","25001","0","0","400","12","0","3","25","15","36","0","0","0","0","0","0","4","0","0"
"109701","0","0","0","0","600000","25001","0","0","500","15","0","3","30","15","45","0","0","0","1","0","0","5","0","0"
"109801","0","0","240","0","100000","32098","0","0","0","0","0","1","50","18","0","0","0","0","1","5","0","1","0","0"
"109801","0","0","120","0","100000","31098","0","0","0","0","0","2","25","11","0","0","0","0","1","3","0","1","0","0"
"109801","0","0","130","0","100000","25001","0","0","0","0","0","3","10","15","0","5","0","0","0","0","0","1","0","0"
"109801","0","0","260","0","200000","25001","0","0","0","0","0","3","15","15","0","10","0","0","0","0","0","2","0","0"
"109801","0","0","390","0","400000","25001","0","0","0","0","0","3","20","15","0","15","0","0","0","0","0","3","0","0"
"109801","0","0","520","0","500000","25001","0","0","0","0","0","3","25","15","0","20","0","0","0","0","0","4","0","0"
"109801","0","0","650","0","600000","25001","0","1","0","0","0","3","30","15","0","25","0","0","1","2","0","5","0","0"
"109901","0","0","240","0","100000","32099","0","0","0","0","0","1","50","18","0","0","0","0","1","5","0","1","0","0"
"109901","0","0","120","0","100000","31099","0","0","0","0","0","2","25","11","0","0","0","0","1","3","0","1","0","0"
"109901","0","0","130","0","100000","25001","0","0","0","0","0","3","10","15","0","5","0","0","0","0","0","1","0","0"
"109901","0","0","260","0","200000","25001","0","0","0","0","0","3","15","15","0","10","0","0","0","0","0","2","0","0"
"109901","0","0","390","0","400000","25001","0","0","0","0","0","3","20","15","0","15","0","0","0","0","0","3","0","0"
"109901","0","0","520","0","500000","25001","0","0","0","0","0","3","25","15","0","20","0","0","0","0","0","4","0","0"
"109901","0","0","650","0","600000","25001","0","1","0","0","0","3","30","15","0","25","0","0","1","2","0","5","0","0"
"110001","0","0","0","0","0","0","0","0","0","0","0","1","0","0","0","0","0","0","0","0","0","0","0","0"
"110001","0","0","0","0","0","0","0","0","0","0","0","2","0","0","0","0","0","0","0","0","0","0","0","0"
"110001","0","0","0","0","0","0","0","0","0","0","0","3","0","0","0","0","0","0","0","0","0","0","0","0"
"110101","0","0","0","0","0","0","0","0","0","0","0","1","0","0","0","0","0","0","0","0","0","0","0","0"
"110101","0","0","0","0","0","0","0","0","0","0","0","2","0","0","0","0","0","0","0","0","0","0","0","0"
"110101","0","0","0","0","0","0","0","0","0","0","0","3","0","0","0","0","0","0","0","0","0","0","0","0"
"110201","0","0","0","0","0","0","0","0","0","0","0","1","0","0","0","0","0","0","0","0","0","0","0","0"
"110201","0","0","0","0","0","0","0","0","0","0","0","2","0","0","0","0","0","0","0","0","0","0","0","0"
"110201","0","0","0","0","0","0","0","0","0","0","0","3","0","0","0","0","0","0","0","0","0","0","0","0"
"110301","0","0","0","0","0","0","0","0","0","0","0","1","0","0","0","0","0","0","0","0","0","0","0","0"
"110301","0","0","0","0","0","0","0","0","0","0","0","2","0","0","0","0","0","0","0","0","0","0","0","0"
"110301","0","0","0","0","0","0","0","0","0","0","0","3","0","0","0","0","0","0","0","0","0","0","0","0"
"110401","0","0","0","0","0","0","0","0","0","0","0","1","0","0","0","0","0","0","0","0","0","0","0","0"
"110401","0","0","0","0","0","0","0","0","0","0","0","2","0","0","0","0","0","0","0","0","0","0","0","0"
"110401","0","0","0","0","0","0","0","0","0","0","0","3","0","0","0","0","0","0","0","0","0","0","0","0"
"110501","0","0","0","0","0","0","0","0","0","0","0","1","0","0","0","0","0","0","0","0","0","0","0","0"
"110501","0","0","0","0","0","0","0","0","0","0","0","2","0","0","0","0","0","0","0","0","0","0","0","0"
"110501","0","0","0","0","0","0","0","0","0","0","0","3","0","0","0","0","0","0","0","0","0","0","0","0"
"110601","0","0","0","0","0","0","0","0","0","0","0","1","0","0","0","0","0","0","0","0","0","0","0","0"
"110601","0","0","0","0","0","0","0","0","0","0","0","2","0","0","0","0","0","0","0","0","0","0","0","0"
"110601","0","0","0","0","0","0","0","0","0","0","0","3","0","0","0","0","0","0","0","0","0","0","0","0"
"110701","0","0","0","0","0","0","0","0","0","0","0","1","0","0","0","0","0","0","0","0","0","0","0","0"
"110701","0","0","0","0","0","0","0","0","0","0","0","2","0","0","0","0","0","0","0","0","0","0","0","0"
"110701","0","0","0","0","0","0","0","0","0","0","0","3","0","0","0","0","0","0","0","0","0","0","0","0"
"110801","0","0","0","0","0","0","0","0","0","0","0","1","0","0","0","0","0","0","0","0","0","0","0","0"
"110801","0","0","0","0","0","0","0","0","0","0","0","2","0","0","0","0","0","0","0","0","0","0","0","0"
"110801","0","0","0","0","0","0","0","0","0","0","0","3","0","0","0","0","0","0","0","0","0","0","0","0"
"110901","0","0","0","0","0","0","0","0","0","0","0","1","0","0","0","0","0","0","0","0","0","0","0","0"
"110901","0","0","0","0","0","0","0","0","0","0","0","2","0","0","0","0","0","0","0","0","0","0","0","0"
"110901","0","0","0","0","0","0","0","0","0","0","0","3","0","0","0","0","0","0","0","0","0","0","0","0"
"111001","0","0","0","0","0","0","0","0","0","0","0","1","0","0","0","0","0","0","0","0","0","0","0","0"
"111001","0","0","0","0","0","0","0","0","0","0","0","2","0","0","0","0","0","0","0","0","0","0","0","0"
"111001","0","0","0","0","0","0","0","0","0","0","0","3","0","0","0","0","0","0","0","0","0","0","0","0"
"111101","0","0","0","0","0","0","0","0","0","0","0","1","0","0","0","0","0","0","0","0","0","0","0","0"
"111101","0","0","0","0","0","0","0","0","0","0","0","2","0","0","0","0","0","0","0","0","0","0","0","0"
"111101","0","0","0","0","0","0","0","0","0","0","0","3","0","0","0","0","0","0","0","0","0","0","0","0"
"111201","0","0","0","0","0","0","0","0","0","0","0","1","0","0","0","0","0","0","0","0","0","0","0","0"
"111201","0","0","0","0","0","0","0","0","0","0","0","2","0","0","0","0","0","0","0","0","0","0","0","0"
"111201","0","0","0","0","0","0","0","0","0","0","0","3","0","0","0","0","0","0","0","0","0","0","0","0"
"111301","0","0","0","0","0","0","0","0","0","0","0","1","0","0","0","0","0","0","0","0","0","0","0","0"
"111301","0","0","0","0","0","0","0","0","0","0","0","2","0","0","0","0","0","0","0","0","0","0","0","0"
"111301","0","0","0","0","0","0","0","0","0","0","0","3","0","0","0","0","0","0","0","0","0","0","0","0"
"111401","0","0","0","0","0","0","0","0","0","0","0","1","0","0","0","0","0","0","0","0","0","0","0","0"
"111401","0","0","0","0","0","0","0","0","0","0","0","2","0","0","0","0","0","0","0","0","0","0","0","0"
"111401","0","0","0","0","0","0","0","0","0","0","0","3","0","0","0","0","0","0","0","0","0","0","0","0"
"111501","0","0","0","0","0","0","0","0","0","0","0","1","0","0","0","0","0","0","0","0","0","0","0","0"
"111501","0","0","0","0","0","0","0","0","0","0","0","2","0","0","0","0","0","0","0","0","0","0","0","0"
"111501","0","0","0","0","0","0","0","0","0","0","0","3","0","0","0","0","0","0","0","0","0","0","0","0"
"111601","0","0","0","0","0","0","0","0","0","0","0","1","0","0","0","0","0","0","0","0","0","0","0","0"
"111601","0","0","0","0","0","0","0","0","0","0","0","2","0","0","0","0","0","0","0","0","0","0","0","0"
"111601","0","0","0","0","0","0","0","0","0","0","0","3","0","0","0","0","0","0","0","0","0","0","0","0"
"111701","0","0","0","0","0","0","0","0","0","0","0","1","0","0","0","0","0","0","0","0","0","0","0","0"
"111701","0","0","0","0","0","0","0","0","0","0","0","2","0","0","0","0","0","0","0","0","0","0","0","0"
"111701","0","0","0","0","0","0","0","0","0","0","0","3","0","0","0","0","0","0","0","0","0","0","0","0"
"111801","0","0","0","0","0","0","0","0","0","0","0","1","0","0","0","0","0","0","0","0","0","0","0","0"
"111801","0","0","0","0","0","0","0","0","0","0","0","2","0","0","0","0","0","0","0","0","0","0","0","0"
"111801","0","0","0","0","0","0","0","0","0","0","0","3","0","0","0","0","0","0","0","0","0","0","0","0"
"111901","0","0","0","0","0","0","0","0","0","0","0","1","0","0","0","0","0","0","0","0","0","0","0","0"
"111901","0","0","0","0","0","0","0","0","0","0","0","2","0","0","0","0","0","0","0","0","0","0","0","0"
"111901","0","0","0","0","0","0","0","0","0","0","0","3","0","0","0","0","0","0","0","0","0","0","0","0"
"112001","0","0","0","0","0","0","0","0","0","0","0","1","0","0","0","0","0","0","0","0","0","0","0","0"
"112001","0","0","0","0","0","0","0","0","0","0","0","2","0","0","0","0","0","0","0","0","0","0","0","0"
"112001","0","0","0","0","0","0","0","0","0","0","0","3","0","0","0","0","0","0","0","0","0","0","0","0"
"112101","0","0","0","0","0","0","0","0","0","0","0","1","0","0","0","0","0","0","0","0","0","0","0","0"
"112101","0","0","0","0","0","0","0","0","0","0","0","2","0","0","0","0","0","0","0","0","0","0","0","0"
"112101","0","0","0","0","0","0","0","0","0","0","0","3","0","0","0","0","0","0","0","0","0","0","0","0"
"112201","0","0","0","0","0","0","0","0","0","0","0","1","0","0","0","0","0","0","0","0","0","0","0","0"
"112201","0","0","0","0","0","0","0","0","0","0","0","2","0","0","0","0","0","0","0","0","0","0","0","0"
"112201","0","0","0","0","0","0","0","0","0","0","0","3","0","0","0","0","0","0","0","0","0","0","0","0"
"112301","0","0","0","0","0","0","0","0","0","0","0","1","0","0","0","0","0","0","0","0","0","0","0","0"
"112301","0","0","0","0","0","0","0","0","0","0","0","2","0","0","0","0","0","0","0","0","0","0","0","0"
"112301","0","0","0","0","0","0","0","0","0","0","0","3","0","0","0","0","0","0","0","0","0","0","0","0"
"112401","0","0","0","0","0","0","0","0","0","0","0","1","0","0","0","0","0","0","0","0","0","0","0","0"
"112401","0","0","0","0","0","0","0","0","0","0","0","2","0","0","0","0","0","0","0","0","0","0","0","0"
"112401","0","0","0","0","0","0","0","0","0","0","0","3","0","0","0","0","0","0","0","0","0","0","0","0"
"112501","0","0","0","0","0","0","0","0","0","0","0","1","0","0","0","0","0","0","0","0","0","0","0","0"
"112501","0","0","0","0","0","0","0","0","0","0","0","2","0","0","0","0","0","0","0","0","0","0","0","0"
"112501","0","0","0","0","0","0","0","0","0","0","0","3","0","0","0","0","0","0","0","0","0","0","0","0"
"112601","0","0","0","0","0","0","0","0","0","0","0","1","0","0","0","0","0","0","0","0","0","0","0","0"
"112601","0","0","0","0","0","0","0","0","0","0","0","2","0","0","0","0","0","0","0","0","0","0","0","0"
"112601","0","0","0","0","0","0","0","0","0","0","0","3","0","0","0","0","0","0","0","0","0","0","0","0"
"112701","0","0","0","0","0","0","0","0","0","0","0","1","0","0","0","0","0","0","0","0","0","0","0","0"
"112701","0","0","0","0","0","0","0","0","0","0","0","2","0","0","0","0","0","0","0","0","0","0","0","0"
"112701","0","0","0","0","0","0","0","0","0","0","0","3","0","0","0","0","0","0","0","0","0","0","0","0"
"112801","0","0","0","0","0","0","0","0","0","0","0","1","0","0","0","0","0","0","0","0","0","0","0","0"
"112801","0","0","0","0","0","0","0","0","0","0","0","2","0","0","0","0","0","0","0","0","0","0","0","0"
"112801","0","0","0","0","0","0","0","0","0","0","0","3","0","0","0","0","0","0","0","0","0","0","0","0"
"112901","0","0","0","0","0","0","0","0","0","0","0","1","0","0","0","0","0","0","0","0","0","0","0","0"
"112901","0","0","0","0","0","0","0","0","0","0","0","2","0","0","0","0","0","0","0","0","0","0","0","0"
"112901","0","0","0","0","0","0","0","0","0","0","0","3","0","0","0","0","0","0","0","0","0","0","0","0"
"113001","0","0","0","0","0","0","0","0","0","0","0","1","0","0","0","0","0","0","0","0","0","0","0","0"
"113001","0","0","0","0","0","0","0","0","0","0","0","2","0","0","0","0","0","0","0","0","0","0","0","0"
"113001","0","0","0","0","0","0","0","0","0","0","0","3","0","0","0","0","0","0","0","0","0","0","0","0"
"113101","0","0","0","0","0","0","0","0","0","0","0","1","0","0","0","0","0","0","0","0","0","0","0","0"
"113101","0","0","0","0","0","0","0","0","0","0","0","2","0","0","0","0","0","0","0","0","0","0","0","0"
"113101","0","0","0","0","0","0","0","0","0","0","0","3","0","0","0","0","0","0","0","0","0","0","0","0"
"113201","0","0","0","0","0","0","0","0","0","0","0","1","0","0","0","0","0","0","0","0","0","0","0","0"
"113201","0","0","0","0","0","0","0","0","0","0","0","2","0","0","0","0","0","0","0","0","0","0","0","0"
"113201","0","0","0","0","0","0","0","0","0","0","0","3","0","0","0","0","0","0","0","0","0","0","0","0"
"113301","0","0","0","0","0","0","0","0","0","0","0","1","0","0","0","0","0","0","0","0","0","0","0","0"
"113301","0","0","0","0","0","0","0","0","0","0","0","2","0","0","0","0","0","0","0","0","0","0","0","0"
"113301","0","0","0","0","0","0","0","0","0","0","0","3","0","0","0","0","0","0","0","0","0","0","0","0"
"113401","0","0","0","0","0","0","0","0","0","0","0","1","0","0","0","0","0","0","0","0","0","0","0","0"
"113401","0","0","0","0","0","0","0","0","0","0","0","2","0","0","0","0","0","0","0","0","0","0","0","0"
"113401","0","0","0","0","0","0","0","0","0","0","0","3","0","0","0","0","0","0","0","0","0","0","0","0"
"113501","0","0","0","0","0","0","0","0","0","0","0","1","0","0","0","0","0","0","0","0","0","0","0","0"
"113501","0","0","0","0","0","0","0","0","0","0","0","2","0","0","0","0","0","0","0","0","0","0","0","0"
"113501","0","0","0","0","0","0","0","0","0","0","0","3","0","0","0","0","0","0","0","0","0","0","0","0"
"113601","0","0","0","0","0","0","0","0","0","0","0","1","0","0","0","0","0","0","0","0","0","0","0","0"
"113601","0","0","0","0","0","0","0","0","0","0","0","2","0","0","0","0","0","0","0","0","0","0","0","0"
"113601","0","0","0","0","0","0","0","0","0","0","0","3","0","0","0","0","0","0","0","0","0","0","0","0"
"113701","0","0","0","0","0","0","0","0","0","0","0","1","0","0","0","0","0","0","0","0","0","0","0","0"
"113701","0","0","0","0","0","0","0","0","0","0","0","2","0","0","0","0","0","0","0","0","0","0","0","0"
"113701","0","0","0","0","0","0","0","0","0","0","0","3","0","0","0","0","0","0","0","0","0","0","0","0"
"113801","0","0","0","0","0","0","0","0","0","0","0","1","0","0","0","0","0","0","0","0","0","0","0","0"
"113801","0","0","0","0","0","0","0","0","0","0","0","2","0","0","0","0","0","0","0","0","0","0","0","0"
"113801","0","0","0","0","0","0","0","0","0","0","0","3","0","0","0","0","0","0","0","0","0","0","0","0"
"113901","0","0","0","0","0","0","0","0","0","0","0","1","0","0","0","0","0","0","0","0","0","0","0","0"
"113901","0","0","0","0","0","0","0","0","0","0","0","2","0","0","0","0","0","0","0","0","0","0","0","0"
"113901","0","0","0","0","0","0","0","0","0","0","0","3","0","0","0","0","0","0","0","0","0","0","0","0"
"114001","0","0","0","0","0","0","0","0","0","0","0","1","0","0","0","0","0","0","0","0","0","0","0","0"
"114001","0","0","0","0","0","0","0","0","0","0","0","2","0","0","0","0","0","0","0","0","0","0","0","0"
"114001","0","0","0","0","0","0","0","0","0","0","0","3","0","0","0","0","0","0","0","0","0","0","0","0"
"114101","0","0","0","0","0","0","0","0","0","0","0","1","0","0","0","0","0","0","0","0","0","0","0","0"
"114101","0","0","0","0","0","0","0","0","0","0","0","2","0","0","0","0","0","0","0","0","0","0","0","0"
"114101","0","0","0","0","0","0","0","0","0","0","0","3","0","0","0","0","0","0","0","0","0","0","0","0"
"114201","0","0","0","0","0","0","0","0","0","0","0","1","0","0","0","0","0","0","0","0","0","0","0","0"
"114201","0","0","0","0","0","0","0","0","0","0","0","2","0","0","0","0","0","0","0","0","0","0","0","0"
"114201","0","0","0","0","0","0","0","0","0","0","0","3","0","0","0","0","0","0","0","0","0","0","0","0"
"114301","0","0","0","0","0","0","0","0","0","0","0","1","0","0","0","0","0","0","0","0","0","0","0","0"
"114301","0","0","0","0","0","0","0","0","0","0","0","2","0","0","0","0","0","0","0","0","0","0","0","0"
"114301","0","0","0","0","0","0","0","0","0","0","0","3","0","0","0","0","0","0","0","0","0","0","0","0"
"114401","0","0","0","0","0","0","0","0","0","0","0","1","0","0","0","0","0","0","0","0","0","0","0","0"
"114401","0","0","0","0","0","0","0","0","0","0","0","2","0","0","0","0","0","0","0","0","0","0","0","0"
"114401","0","0","0","0","0","0","0","0","0","0","0","3","0","0","0","0","0","0","0","0","0","0","0","0"
"114501","0","0","0","0","0","0","0","0","0","0","0","1","0","0","0","0","0","0","0","0","0","0","0","0"
"114501","0","0","0","0","0","0","0","0","0","0","0","2","0","0","0","0","0","0","0","0","0","0","0","0"
"114501","0","0","0","0","0","0","0","0","0","0","0","3","0","0","0","0","0","0","0","0","0","0","0","0"
"114601","0","0","0","0","0","0","0","0","0","0","0","1","0","0","0","0","0","0","0","0","0","0","0","0"
"114601","0","0","0","0","0","0","0","0","0","0","0","2","0","0","0","0","0","0","0","0","0","0","0","0"
"114601","0","0","0","0","0","0","0","0","0","0","0","3","0","0","0","0","0","0","0","0","0","0","0","0"
"114701","0","0","0","0","0","0","0","0","0","0","0","1","0","0","0","0","0","0","0","0","0","0","0","0"
"114701","0","0","0","0","0","0","0","0","0","0","0","2","0","0","0","0","0","0","0","0","0","0","0","0"
"114701","0","0","0","0","0","0","0","0","0","0","0","3","0","0","0","0","0","0","0","0","0","0","0","0"
"115001","0","0","0","0","0","0","0","0","0","0","0","1","0","0","0","0","0","0","0","0","0","0","0","0"
"115001","0","0","0","0","0","0","0","0","0","0","0","2","0","0","0","0","0","0","0","0","0","0","0","0"
"115001","0","0","0","0","0","0","0","0","0","0","0","3","0","0","0","0","0","0","0","0","0","0","0","0"
"115501","0","0","0","0","0","0","0","0","0","0","0","1","0","0","0","0","0","0","0","0","0","0","0","0"
"115501","0","0","0","0","0","0","0","0","0","0","0","2","0","0","0","0","0","0","0","0","0","0","0","0"
"115501","0","0","0","0","0","0","0","0","0","0","0","3","0","0","0","0","0","0","0","0","0","0","0","0"
"115601","0","0","0","0","0","0","0","0","0","0","0","1","0","0","0","0","0","0","0","0","0","0","0","0"
"115601","0","0","0","0","0","0","0","0","0","0","0","2","0","0","0","0","0","0","0","0","0","0","0","0"
"115601","0","0","0","0","0","0","0","0","0","0","0","3","0","0","0","0","0","0","0","0","0","0","0","0"
"115701","0","0","0","0","0","0","0","0","0","0","0","1","0","0","0","0","0","0","0","0","0","0","0","0"
"115701","0","0","0","0","0","0","0","0","0","0","0","2","0","0","0","0","0","0","0","0","0","0","0","0"
"115701","0","0","0","0","0","0","0","0","0","0","0","3","0","0","0","0","0","0","0","0","0","0","0","0"
"115801","0","0","0","0","0","0","0","0","0","0","0","1","0","0","0","0","0","0","0","0","0","0","0","0"
"115801","0","0","0","0","0","0","0","0","0","0","0","2","0","0","0","0","0","0","0","0","0","0","0","0"
"115801","0","0","0","0","0","0","0","0","0","0","0","3","0","0","0","0","0","0","0","0","0","0","0","0"
"115901","0","0","0","0","0","0","0","0","0","0","0","1","0","0","0","0","0","0","0","0","0","0","0","0"
"115901","0","0","0","0","0","0","0","0","0","0","0","2","0","0","0","0","0","0","0","0","0","0","0","0"
"115901","0","0","0","0","0","0","0","0","0","0","0","3","0","0","0","0","0","0","0","0","0","0","0","0"
"116001","0","0","0","0","0","0","0","0","0","0","0","1","0","0","0","0","0","0","0","0","0","0","0","0"
"116001","0","0","0","0","0","0","0","0","0","0","0","2","0","0","0","0","0","0","0","0","0","0","0","0"
"116001","0","0","0","0","0","0","0","0","0","0","0","3","0","0","0","0","0","0","0","0","0","0","0","0"
"116201","0","0","0","0","0","0","0","0","0","0","0","1","0","0","0","0","0","0","0","0","0","0","0","0"
"116201","0","0","0","0","0","0","0","0","0","0","0","2","0","0","0","0","0","0","0","0","0","0","0","0"
"116201","0","0","0","0","0","0","0","0","0","0","0","3","0","0","0","0","0","0","0","0","0","0","0","0"
"116301","0","0","0","0","0","0","0","0","0","0","0","1","0","0","0","0","0","0","0","0","0","0","0","0"
"116301","0","0","0","0","0","0","0","0","0","0","0","2","0","0","0","0","0","0","0","0","0","0","0","0"
"116301","0","0","0","0","0","0","0","0","0","0","0","3","0","0","0","0","0","0","0","0","0","0","0","0"
"116401","0","0","0","0","0","0","0","0","0","0","0","1","0","0","0","0","0","0","0","0","0","0","0","0"
"116401","0","0","0","0","0","0","0","0","0","0","0","2","0","0","0","0","0","0","0","0","0","0","0","0"
"116401","0","0","0","0","0","0","0","0","0","0","0","3","0","0","0","0","0","0","0","0","0","0","0","0"
"116501","0","0","0","0","0","0","0","0","0","0","0","1","0","0","0","0","0","0","0","0","0","0","0","0"
"116501","0","0","0","0","0","0","0","0","0","0","0","2","0","0","0","0","0","0","0","0","0","0","0","0"
"116501","0","0","0","0","0","0","0","0","0","0","0","3","0","0","0","0","0","0","0","0","0","0","0","0"
"116601","0","0","0","0","0","0","0","0","0","0","0","1","0","0","0","0","0","0","0","0","0","0","0","0"
"116601","0","0","0","0","0","0","0","0","0","0","0","2","0","0","0","0","0","0","0","0","0","0","0","0"
"116601","0","0","0","0","0","0","0","0","0","0","0","3","0","0","0","0","0","0","0","0","0","0","0","0"
"116701","0","0","0","0","0","0","0","0","0","0","0","1","0","0","0","0","0","0","0","0","0","0","0","0"
"116701","0","0","0","0","0","0","0","0","0","0","0","2","0","0","0","0","0","0","0","0","0","0","0","0"
"116701","0","0","0","0","0","0","0","0","0","0","0","3","0","0","0","0","0","0","0","0","0","0","0","0"
"116801","0","0","0","0","0","0","0","0","0","0","0","1","0","0","0","0","0","0","0","0","0","0","0","0"
"116801","0","0","0","0","0","0","0","0","0","0","0","2","0","0","0","0","0","0","0","0","0","0","0","0"
"116801","0","0","0","0","0","0","0","0","0","0","0","3","0","0","0","0","0","0","0","0","0","0","0","0"
"116901","0","0","0","0","0","0","0","0","0","0","0","1","0","0","0","0","0","0","0","0","0","0","0","0"
"116901","0","0","0","0","0","0","0","0","0","0","0","2","0","0","0","0","0","0","0","0","0","0","0","0"
"116901","0","0","0","0","0","0","0","0","0","0","0","3","0","0","0","0","0","0","0","0","0","0","0","0"
"117001","0","0","0","0","0","0","0","0","0","0","0","1","0","0","0","0","0","0","0","0","0","0","0","0"
"117001","0","0","0","0","0","0","0","0","0","0","0","2","0","0","0","0","0","0","0","0","0","0","0","0"
"117001","0","0","0","0","0","0","0","0","0","0","0","3","0","0","0","0","0","0","0","0","0","0","0","0"
"117101","0","0","0","0","0","0","0","0","0","0","0","1","0","0","0","0","0","0","0","0","0","0","0","0"
"117101","0","0","0","0","0","0","0","0","0","0","0","2","0","0","0","0","0","0","0","0","0","0","0","0"
"117101","0","0","0","0","0","0","0","0","0","0","0","3","0","0","0","0","0","0","0","0","0","0","0","0"
"117201","0","0","0","0","0","0","0","0","0","0","0","1","0","0","0","0","0","0","0","0","0","0","0","0"
"117201","0","0","0","0","0","0","0","0","0","0","0","2","0","0","0","0","0","0","0","0","0","0","0","0"
"117201","0","0","0","0","0","0","0","0","0","0","0","3","0","0","0","0","0","0","0","0","0","0","0","0"
"117301","0","0","0","0","0","0","0","0","0","0","0","1","0","0","0","0","0","0","0","0","0","0","0","0"
"117301","0","0","0","0","0","0","0","0","0","0","0","2","0","0","0","0","0","0","0","0","0","0","0","0"
"117301","0","0","0","0","0","0","0","0","0","0","0","3","0","0","0","0","0","0","0","0","0","0","0","0"
"117401","0","0","0","0","0","0","0","0","0","0","0","1","0","0","0","0","0","0","0","0","0","0","0","0"
"117401","0","0","0","0","0","0","0","0","0","0","0","2","0","0","0","0","0","0","0","0","0","0","0","0"
"117401","0","0","0","0","0","0","0","0","0","0","0","3","0","0","0","0","0","0","0","0","0","0","0","0"
"117501","0","0","0","0","0","0","0","0","0","0","0","1","0","0","0","0","0","0","0","0","0","0","0","0"
"117501","0","0","0","0","0","0","0","0","0","0","0","2","0","0","0","0","0","0","0","0","0","0","0","0"
"117501","0","0","0","0","0","0","0","0","0","0","0","3","0","0","0","0","0","0","0","0","0","0","0","0"
"117601","0","0","0","0","0","0","0","0","0","0","0","1","0","0","0","0","0","0","0","0","0","0","0","0"
"117601","0","0","0","0","0","0","0","0","0","0","0","2","0","0","0","0","0","0","0","0","0","0","0","0"
"117601","0","0","0","0","0","0","0","0","0","0","0","3","0","0","0","0","0","0","0","0","0","0","0","0"
"117701","0","0","0","0","0","0","0","0","0","0","0","1","0","0","0","0","0","0","0","0","0","0","0","0"
"117701","0","0","0","0","0","0","0","0","0","0","0","2","0","0","0","0","0","0","0","0","0","0","0","0"
"117701","0","0","0","0","0","0","0","0","0","0","0","3","0","0","0","0","0","0","0","0","0","0","0","0"
"117801","0","0","0","0","0","0","0","0","0","0","0","1","0","0","0","0","0","0","0","0","0","0","0","0"
"117801","0","0","0","0","0","0","0","0","0","0","0","2","0","0","0","0","0","0","0","0","0","0","0","0"
"117801","0","0","0","0","0","0","0","0","0","0","0","3","0","0","0","0","0","0","0","0","0","0","0","0"
"117901","0","0","0","0","0","0","0","0","0","0","0","1","0","0","0","0","0","0","0","0","0","0","0","0"
"117901","0","0","0","0","0","0","0","0","0","0","0","2","0","0","0","0","0","0","0","0","0","0","0","0"
"117901","0","0","0","0","0","0","0","0","0","0","0","3","0","0","0","0","0","0","0","0","0","0","0","0"
"118001","0","0","0","0","0","0","0","0","0","0","0","1","0","0","0","0","0","0","0","0","0","0","0","0"
"118001","0","0","0","0","0","0","0","0","0","0","0","2","0","0","0","0","0","0","0","0","0","0","0","0"
"118001","0","0","0","0","0","0","0","0","0","0","0","3","0","0","0","0","0","0","0","0","0","0","0","0"
"118101","0","0","0","0","0","0","0","0","0","0","0","1","0","0","0","0","0","0","0","0","0","0","0","0"
"118101","0","0","0","0","0","0","0","0","0","0","0","2","0","0","0","0","0","0","0","0","0","0","0","0"
"118101","0","0","0","0","0","0","0","0","0","0","0","3","0","0","0","0","0","0","0","0","0","0","0","0"
"118201","0","0","0","0","0","0","0","0","0","0","0","1","0","0","0","0","0","0","0","0","0","0","0","0"
"118201","0","0","0","0","0","0","0","0","0","0","0","2","0","0","0","0","0","0","0","0","0","0","0","0"
"118201","0","0","0","0","0","0","0","0","0","0","0","3","0","0","0","0","0","0","0","0","0","0","0","0"
"118501","0","0","0","0","0","0","0","0","0","0","0","1","0","0","0","0","0","0","0","0","0","0","0","0"
"118501","0","0","0","0","0","0","0","0","0","0","0","2","0","0","0","0","0","0","0","0","0","0","0","0"
"118501","0","0","0","0","0","0","0","0","0","0","0","3","0","0","0","0","0","0","0","0","0","0","0","0"
"118601","0","0","0","0","0","0","0","0","0","0","0","1","0","0","0","0","0","0","0","0","0","0","0","0"
"118601","0","0","0","0","0","0","0","0","0","0","0","2","0","0","0","0","0","0","0","0","0","0","0","0"
"118601","0","0","0","0","0","0","0","0","0","0","0","3","0","0","0","0","0","0","0","0","0","0","0","0"
"119001","0","0","0","0","0","0","0","0","0","0","0","1","0","0","0","0","0","0","0","0","0","0","0","0"
"119001","0","0","0","0","0","0","0","0","0","0","0","2","0","0","0","0","0","0","0","0","0","0","0","0"
"119001","0","0","0","0","0","0","0","0","0","0","0","3","0","0","0","0","0","0","0","0","0","0","0","0"
"119101","0","0","0","0","0","0","0","0","0","0","0","1","0","0","0","0","0","0","0","0","0","0","0","0"
"119101","0","0","0","0","0","0","0","0","0","0","0","2","0","0","0","0","0","0","0","0","0","0","0","0"
"119101","0","0","0","0","0","0","0","0","0","0","0","3","0","0","0","0","0","0","0","0","0","0","0","0"
"119201","0","0","0","0","0","0","0","0","0","0","0","1","0","0","0","0","0","0","0","0","0","0","0","0"
"119201","0","0","0","0","0","0","0","0","0","0","0","2","0","0","0","0","0","0","0","0","0","0","0","0"
"119201","0","0","0","0","0","0","0","0","0","0","0","3","0","0","0","0","0","0","0","0","0","0","0","0"
"119301","0","0","0","0","0","0","0","0","0","0","0","1","0","0","0","0","0","0","0","0","0","0","0","0"
"119301","0","0","0","0","0","0","0","0","0","0","0","2","0","0","0","0","0","0","0","0","0","0","0","0"
"119301","0","0","0","0","0","0","0","0","0","0","0","3","0","0","0","0","0","0","0","0","0","0","0","0"
"119901","0","0","0","0","0","0","0","0","0","0","0","1","0","0","0","0","0","0","0","0","0","0","0","0"
"119901","0","0","0","0","0","0","0","0","0","0","0","2","0","0","0","0","0","0","0","0","0","0","0","0"
"119901","0","0","0","0","0","0","0","0","0","0","0","3","0","0","0","0","0","0","0","0","0","0","0","0"
"120001","0","0","0","0","0","0","0","0","0","0","0","1","0","0","0","0","0","0","0","0","0","0","0","0"
"120001","0","0","0","0","0","0","0","0","0","0","0","2","0","0","0","0","0","0","0","0","0","0","0","0"
"120001","0","0","0","0","0","0","0","0","0","0","0","3","0","0","0","0","0","0","0","0","0","0","0","0"
"120701","0","0","0","0","0","0","0","0","0","0","0","1","0","0","0","0","0","0","0","0","0","0","0","0"
"120701","0","0","0","0","0","0","0","0","0","0","0","2","0","0","0","0","0","0","0","0","0","0","0","0"
"120701","0","0","0","0","0","0","0","0","0","0","0","3","0","0","0","0","0","0","0","0","0","0","0","0"
"120801","0","0","0","0","0","0","0","0","0","0","0","1","0","0","0","0","0","0","0","0","0","0","0","0"
"120801","0","0","0","0","0","0","0","0","0","0","0","2","0","0","0","0","0","0","0","0","0","0","0","0"
"120801","0","0","0","0","0","0","0","0","0","0","0","3","0","0","0","0","0","0","0","0","0","0","0","0"
"120901","0","0","0","0","0","0","0","0","0","0","0","1","0","0","0","0","0","0","0","0","0","0","0","0"
"120901","0","0","0","0","0","0","0","0","0","0","0","2","0","0","0","0","0","0","0","0","0","0","0","0"
"120901","0","0","0","0","0","0","0","0","0","0","0","3","0","0","0","0","0","0","0","0","0","0","0","0"
"121001","0","0","0","0","0","0","0","0","0","0","0","1","0","0","0","0","0","0","0","0","0","0","0","0"
"121001","0","0","0","0","0","0","0","0","0","0","0","2","0","0","0","0","0","0","0","0","0","0","0","0"
"121001","0","0","0","0","0","0","0","0","0","0","0","3","0","0","0","0","0","0","0","0","0","0","0","0"
"121101","0","0","0","0","0","0","0","0","0","0","0","1","0","0","0","0","0","0","0","0","0","0","0","0"
"121101","0","0","0","0","0","0","0","0","0","0","0","2","0","0","0","0","0","0","0","0","0","0","0","0"
"121101","0","0","0","0","0","0","0","0","0","0","0","3","0","0","0","0","0","0","0","0","0","0","0","0"
"121201","0","0","0","0","0","0","0","0","0","0","0","1","0","0","0","0","0","0","0","0","0","0","0","0"
"121201","0","0","0","0","0","0","0","0","0","0","0","2","0","0","0","0","0","0","0","0","0","0","0","0"
"121201","0","0","0","0","0","0","0","0","0","0","0","3","0","0","0","0","0","0","0","0","0","0","0","0"
"121301","0","0","0","0","0","0","0","0","0","0","0","1","0","0","0","0","0","0","0","0","0","0","0","0"
"121301","0","0","0","0","0","0","0","0","0","0","0","2","0","0","0","0","0","0","0","0","0","0","0","0"
"121301","0","0","0","0","0","0","0","0","0","0","0","3","0","0","0","0","0","0","0","0","0","0","0","0"
"121401","0","0","0","0","0","0","0","0","0","0","0","1","0","0","0","0","0","0","0","0","0","0","0","0"
"121401","0","0","0","0","0","0","0","0","0","0","0","2","0","0","0","0","0","0","0","0","0","0","0","0"
"121401","0","0","0","0","0","0","0","0","0","0","0","3","0","0","0","0","0","0","0","0","0","0","0","0"
"121501","0","0","0","0","0","0","0","0","0","0","0","1","0","0","0","0","0","0","0","0","0","0","0","0"
"121501","0","0","0","0","0","0","0","0","0","0","0","2","0","0","0","0","0","0","0","0","0","0","0","0"
"121501","0","0","0","0","0","0","0","0","0","0","0","3","0","0","0","0","0","0","0","0","0","0","0","0"
"121601","0","0","0","0","0","0","0","0","0","0","0","1","0","0","0","0","0","0","0","0","0","0","0","0"
"121601","0","0","0","0","0","0","0","0","0","0","0","2","0","0","0","0","0","0","0","0","0","0","0","0"
"121601","0","0","0","0","0","0","0","0","0","0","0","3","0","0","0","0","0","0","0","0","0","0","0","0"
"121901","0","0","0","0","0","0","0","0","0","0","0","1","0","0","0","0","0","0","0","0","0","0","0","0"
"121901","0","0","0","0","0","0","0","0","0","0","0","2","0","0","0","0","0","0","0","0","0","0","0","0"
"121901","0","0","0","0","0","0","0","0","0","0","0","3","0","0","0","0","0","0","0","0","0","0","0","0"
"122001","0","0","0","0","0","0","0","0","0","0","0","1","0","0","0","0","0","0","0","0","0","0","0","0"
"122001","0","0","0","0","0","0","0","0","0","0","0","2","0","0","0","0","0","0","0","0","0","0","0","0"
"122001","0","0","0","0","0","0","0","0","0","0","0","3","0","0","0","0","0","0","0","0","0","0","0","0"
"122101","0","0","0","0","0","0","0","0","0","0","0","1","0","0","0","0","0","0","0","0","0","0","0","0"
"122101","0","0","0","0","0","0","0","0","0","0","0","2","0","0","0","0","0","0","0","0","0","0","0","0"
"122101","0","0","0","0","0","0","0","0","0","0","0","3","0","0","0","0","0","0","0","0","0","0","0","0"
"122201","0","0","0","0","0","0","0","0","0","0","0","1","0","0","0","0","0","0","0","0","0","0","0","0"
"122201","0","0","0","0","0","0","0","0","0","0","0","2","0","0","0","0","0","0","0","0","0","0","0","0"
"122201","0","0","0","0","0","0","0","0","0","0","0","3","0","0","0","0","0","0","0","0","0","0","0","0"
"122301","0","0","240","0","100000","32223","0","0","0","0","0","1","50","18","0","200","0","0","1","5","0","1","0","0"
"122301","0","0","120","0","100000","31223","0","0","0","0","0","2","50","11","0","0","0","0","1","3","0","1","0","0"
"122301","0","0","130","0","100000","25001","0","0","0","0","0","3","10","15","0","0","0","0","0","0","0","1","0","0"
"122301","0","0","260","0","200000","25001","0","0","0","0","0","3","15","15","0","10","0","0","0","0","0","2","0","0"
"122301","0","0","390","0","400000","25001","0","0","0","0","0","3","20","15","0","20","0","0","0","0","0","3","0","0"
"122301","0","0","520","0","500000","25001","0","0","0","0","0","3","25","15","0","30","0","0","0","0","0","4","0","0"
"122301","0","0","650","0","600000","25001","0","0","0","0","0","3","30","15","0","40","0","0","1","2","0","5","0","0"
"122401","0","0","0","0","0","0","0","0","0","0","0","1","0","0","0","0","0","0","0","0","0","0","0","0"
"122401","0","0","0","0","0","0","0","0","0","0","0","2","0","0","0","0","0","0","0","0","0","0","0","0"
"122401","0","0","0","0","0","0","0","0","0","0","0","3","0","0","0","0","0","0","0","0","0","0","0","0"
"122501","0","0","0","0","0","0","0","0","0","0","0","1","0","0","0","0","0","0","0","0","0","0","0","0"
"122501","0","0","0","0","0","0","0","0","0","0","0","2","0","0","0","0","0","0","0","0","0","0","0","0"
"122501","0","0","0","0","0","0","0","0","0","0","0","3","0","0","0","0","0","0","0","0","0","0","0","0"
"122601","0","0","0","0","0","0","0","0","0","0","0","1","0","0","0","0","0","0","0","0","0","0","0","0"
"122601","0","0","0","0","0","0","0","0","0","0","0","2","0","0","0","0","0","0","0","0","0","0","0","0"
"122601","0","0","0","0","0","0","0","0","0","0","0","3","0","0","0","0","0","0","0","0","0","0","0","0"
"122701","0","0","0","0","0","0","0","0","0","0","0","1","0","0","0","0","0","0","0","0","0","0","0","0"
"122701","0","0","0","0","0","0","0","0","0","0","0","2","0","0","0","0","0","0","0","0","0","0","0","0"
"122701","0","0","0","0","0","0","0","0","0","0","0","3","0","0","0","0","0","0","0","0","0","0","0","0"
"122801","0","0","0","0","0","0","0","0","0","0","0","1","0","0","0","0","0","0","0","0","0","0","0","0"
"122801","0","0","0","0","0","0","0","0","0","0","0","2","0","0","0","0","0","0","0","0","0","0","0","0"
"122801","0","0","0","0","0","0","0","0","0","0","0","3","0","0","0","0","0","0","0","0","0","0","0","0"
"122901","0","0","0","0","0","0","0","0","0","0","0","1","0","0","0","0","0","0","0","0","0","0","0","0"
"122901","0","0","0","0","0","0","0","0","0","0","0","2","0","0","0","0","0","0","0","0","0","0","0","0"
"122901","0","0","0","0","0","0","0","0","0","0","0","3","0","0","0","0","0","0","0","0","0","0","0","0"
"123001","0","0","0","0","0","0","0","0","0","0","0","1","0","0","0","0","0","0","0","0","0","0","0","0"
"123001","0","0","0","0","0","0","0","0","0","0","0","2","0","0","0","0","0","0","0","0","0","0","0","0"
"123001","0","0","0","0","0","0","0","0","0","0","0","3","0","0","0","0","0","0","0","0","0","0","0","0"
"123101","0","0","0","0","0","0","0","0","0","0","0","1","0","0","0","0","0","0","0","0","0","0","0","0"
"123101","0","0","0","0","0","0","0","0","0","0","0","2","0","0","0","0","0","0","0","0","0","0","0","0"
"123101","0","0","0","0","0","0","0","0","0","0","0","3","0","0","0","0","0","0","0","0","0","0","0","0"
"123201","0","0","0","0","0","0","0","0","0","0","0","1","0","0","0","0","0","0","0","0","0","0","0","0"
"123201","0","0","0","0","0","0","0","0","0","0","0","2","0","0","0","0","0","0","0","0","0","0","0","0"
"123201","0","0","0","0","0","0","0","0","0","0","0","3","0","0","0","0","0","0","0","0","0","0","0","0"
"123301","0","0","0","0","100000","32233","0","0","240","0","0","1","50","18","0","0","0","0","1","5","0","1","0","200"
"123301","0","0","0","0","100000","31233","0","0","120","0","0","2","25","11","0","0","0","0","1","3","0","1","0","0"
"123301","0","0","0","0","100000","25001","0","0","130","0","0","3","10","15","0","0","0","0","0","0","0","1","0","0"
"123301","0","0","0","0","200000","25001","0","0","260","0","0","3","15","15","0","0","0","0","0","0","0","2","0","10"
"123301","0","0","0","0","400000","25001","0","0","390","0","0","3","20","15","0","0","0","0","0","0","0","3","0","20"
"123301","0","0","0","0","500000","25001","0","0","520","0","0","3","25","15","0","0","0","0","0","0","0","4","0","30"
"123301","0","0","0","0","600000","25001","0","0","650","0","0","3","30","15","0","0","0","0","1","2","0","5","0","40"
"123501","0","0","0","0","0","0","0","0","0","0","0","1","0","0","0","0","0","0","0","0","0","0","0","0"
"123501","0","0","0","0","0","0","0","0","0","0","0","2","0","0","0","0","0","0","0","0","0","0","0","0"
"123501","0","0","0","0","0","0","0","0","0","0","0","3","0","0","0","0","0","0","0","0","0","0","0","0"
"123601","0","0","0","0","0","0","0","0","0","0","0","1","0","0","0","0","0","0","0","0","0","0","0","0"
"123601","0","0","0","0","0","0","0","0","0","0","0","2","0","0","0","0","0","0","0","0","0","0","0","0"
"123601","0","0","0","0","0","0","0","0","0","0","0","3","0","0","0","0","0","0","0","0","0","0","0","0"
"123701","0","0","0","0","0","0","0","0","0","0","0","1","0","0","0","0","0","0","0","0","0","0","0","0"
"123701","0","0","0","0","0","0","0","0","0","0","0","2","0","0","0","0","0","0","0","0","0","0","0","0"
"123701","0","0","0","0","0","0","0","0","0","0","0","3","0","0","0","0","0","0","0","0","0","0","0","0"
"123801","0","0","0","0","0","0","0","0","0","0","0","1","0","0","0","0","0","0","0","0","0","0","0","0"
"123801","0","0","0","0","0","0","0","0","0","0","0","2","0","0","0","0","0","0","0","0","0","0","0","0"
"123801","0","0","0","0","0","0","0","0","0","0","0","3","0","0","0","0","0","0","0","0","0","0","0","0"
"123901","0","0","0","0","0","0","0","0","0","0","0","1","0","0","0","0","0","0","0","0","0","0","0","0"
"123901","0","0","0","0","0","0","0","0","0","0","0","2","0","0","0","0","0","0","0","0","0","0","0","0"
"123901","0","0","0","0","0","0","0","0","0","0","0","3","0","0","0","0","0","0","0","0","0","0","0","0"
"124001","0","0","0","0","0","0","0","0","0","0","0","1","0","0","0","0","0","0","0","0","0","0","0","0"
"124001","0","0","0","0","0","0","0","0","0","0","0","2","0","0","0","0","0","0","0","0","0","0","0","0"
"124001","0","0","0","0","0","0","0","0","0","0","0","3","0","0","0","0","0","0","0","0","0","0","0","0"
"124101","0","0","0","0","0","0","0","0","0","0","0","1","0","0","0","0","0","0","0","0","0","0","0","0"
"124101","0","0","0","0","0","0","0","0","0","0","0","2","0","0","0","0","0","0","0","0","0","0","0","0"
"124101","0","0","0","0","0","0","0","0","0","0","0","3","0","0","0","0","0","0","0","0","0","0","0","0"
"124201","0","0","0","0","0","0","0","0","0","0","0","1","0","0","0","0","0","0","0","0","0","0","0","0"
"124201","0","0","0","0","0","0","0","0","0","0","0","2","0","0","0","0","0","0","0","0","0","0","0","0"
"124201","0","0","0","0","0","0","0","0","0","0","0","3","0","0","0","0","0","0","0","0","0","0","0","0"
"124501","0","0","0","0","0","0","0","0","0","0","0","1","0","0","0","0","0","0","0","0","0","0","0","0"
"124501","0","0","0","0","0","0","0","0","0","0","0","2","0","0","0","0","0","0","0","0","0","0","0","0"
"124501","0","0","0","0","0","0","0","0","0","0","0","3","0","0","0","0","0","0","0","0","0","0","0","0"
"124601","0","0","0","0","0","0","0","0","0","0","0","1","0","0","0","0","0","0","0","0","0","0","0","0"
"124601","0","0","0","0","0","0","0","0","0","0","0","2","0","0","0","0","0","0","0","0","0","0","0","0"
"124601","0","0","0","0","0","0","0","0","0","0","0","3","0","0","0","0","0","0","0","0","0","0","0","0"
"124701","0","0","0","0","0","0","0","0","0","0","0","1","0","0","0","0","0","0","0","0","0","0","0","0"
"124701","0","0","0","0","0","0","0","0","0","0","0","2","0","0","0","0","0","0","0","0","0","0","0","0"
"124701","0","0","0","0","0","0","0","0","0","0","0","3","0","0","0","0","0","0","0","0","0","0","0","0"
"124801","0","0","0","0","0","0","0","0","0","0","0","1","0","0","0","0","0","0","0","0","0","0","0","0"
"124801","0","0","0","0","0","0","0","0","0","0","0","2","0","0","0","0","0","0","0","0","0","0","0","0"
"124801","0","0","0","0","0","0","0","0","0","0","0","3","0","0","0","0","0","0","0","0","0","0","0","0"
"124901","0","0","0","0","0","0","0","0","0","0","0","1","0","0","0","0","0","0","0","0","0","0","0","0"
"124901","0","0","0","0","0","0","0","0","0","0","0","2","0","0","0","0","0","0","0","0","0","0","0","0"
"124901","0","0","0","0","0","0","0","0","0","0","0","3","0","0","0","0","0","0","0","0","0","0","0","0"
"125001","0","0","0","0","0","0","0","0","0","0","0","1","0","0","0","0","0","0","0","0","0","0","0","0"
"125001","0","0","0","0","0","0","0","0","0","0","0","2","0","0","0","0","0","0","0","0","0","0","0","0"
"125001","0","0","0","0","0","0","0","0","0","0","0","3","0","0","0","0","0","0","0","0","0","0","0","0"
"125101","0","0","0","0","0","0","0","0","0","0","0","1","0","0","0","0","0","0","0","0","0","0","0","0"
"125101","0","0","0","0","0","0","0","0","0","0","0","2","0","0","0","0","0","0","0","0","0","0","0","0"
"125101","0","0","0","0","0","0","0","0","0","0","0","3","0","0","0","0","0","0","0","0","0","0","0","0"
"125201","0","0","0","0","0","0","0","0","0","0","0","1","0","0","0","0","0","0","0","0","0","0","0","0"
"125201","0","0","0","0","0","0","0","0","0","0","0","2","0","0","0","0","0","0","0","0","0","0","0","0"
"125201","0","0","0","0","0","0","0","0","0","0","0","3","0","0","0","0","0","0","0","0","0","0","0","0"
"125301","0","0","0","0","0","0","0","0","0","0","0","1","0","0","0","0","0","0","0","0","0","0","0","0"
"125301","0","0","0","0","0","0","0","0","0","0","0","2","0","0","0","0","0","0","0","0","0","0","0","0"
"125301","0","0","0","0","0","0","0","0","0","0","0","3","0","0","0","0","0","0","0","0","0","0","0","0"
"125401","0","0","0","0","0","0","0","0","0","0","0","1","0","0","0","0","0","0","0","0","0","0","0","0"
"125401","0","0","0","0","0","0","0","0","0","0","0","2","0","0","0","0","0","0","0","0","0","0","0","0"
"125401","0","0","0","0","0","0","0","0","0","0","0","3","0","0","0","0","0","0","0","0","0","0","0","0"
"125501","0","0","0","0","0","0","0","0","0","0","0","1","0","0","0","0","0","0","0","0","0","0","0","0"
"125501","0","0","0","0","0","0","0","0","0","0","0","2","0","0","0","0","0","0","0","0","0","0","0","0"
"125501","0","0","0","0","0","0","0","0","0","0","0","3","0","0","0","0","0","0","0","0","0","0","0","0"
"125601","0","0","0","0","0","0","0","0","0","0","0","1","0","0","0","0","0","0","0","0","0","0","0","0"
"125601","0","0","0","0","0","0","0","0","0","0","0","2","0","0","0","0","0","0","0","0","0","0","0","0"
"125601","0","0","0","0","0","0","0","0","0","0","0","3","0","0","0","0","0","0","0","0","0","0","0","0"
"125701","0","0","0","0","0","0","0","0","0","0","0","1","0","0","0","0","0","0","0","0","0","0","0","0"
"125701","0","0","0","0","0","0","0","0","0","0","0","2","0","0","0","0","0","0","0","0","0","0","0","0"
"125701","0","0","0","0","0","0","0","0","0","0","0","3","0","0","0","0","0","0","0","0","0","0","0","0"
"125801","0","0","0","0","0","0","0","0","0","0","0","1","0","0","0","0","0","0","0","0","0","0","0","0"
"125801","0","0","0","0","0","0","0","0","0","0","0","2","0","0","0","0","0","0","0","0","0","0","0","0"
"125801","0","0","0","0","0","0","0","0","0","0","0","3","0","0","0","0","0","0","0","0","0","0","0","0"
"126001","0","0","0","0","0","0","0","0","0","0","0","1","0","0","0","0","0","0","0","0","0","0","0","0"
"126001","0","0","0","0","0","0","0","0","0","0","0","2","0","0","0","0","0","0","0","0","0","0","0","0"
"126001","0","0","0","0","0","0","0","0","0","0","0","3","0","0","0","0","0","0","0","0","0","0","0","0"
"126101","0","0","0","0","0","0","0","0","0","0","0","1","0","0","0","0","0","0","0","0","0","0","0","0"
"126101","0","0","0","0","0","0","0","0","0","0","0","2","0","0","0","0","0","0","0","0","0","0","0","0"
"126101","0","0","0","0","0","0","0","0","0","0","0","3","0","0","0","0","0","0","0","0","0","0","0","0"
"126201","0","0","0","0","0","0","0","0","0","0","0","1","0","0","0","0","0","0","0","0","0","0","0","0"
"126201","0","0","0","0","0","0","0","0","0","0","0","2","0","0","0","0","0","0","0","0","0","0","0","0"
"126201","0","0","0","0","0","0","0","0","0","0","0","3","0","0","0","0","0","0","0","0","0","0","0","0"
"126301","0","0","0","0","0","0","0","0","0","0","0","1","0","0","0","0","0","0","0","0","0","0","0","0"
"126301","0","0","0","0","0","0","0","0","0","0","0","2","0","0","0","0","0","0","0","0","0","0","0","0"
"126301","0","0","0","0","0","0","0","0","0","0","0","3","0","0","0","0","0","0","0","0","0","0","0","0"
"180101","0","0","0","0","0","0","0","0","0","0","0","1","0","0","0","0","0","0","0","0","0","0","0","0"
"180101","0","0","0","0","0","0","0","0","0","0","0","2","0","0","0","0","0","0","0","0","0","0","0","0"
"180101","0","0","0","0","0","0","0","0","0","0","0","3","0","0","0","0","0","0","0","0","0","0","0","0"
"180201","0","0","0","0","0","0","0","0","0","0","0","1","0","0","0","0","0","0","0","0","0","0","0","0"
"180201","0","0","0","0","0","0","0","0","0","0","0","2","0","0","0","0","0","0","0","0","0","0","0","0"
"180201","0","0","0","0","0","0","0","0","0","0","0","3","0","0","0","0","0","0","0","0","0","0","0","0"
"180301","0","0","0","0","0","0","0","0","0","0","0","1","0","0","0","0","0","0","0","0","0","0","0","0"
"180301","0","0","0","0","0","0","0","0","0","0","0","2","0","0","0","0","0","0","0","0","0","0","0","0"
"180301","0","0","0","0","0","0","0","0","0","0","0","3","0","0","0","0","0","0","0","0","0","0","0","0"
"180401","0","0","0","0","0","0","0","0","0","0","0","1","0","0","0","0","0","0","0","0","0","0","0","0"
"180401","0","0","0","0","0","0","0","0","0","0","0","2","0","0","0","0","0","0","0","0","0","0","0","0"
"180401","0","0","0","0","0","0","0","0","0","0","0","3","0","0","0","0","0","0","0","0","0","0","0","0"
"126401","0","0","0","0","0","0","0","0","0","0","0","1","0","0","0","0","0","0","0","0","0","0","0","0"
"126401","0","0","0","0","0","0","0","0","0","0","0","2","0","0","0","0","0","0","0","0","0","0","0","0"
"126401","0","0","0","0","0","0","0","0","0","0","0","3","0","0","0","0","0","0","0","0","0","0","0","0"
"126501","0","0","0","0","0","0","0","0","0","0","0","1","0","0","0","0","0","0","0","0","0","0","0","0"
"126501","0","0","0","0","0","0","0","0","0","0","0","2","0","0","0","0","0","0","0","0","0","0","0","0"
"126501","0","0","0","0","0","0","0","0","0","0","0","3","0","0","0","0","0","0","0","0","0","0","0","0"
"126601","0","0","0","0","0","0","0","0","0","0","0","1","0","0","0","0","0","0","0","0","0","0","0","0"
"126601","0","0","0","0","0","0","0","0","0","0","0","2","0","0","0","0","0","0","0","0","0","0","0","0"
"126601","0","0","0","0","0","0","0","0","0","0","0","3","0","0","0","0","0","0","0","0","0","0","0","0"
"126701","0","0","0","0","0","0","0","0","0","0","0","1","0","0","0","0","0","0","0","0","0","0","0","0"
"126701","0","0","0","0","0","0","0","0","0","0","0","2","0","0","0","0","0","0","0","0","0","0","0","0"
"126701","0","0","0","0","0","0","0","0","0","0","0","3","0","0","0","0","0","0","0","0","0","0","0","0"
"126801","0","0","0","0","0","0","0","0","0","0","0","1","0","0","0","0","0","0","0","0","0","0","0","0"
"126801","0","0","0","0","0","0","0","0","0","0","0","2","0","0","0","0","0","0","0","0","0","0","0","0"
"126801","0","0","0","0","0","0","0","0","0","0","0","3","0","0","0","0","0","0","0","0","0","0","0","0"
"126901","0","0","0","0","0","0","0","0","0","0","0","1","0","0","0","0","0","0","0","0","0","0","0","0"
"126901","0","0","0","0","0","0","0","0","0","0","0","2","0","0","0","0","0","0","0","0","0","0","0","0"
"126901","0","0","0","0","0","0","0","0","0","0","0","3","0","0","0","0","0","0","0","0","0","0","0","0"
"127001","0","0","0","0","0","0","0","0","0","0","0","1","0","0","0","0","0","0","0","0","0","0","0","0"
"127001","0","0","0","0","0","0","0","0","0","0","0","2","0","0","0","0","0","0","0","0","0","0","0","0"
"127001","0","0","0","0","0","0","0","0","0","0","0","3","0","0","0","0","0","0","0","0","0","0","0","0"
"127101","0","0","0","0","0","0","0","0","0","0","0","1","0","0","0","0","0","0","0","0","0","0","0","0"
"127101","0","0","0","0","0","0","0","0","0","0","0","2","0","0","0","0","0","0","0","0","0","0","0","0"
"127101","0","0","0","0","0","0","0","0","0","0","0","3","0","0","0","0","0","0","0","0","0","0","0","0"
"127201","0","0","0","0","0","0","0","0","0","0","0","1","0","0","0","0","0","0","0","0","0","0","0","0"
"127201","0","0","0","0","0","0","0","0","0","0","0","2","0","0","0","0","0","0","0","0","0","0","0","0"
"127201","0","0","0","0","0","0","0","0","0","0","0","3","0","0","0","0","0","0","0","0","0","0","0","0"
"127301","0","0","0","0","0","0","0","0","0","0","0","1","0","0","0","0","0","0","0","0","0","0","0","0"
"127301","0","0","0","0","0","0","0","0","0","0","0","2","0","0","0","0","0","0","0","0","0","0","0","0"
"127301","0","0","0","0","0","0","0","0","0","0","0","3","0","0","0","0","0","0","0","0","0","0","0","0"
"127501","0","0","0","0","0","0","0","0","0","0","0","1","0","0","0","0","0","0","0","0","0","0","0","0"
"127501","0","0","0","0","0","0","0","0","0","0","0","2","0","0","0","0","0","0","0","0","0","0","0","0"
"127501","0","0","0","0","0","0","0","0","0","0","0","3","0","0","0","0","0","0","0","0","0","0","0","0"
"127601","0","0","0","0","0","0","0","0","0","0","0","1","0","0","0","0","0","0","0","0","0","0","0","0"
"127601","0","0","0","0","0","0","0","0","0","0","0","2","0","0","0","0","0","0","0","0","0","0","0","0"
"127601","0","0","0","0","0","0","0","0","0","0","0","3","0","0","0","0","0","0","0","0","0","0","0","0"
"127701","0","0","0","0","0","0","0","0","0","0","0","1","0","0","0","0","0","0","0","0","0","0","0","0"
"127701","0","0","0","0","0","0","0","0","0","0","0","2","0","0","0","0","0","0","0","0","0","0","0","0"
"127701","0","0","0","0","0","0","0","0","0","0","0","3","0","0","0","0","0","0","0","0","0","0","0","0"
"127801","0","0","0","0","0","0","0","0","0","0","0","1","0","0","0","0","0","0","0","0","0","0","0","0"
"127801","0","0","0","0","0","0","0","0","0","0","0","2","0","0","0","0","0","0","0","0","0","0","0","0"
"127801","0","0","0","0","0","0","0","0","0","0","0","3","0","0","0","0","0","0","0","0","0","0","0","0"
"127901","0","0","0","0","0","0","0","0","0","0","0","1","0","0","0","0","0","0","0","0","0","0","0","0"
"127901","0","0","0","0","0","0","0","0","0","0","0","2","0","0","0","0","0","0","0","0","0","0","0","0"
"127901","0","0","0","0","0","0","0","0","0","0","0","3","0","0","0","0","0","0","0","0","0","0","0","0"
"128001","0","0","0","0","0","0","0","0","0","0","0","1","0","0","0","0","0","0","0","0","0","0","0","0"
"128001","0","0","0","0","0","0","0","0","0","0","0","2","0","0","0","0","0","0","0","0","0","0","0","0"
"128001","0","0","0","0","0","0","0","0","0","0","0","3","0","0","0","0","0","0","0","0","0","0","0","0"
"128301","0","0","0","0","0","0","0","0","0","0","0","1","0","0","0","0","0","0","0","0","0","0","0","0"
"128301","0","0","0","0","0","0","0","0","0","0","0","2","0","0","0","0","0","0","0","0","0","0","0","0"
"128301","0","0","0","0","0","0","0","0","0","0","0","3","0","0","0","0","0","0","0","0","0","0","0","0"
"128401","0","0","0","0","0","0","0","0","0","0","0","1","0","0","0","0","0","0","0","0","0","0","0","0"
"128401","0","0","0","0","0","0","0","0","0","0","0","2","0","0","0","0","0","0","0","0","0","0","0","0"
"128401","0","0","0","0","0","0","0","0","0","0","0","3","0","0","0","0","0","0","0","0","0","0","0","0"
"128501","0","0","0","0","0","0","0","0","0","0","0","1","0","0","0","0","0","0","0","0","0","0","0","0"
"128501","0","0","0","0","0","0","0","0","0","0","0","2","0","0","0","0","0","0","0","0","0","0","0","0"
"128501","0","0","0","0","0","0","0","0","0","0","0","3","0","0","0","0","0","0","0","0","0","0","0","0"
"128701","0","0","0","0","0","0","0","0","0","0","0","1","0","0","0","0","0","0","0","0","0","0","0","0"
"128701","0","0","0","0","0","0","0","0","0","0","0","2","0","0","0","0","0","0","0","0","0","0","0","0"
"128701","0","0","0","0","0","0","0","0","0","0","0","3","0","0","0","0","0","0","0","0","0","0","0","0"
"128801","0","0","0","0","0","0","0","0","0","0","0","1","0","0","0","0","0","0","0","0","0","0","0","0"
"128801","0","0","0","0","0","0","0","0","0","0","0","2","0","0","0","0","0","0","0","0","0","0","0","0"
"128801","0","0","0","0","0","0","0","0","0","0","0","3","0","0","0","0","0","0","0","0","0","0","0","0"
"128901","0","0","0","0","0","0","0","0","0","0","0","1","0","0","0","0","0","0","0","0","0","0","0","0"
"128901","0","0","0","0","0","0","0","0","0","0","0","2","0","0","0","0","0","0","0","0","0","0","0","0"
"128901","0","0","0","0","0","0","0","0","0","0","0","3","0","0","0","0","0","0","0","0","0","0","0","0"
"129001","0","0","0","0","0","0","0","0","0","0","0","1","0","0","0","0","0","0","0","0","0","0","0","0"
"129001","0","0","0","0","0","0","0","0","0","0","0","2","0","0","0","0","0","0","0","0","0","0","0","0"
"129001","0","0","0","0","0","0","0","0","0","0","0","3","0","0","0","0","0","0","0","0","0","0","0","0"
"129301","0","0","0","0","0","0","0","0","0","0","0","1","0","0","0","0","0","0","0","0","0","0","0","0"
"129301","0","0","0","0","0","0","0","0","0","0","0","2","0","0","0","0","0","0","0","0","0","0","0","0"
"129301","0","0","0","0","0","0","0","0","0","0","0","3","0","0","0","0","0","0","0","0","0","0","0","0"
"129401","0","0","0","0","0","0","0","0","0","0","0","1","0","0","0","0","0","0","0","0","0","0","0","0"
"129401","0","0","0","0","0","0","0","0","0","0","0","2","0","0","0","0","0","0","0","0","0","0","0","0"
"129401","0","0","0","0","0","0","0","0","0","0","0","3","0","0","0","0","0","0","0","0","0","0","0","0"
"129501","0","0","0","0","0","0","0","0","0","0","0","1","0","0","0","0","0","0","0","0","0","0","0","0"
"129501","0","0","0","0","0","0","0","0","0","0","0","2","0","0","0","0","0","0","0","0","0","0","0","0"
"129501","0","0","0","0","0","0","0","0","0","0","0","3","0","0","0","0","0","0","0","0","0","0","0","0"
"129601","0","0","0","0","0","0","0","0","0","0","0","1","0","0","0","0","0","0","0","0","0","0","0","0"
"129601","0","0","0","0","0","0","0","0","0","0","0","2","0","0","0","0","0","0","0","0","0","0","0","0"
"129601","0","0","0","0","0","0","0","0","0","0","0","3","0","0","0","0","0","0","0","0","0","0","0","0"
"129701","0","0","0","0","0","0","0","0","0","0","0","1","0","0","0","0","0","0","0","0","0","0","0","0"
"129701","0","0","0","0","0","0","0","0","0","0","0","2","0","0","0","0","0","0","0","0","0","0","0","0"
"129701","0","0","0","0","0","0","0","0","0","0","0","3","0","0","0","0","0","0","0","0","0","0","0","0"
"129801","0","0","0","0","0","0","0","0","0","0","0","1","0","0","0","0","0","0","0","0","0","0","0","0"
"129801","0","0","0","0","0","0","0","0","0","0","0","2","0","0","0","0","0","0","0","0","0","0","0","0"
"129801","0","0","0","0","0","0","0","0","0","0","0","3","0","0","0","0","0","0","0","0","0","0","0","0"
"129901","0","0","0","0","0","0","0","0","0","0","0","1","0","0","0","0","0","0","0","0","0","0","0","0"
"129901","0","0","0","0","0","0","0","0","0","0","0","2","0","0","0","0","0","0","0","0","0","0","0","0"
"129901","0","0","0","0","0","0","0","0","0","0","0","3","0","0","0","0","0","0","0","0","0","0","0","0"
"130001","0","0","0","0","0","0","0","0","0","0","0","1","0","0","0","0","0","0","0","0","0","0","0","0"
"130001","0","0","0","0","0","0","0","0","0","0","0","2","0","0","0","0","0","0","0","0","0","0","0","0"
"130001","0","0","0","0","0","0","0","0","0","0","0","3","0","0","0","0","0","0","0","0","0","0","0","0"
"130101","0","0","0","0","0","0","0","0","0","0","0","1","0","0","0","0","0","0","0","0","0","0","0","0"
"130101","0","0","0","0","0","0","0","0","0","0","0","2","0","0","0","0","0","0","0","0","0","0","0","0"
"130101","0","0","0","0","0","0","0","0","0","0","0","3","0","0","0","0","0","0","0","0","0","0","0","0"
"130201","0","0","0","0","0","0","0","0","0","0","0","1","0","0","0","0","0","0","0","0","0","0","0","0"
"130201","0","0","0","0","0","0","0","0","0","0","0","2","0","0","0","0","0","0","0","0","0","0","0","0"
"130201","0","0","0","0","0","0","0","0","0","0","0","3","0","0","0","0","0","0","0","0","0","0","0","0"
"130701","0","0","0","0","0","0","0","0","0","0","0","1","0","0","0","0","0","0","0","0","0","0","0","0"
"130701","0","0","0","0","0","0","0","0","0","0","0","2","0","0","0","0","0","0","0","0","0","0","0","0"
"130701","0","0","0","0","0","0","0","0","0","0","0","3","0","0","0","0","0","0","0","0","0","0","0","0"
"130801","0","0","0","0","0","0","0","0","0","0","0","1","0","0","0","0","0","0","0","0","0","0","0","0"
"130801","0","0","0","0","0","0","0","0","0","0","0","2","0","0","0","0","0","0","0","0","0","0","0","0"
"130801","0","0","0","0","0","0","0","0","0","0","0","3","0","0","0","0","0","0","0","0","0","0","0","0"
"130901","0","0","0","0","0","0","0","0","0","0","0","1","0","0","0","0","0","0","0","0","0","0","0","0"
"130901","0","0","0","0","0","0","0","0","0","0","0","2","0","0","0","0","0","0","0","0","0","0","0","0"
"130901","0","0","0","0","0","0","0","0","0","0","0","3","0","0","0","0","0","0","0","0","0","0","0","0"
"131001","0","0","0","0","0","0","0","0","0","0","0","1","0","0","0","0","0","0","0","0","0","0","0","0"
"131001","0","0","0","0","0","0","0","0","0","0","0","2","0","0","0","0","0","0","0","0","0","0","0","0"
"131001","0","0","0","0","0","0","0","0","0","0","0","3","0","0","0","0","0","0","0","0","0","0","0","0"
"131101","0","0","0","0","0","0","0","0","0","0","0","1","0","0","0","0","0","0","0","0","0","0","0","0"
"131101","0","0","0","0","0","0","0","0","0","0","0","2","0","0","0","0","0","0","0","0","0","0","0","0"
"131101","0","0","0","0","0","0","0","0","0","0","0","3","0","0","0","0","0","0","0","0","0","0","0","0"
"131201","0","0","0","0","0","0","0","0","0","0","0","1","0","0","0","0","0","0","0","0","0","0","0","0"
"131201","0","0","0","0","0","0","0","0","0","0","0","2","0","0","0","0","0","0","0","0","0","0","0","0"
"131201","0","0","0","0","0","0","0","0","0","0","0","3","0","0","0","0","0","0","0","0","0","0","0","0"
"131601","0","0","0","0","0","0","0","0","0","0","0","1","0","0","0","0","0","0","0","0","0","0","0","0"
"131601","0","0","0","0","0","0","0","0","0","0","0","2","0","0","0","0","0","0","0","0","0","0","0","0"
"131601","0","0","0","0","0","0","0","0","0","0","0","3","0","0","0","0","0","0","0","0","0","0","0","0"
"131701","0","0","0","0","0","0","0","0","0","0","0","1","0","0","0","0","0","0","0","0","0","0","0","0"
"131701","0","0","0","0","0","0","0","0","0","0","0","2","0","0","0","0","0","0","0","0","0","0","0","0"
"131701","0","0","0","0","0","0","0","0","0","0","0","3","0","0","0","0","0","0","0","0","0","0","0","0"
"131801","0","0","0","0","0","0","0","0","0","0","0","1","0","0","0","0","0","0","0","0","0","0","0","0"
"131801","0","0","0","0","0","0","0","0","0","0","0","2","0","0","0","0","0","0","0","0","0","0","0","0"
"131801","0","0","0","0","0","0","0","0","0","0","0","3","0","0","0","0","0","0","0","0","0","0","0","0"
"131901","0","0","0","0","0","0","0","0","0","0","0","1","0","0","0","0","0","0","0","0","0","0","0","0"
"131901","0","0","0","0","0","0","0","0","0","0","0","2","0","0","0","0","0","0","0","0","0","0","0","0"
"131901","0","0","0","0","0","0","0","0","0","0","0","3","0","0","0","0","0","0","0","0","0","0","0","0"
"132001","0","0","0","0","0","0","0","0","0","0","0","1","0","0","0","0","0","0","0","0","0","0","0","0"
"132001","0","0","0","0","0","0","0","0","0","0","0","2","0","0","0","0","0","0","0","0","0","0","0","0"
"132001","0","0","0","0","0","0","0","0","0","0","0","3","0","0","0","0","0","0","0","0","0","0","0","0"
"132101","0","0","0","0","0","0","0","0","0","0","0","1","0","0","0","0","0","0","0","0","0","0","0","0"
"132101","0","0","0","0","0","0","0","0","0","0","0","2","0","0","0","0","0","0","0","0","0","0","0","0"
"132101","0","0","0","0","0","0","0","0","0","0","0","3","0","0","0","0","0","0","0","0","0","0","0","0"
"132201","0","0","0","0","0","0","0","0","0","0","0","1","0","0","0","0","0","0","0","0","0","0","0","0"
"132201","0","0","0","0","0","0","0","0","0","0","0","2","0","0","0","0","0","0","0","0","0","0","0","0"
"132201","0","0","0","0","0","0","0","0","0","0","0","3","0","0","0","0","0","0","0","0","0","0","0","0"
"132301","0","0","0","0","0","0","0","0","0","0","0","1","0","0","0","0","0","0","0","0","0","0","0","0"
"132301","0","0","0","0","0","0","0","0","0","0","0","2","0","0","0","0","0","0","0","0","0","0","0","0"
"132301","0","0","0","0","0","0","0","0","0","0","0","3","0","0","0","0","0","0","0","0","0","0","0","0"
"132401","0","0","0","0","0","0","0","0","0","0","0","1","0","0","0","0","0","0","0","0","0","0","0","0"
"132401","0","0","0","0","0","0","0","0","0","0","0","2","0","0","0","0","0","0","0","0","0","0","0","0"
"132401","0","0","0","0","0","0","0","0","0","0","0","3","0","0","0","0","0","0","0","0","0","0","0","0"
"132501","0","0","0","0","0","0","0","0","0","0","0","1","0","0","0","0","0","0","0","0","0","0","0","0"
"132501","0","0","0","0","0","0","0","0","0","0","0","2","0","0","0","0","0","0","0","0","0","0","0","0"
"132501","0","0","0","0","0","0","0","0","0","0","0","3","0","0","0","0","0","0","0","0","0","0","0","0"
"132801","0","0","0","0","0","0","0","0","0","0","0","1","0","0","0","0","0","0","0","0","0","0","0","0"
"132801","0","0","0","0","0","0","0","0","0","0","0","2","0","0","0","0","0","0","0","0","0","0","0","0"
"132801","0","0","0","0","0","0","0","0","0","0","0","3","0","0","0","0","0","0","0","0","0","0","0","0"
"132901","0","0","0","0","0","0","0","0","0","0","0","1","0","0","0","0","0","0","0","0","0","0","0","0"
"132901","0","0","0","0","0","0","0","0","0","0","0","2","0","0","0","0","0","0","0","0","0","0","0","0"
"132901","0","0","0","0","0","0","0","0","0","0","0","3","0","0","0","0","0","0","0","0","0","0","0","0"
"133001","0","0","0","0","0","0","0","0","0","0","0","1","0","0","0","0","0","0","0","0","0","0","0","0"
"133001","0","0","0","0","0","0","0","0","0","0","0","2","0","0","0","0","0","0","0","0","0","0","0","0"
"133001","0","0","0","0","0","0","0","0","0","0","0","3","0","0","0","0","0","0","0","0","0","0","0","0"
"133101","0","0","0","0","0","0","0","0","0","0","0","1","0","0","0","0","0","0","0","0","0","0","0","0"
"133101","0","0","0","0","0","0","0","0","0","0","0","2","0","0","0","0","0","0","0","0","0","0","0","0"
"133101","0","0","0","0","0","0","0","0","0","0","0","3","0","0","0","0","0","0","0","0","0","0","0","0"
"133201","0","0","0","0","0","0","0","0","0","0","0","1","0","0","0","0","0","0","0","0","0","0","0","0"
"133201","0","0","0","0","0","0","0","0","0","0","0","2","0","0","0","0","0","0","0","0","0","0","0","0"
"133201","0","0","0","0","0","0","0","0","0","0","0","3","0","0","0","0","0","0","0","0","0","0","0","0"
"133501","0","0","0","0","0","0","0","0","0","0","0","1","0","0","0","0","0","0","0","0","0","0","0","0"
"133501","0","0","0","0","0","0","0","0","0","0","0","2","0","0","0","0","0","0","0","0","0","0","0","0"
"133501","0","0","0","0","0","0","0","0","0","0","0","3","0","0","0","0","0","0","0","0","0","0","0","0"
"133601","0","0","0","0","0","0","0","0","0","0","0","1","0","0","0","0","0","0","0","0","0","0","0","0"
"133601","0","0","0","0","0","0","0","0","0","0","0","2","0","0","0","0","0","0","0","0","0","0","0","0"
"133601","0","0","0","0","0","0","0","0","0","0","0","3","0","0","0","0","0","0","0","0","0","0","0","0"
"133701","0","0","0","0","0","0","0","0","0","0","0","1","0","0","0","0","0","0","0","0","0","0","0","0"
"133701","0","0","0","0","0","0","0","0","0","0","0","2","0","0","0","0","0","0","0","0","0","0","0","0"
"133701","0","0","0","0","0","0","0","0","0","0","0","3","0","0","0","0","0","0","0","0","0","0","0","0"
"133801","0","0","0","0","0","0","0","0","0","0","0","1","0","0","0","0","0","0","0","0","0","0","0","0"
"133801","0","0","0","0","0","0","0","0","0","0","0","2","0","0","0","0","0","0","0","0","0","0","0","0"
"133801","0","0","0","0","0","0","0","0","0","0","0","3","0","0","0","0","0","0","0","0","0","0","0","0"
"133901","0","0","0","0","0","0","0","0","0","0","0","1","0","0","0","0","0","0","0","0","0","0","0","0"
"133901","0","0","0","0","0","0","0","0","0","0","0","2","0","0","0","0","0","0","0","0","0","0","0","0"
"133901","0","0","0","0","0","0","0","0","0","0","0","3","0","0","0","0","0","0","0","0","0","0","0","0"
"134001","0","0","0","0","0","0","0","0","0","0","0","1","0","0","0","0","0","0","0","0","0","0","0","0"
"134001","0","0","0","0","0","0","0","0","0","0","0","2","0","0","0","0","0","0","0","0","0","0","0","0"
"134001","0","0","0","0","0","0","0","0","0","0","0","3","0","0","0","0","0","0","0","0","0","0","0","0"
"134301","0","0","0","0","0","0","0","0","0","0","0","1","0","0","0","0","0","0","0","0","0","0","0","0"
"134301","0","0","0","0","0","0","0","0","0","0","0","2","0","0","0","0","0","0","0","0","0","0","0","0"
"134301","0","0","0","0","0","0","0","0","0","0","0","3","0","0","0","0","0","0","0","0","0","0","0","0"
"134401","0","0","0","0","0","0","0","0","0","0","0","1","0","0","0","0","0","0","0","0","0","0","0","0"
"134401","0","0","0","0","0","0","0","0","0","0","0","2","0","0","0","0","0","0","0","0","0","0","0","0"
"134401","0","0","0","0","0","0","0","0","0","0","0","3","0","0","0","0","0","0","0","0","0","0","0","0"
"134501","0","0","0","0","0","0","0","0","0","0","0","1","0","0","0","0","0","0","0","0","0","0","0","0"
"134501","0","0","0","0","0","0","0","0","0","0","0","2","0","0","0","0","0","0","0","0","0","0","0","0"
"134501","0","0","0","0","0","0","0","0","0","0","0","3","0","0","0","0","0","0","0","0","0","0","0","0"
"134601","0","0","0","0","0","0","0","0","0","0","0","1","0","0","0","0","0","0","0","0","0","0","0","0"
"134601","0","0","0","0","0","0","0","0","0","0","0","2","0","0","0","0","0","0","0","0","0","0","0","0"
"134601","0","0","0","0","0","0","0","0","0","0","0","3","0","0","0","0","0","0","0","0","0","0","0","0"
"134701","0","0","0","0","0","0","0","0","0","0","0","1","0","0","0","0","0","0","0","0","0","0","0","0"
"134701","0","0","0","0","0","0","0","0","0","0","0","2","0","0","0","0","0","0","0","0","0","0","0","0"
"134701","0","0","0","0","0","0","0","0","0","0","0","3","0","0","0","0","0","0","0","0","0","0","0","0"
"134801","0","0","0","0","0","0","0","0","0","0","0","1","0","0","0","0","0","0","0","0","0","0","0","0"
"134801","0","0","0","0","0","0","0","0","0","0","0","2","0","0","0","0","0","0","0","0","0","0","0","0"
"134801","0","0","0","0","0","0","0","0","0","0","0","3","0","0","0","0","0","0","0","0","0","0","0","0"
"134901","0","0","0","0","0","0","0","0","0","0","0","1","0","0","0","0","0","0","0","0","0","0","0","0"
"134901","0","0","0","0","0","0","0","0","0","0","0","2","0","0","0","0","0","0","0","0","0","0","0","0"
"134901","0","0","0","0","0","0","0","0","0","0","0","3","0","0","0","0","0","0","0","0","0","0","0","0"
"135001","0","0","0","0","0","0","0","0","0","0","0","1","0","0","0","0","0","0","0","0","0","0","0","0"
"135001","0","0","0","0","0","0","0","0","0","0","0","2","0","0","0","0","0","0","0","0","0","0","0","0"
"135001","0","0","0","0","0","0","0","0","0","0","0","3","0","0","0","0","0","0","0","0","0","0","0","0"
"135101","0","0","0","0","0","0","0","0","0","0","0","1","0","0","0","0","0","0","0","0","0","0","0","0"
"135101","0","0","0","0","0","0","0","0","0","0","0","2","0","0","0","0","0","0","0","0","0","0","0","0"
"135101","0","0","0","0","0","0","0","0","0","0","0","3","0","0","0","0","0","0","0","0","0","0","0","0"
"135201","0","0","0","0","0","0","0","0","0","0","0","1","0","0","0","0","0","0","0","0","0","0","0","0"
"135201","0","0","0","0","0","0","0","0","0","0","0","2","0","0","0","0","0","0","0","0","0","0","0","0"
"135201","0","0","0","0","0","0","0","0","0","0","0","3","0","0","0","0","0","0","0","0","0","0","0","0"
"135301","0","0","0","0","0","0","0","0","0","0","0","1","0","0","0","0","0","0","0","0","0","0","0","0"
"135301","0","0","0","0","0","0","0","0","0","0","0","2","0","0","0","0","0","0","0","0","0","0","0","0"
"135301","0","0","0","0","0","0","0","0","0","0","0","3","0","0","0","0","0","0","0","0","0","0","0","0"
"135401","0","0","0","0","0","0","0","0","0","0","0","1","0","0","0","0","0","0","0","0","0","0","0","0"
"135401","0","0","0","0","0","0","0","0","0","0","0","2","0","0","0","0","0","0","0","0","0","0","0","0"
"135401","0","0","0","0","0","0","0","0","0","0","0","3","0","0","0","0","0","0","0","0","0","0","0","0"
"135501","0","0","0","0","0","0","0","0","0","0","0","1","0","0","0","0","0","0","0","0","0","0","0","0"
"135501","0","0","0","0","0","0","0","0","0","0","0","2","0","0","0","0","0","0","0","0","0","0","0","0"
"135501","0","0","0","0","0","0","0","0","0","0","0","3","0","0","0","0","0","0","0","0","0","0","0","0"
"135601","0","0","0","0","0","0","0","0","0","0","0","1","0","0","0","0","0","0","0","0","0","0","0","0"
"135601","0","0","0","0","0","0","0","0","0","0","0","2","0","0","0","0","0","0","0","0","0","0","0","0"
"135601","0","0","0","0","0","0","0","0","0","0","0","3","0","0","0","0","0","0","0","0","0","0","0","0"
"135701","0","0","0","0","0","0","0","0","0","0","0","1","0","0","0","0","0","0","0","0","0","0","0","0"
"135701","0","0","0","0","0","0","0","0","0","0","0","2","0","0","0","0","0","0","0","0","0","0","0","0"
"135701","0","0","0","0","0","0","0","0","0","0","0","3","0","0","0","0","0","0","0","0","0","0","0","0"
"135801","0","0","0","0","0","0","0","0","0","0","0","1","0","0","0","0","0","0","0","0","0","0","0","0"
"135801","0","0","0","0","0","0","0","0","0","0","0","2","0","0","0","0","0","0","0","0","0","0","0","0"
"135801","0","0","0","0","0","0","0","0","0","0","0","3","0","0","0","0","0","0","0","0","0","0","0","0"
"135901","0","0","0","0","0","0","0","0","0","0","0","1","0","0","0","0","0","0","0","0","0","0","0","0"
"135901","0","0","0","0","0","0","0","0","0","0","0","2","0","0","0","0","0","0","0","0","0","0","0","0"
"135901","0","0","0","0","0","0","0","0","0","0","0","3","0","0","0","0","0","0","0","0","0","0","0","0"
"136001","0","0","0","0","0","0","0","0","0","0","0","1","0","0","0","0","0","0","0","0","0","0","0","0"
"136001","0","0","0","0","0","0","0","0","0","0","0","2","0","0","0","0","0","0","0","0","0","0","0","0"
"136001","0","0","0","0","0","0","0","0","0","0","0","3","0","0","0","0","0","0","0","0","0","0","0","0"
"136101","0","0","0","0","0","0","0","0","0","0","0","1","0","0","0","0","0","0","0","0","0","0","0","0"
"136101","0","0","0","0","0","0","0","0","0","0","0","2","0","0","0","0","0","0","0","0","0","0","0","0"
"136101","0","0","0","0","0","0","0","0","0","0","0","3","0","0","0","0","0","0","0","0","0","0","0","0"
"136201","0","0","0","0","0","0","0","0","0","0","0","1","0","0","0","0","0","0","0","0","0","0","0","0"
"136201","0","0","0","0","0","0","0","0","0","0","0","2","0","0","0","0","0","0","0","0","0","0","0","0"
"136201","0","0","0","0","0","0","0","0","0","0","0","3","0","0","0","0","0","0","0","0","0","0","0","0"
"136301","0","0","0","0","0","0","0","0","0","0","0","1","0","0","0","0","0","0","0","0","0","0","0","0"
"136301","0","0","0","0","0","0","0","0","0","0","0","2","0","0","0","0","0","0","0","0","0","0","0","0"
"136301","0","0","0","0","0","0","0","0","0","0","0","3","0","0","0","0","0","0","0","0","0","0","0","0"
"136401","0","0","0","0","0","0","0","0","0","0","0","1","0","0","0","0","0","0","0","0","0","0","0","0"
"136401","0","0","0","0","0","0","0","0","0","0","0","2","0","0","0","0","0","0","0","0","0","0","0","0"
"136401","0","0","0","0","0","0","0","0","0","0","0","3","0","0","0","0","0","0","0","0","0","0","0","0"
"136501","0","0","0","0","0","0","0","0","0","0","0","1","0","0","0","0","0","0","0","0","0","0","0","0"
"136501","0","0","0","0","0","0","0","0","0","0","0","2","0","0","0","0","0","0","0","0","0","0","0","0"
"136501","0","0","0","0","0","0","0","0","0","0","0","3","0","0","0","0","0","0","0","0","0","0","0","0"
"137101","0","0","0","0","0","0","0","0","0","0","0","1","0","0","0","0","0","0","0","0","0","0","0","0"
"137101","0","0","0","0","0","0","0","0","0","0","0","2","0","0","0","0","0","0","0","0","0","0","0","0"
"137101","0","0","0","0","0","0","0","0","0","0","0","3","0","0","0","0","0","0","0","0","0","0","0","0"
"137401","0","0","0","0","0","0","0","0","0","0","0","1","0","0","0","0","0","0","0","0","0","0","0","0"
"137401","0","0","0","0","0","0","0","0","0","0","0","2","0","0","0","0","0","0","0","0","0","0","0","0"
"137401","0","0","0","0","0","0","0","0","0","0","0","3","0","0","0","0","0","0","0","0","0","0","0","0"
"137601","0","0","0","0","0","0","0","0","0","0","0","1","0","0","0","0","0","0","0","0","0","0","0","0"
"137601","0","0","0","0","0","0","0","0","0","0","0","2","0","0","0","0","0","0","0","0","0","0","0","0"
"137601","0","0","0","0","0","0","0","0","0","0","0","3","0","0","0","0","0","0","0","0","0","0","0","0"
"137901","0","0","0","0","0","0","0","0","0","0","0","1","0","0","0","0","0","0","0","0","0","0","0","0"
"137901","0","0","0","0","0","0","0","0","0","0","0","2","0","0","0","0","0","0","0","0","0","0","0","0"
"137901","0","0","0","0","0","0","0","0","0","0","0","3","0","0","0","0","0","0","0","0","0","0","0","0"
"138001","0","0","0","0","0","0","0","0","0","0","0","1","0","0","0","0","0","0","0","0","0","0","0","0"
"138001","0","0","0","0","0","0","0","0","0","0","0","2","0","0","0","0","0","0","0","0","0","0","0","0"
"138001","0","0","0","0","0","0","0","0","0","0","0","3","0","0","0","0","0","0","0","0","0","0","0","0"
"138101","0","0","0","0","0","0","0","0","0","0","0","1","0","0","0","0","0","0","0","0","0","0","0","0"
"138101","0","0","0","0","0","0","0","0","0","0","0","2","0","0","0","0","0","0","0","0","0","0","0","0"
"138101","0","0","0","0","0","0","0","0","0","0","0","3","0","0","0","0","0","0","0","0","0","0","0","0"
"138201","0","0","0","0","0","0","0","0","0","0","0","1","0","0","0","0","0","0","0","0","0","0","0","0"
"138201","0","0","0","0","0","0","0","0","0","0","0","2","0","0","0","0","0","0","0","0","0","0","0","0"
"138201","0","0","0","0","0","0","0","0","0","0","0","3","0","0","0","0","0","0","0","0","0","0","0","0"
"180501","0","0","0","0","0","0","0","0","0","0","0","1","0","0","0","0","0","0","0","0","0","0","0","0"
"180501","0","0","0","0","0","0","0","0","0","0","0","2","0","0","0","0","0","0","0","0","0","0","0","0"
"180501","0","0","0","0","0","0","0","0","0","0","0","3","0","0","0","0","0","0","0","0","0","0","0","0"
"180601","0","0","0","0","0","0","0","0","0","0","0","1","0","0","0","0","0","0","0","0","0","0","0","0"
"180601","0","0","0","0","0","0","0","0","0","0","0","2","0","0","0","0","0","0","0","0","0","0","0","0"
"180601","0","0","0","0","0","0","0","0","0","0","0","3","0","0","0","0","0","0","0","0","0","0","0","0"
"180701","0","0","0","0","0","0","0","0","0","0","0","1","0","0","0","0","0","0","0","0","0","0","0","0"
"180701","0","0","0","0","0","0","0","0","0","0","0","2","0","0","0","0","0","0","0","0","0","0","0","0"
"180701","0","0","0","0","0","0","0","0","0","0","0","3","0","0","0","0","0","0","0","0","0","0","0","0"
"180801","0","0","0","0","0","0","0","0","0","0","0","1","0","0","0","0","0","0","0","0","0","0","0","0"
"180801","0","0","0","0","0","0","0","0","0","0","0","2","0","0","0","0","0","0","0","0","0","0","0","0"
"180801","0","0","0","0","0","0","0","0","0","0","0","3","0","0","0","0","0","0","0","0","0","0","0","0"
"180901","0","0","0","0","0","0","0","0","0","0","0","1","0","0","0","0","0","0","0","0","0","0","0","0"
"180901","0","0","0","0","0","0","0","0","0","0","0","2","0","0","0","0","0","0","0","0","0","0","0","0"
"180901","0","0","0","0","0","0","0","0","0","0","0","3","0","0","0","0","0","0","0","0","0","0","0","0"
"181001","0","0","0","0","0","0","0","0","0","0","0","1","0","0","0","0","0","0","0","0","0","0","0","0"
"181001","0","0","0","0","0","0","0","0","0","0","0","2","0","0","0","0","0","0","0","0","0","0","0","0"
"181001","0","0","0","0","0","0","0","0","0","0","0","3","0","0","0","0","0","0","0","0","0","0","0","0"
"181101","0","0","0","0","0","0","0","0","0","0","0","1","0","0","0","0","0","0","0","0","0","0","0","0"
"181101","0","0","0","0","0","0","0","0","0","0","0","2","0","0","0","0","0","0","0","0","0","0","0","0"
"181101","0","0","0","0","0","0","0","0","0","0","0","3","0","0","0","0","0","0","0","0","0","0","0","0"
"181201","0","0","0","0","0","0","0","0","0","0","0","1","0","0","0","0","0","0","0","0","0","0","0","0"
"181201","0","0","0","0","0","0","0","0","0","0","0","2","0","0","0","0","0","0","0","0","0","0","0","0"
"181201","0","0","0","0","0","0","0","0","0","0","0","3","0","0","0","0","0","0","0","0","0","0","0","0"