20dbd70fe5c25b4160e8c081ebf9397cfd373520a2c79e2cc71c39e0750b9560,e12abbf1f578372c64655591e3cb37077924adb2c2e59b77989d753e017947c4,68b6faa8b0899ab537f1937e519f2d65298495dd1a53d549d797f9c666a45c19,869f0d1d335e55e425e2a4285b3a80cd8514a0364a9d710c3d6fa6e354ab206c,15f94b3fd355432e28ed4564f491b539ff05fa3d09e5b4d6a614c6f6bdfcf7d4,38d4a0b3c8d29b8c9c45a0badc39ded752a4c7278cc45bc2c52310898fa9dd78,f3d5754b984a6f31e90939ba26702b5152d172a50a270bbe580b7e566b7270c3,2cce5ea68e0279e091bf6fc006fbde786b71be07e26f8b749221b51f3c15b0b0,6d80e0dddac4541a8c6f3c6ca34434e72ebf6d8671bda8632102f263df9a2cb1,3384f81c9bd5f54ae6b681751346dc7b37b1fce9c11a761904403caef2bc1242,2d0a2eb4ebb9430ec7fe51f07c3ad66621d2f3d9e30df302eb032d4d4e539951
"101001","nop_idle_joy1","-100","115","0","111831","1.5","1","-150","1","101"
"101002","nop_idle_normal_joy","100","114","1","120731","1.5","1","-150","1","101"
"101003","nop_idle_arm_crossed","-215","111","0","120831","1.5","1","-127","1","101"
"101004","nop_idle_normal","215","110","1","111931","1.5","1","-127","1","101"
"101005","nop_idle_thinking","-330","113","0","120931","1.5","1","-150","1","101"
"101006","nop_idle_normal","330","112","1","112031","1.5","1","-150","1","101"
"102001","nop_idle_joy1","-100","115","0","108731","1.5","1","-150","1","102"
"102002","nop_idle_joy_normal","100","114","1","108831","1.5","1","-150","1","102"
"102003","nop_idle_normal","-215","111","0","108931","1.5","1","-127","1","102"
"103001","nop_idle_joy1","-100","113","0","102011","1.5","1","-135","1","103"
"103002","nop_idle_normal","-215","115","0","100411","1.5","1","-150","1","103"
"103003","nop_idle_wish","100","114","1","103631","1.5","1","-143","1","103"
"104001","nop_idle_normal","-100","115","0","101231","1.5","1","-150","1","104"
"104002","nop_idle_normal","100","114","1","104011","1.5","1","-150","1","104"
"104003","nop_idle_normal","-215","111","0","101511","1.5","1","-127","1","104"
"105001","nop_idle_normal","-100","113","0","103111","1.5","1","-135","1","105"
"105002","nop_idle_sad","100","111","1","102211","1.5","1","-135","1","105"
"105003","nop_05_miyako_idle_normal","-215","115","0","100711","1.5","1","-150","1","105"
"105004","nop_idle_joy1","215","112","1","100611","1.5","1","-150","1","105"
"105005","nop_skull_idle","-25","114","1","2051","1.5","5","-135","1","105"
"106001","nop_idle_arm_crossed","-215","115","0","104731","1.5","1","-150","1","106"
"106002","nop_idle_arm_crossed","215","114","1","107131","1.5","1","-150","1","106"
"106003","nop_idle_normal","-100","111","0","103731","1.5","1","-135","1","106"
"106004","nop_idle_joy1","100","110","1","100511","1.5","1","-135","1","106"
"107001","nop_idle_normal","-100","115","0","102831","1.5","1","-150","1","107"
"107002","nop_idle_normal","100","114","1","102111","1.5","1","-150","1","107"
"107003","nop_idle_normal","-215","111","0","102511","1.5","1","-127","1","107"
"107004","nop_idle_normal","215","110","1","102311","1.5","1","-127","1","107"
"108001","nop_idle_joy_normal","-100","115","0","101011","1.5","1","-150","1","108"
"108002","nop_idle_arm_crossed","100","114","1","104331","1.5","1","-150","1","108"
"108003","nop_idle_joy1","-215","111","0","101711","1.5","1","-127","1","108"
"108004","nop_idle_normal","215","110","1","101431","1.5","1","-127","1","108"
"109001","nop_idle_joy1","-100","115","0","103311","1.5","1","-150","1","109"
"109002","nop_idle_joy_normal","-215","111","0","105211","1.5","1","-127","1","109"
"109003","nop_idle_sad2","100","114","1","102611","1.5","1","-150","1","109"
"109004","nop_idle_normal","215","110","1","103811","1.5","1","-127","1","109"
"110001","nop_idle_joy1","-100","115","0","103231","1.5","1","-150","1","110"
"110002","nop_10_yukari_02","215","110","1","103411","1.5","1","-127","1","110"
"110003","nop_10_yukari_02","215","111","1","11","1.5","5","-127","1","110"
"110004","nop_idle_doya","100","114","1","104811","1.5","1","-150","1","110"
"110005","nop_idle_joy_normal","-215","111","0","104611","1.5","1","-127","1","110"
"111001","nop_11_anna_idle_arm_crossed","-100","115","0","100911","1.5","1","-150","1","111"
"111002","nop_idle_joy_normal","100","114","1","101311","1.5","1","-150","1","111"
"111003","nop_11_eriko_idle_wish","-215","111","0","102711","1.5","1","-127","1","111"
"111004","nop_idle_normal","215","110","1","105111","1.5","1","-127","1","111"
"112001","nop_idle_joy1","100","115","1","101831","1.5","1","-143","1","112"
"112002","nop_idle_joy_normal","-100","110","0","101611","1.5","1","-135","1","112"
"112003","nop_idle_joy_normal","-215","114","0","105011","1.5","1","-150","1","112"
"113001","nop_idle_normal_joy","100","113","1","105331","1.5","1","-150","1","113"
"113002","nop_13_kuka_idle_memory2","-100","114","0","104511","1.5","1","-150","1","113"
"113003","nop_idle_joy1","-215","110","0","103031","1.5","1","-127","1","113"
"113004","nop_idle_thinking","-330","111","0","100811","1.5","1","-150","1","113"
"113005","nop_idle_sad","240","115","1","105511","1.5","1","-150","1","113"
"114001","nop_idle_normal","100","115","1","106831","1.5","1","-150","1","114"
"114002","nop_idle_normal","-100","114","0","101131","1.5","1","-150","1","114"
"114003","nop_idle_normal","-215","110","0","104931","1.5","1","-127","1","114"
"115001","nop_idle_joy1","100","115","1","102931","1.5","1","-143","1","115"
"115002","nop_idle_wish","-100","110","0","104211","1.5","1","-135","1","115"
"115003","nop_idle_normal","-215","114","0","105411","1.5","1","-150","1","115"
"116001","nop_idle_normal","100","115","1","106731","1.5","1","-150","1","116"
"116002","nop_idle_joy1","-100","114","0","106631","1.5","1","-150","1","116"
"116003","nop_16_kaya_idle_normal2","-215","110","0","106531","1.5","1","-127","1","116"
"116004","nop_rago_idle","180","116","1","2","1.5","5","-150","1","116"
"117001","nop_idle_normal","100","115","1","111031","1.5","1","-150","1","117"
"117002","nop_idle_joy2","-100","114","0","110931","1.5","1","-150","1","117"
"117003","nop_17_chloe_idle_normal2","-215","110","0","110831","1.5","1","-127","1","117"
"117004","NoItem_idle","-100","115","0","1","1.5","5","-150","1","117"
"118001","nop_18_muimi_idle_joy_normal","-100","115","1","114711","1.5","1","-150","1","118"
"118002","nop_18_karin_idle_normal","100","114","0","118511","1.5","1","-150","1","118"
"118003","nop_idle_normal","-215","111","0","115031","1.5","1","-127","1","118"
"118004","nop_idle_joy1","215","110","1","118031","1.5","1","-127","1","118"
"201001","nop_idle_joy1","-60","100","0","111831","1.2","1","0","1","201"
"201002","nop_idle_normal_joy","60","101","1","120731","1.2","1","0","1","201"
"201003","nop_idle_arm_crossed","-130","102","0","120831","1.2","1","-5","1","201"
"201004","nop_idle_normal","130","103","1","111931","1.2","1","-5","1","201"
"201005","nop_idle_thinking","-200","104","0","120931","1.2","1","-20","1","201"
"201006","nop_idle_normal","200","105","1","112031","1.2","1","-20","1","201"
"202001","nop_idle_joy1","-60","100","0","108731","1.2","1","0","1","202"
"202002","nop_idle_joy_normal","60","101","1","108831","1.2","1","0","1","202"
"202003","nop_idle_normal","-130","102","0","108931","1.2","1","-5","1","202"
"203001","nop_idle_joy1","-60","100","0","102011","1.2","1","0","1","203"
"203002","nop_idle_normal","-130","101","0","100411","1.2","1","-5","1","203"
"203003","nop_idle_wish","60","102","1","103631","1.2","1","-5","1","203"
"204001","nop_idle_normal","-60","100","0","101231","1.2","1","0","1","204"
"204002","nop_idle_normal","60","101","1","104011","1.2","1","0","1","204"
"204003","nop_idle_normal","-130","102","0","101511","1.2","1","-5","1","204"
"205001","nop_idle_normal","-80","100","0","103111","1.2","1","0","1","205"
"205002","nop_idle_sad","60","101","1","102211","1.2","1","0","1","205"
"205003","nop_05_miyako_idle_normal","-150","104","0","100711","1.2","1","-5","1","205"
"205004","nop_idle_joy1","130","103","1","100611","1.2","1","-5","1","205"
"205005","nop_skull_idle","-20","102","1","2051","1.2","5","0","1","205"
"206001","nop_idle_arm_crossed","-130","102","0","104731","1.2","1","-5","1","206"
"206002","nop_idle_arm_crossed","130","103","1","107131","1.2","1","-5","1","206"
"206003","nop_idle_normal","-60","100","0","103731","1.2","1","0","1","206"
"206004","nop_idle_joy1","60","101","1","100511","1.2","1","0","1","206"
"207001","nop_idle_normal","-60","100","0","102831","1.2","1","0","1","207"
"207002","nop_idle_normal","60","101","1","102111","1.2","1","0","1","207"
"207003","nop_idle_normal","-130","102","0","102511","1.2","1","-5","1","207"
"207004","nop_idle_normal","130","103","1","102311","1.2","1","-5","1","207"
"208001","nop_idle_joy_normal","-60","100","0","101011","1.2","1","0","1","208"
"208002","nop_idle_arm_crossed","60","101","1","104331","1.2","1","0","1","208"
"208003","nop_idle_joy1","-130","102","0","101711","1.2","1","-5","1","208"
"208004","nop_idle_normal","130","103","1","101431","1.2","1","-5","1","208"
"209001","nop_idle_joy1","-60","100","0","103311","1.2","1","0","1","209"
"209002","nop_idle_joy_normal","-130","102","0","105211","1.2","1","-5","1","209"
"209003","nop_idle_sad2","60","101","1","102611","1.2","1","0","1","209"
"209004","nop_idle_normal","130","103","1","103811","1.2","1","-5","1","209"
"210001","nop_idle_joy1","-60","100","0","103231","1.2","1","0","1","210"
"210002","nop_10_yukari_02","130","103","1","103411","1.2","1","-5","1","210"
"210003","nop_10_yukari_02","130","104","1","11","1.2","5","-5","1","210"
"210004","nop_idle_doya","60","101","1","104811","1.2","1","0","1","210"
"210005","nop_idle_joy_normal","-130","102","0","104611","1.2","1","-5","1","210"
"211001","nop_11_anna_idle_arm_crossed","-60","100","0","100911","1.2","1","0","1","211"
"211002","nop_idle_joy_normal","60","101","1","101311","1.2","1","0","1","211"
"211003","nop_11_eriko_idle_wish","-130","102","0","102711","1.2","1","-5","1","211"
"211004","nop_idle_normal","130","103","1","105111","1.2","1","-5","1","211"
"212001","nop_idle_joy1","60","100","1","101831","1.2","1","0","1","212"
"212002","nop_idle_joy_normal","-60","101","0","101611","1.2","1","0","1","212"
"212003","nop_idle_joy_normal","-130","102","0","105011","1.2","1","-5","1","212"
"213001","nop_idle_normal_joy","60","100","1","105331","1.2","1","0","1","213"
"213002","nop_13_kuka_idle_memory2","-60","101","0","104511","1.2","1","0","1","213"
"213003","nop_idle_joy1","-130","102","0","103031","1.2","1","-5","1","213"
"213004","nop_idle_thinking","-200","103","0","100811","1.2","1","-20","1","213"
"213005","nop_idle_sad","130","104","1","105511","1.2","1","-20","1","213"
"214001","nop_idle_normal","60","100","1","106831","1.2","1","0","1","214"
"214002","nop_idle_normal","-60","101","0","101131","1.2","1","0","1","214"
"214003","nop_idle_normal","-130","103","0","104931","1.2","1","-5","1","214"
"215001","nop_idle_joy1","60","100","1","102931","1.2","1","0","1","215"
"215002","nop_idle_wish","-60","101","0","104211","1.2","1","0","1","215"
"215003","nop_idle_normal","-130","102","0","105411","1.2","1","-5","1","215"
"216001","nop_idle_normal","60","100","1","106731","1.2","1","0","1","216"
"216002","nop_idle_joy1","-60","101","0","106631","1.2","1","0","1","216"
"216003","nop_16_kaya_idle_normal2","-130","103","0","106531","1.2","1","-5","1","216"
"216004","nop_rago_idle","140","101","1","2","1.2","5","0","1","216"
"217001","nop_idle_normal","60","100","1","111031","1.2","1","0","1","217"
"217002","nop_idle_joy2","-60","101","0","110931","1.2","1","0","1","217"
"217003","nop_17_chloe_idle_normal2","-130","103","0","110831","1.2","1","-5","1","217"
"217004","NoItem_idle","-60","102","0","1","1.2","5","0","1","217"
"218001","nop_18_muimi_idle_joy_normal","-40","100","1","114711","1.2","1","0","1","218"
"218002","nop_18_karin_idle_normal","40","101","0","118511","1.2","1","0","1","218"
"218003","nop_idle_normal","-130","102","0","115031","1.2","1","-5","1","218"
"218004","nop_idle_joy1","130","103","1","118031","1.2","1","-5","1","218"
"301001","","","1","","nop_talk_joy1","0.2","3","","111831","301"
"301002","0.5","0","8","0","次は何を食べましょうか。\nキャルちゃんは何がいいです？","0","11","0","111831","301"
"301003","","","","","","","91","","301002","301"
"301004","","","1","","nop_idle_joy_normal","0.2","3","","111831","301"
"301005","","nop_idle_doya","0","0.3","nop_18_neneka_humu","0.2","3","1","112031","301"
"301006","0.5","0","8","0","そうねー\n普段は食べられない珍しい物とかどう？","0","11","0","112031","301"
"301007","","","","","","","91","","301006","301"
"301008","","nop_talk_arm_crossed_loop","0","0","nop_talk_arm_crossed","0.2","3","1","120831","301"
"301009","0.5","0","8","0","ならこいつはどうだい？\nトーゴクでも\n滅多にお目にかかれない逸品だよ。","0","11","0","120831","301"
"301010","","","","","","","91","","301009","301"
"301011","","","1","","nop_idle_arm_crossed","0.2","3","","120831","301"
"301012","","nop_11_anna_huhuStand_loop","0","0","nop_11_anna_huhuStand_in","0.2","3","1","120931","301"
"301013","0.5","0","8","0","ふふふ、力が満ち溢れるぞ。\nこれがおせち料理の力か！","0","11","0","120931","301"
"301014","","","","","0","","93","","1","301"
"301015","","nop_11_anna_ahahaStand_loop","0","0","nop_11_anna_ahahaStand_in","0.2","3","1","120931","301"
"301016","","","","","","","91","","301013","301"
"301017","","","1","","nop_11_anna_ahahaStand_loop","0.2","3","1","120931","301"
"301018","","nop_01_coccoro_an_loop","0","0","nop_01_coccoro_an_in","0.2","3","1","111931","301"
"301019","0.5","0","8","0","シェフィさま。こちらをどうぞ。\nはい、あーん。","0","11","0","111931","301"
"301020","","","","","0","","93","","0.2","301"
"301021","","","","","0","","4","","120731","301"
"301022","","","","","0","","93","","0.8","301"
"301023","","nop_idle_shy","0","0.2","nop_surprise","0.2","3","1","120731","301"
"301024","","","","","","","91","","301019","301"
"301025","","","1","","nop_talk_shy","0.2","3","","120731","301"
"301026","0.5","0","8","0","コ、コッコロさん……\n恥ずかしいわ……","0","11","0","120731","301"
"301027","","","","","","","91","","301026","301"
"301028","","","1","","nop_idle_shy","0.2","3","","120731","301"
"301029","","","","","0","","93","","0.5","301"
"301030","","nop_idle_normal","0","0","nop_01_coccoro_an_out","0.2","3","1","111931","301"
"301031","","","","","0","","93","","1","301"
"301032","","","","","1","","4","","120731","301"
"301033","","","1","","nop_idle_joy1","0.2","3","","120731","301"
"302001","0.5","0","8","0","せっかく騎士クンが\n呼んでくれたんだもの。\n楽しまなくっちゃ！","0","11","0","108831","302"
"302002","","","1","","nop_talk_joy3_blink","0.2","3","","108831","302"
"302003","","","","","1","","93","","2.75","302"
"302004","","","1","","nop_talk_joy1_normal","0.2","3","","108831","302"
"302005","","","","","","","91","","302001","302"
"302006","","","1","","nop_idle_joy_normal","0.2","3","1","108831","302"
"302007","0.5","0","8","0","今年もいい年にしないとね。","0","11","0","108931","302"
"302008","","","1","","nop_talk_joy1_normal","0.2","3","","108931","302"
"302009","","","","","","","91","","302007","302"
"302010","","","1","","nop_idle_normal","0.2","3","","108931","302"
"302011","0.5","0","8","0","みんながいればきっと大丈夫だよ！","0","11","0","108731","302"
"302012","","","1","","nop_talk_joy2","0.2","3","","108731","302"
"302013","","","","","","","91","","302011","302"
"302014","","","1","","nop_idle_joy1","0.2","3","1","108731","302"
"302015","","","","","","","91","","0","302"
"303001","0.5","0","8","0","わあ！　おっきい会場だね！\nお料理もたくさん！","0","11","0","102011","303"
"303002","","","1","","nop_talk_joy2","0.2","3","","102011","303"
"303003","","","","","","","91","","303001","303"
"303004","","","1","","nop_idle_joy1","0.2","3","1","102011","303"
"303005","0.5","0","8","0","えっへっへ、これは\nイタズラしがいがあるねー","0","11","0","100411","303"
"303006","","","1","","nop_talk_joy2","0.2","3","","100411","303"
"303007","","","","","","","91","","303005","303"
"303008","","","1","","nop_idle_normal","0.2","3","1","100411","303"
"303009","0.5","0","8","0","へんたいふしんしゃさん……\nじゃなくて、あの人はどこかな？","0","11","0","103631","303"
"303010","","","1","","nop_talk_wish","0.2","3","","103631","303"
"303011","","","","","","","91","","303009","303"
"303012","","","1","","nop_idle_wish","0.2","3","","103631","303"
"304001","0.5","0","8","0","立派な新年会ね。\nみんな笑顔で素敵だわ。","0","11","0","101511","304"
"304002","","","1","","nop_talk_normal","0.2","3","","101511","304"
"304003","","","","","0","","93","","1.5","304"
"304004","","","1","","nop_talk_joy3","0.2","3","","101511","304"
"304005","","","","","","","91","","304001","304"
"304006","","","1","","nop_idle_joy1","0.2","3","","101511","304"
"304007","0.5","0","8","0","あのお料理美味しそう！\nシオリンにも教えてあげよっと。","0","11","0","101231","304"
"304008","","","1","","nop_idle_surprise_kira","0.2","3","","101231","304"
"304009","","","","","0","","93","","1.5","304"
"304010","","","1","","nop_talk_joy2","0.2","3","","101231","304"
"304011","","","","","","","91","","304007","304"
"304012","","","1","","nop_idle_joy_normal","0.2","3","","101231","304"
"304013","0.5","0","8","0","はわわ……キラキラした人が\nいっぱいいます～！","0","11","0","104011","304"
"304014","","","1","","nop_idle_surprise2","0.2","3","","104011","304"
"304015","","","","","","","91","","304013","304"
"304016","","","1","","nop_idle_normal","0.2","3","1","104011","304"
"304017","","","1","","nop_idle_normal","0.2","3","","101511","304"
"304018","","","1","","nop_idle_normal","0.2","3","","101231","304"
"305001","0.5","0","8","0","プリンプリン……プリンはどこなの？\nプリンをよこすのー！","0","11","0","100711","305"
"305002","","","1","","nop_05_miyako_talk_anger","0.2","3","","100711","305"
"305003","","","","","","","91","","305001","305"
"305004","","","1","","nop_05_miyako_idle_anger","0.2","3","1","100711","305"
"305005","0.5","0","8","0","お父さん。きれいな女性が多いからって\n他の人に迷惑かけないでね。","0","11","0","103111","305"
"305006","","","1","","nop_talk_worry","0.2","3","","103111","305"
"305007","","","","","","","91","","305005","305"
"305008","","","1","","nop_idle_worry","0.2","3","1","103111","305"
"305009","0.5","0","8","0","わあ、すごい量のおせち料理♪\nアカリ、お腹いっぱいになっちゃう～","0","11","0","100611","305"
"305010","","","1","","nop_talk_surprise_kira","0.2","3","","100611","305"
"305011","","","","","0","","93","","2","305"
"305012","","","1","","nop_talk_memory","0.2","3","","100611","305"
"305013","","","","","","","91","","305009","305"
"305014","","","1","","nop_idle_memory2","0.2","3","","100611","305"
"305015","0.5","0","8","0","アイツの作った料理って、どれだろ……\nべ、別に食べたいから探してるって\nわけじゃないからね？","0","11","0","102211","305"
"305016","","","1","","nop_talk_sad","0.2","3","","102211","305"
"305017","","","","","0","","93","","2.8","305"
"305018","","","1","","nop_talk_anger2","0.2","3","","102211","305"
"305019","","","","","","","91","","305015","305"
"305020","","","1","","nop_idle_anger2","0.2","3","1","102211","305"
"306001","0.5","0","8","0","はーっはっはっは！\nこういう華やかな場所こそ\nクリスティーナさんに相応しいな。","0","11","0","107131","306"
"306002","","nop_06_cris_ahaha_loop","0","0","nop_06_cris_ahaha_in","0.2","3","1","107131","306"
"306003","","","","","0","","93","","1.5","306"
"306004","","nop_talk_arm_crossed_loop","0","0.2","nop_talk_arm_crossed","0.2","3","1","107131","306"
"306005","","","","","","","91","","306001","306"
"306006","","","1","","nop_idle_arm_crossed","0.2","3","1","107131","306"
"306007","0.5","0","8","0","美味しそうな料理がいっぱいッス！\nトモねーちゃん、\n次はあれを食べるッスよ！","0","11","0","100511","306"
"306008","","","1","","nop_talk_surprise_kira","0.2","3","","100511","306"
"306009","","","","","0","","93","","4.5","306"
"306010","","","1","","nop_talk_joy2","0.2","3","","100511","306"
"306011","","","","","","","91","","306007","306"
"306012","","","1","","nop_idle_normal","0.2","3","","100511","306"
"306013","0.5","0","8","0","マツリちゃん、少し落ち着こう？\n料理は逃げないからね。","0","11","0","103731","306"
"306014","","","1","","nop_talk_worry","0.2","3","","103731","306"
"306015","","","","","","","91","","306013","306"
"306016","","","1","","nop_idle_worry","0.2","3","1","103731","306"
"306017","0.5","0","8","0","みんな楽しんでいるようだね。\nやっぱり平和が何よりだよ。","0","11","0","104731","306"
"306018","","","1","","nop_talk_arm_crossed_loop","0.2","3","","104731","306"
"306019","","","","","","","91","","306017","306"
"306020","","","1","","nop_idle_arm_crossed","0.2","3","1","104731","306"
"307001","0.5","0","8","0","すごい人数ね。\n会場は広いから、みんな\n迷子にならないようにね？","0","11","0","102831","307"
"307002","","","1","","nop_talk_surprise1","0.2","3","","102831","307"
"307003","","","","","0","","93","","1.2","307"
"307004","","","1","","nop_talk_joy1_normal","0.2","3","","102831","307"
"307005","","","","","","","91","","307001","307"
"307006","","","1","","nop_idle_normal","0.2","3","1","102831","307"
"307007","0.5","0","8","0","はーい、ママ・サレン！\nみんないい子にしてるよ。","0","11","0","102111","307"
"307008","","","1","","nop_talk_joy3_dere","0.2","3","","102111","307"
"307009","","","","","0","","93","","1.7","307"
"307010","","","1","","nop_talk_wish","0.2","3","","102111","307"
"307011","","","","","","","91","","307007","307"
"307012","0.5","0","8","0","お嬢様！\nわ、私も一緒ですから\n大丈夫です！","0","11","0","102511","307"
"307013","","nop_talk_guts3_loop","0","0","nop_talk_guts3_NoBlink","0.2","3","1","102511","307"
"307014","","","","","","","91","","307012","307"
"307015","0.5","0","8","0","そう言いながら、\nスズメが一番迷子に\nなりそうなんだけど……","0","11","0","102311","307"
"307016","","","1","","nop_talk_worry","0.2","3","","102311","307"
"307017","","","","","","","91","","307015","307"
"307018","","","1","","nop_idle_normal","0.2","3","","102311","307"
"307019","","","1","","nop_idle_normal","0.2","3","1","102111","307"
"307020","","","1","","nop_idle_normal","0.2","3","1","102511","307"
"308001","0.5","0","8","0","立派な新年会ですなあ。\n美味しそうなお料理ばかりで\n目移りしそうやわ～","0","11","0","101011","308"
"308002","","","1","","nop_talk_joy3_blink2","0.2","3","","101011","308"
"308003","","","1","","1","","93","","1.5","308"
"308004","","","1","","nop_talk_joy1","0.2","3","","101011","308"
"308005","","","","","","","91","","308001","308"
"308006","","","1","","nop_idle_joy_normal","0.2","3","1","101011","308"
"308007","0.5","0","8","0","お、あの料理、\nうちの店でも出せないかな？\nもうちょっと食べてみるか……","0","11","0","104331","308"
"308008","","nop_talk_arm_crossed_loop2","0","0.2","nop_talk_arm_crossed2","0.2","3","1","104331","308"
"308009","","","1","","1","","93","","3","308"
"308010","","","1","","nop_talk_thinking","0.2","3","","104331","308"
"308011","","","","","","","91","","308007","308"
"308012","","","1","","nop_idle_thinking","0.2","3","1","104331","308"
"308013","0.5","0","8","0","賑やかで楽しい雰囲気の新年会だね～\nなんだか踊りたくなってきたさ～","0","11","0","101711","308"
"308014","","","1","","nop_talk_joy1_wink","0.2","3","","101711","308"
"308015","","","1","","1","","93","","2.5","308"
"308016","","","1","","nop_talk_joy2","0.2","3","","101711","308"
"308017","","","","","","","91","","308013","308"
"308018","","","1","","nop_idle_joy1","0.2","3","1","101711","308"
"308019","0.5","0","8","0","事件の匂い……はしないようだね。\nふうむ、少しだけ残念だよ。","0","11","0","101431","308"
"308020","","","1","","nop_talk_joy3_blink2","0.2","3","","101431","308"
"308021","","","1","","1","","93","","3","308"
"308022","","nop_talk_arm_crossed_loop","0","0.2","nop_talk_arm_crossed","0.2","3","1","101431","308"
"308023","","","","","","","91","","308019","308"
"308024","","","1","","nop_idle_arm_crossed","0.2","3","","101431","308"
"308025","","","1","","","","91","","0","308"
"309001","0.5","0","8","0","新春初笑いのネタをつくってきたべ！\n誰か聞いていかねえか？","0","11","0","103311","309"
"309002","","nop_talk_guts2_loop","0","0.2","nop_talk_guts2","0.2","3","1","103311","309"
"309003","","","","","1","","93","","2.5","309"
"309004","","","1","","nop_talk_joy2","0.2","3","","103311","309"
"309005","","","","","","","91","","309001","309"
"309006","","","1","","nop_idle_joy1","0.2","3","1","103311","309"
"309007","0.5","0","8","0","舞踏会が開けそうな会場ね。\n素敵だわ。","0","11","0","105211","309"
"309008","","","1","","nop_talk_joy1_normal","0.2","3","","105211","309"
"309009","","","","","1","","93","","2","309"
"309010","","","1","","nop_talk_memory","0.2","3","","105211","309"
"309011","","","","","","","91","","309007","309"
"309012","","","1","","nop_idle_memory","0.2","3","1","105211","309"
"309013","0.5","0","8","0","人が多くて疲れたよ～\nリマ～、おんぶしてよ～","0","11","0","102611","309"
"309014","","","1","","nop_talk_sad2","0.2","3","","102611","309"
"309015","","","","","1","","93","","1.5","309"
"309016","","","1","","nop_talk_worry","0.2","3","","102611","309"
"309017","","","","","","","91","","309013","309"
"309018","","","1","","nop_idle_worry","0.2","3","1","102611","309"
"309019","0.5","0","8","0","あのお料理美味しそう……\nお姉ちゃんにも教えてあげなくちゃ。","0","11","0","103811","309"
"309020","","","1","","nop_talk_joy3_blink","0.2","3","","103811","309"
"309021","","","","","","","91","","309019","309"
"309022","","","1","","nop_idle_normal_joy","0.2","3","","103811","309"
"309023","","","","","","","91","","0","309"
"310001","0.5","0","8","0","こうして大勢のみなさまと過ごすお正月\n賑やかで最高ですわね！","0","11","0","103231","310"
"310002","","","1","","nop_talk_joy1","0.2","3","","103231","310"
"310003","","","","","","","91","","310001","310"
"310004","","","1","","nop_idle_joy1","0.2","3","1","103231","310"
"310005","0.5","0","8","0","珍しいおせち料理がいっぱいにゃ。\nたいやきの新メニューのヒントに\nなるかにゃ？","0","11","0","104611","310"
"310006","","","1","","nop_talk_joy2","0.2","3","","104611","310"
"310007","","","","","1","","93","","2.5","310"
"310008","","","1","","nop_talk_thinking","0.2","3","","104611","310"
"310009","","","","","","","91","","310005","310"
"310010","","","1","","nop_idle_thinking","0.2","3","","104611","310"
"310011","0.5","0","8","0","みんな～、あけおめ～！\nなんちゃって。ヒック。","0","11","0","103411","310"
"310012","","","1","","nop_10_yukari_04","0.2","3","","103411","310"
"310013","","","1","","nop_10_yukari_04","0.2","3","","11","310"
"310014","","","","","1","","93","","2.5","310"
"310015","","nop_10_yukari_02","0","0.5","nop_10_yukari_06","0.2","3","1","103411","310"
"310016","","nop_10_yukari_02","0","0.5","nop_10_yukari_06","0.2","3","1","11","310"
"310017","","","","","","","91","","310011","310"
"310018","0.5","0","8","0","え？　ユカリさん？\nもう酔っぱらっちゃってる……","0","11","0","104811","310"
"310019","","","1","","nop_talk_surprise1","0.2","3","","104811","310"
"310020","","","","","0","","4","","104811","310"
"310021","","","","","1","","93","","1","310"
"310022","","","1","","nop_talk_worry","0.2","3","","104811","310"
"310023","","","","","","","91","","310018","310"
"310024","","","1","","nop_idle_worry","0.2","3","1","104811","310"
"310025","","","","","","","91","","0","310"
"311001","","","1","","nop_talk_wish","0.2","3","","102711","311"
"311002","0.5","0","8","0","この広い会場のどこかに\nあのおかたの存在を感じますわ……","0","11","0","102711","311"
"311003","","","","","","","91","","311002","311"
"311004","","","1","","nop_idle_wish","0.2","3","","102711","311"
"311005","","nop_11_anna_huhuStand_loop","0","0","nop_11_anna_huhuStand_in","0.2","3","1","100911","311"
"311006","0.5","0","8","0","疼く……疼くぞ！\n我が魔眼が新たなる年を祝えと……！","0","11","0","100911","311"
"311007","","","","","","","91","","311006","311"
"311008","","","1","","nop_11_anna_huhuStand_loop","0.2","3","","100911","311"
"311009","","","1","","nop_talk_joy2","0.2","3","","101311","311"
"311010","0.5","0","8","0","アンナたそアンナたそ！\nおせち料理、美味しそうですぞ！\nさあ、おあがりよ！！","0","11","0","101311","311"
"311011","","","","","","","91","","311010","311"
"311012","","","1","","nop_idle_joy_normal","0.2","3","","101311","311"
"311013","","","1","","nop_talk_thinking","0.2","3","","105111","311"
"311014","0.5","0","8","0","医食同源……って知ってるかしら？\n長寿を願う料理には、なにかしらの\n効能があるものも多いのよ。","0","11","0","105111","311"
"311015","","","","","","","91","","311014","311"
"311016","","","1","","nop_idle_thinking","0.2","3","","105111","311"
"312001","0.5","0","8","0","素敵な新年会ね～\n他の学校の人たちも来ているようだし\nお話を伺いに行こうかしら？","0","11","0","101831","312"
"312002","","","1","","nop_talk_joy1","0.2","3","","101831","312"
"312003","","","","","","","91","","312001","312"
"312004","","","1","","nop_idle_joy1","0.2","3","1","101831","312"
"312005","0.5","0","8","0","見て見てミサキっち！\nあそこの料理すっごく美味しそう！","0","11","0","101611","312"
"312006","","","1","","nop_talk_surprise_kira","0.2","3","","101611","312"
"312007","","","","","","","91","","312005","312"
"312008","","","1","","nop_idle_surprise_kira","0.2","3","1","101611","312"
"312009","0.5","0","8","0","えー？　でもあれって野菜じゃない？\n別に、大人のレディだから\n食べられないわけじゃないけど？","0","11","0","105011","312"
"312010","","","1","","nop_talk_sad","0.2","3","","105011","312"
"312011","","","","","0","","93","","2.5","312"
"312012","","","1","","nop_talk_tsun_pain","0.2","3","","105011","312"
"312013","","","","","","","91","","312009","312"
"312014","","","1","","nop_idle_sad","0.2","3","1","105011","312"
"313001","0.5","0","8","0","立派な新年会ではないか。\n我々もこの場に相応しく\n振る舞わなければな！","0","11","0","105331","313"
"313002","","nop_13_monica_talk_doya_loop","0","0.2","nop_13_monica_talk_doya","0.2","3","1","105331","313"
"313003","","","","","","","91","","313001","313"
"313004","","","1","","nop_idle_doya","0.2","3","1","105331","313"
"313005","0.5","0","8","0","おせちといえばトーゴクデース！\nオーエド町のみなさんにも\n新年のゴアイサツしないとデスね！","0","11","0","103031","313"
"313006","","","1","","nop_talk_joy1","0.2","3","","103031","313"
"313007","","","","","","","91","","313005","313"
"313008","","","1","","nop_idle_joy1","0.2","3","1","103031","313"
"313009","0.5","0","8","0","新年会でもボクは美しいね。\nああ、会場中の視線が\n集まってるようだよ。","0","11","0","100811","313"
"313010","","","1","","nop_talk_thinking","0.2","3","","100811","313"
"313011","","","","","","","91","","313009","313"
"313012","","","1","","nop_idle_thinking","0.2","3","1","100811","313"
"313013","0.5","0","8","0","会場中の視線……\nああ、蔑みの視線がクウカに……\nぐふふふ……","0","11","0","104511","313"
"313014","","","1","","nop_13_kuka_talk_memory1","0.2","3","","104511","313"
"313015","","","","","","","91","","313013","313"
"313016","","","1","","nop_13_kuka_idle_memory1","0.2","3","1","104511","313"
"313017","0.5","0","8","0","大きな会場……\n先輩はどこにいるのかな？","0","11","0","105511","313"
"313018","","","1","","nop_talk_sad","0.2","3","","105511","313"
"313019","","","","","","","91","","313017","313"
"313020","","","1","","nop_idle_sad","0.2","3","1","105511","313"
"314001","0.5","0","8","0","むむむ……弟くんの気配！\n近くにいるよ、リノちゃん！","0","11","0","104931","314"
"314002","","","1","","nop_14_shizuru_talk_thinking","0.2","3","","104931","314"
"314003","","","","","0","","93","","2","314"
"314004","","nop_talk_guts3_loop","0","0","nop_talk_guts3","0.2","3","1","104931","314"
"314005","","","","","","","91","","314001","314"
"314006","0.5","0","8","0","はい！　私にも分かりますよ！\nあ、あそこです！　たぶん！","0","11","0","101131","314"
"314007","","nop_talk_arm_crossed_loop","0","","nop_talk_arm_crossed","0.2","3","1","101131","314"
"314008","","","","","0","","93","","2","314"
"314009","","","1","","nop_talk_joy1","0.2","3","","101131","314"
"314010","","","","","","","91","","314006","314"
"314011","","","1","","nop_idle_joy_normal","0.2","3","1","101131","314"
"314012","0.5","0","8","0","ははっ、相変わらずの\nお姉ちゃんパワーと妹パワーだね。","0","11","0","106831","314"
"314013","","nop_talk_arm_crossed_loop_joy","0","0","nop_talk_arm_crossed_joy","0.2","3","1","106831","314"
"314014","","","","","","","91","","314012","314"
"314015","","","1","","nop_idle_normal","0.2","3","1","106831","314"
"314016","","","1","","nop_idle_normal","0.2","3","","104931","314"
"314017","","","1","","nop_idle_normal","0.2","3","1","101131","314"
"315001","0.5","0","8","0","素敵な新年会ですね。\nみんなが楽しそうなおかげで\n精霊も喜んでいます。","0","11","0","104211","315"
"315002","","","1","","nop_talk_wish","0.2","3","","104211","315"
"315003","","","","","","","91","","315001","315"
"315004","","","1","","nop_idle_wish","0.2","3","1","104211","315"
"315005","0.5","0","8","0","トーゴクの晴れ着、きれいですね……\nステージ衣装の参考にできないかな？","0","11","0","105411","315"
"315006","","","1","","nop_talk_normal","0.2","3","","105411","315"
"315007","","","","","0","","93","","2.5","315"
"315008","","","1","","nop_talk_thinking","0.2","3","","105411","315"
"315009","","","","","","","91","","315005","315"
"315010","","","1","","nop_idle_thinking","0.2","3","","105411","315"
"315011","0.5","0","8","0","おせち料理もすごく美味しいよ。\n元気、もらっちゃったな♪","0","11","0","102931","315"
"315012","","","1","","nop_talk_joy1","0.2","3","","102931","315"
"315013","","","","","","","91","","315011","315"
"315014","","","1","","nop_idle_joy1","0.2","3","1","102931","315"
"316001","","nop_16_inori_talk_doya_loop","0","0","nop_16_inori_talk_doya","0.2","3","1","106631","316"
"316002","0.5","0","8","0","ビッグなあたしにふさわしい会場です！\n気に入ったですよ！","0","11","0","106631","316"
"316003","","","","","","","91","","316002","316"
"316004","","","1","","nop_16_inori_idle_doya","0.2","3","","106631","316"
"316005","","","1","","nop_talk_joy1","0.2","3","","106531","316"
"316006","0.5","0","8","0","楽しいケンカが出来そうな\n顔もチラホラいるな……\nなんだかたぎってきたぜ。","0","11","0","106531","316"
"316007","","","","","1","","93","","3.5","316"
"316008","","nop_talk_arm_crossed_loop","0","0","nop_talk_arm_crossed","0.2","3","1","106531","316"
"316009","","","","","","","91","","316006","316"
"316010","","","1","","nop_idle_arm_crossed","0.2","3","","106531","316"
"316011","","","1","","nop_talk_normal","0.2","3","","106731","316"
"316012","0.5","0","8","0","二人とも、問題起こしちゃダメだよ～？\nこの会場には怒ったら怖い人たちが\nい～っぱいいるからね～？","0","11","0","106731","316"
"316013","","","","","","","91","","316012","316"
"316014","","","1","","nop_idle_normal","0.2","3","","106731","316"
"317001","0.5","0","8","0","わぁ～！　美味しそうなお料理が\n所狭しと山盛り子ちゃんですね！\nちぇる～ん☆","0","11","0","110931","317"
"317002","","","1","","nop_17_chieru_talk_memory","0.2","3","","110931","317"
"317003","","","","","0","","93","","4.2","317"
"317004","","nop_17_chieru_loop","0","0","nop_17_chieru_01","0.2","3","1","110931","317"
"317005","","nop_17_chieru_loop","0","0","nop_17_chieru_01","0.2","3","1","1","317"
"317006","","","","","","","91","","317001","317"
"317007","","","1","","nop_idle_joy1","0.2","3","","110931","317"
"317008","","","1","","NoItem_idle","0.2","3","","1","317"
"317009","0.5","0","8","0","夥しい数の固形食物……うぇっぷ！\nこれは見ているだけで嫌になるな……","0","11","0","111031","317"
"317010","","","1","","nop_talk_normal_sad","0.2","3","","111031","317"
"317011","","","","","0","","93","","1.5","317"
"317012","","nop_17_yuni_weppu_loop","0","0","nop_17_yuni_weppu","0.2","3","1","111031","317"
"317013","","","","","","","91","","317009","317"
"317014","0.5","0","8","0","パイセン。\nうちらまでカンジ悪いと思われンで、\n二度と口開かないでもらっていいすか。","0","11","0","110831","317"
"317015","","nop_17_chloe_talk_normal_anger_loop","0","0","nop_17_chloe_talk_normal_anger","0.2","3","1","110831","317"
"317016","","","1","","nop_idle_sad","0.2","3","","110931","317"
"317017","","","","","","","91","","317014","317"
"317018","","","1","","nop_17_chloe_idle_normal2","0.2","3","","110831","317"
"317019","","","1","","nop_idle_normal","0.2","3","1","111031","317"
"318001","","","1","","nop_talk_joy1","0.2","3","","114711","318"
"318002","0.5","0","8","0","おせち料理、どれも美味しそうだな！\n……アイツも、ちゃんと\n正月楽しんでるのかな……","0","11","0","114711","318"
"318003","","","","","0","","93","","2.5","318"
"318004","","","1","","nop_18_muimi_talk_thinking","0.2","3","","114711","318"
"318005","","","","","","","91","","318002","318"
"318006","","","1","","nop_18_muimi_idle_thinking","0.2","3","1","114711","318"
"318007","","nop_idle_normal","0","0","nop_18_neneka_humu","0.2","3","1","115031","318"
"318008","0.5","0","8","0","正月くらいは少しゆっくり\nさせてもらいましょうか。","0","11","0","115031","318"
"318009","","","","","","","91","","318008","318"
"318010","","nop_talk_arm_crossed_loop","0","0","nop_talk_arm_crossed","0.2","3","1","118031","318"
"318011","0.5","0","8","0","む……この規模の会場を\nその価格で？　あなた、\nなかなかのやり手ですわね……！","0","11","0","118031","318"
"318012","","","","","0","","93","","2.5","318"
"318013","","nop_talk_doya_loop","0","0","nop_talk_doya","0.2","3","1","118031","318"
"318014","","","","","","","91","","318011","318"
"318015","","","1","","nop_idle_doya","0.2","3","","118031","318"
"318016","","","1","","nop_18_karin_talk_normal","0.2","3","","118511","318"
"318017","0.5","0","8","0","いえいえ。それほどでもー","0","11","0","118511","318"
"318018","","","","","","","91","","318017","318"
"318019","","","1","","nop_18_karin_idle_normal","0.2","3","1","118511","318"
"401001","","","1","","nop_talk_joy2","0.2","3","","111831","401"
"401002","","","","","0","","93","","2","401"
"401003","","","1","","nop_idle_joy_normal","0.2","3","","111831","401"
"401004","","nop_idle_normal","0","0","nop_18_neneka_humu","0.2","3","1","112031","401"
"401005","","","","","0","","93","","2","401"
"401006","","","1","","nop_16_kaya_talk_normal2_loop","0.2","3","","120831","401"
"401007","","","","","0","","93","","2","401"
"401008","","","1","","nop_16_kaya_idle_normal2","0.2","3","","120831","401"
"401009","","","1","","nop_talk_surprise1","0.2","3","","120931","401"
"401010","","","","","0","","93","","2","401"
"401011","","","1","","nop_idle_normal_joy","0.2","3","","120931","401"
"401012","","","1","","nop_talk_normal","0.2","3","","111931","401"
"401013","","","","","0","","93","","2","401"
"401014","","","1","","nop_idle_normal","0.2","3","","111931","401"
"401015","","","1","","nop_talk_joy1","0.2","3","","120731","401"
"401016","","","","","0","","93","","2","401"
"401017","","","1","","nop_idle_normal_joy","0.2","3","","120731","401"
"402001","","","1","","nop_talk_joy2","0.2","3","","108731","402"
"402002","","","","","0","","93","","2","402"
"402003","","","1","","nop_idle_joy1","0.2","3","","108731","402"
"402004","","","1","","nop_talk_joy3_blink","0.2","3","","108831","402"
"402005","","","","","0","","93","","2","402"
"402006","","","1","","nop_idle_joy_normal","0.2","3","","108831","402"
"402007","","","1","","nop_talk_normal","0.2","3","","108931","402"
"402008","","","","","0","","93","","2","402"
"402009","","","1","","nop_idle_normal","0.2","3","","108931","402"
"403001","","","1","","nop_talk_surprise_kira","0.2","3","","102011","403"
"403002","","","","","0","","93","","2","403"
"403003","","","1","","nop_idle_joy1","0.2","3","","102011","403"
"403004","","","1","","nop_talk_joy2","0.2","3","","100411","403"
"403005","","","","","0","","93","","2","403"
"403006","","","1","","nop_idle_normal","0.2","3","","100411","403"
"403007","","","1","","nop_talk_wish","0.2","3","","103631","403"
"403008","","","","","0","","93","","2","403"
"403009","","","1","","nop_idle_wish","0.2","3","","103631","403"
"404001","","","1","","nop_talk_wish_joy","0.2","3","","101511","404"
"404002","","","","","0","","93","","2","404"
"404003","","","1","","nop_idle_normal","0.2","3","","101511","404"
"404004","","","1","","nop_talk_joy2","0.2","3","","101231","404"
"404005","","","","","0","","93","","2","404"
"404006","","","1","","nop_idle_normal","0.2","3","","101231","404"
"404007","","","1","","nop_talk_surprise_kira","0.2","3","","104011","404"
"404008","","","","","0","","93","","2","404"
"404009","","","1","","nop_idle_normal","0.2","3","","104011","404"
"405001","","","1","","nop_talk_normal","0.2","3","","103111","405"
"405002","","","","","0","","93","","2","405"
"405003","","","1","","nop_idle_normal","0.2","3","","103111","405"
"405004","","","1","","nop_talk_worry","0.2","3","","102211","405"
"405005","","","","","0","","93","","2","405"
"405006","","","1","","nop_idle_worry","0.2","3","","102211","405"
"405007","","","1","","nop_05_miyako_talk_joy1","0.2","3","","100711","405"
"405008","","","","","0","","93","","2","405"
"405009","","","1","","nop_05_miyako_idle_joy1","0.2","3","","100711","405"
"405010","","","1","","nop_talk_joy1","0.2","3","","100611","405"
"405011","","","","","0","","93","","2","405"
"405012","","","1","","nop_idle_joy1","0.2","3","","100611","405"
"406001","","","1","","nop_talk_thinking","0.2","3","","107131","406"
"406002","","","","","0","","93","","2","406"
"406003","","","1","","nop_idle_arm_crossed","0.2","3","","107131","406"
"406004","","","1","","nop_talk_sad","0.2","3","","103731","406"
"406005","","","","","0","","93","","2","406"
"406006","","","1","","nop_idle_sad","0.2","3","","103731","406"
"406007","","","1","","nop_talk_joy2","0.2","3","","100511","406"
"406008","","","","","0","","93","","2","406"
"406009","","","1","","nop_idle_normal","0.2","3","","100511","406"
"406010","","","1","","nop_talk_normal","0.2","3","","104731","406"
"406011","","","","","0","","93","","2","406"
"406012","","","1","","nop_idle_normal","0.2","3","","104731","406"
"407001","","","1","","nop_talk_joy3","0.2","3","","102831","407"
"407002","","","","","0","","93","","2","407"
"407003","","","1","","nop_idle_normal","0.2","3","","102831","407"
"407004","","","1","","nop_07_kurumi_idle_bitter","0.2","3","","102111","407"
"407005","","","","","0","","93","","2","407"
"407006","","","1","","nop_idle_normal","0.2","3","","102111","407"
"407007","","","1","","nop_talk_joy2","0.2","3","","102511","407"
"407008","","","","","0","","93","","2","407"
"407009","","","1","","nop_idle_normal","0.2","3","","102511","407"
"407010","","","1","","nop_talk_joy1","0.2","3","","102311","407"
"407011","","","","","0","","93","","2","407"
"407012","","","1","","nop_idle_normal","0.2","3","","102311","407"
"408001","","","1","","nop_talk_joy1","0.2","3","","101011","408"
"408002","","","","","0","","93","","2","408"
"408003","","","1","","nop_idle_joy_normal","0.2","3","","101011","408"
"408004","","","1","","nop_talk_arm_crossed_loop","0.2","3","","104331","408"
"408005","","","","","0","","93","","2","408"
"408006","","","1","","nop_idle_arm_crossed","0.2","3","","104331","408"
"408007","","","1","","nop_talk_joy2","0.2","3","","101711","408"
"408008","","","","","0","","93","","2","408"
"408009","","","1","","nop_idle_joy1","0.2","3","","101711","408"
"408010","","","1","","nop_talk_normal","0.2","3","","101431","408"
"408011","","","","","0","","93","","2","408"
"408012","","","1","","nop_idle_normal","0.2","3","","101431","408"
"409001","","","1","","nop_talk_joy1","0.2","3","","103311","409"
"409002","","","","","0","","93","","2","409"
"409003","","","1","","nop_idle_joy1","0.2","3","","103311","409"
"409004","","","1","","nop_talk_joy1","0.2","3","","105211","409"
"409005","","","","","0","","93","","2","409"
"409006","","","1","","nop_idle_joy_normal","0.2","3","","105211","409"
"409007","","","1","","nop_talk_sad2","0.2","3","","102611","409"
"409008","","","","","0","","93","","2","409"
"409009","","","1","","nop_idle_sad2","0.2","3","","102611","409"
"409010","","","1","","nop_talk_normal","0.2","3","","103811","409"
"409011","","","","","0","","93","","2","409"
"409012","","","1","","nop_idle_normal","0.2","3","","103811","409"
"410001","","","1","","nop_talk_joy1","0.2","3","","103231","410"
"410002","","","","","0","","93","","2","410"
"410003","","","1","","nop_idle_joy1","0.2","3","","103231","410"
"410004","","","1","","nop_10_yukari_01","0.2","3","","103411","410"
"410005","","","1","","nop_10_yukari_01","0.2","3","","11","410"
"410006","","","","","0","","93","","2","410"
"410007","","","1","","nop_10_yukari_02","0.2","3","","103411","410"
"410008","","","1","","nop_10_yukari_02","0.2","3","","11","410"
"410009","","","1","","nop_talk_doya_loop","0.2","3","","104811","410"
"410010","","","","","1","","4","","104811","410"
"410011","","","","","0","","93","","2","410"
"410012","","","1","","nop_idle_doya","0.2","3","","104811","410"
"410013","","","1","","nop_talk_joy2","0.2","3","","104611","410"
"410014","","","","","0","","93","","2","410"
"410015","","","1","","nop_idle_joy_normal","0.2","3","","104611","410"
"411001","","","1","","nop_talk_wish2","0.2","3","","102711","411"
"411002","","","","","0","","93","","2","411"
"411003","","","1","","nop_idle_memory","0.2","3","","102711","411"
"411004","","","1","","nop_talk_normal","0.2","3","","100911","411"
"411005","","","","","0","","93","","2","411"
"411006","","","1","","nop_idle_arm_crossed","0.2","3","","100911","411"
"411007","","","1","","nop_talk_joy2","0.2","3","","101311","411"
"411008","","","","","0","","93","","2","411"
"411009","","","1","","nop_idle_joy_normal","0.2","3","","101311","411"
"411010","","","1","","nop_talk_normal","0.2","3","","105111","411"
"411011","","","","","0","","93","","2","411"
"411012","","","1","","nop_idle_normal","0.2","3","","105111","411"
"412001","","","1","","nop_talk_joy1","0.2","3","","101831","412"
"412002","","","","","0","","93","","2","412"
"412003","","","1","","nop_idle_joy1","0.2","3","","101831","412"
"412004","","","1","","nop_talk_joy2","0.2","3","","101611","412"
"412005","","","","","0","","93","","2","412"
"412006","","","1","","nop_idle_joy_normal","0.2","3","","101611","412"
"412007","","","1","","nop_talk_joy1","0.2","3","","105011","412"
"412008","","","","","0","","93","","2","412"
"412009","","","1","","nop_idle_joy_normal","0.2","3","","105011","412"
"413001","","","1","","nop_talk_normal","0.2","3","","105331","413"
"413002","","","","","0","","93","","2","413"
"413003","","","1","","nop_idle_normal","0.2","3","","105331","413"
"413004","","","1","","nop_talk_memory","0.2","3","","104511","413"
"413005","","","","","0","","93","","2","413"
"413006","","","1","","nop_idle_memory","0.2","3","","104511","413"
"413007","","","1","","nop_talk_joy1","0.2","3","","103031","413"
"413008","","","","","0","","93","","2","413"
"413009","","","1","","nop_idle_joy1","0.2","3","","103031","413"
"413010","","","1","","nop_talk_wish","0.2","3","","100811","413"
"413011","","","","","0","","93","","2","413"
"413012","","","1","","nop_idle_wish","0.2","3","","100811","413"
"413013","","","1","","nop_talk_sad","0.2","3","","105511","413"
"413014","","","","","0","","93","","2","413"
"413015","","","1","","nop_idle_sad","0.2","3","","105511","413"
"414001","","nop_talk_guts2_loop","0","0","nop_talk_guts2","0.2","3","1","101131","414"
"414002","","","","","0","","93","","2","414"
"414003","","","1","","nop_idle_normal","0.2","3","","101131","414"
"414004","","","1","","nop_talk_wish","0.2","3","","104931","414"
"414005","","","","","0","","93","","2","414"
"414006","","","1","","nop_idle_normal","0.2","3","","104931","414"
"414007","","","1","","nop_talk_thinking","0.2","3","","106831","414"
"414008","","","","","0","","93","","2","414"
"414009","","","1","","nop_idle_normal","0.2","3","","106831","414"
"415001","","","1","","nop_talk_wish","0.2","3","","104211","415"
"415002","","","","","0","","93","","2","415"
"415003","","","1","","nop_idle_wish","0.2","3","","104211","415"
"415004","","","1","","nop_talk_joy1","0.2","3","","102931","415"
"415005","","","","","0","","93","","2","415"
"415006","","","1","","nop_idle_joy1","0.2","3","","102931","415"
"415007","","","1","","nop_talk_normal","0.2","3","","105411","415"
"415008","","","","","0","","93","","2","415"
"415009","","","1","","nop_idle_normal","0.2","3","","105411","415"
"416001","","","1","","nop_talk_normal","0.2","3","","106731","416"
"416002","","","","","0","","93","","2","416"
"416003","","","1","","nop_idle_normal","0.2","3","","106731","416"
"416004","","","1","","nop_talk_joy2","0.2","3","","106631","416"
"416005","","","","","0","","93","","2","416"
"416006","","","1","","nop_idle_joy1","0.2","3","","106631","416"
"416007","","","1","","nop_16_kaya_talk_normal2_loop","0.2","3","","106531","416"
"416008","","","","","0","","93","","2","416"
"416009","","","1","","nop_16_kaya_idle_normal2","0.2","3","","106531","416"
"417001","","nop_talk_arm_crossed_loop2","0","0","nop_talk_arm_crossed2","0.2","3","1","111031","417"
"417002","","","","","0","","93","","2","417"
"417003","","","1","","nop_idle_normal","0.2","3","","111031","417"
"417004","","","1","","nop_talk_joy2","0.2","3","","110931","417"
"417005","","","","","0","","93","","2","417"
"417006","","","1","","nop_idle_joy_normal","0.2","3","","110931","417"
"417007","","","1","","nop_17_chloe_talk_normal2_loop","0.2","3","","110831","417"
"417008","","","","","0","","93","","2","417"
"417009","","","1","","nop_17_chloe_idle_normal2","0.2","3","","110831","417"
"418001","","nop_idle_normal","0","0.2","nop_18_neneka_humu","0.2","3","1","115031","418"
"418002","","","","","0","","93","","2","418"
"418003","","","1","","nop_talk_joy1_normal","0.2","3","","114711","418"
"418004","","","","","0","","93","","2","418"
"418005","","","1","","nop_idle_joy1","0.2","3","","114711","418"
"418006","","","1","","nop_18_karin_talk_normal","0.2","3","","118511","418"
"418007","","","","","0","","93","","2","418"
"418008","","","1","","nop_18_karin_idle_normal","0.2","3","","118511","418"
"418009","","nop_talk_doya_loop","0","0","nop_talk_doya","0.2","3","1","118031","418"
"418010","","","","","0","","93","","2","418"
"418011","","","1","","nop_idle_doya","0.2","3","","118031","418"
"501001","nop_idle_joy2","-150","101","0","111831","1.95","1","-255","1","501"
"501002","nop_idle_normal","150","100","1","120731","1.95","1","-255","1","501"
"501003","nop_idle_arm_crossed","-320","103","0","120831","1.95","1","-265","1","501"
"501004","nop_idle_normal","320","102","1","111931","1.95","1","-265","1","501"
"501005","nop_idle_thinking","-450","105","0","120931","1.95","1","-300","1","501"
"501006","nop_idle_doya","450","104","1","112031","1.95","1","-300","1","501"
"501007","","","","","0","","93","","0.5","501"
"501008","","nop_talk_joy1","0","0.2","nop_01_peko_oissu","0.2","3","1","111831","501"
"501009","","0","0","","vo_drama_10082001_001","","21","","vo_drama_10082001","501"
"501010","0.5","1","5","0","おいっすー！\n新年会、楽しんでますか？","0","11","0","111831","501"
"501011","","","","","","","91","","501010","501"
"501012","","","","","0","","93","","0.2","501"
"501013","0","0","1","0","6","0","12","0","120731","501"
"501014","0","0","1","0","8","0","12","0","111931","501"
"501015","0","0","1","0","10","0","12","0","112031","501"
"501016","0","0","1","0","7","0","12","0","120931","501"
"501017","0","0","1","0","13","0","12","0","120831","501"
"501018","","","1","","nop_talk_joy1","0.2","3","","120731","501"
"501019","","","1","","nop_talk_wish3","0.2","3","","111931","501"
"501020","","nop_talk_doya_loop","0","0","nop_talk_doya","0.2","3","1","112031","501"
"501021","","nop_talk_arm_crossed_loop","0","0","nop_talk_arm_crossed","0.2","3","1","120931","501"
"501022","","","1","","nop_01_ruka_hello_long","0.2","3","","120831","501"
"501023","","","","","0","","93","","2","501"
"501024","","","1","","nop_idle_joy1","0.2","3","","111831","501"
"501025","","","1","","nop_idle_normal_joy","0.3","3","","120731","501"
"501026","","","1","","nop_idle_doya","0.3","3","","112031","501"
"501027","","","1","","nop_idle_arm_crossed","0.3","3","","120931","501"
"501028","","","1","","nop_idle_normal","0.3","3","","120831","501"
"501029","","","1","","nop_talk_normal","0.2","3","","111931","501"
"501030","","0","0","","vo_drama_10082001_002","","21","","vo_drama_10082001","501"
"501031","0.5","1","6","0","はい、とても楽しんでおります。\nお料理もとても美味しいですし、\n皆さまも楽しんでいただけているようで\nわたくしもうれしいです。","0","11","0","111931","501"
"501032","","","","","1","","93","","3","501"
"501033","","","1","","nop_talk_joy3_dere","0.2","3","","111931","501"
"501034","","","","","","","91","","501031","501"
"501035","","","1","","nop_idle_normal_joy","0.2","3","","111931","501"
"501036","","","1","","nop_talk_sad","0.2","3","","112031","501"
"501037","","0","0","","vo_drama_10082001_003","","21","","vo_drama_10082001","501"
"501038","0.5","1","5","0","と言ってもあんたほどじゃないけどね。\nそれ、いったい何皿目よ……","0","11","0","112031","501"
"501039","","","","","1","","93","","5","501"
"501040","0","0","1","0","8","0","12","0","111831","501"
"501041","","nop_idle_joy_normal","0","0.2","nop_17_chieru_swing","0.2","3","1","111831","501"
"501042","","","","","","","91","","501038","501"
"501043","","","1","","nop_idle_sad","0.2","3","","112031","501"
"501044","","","","","","","93","","0.1","501"
"501045","","","","","0","","4","","120731","501"
"501046","","","1","","nop_talk_normal","0.2","3","","120731","501"
"501047","","0","0","","vo_drama_10082001_004","","21","","vo_drama_10082001","501"
"501048","0.5","1","6","0","食べつくしちゃえ、って言ったのは\nキャルじゃない。\n美味しそうに食べてるのは\nペコリーヌさんらしくていいわね。","0","11","0","120731","501"
"501049","","","","","1","","93","","2.5","501"
"501050","0","0","1","0","4","0","12","0","112031","501"
"501051","","nop_idle_surprise1","0","0.3","nop_surprise","0.2","3","1","112031","501"
"501052","","","","","1","","93","","2","501"
"501053","","","","","1","","4","","120731","501"
"501054","","","1","","nop_talk_joy1","0.2","3","","120731","501"
"501055","","","1","","nop_idle_arm_crossed","0.2","3","","112031","501"
"501056","","","","","","","91","","501048","501"
"501057","","","1","","nop_idle_joy1","0.2","3","","120731","501"
"501058","","","1","","nop_talk_joy1","0.2","3","","111831","501"
"501059","","0","0","","vo_drama_10082001_005","","21","","vo_drama_10082001","501"
"501060","0.5","1","6","0","わたしたちが作ったおせちも\nみなさんに好評みたいですよ！","0","11","0","111831","501"
"501061","","","","","","","91","","501060","501"
"501062","","","1","","nop_idle_joy_normal","0.2","3","","111831","501"
"501063","","","1","","nop_talk_normal","0.2","3","","120831","501"
"501064","","0","0","","vo_drama_10082001_006","","21","","vo_drama_10082001","501"
"501065","0.5","1","6","0","ああ、美味しくいただいてるよ。\nトーゴクでもこれだけ豪華なものは\nそうそう食べられないんじゃないかい？","0","11","0","120831","501"
"501066","","","","","1","","93","","3","501"
"501067","","nop_talk_arm_crossed_loop","0","0.2","nop_talk_arm_crossed","0.2","3","1","120831","501"
"501068","","","","","","","91","","501065","501"
"501069","","","1","","nop_idle_arm_crossed","0.2","3","","120831","501"
"501070","","nop_talk_doya_loop","0","0.2","nop_talk_doya","0.2","3","1","120931","501"
"501071","","0","0","","vo_drama_10082001_007","","21","","vo_drama_10082001","501"
"501072","0.5","1","5","0","うむ！　わらわも真の力を取り戻して\nしまうほどの料理、さすがじゃ。\nシェフィが頑張ったおかげじゃな。","0","11","0","120931","501"
"501073","","","","","1","","93","","5","501"
"501074","","","1","","nop_talk_normal","0.2","3","","120931","501"
"501075","","","","","","","91","","501072","501"
"501076","","","1","","nop_idle_normal","0.2","3","","120931","501"
"501077","","","1","","nop_talk_normal","0.2","3","","120731","501"
"501078","","0","0","","vo_drama_10082001_008","","21","","vo_drama_10082001","501"
"501079","0.5","1","4","0","それはみんなが手伝ってくれたからよ。\n二人とも、去年は本当にありがとう。","0","11","0","120731","501"
"501080","","","","","1","","93","","6.5","501"
"501081","","nop_idle_normal_joy","0","0.2","nop_bow","0.2","3","1","120731","501"
"501082","","","","","","","91","","501079","501"
"501083","","","1","","nop_idle_normal_joy","0.2","3","","120731","501"
"501084","","","1","","nop_talk_normal","0.2","3","","120831","501"
"501085","","0","0","","vo_drama_10082001_009","","21","","vo_drama_10082001","501"
"501086","0.5","1","6","0","水臭いこと言わないでおくれよ。\nアタシらが好きでやったことさ。","0","11","0","120831","501"
"501087","","","","","1","","93","","3","501"
"501088","","nop_talk_doya_loop","0","0.2","nop_talk_doya","0.2","3","1","120831","501"
"501089","","","","","","","91","","501086","501"
"501090","","","1","","nop_idle_doya","0.2","3","","120831","501"
"501091","","","1","","nop_talk_thinking","0.2","3","","120931","501"
"501092","","0","0","","vo_drama_10082001_010","","21","","vo_drama_10082001","501"
"501093","0.5","1","5","0","まるで幼子の成長を見守るようで\nなかなか楽しかったからのう。","0","11","0","120931","501"
"501094","","","","","","","91","","501093","501"
"501095","","","1","","nop_idle_thinking","0.2","3","","120931","501"
"501096","","","1","","nop_talk_wish3","0.2","3","","111931","501"
"501097","","0","0","","vo_drama_10082001_011","","21","","vo_drama_10082001","501"
"501098","0.5","1","5","0","イリヤさま……\nそのお気持ち、とてもよく分かります。","0","11","0","111931","501"
"501099","","","","","","","91","","501098","501"
"501100","","","1","","nop_idle_wish3","0.2","3","","111931","501"
"501101","","","","","0","","4","","120731","501"
"501102","","","1","","nop_talk_shy","0.2","3","","120731","501"
"501103","","0","0","","vo_drama_10082001_012","","21","","vo_drama_10082001","501"
"501104","0.5","1","5","0","コッコロさん……","0","11","0","120731","501"
"501105","","","","","","","91","","501104","501"
"501106","","nop_idle_joy1","0","0.2","nop_smile2","0.2","3","","111831","501"
"501107","","nop_idle_normal","0","0","nop_smile2","0.2","3","","112031","501"
"501108","","","","","1","","93","","1","501"
"501109","","","1","","nop_idle_shy2","0.2","3","","120731","501"
"501110","","","1","","nop_talk_bitter","0.2","3","","112031","501"
"501111","","0","0","","vo_drama_10082001_013","","21","","vo_drama_10082001","501"
"501112","0.5","1","7","0","ほらほら、シェフィも照れてるから。\nそれくらいにしておきなさい。\nなんにせよ、シェフィはよくやったわ。\n胸を張りなさい。","0","11","0","112031","501"
"501113","","","","","1","","93","","6","501"
"501114","","nop_talk_doya_loop","0","0.2","nop_talk_doya","0.2","3","1","112031","501"
"501115","","","","","","","91","","501112","501"
"501116","","","1","","nop_idle_doya","0.2","3","","112031","501"
"501117","","","","","1","","93","","0.5","501"
"501118","","","1","","nop_talk_joy2","0.2","3","","111831","501"
"501119","","0","0","","vo_drama_10082001_014","","21","","vo_drama_10082001","501"
"501120","0.5","1","6","0","はい！\nこの新年会に来てくれたみんなの笑顔は\nシェフィちゃんが作ったんです。\n今年もいっぱい、笑顔を作りましょうね！","0","11","0","111831","501"
"501121","","","","","1","","93","","8","501"
"501122","","nop_talk_guts2_loop","0","","nop_talk_guts2","0.2","3","1","111831","501"
"501123","","","","","","","91","","501120","501"
"501124","","","1","","nop_idle_guts2","0.2","3","","111831","501"
"501125","","","","","1","","4","","120731","501"
"501126","","nop_talk_wish","0","0.2","nop_talk_normal","0.2","3","1","120731","501"
"501127","","0","0","","vo_drama_10082001_015","","21","","vo_drama_10082001","501"
"501128","1","1","5","0","ええ。【美食殿】にとっても\nみんなにとっても\n最高の一年にしたいわ。\nだから、今年もよろしくね。","0","11","0","120731","501"
"501129","","","","","1","","93","","8.5","501"
"501130","","nop_01_shephy_pose_loop","0","0","nop_01_shephy_pose","0.2","3","1","120731","501"
"501131","","","","","0","","93","","2.5","501"
"501132","","","1","","nop_handclap_long","0.2","3","","111831","501"
"501133","","","1","","nop_talk_wish3","0.2","3","","111931","501"
"501134","","nop_talk_doya_loop","0","0","nop_talk_doya","0.2","3","1","112031","501"
"501135","","nop_talk_arm_crossed_loop","0","0","nop_talk_arm_crossed","0.2","3","1","120931","501"
"501136","","","1","","nop_01_ruka_hello_long","0.2","3","","120831","501"
"501137","","","","","","","91","","501128","501"
"501138","","","","","0","","93","","0.5","501"
"501139","","","","","0","","93","","0.5","501"
"502001","nop_idle_joy_normal","-150","105","0","108731","1.95","1","-255","1","502"
"502002","nop_idle_joy1","150","104","1","108831","1.95","1","-255","1","502"
"502003","nop_idle_normal","-300","101","0","108931","1.95","1","-225","1","502"
"502004","","","","","0","","93","","0.5","502"
"502005","","0","0","","vo_drama_10082002_001","","21","","vo_drama_10082002","502"
"502006","0.5","1","7","0","騎士クン、\nあけましておめでとうございます。","0","11","0","108831","502"
"502007","","","1","","nop_talk_joy3_blink","0.2","3","","108831","502"
"502008","","","","","1","","93","","1","502"
"502009","","","1","","nop_bow","0.2","3","","108831","502"
"502010","","","","","1","","93","","2.25","502"
"502011","","","1","","nop_idle_normal_joy","0.2","3","","108831","502"
"502012","","","","","","","91","","502006","502"
"502013","","0","0","","vo_drama_10082002_002","","21","","vo_drama_10082002","502"
"502014","0.5","1","5","0","招待してくれてありがとう！\nみんな楽しそうで素敵な新年会だね！","0","11","0","108731","502"
"502015","","","1","","nop_talk_joy2","0.2","3","","108731","502"
"502016","","","","","","","91","","502014","502"
"502017","","","1","","nop_idle_joy1","0.2","3","","108731","502"
"502018","","0","0","","vo_drama_10082002_003","","21","","vo_drama_10082002","502"
"502019","0.5","1","6","0","ヒヨリの言うとおりだね。\n晴れやかでいて落ち着ける、\nとてもいい雰囲気だ。","0","11","0","108931","502"
"502020","","","1","","nop_talk_thinking","0.2","3","","108931","502"
"502021","","","","","","","91","","502019","502"
"502022","","","1","","nop_idle_thinking","0.2","3","","108931","502"
"502023","","0","0","","vo_drama_10082002_004","","21","","vo_drama_10082002","502"
"502024","0.5","1","7","0","お正月といえば、騎士くんと一緒に\n神殿でガミーと戦ったのを思い出すね。","0","11","0","108731","502"
"502025","","","1","","nop_talk_joy3_blink2","0.2","3","","108731","502"
"502026","","","","","1","","93","","1.5","502"
"502027","","","1","","nop_talk_joy1_normal","0.2","3","","108731","502"
"502028","","","","","","","91","","502024","502"
"502029","","","1","","nop_idle_joy_normal","0.2","3","","108731","502"
"502030","","0","0","","vo_drama_10082002_005","","21","","vo_drama_10082002","502"
"502031","0.5","1","5","0","うん、大変な事件だったね。\nキミの助けがなければ\n解決できなかったはずだ。\n改めて礼を言うよ。","0","11","0","108931","502"
"502032","","","1","","nop_talk_joy3_blink2","0.2","3","","108931","502"
"502033","","","","","1","","93","","8","502"
"502034","","","1","","nop_talk_joy3_blink","0.2","3","","108931","502"
"502035","","","","","","","91","","502031","502"
"502036","","","1","","nop_idle_thinking","0.2","3","","108931","502"
"502037","","0","0","","vo_drama_10082002_006","","21","","vo_drama_10082002","502"
"502038","0.5","1","5","0","あの時の騎士クン、\nとっても頼もしかったな……\nって、ええと、そうじゃなくて！\nそうだ、今年はお年玉、あげられた？","0","11","0","108831","502"
"502039","","","1","","nop_talk_memory","0.2","3","","108831","502"
"502040","","","","","1","","93","","4.75","502"
"502041","","","1","","nop_talk_anger2","0.2","3","","108831","502"
"502042","","","","","1","","93","","3.5","502"
"502043","","","1","","nop_talk_normal_dere2","0.2","3","","108831","502"
"502044","","","","","","","91","","502038","502"
"502045","","","","","1","","93","","0.1","502"
"502046","","","1","","nop_idle_normal","0.2","3","","108831","502"
"502047","","0","0","","vo_drama_10082002_007","","21","","vo_drama_10082002","502"
"502048","0.5","1","6","0","あの頃はコッコロちゃんへの\nお年玉のために頑張ってたんだもんね。\nえ？　今年はシェフィちゃんにも\nあげたんだ～！","0","11","0","108731","502"
"502049","","","1","","nop_talk_joy3_blink","0.2","3","","108731","502"
"502050","","","","","1","","93","","5.5","502"
"502051","","","1","","nop_look_talk_sad","0.2","3","","108731","502"
"502052","","","","","1","","93","","1","502"
"502053","","","1","","nop_talk_joy2","0.2","3","","108731","502"
"502054","","","","","","","91","","502048","502"
"502055","","","1","","nop_idle_joy1","0.2","3","","108731","502"
"502056","","0","0","","vo_drama_10082002_008","","21","","vo_drama_10082002","502"
"502057","0.5","1","5","0","ふふ、きっと喜んでいるはずだよ。\nキミは本当に優しいな。\n今回の冒険もきっとその優しさの\nおかげで乗り越えられたんだろう。","0","11","0","108931","502"
"502058","","","1","","nop_talk_joy1_normal","0.2","3","","108931","502"
"502059","","","","","1","","93","","3.5","502"
"502060","","","1","","nop_talk_joy3_blink","0.2","3","","108931","502"
"502061","","","","","1","","93","","8.5","502"
"502062","","","0","","nop_talk_arm_crossed","0.2","3","","108931","502"
"502063","","","","","1","","93","","1","502"
"502064","","","1","","nop_idle_arm_crossed","0.2","3","","108931","502"
"502065","","","","","","","91","","502057","502"
"502066","","0","0","","vo_drama_10082002_009","","21","","vo_drama_10082002","502"
"502067","0.5","1","7","0","そうそう、聞いたよ！\nこのおせち料理って\n【美食殿】のみんなが作ったんだよね。\nすごく美味しくてびっくりしちゃった！","0","11","0","108731","502"
"502068","","","1","","nop_talk_joy3_blink","0.2","3","","108731","502"
"502069","","","","","1","","93","","6","502"
"502070","","","1","","nop_talk_joy2","0.2","3","","108731","502"
"502071","","","","","","","91","","502067","502"
"502072","","","1","","nop_idle_joy1","0.2","3","","108731","502"
"502073","","0","0","","vo_drama_10082002_010","","21","","vo_drama_10082002","502"
"502074","0.5","1","5","0","うん、とても美味しいね。\nどの料理も丁寧に\n作られているのがわかるよ。\n……どうしたの？　ユイ。","0","11","0","108931","502"
"502075","","","1","","nop_talk_joy3_blink2","0.2","3","","108931","502"
"502076","","","","","1","","93","","7.5","502"
"502077","","","1","","nop_idle_sad","0.2","3","","108831","502"
"502078","0","1","1.5","0","1","0","12","0","108831","502"
"502079","","","1","","nop_talk_worry","0.2","3","","108931","502"
"502080","","","1","","nop_idle_normal_suprise1","0.2","3","","108731","502"
"502081","","","","","","","91","","502074","502"
"502082","","","","","","","91","","502078","502"
"502083","","","1","","nop_idle_worry","0.2","3","","108931","502"
"502084","","0","0","","vo_drama_10082002_011","","21","","vo_drama_10082002","502"
"502085","0.5","1","5","0","うう～……\nほどほどにしておこうと思ったのに、\n美味しくてつい……\n食べ過ぎちゃったらどうしよう。","0","11","0","108831","502"
"502086","","","1","","nop_talk_joy1_sad","0.2","3","","108831","502"
"502087","","","","","1","","93","","7","502"
"502088","","","1","","nop_talk_sad3","0.2","3","","108831","502"
"502089","","","","","","","91","","502085","502"
"502090","","","1","","nop_idle_sad3","0.2","3","","108831","502"
"502091","","0","0","","vo_drama_10082002_012","","21","","vo_drama_10082002","502"
"502092","0.5","1","6","0","あとで身体を動かせば大丈夫！\n今度みんなで冒険に行こうよ。\n騎士くんも一緒にね♪","0","11","0","108731","502"
"502093","","","1","","nop_talk_joy2","0.2","3","","108731","502"
"502094","","","","","1","","93","","6","502"
"502095","","nop_idle_guts5","0","0.2","nop_talk_guts5","0.2","3","1","108731","502"
"502096","","","","","","","91","","502092","502"
"502097","","","1","","nop_idle_guts5","0.2","3","","108731","502"
"502098","","0","0","","vo_drama_10082002_013","","21","","vo_drama_10082002","502"
"502099","0.5","1","6","0","それは名案だ。\n年明けからさっそく\n今年の楽しみができたよ。","0","11","0","108931","502"
"502100","","","0","","nop_talk_arm_crossed","0.2","3","","108931","502"
"502101","","","","","1","","93","","1","502"
"502102","","","0","","nop_talk_arm_crossed_loop","0.2","3","","108931","502"
"502103","","","","","1","","93","","1","502"
"502104","","","1","","nop_talk_normal","0.2","3","","108931","502"
"502105","","","","","","","91","","502099","502"
"502106","","","1","","nop_idle_normal","0.2","3","","108931","502"
"502107","","0","0","","vo_drama_10082002_014","","21","","vo_drama_10082002","502"
"502108","0.5","1","5","0","えへへ、\nいっぱい食べて元気になって、\n最高の一年にしなくちゃね！","0","11","0","108731","502"
"502109","","","1","","nop_talk_joy2","0.2","3","","108731","502"
"502110","","","","","","","91","","502108","502"
"502111","","","1","","nop_idle_joy_normal","0.2","3","","108731","502"
"502112","","0","0","","vo_drama_10082002_015","","21","","vo_drama_10082002","502"
"502113","0.5","1","6","0","ふふ、そうだね。\n騎士クン、\n今年もよろしくお願いします……♪","0","11","0","108831","502"
"502114","","","1","","nop_talk_joy1_normal","0.2","3","","108831","502"
"502115","","","","","1","","93","","2","502"
"502116","","","1","","nop_look_talk_wish","0.2","3","","108831","502"
"502117","","","","","1","","93","","1","502"
"502118","","nop_idle_joy1","0","0.2","nop_bow","0.2","3","1","108831","502"
"502119","","","","","1","","93","","0.2","502"
"502120","","nop_idle_joy2","0","0.2","nop_bow","0.2","3","1","108731","502"
"502121","","nop_idle_joy1","0","0.2","nop_bow","0.2","3","1","108931","502"
"502122","","","","","1","","93","","3","502"
"502123","","","","","","","91","","502113","502"
"502124","","","","","0","","93","","0.5","502"
"503001","nop_idle_joy2","1000","104","1","102011","1.95","1","-300","1","503"
"503002","nop_idle_normal","1000","105","1","100411","1.95","1","-270","1","503"
"503003","nop_idle_normal","1000","101","1","103631","1.95","1","-235","1","503"
"503004","NoItem_idle","-275","106","0","1","1.95","5","-255","1","503"
"503005","","-105","-215","","11","0","31","1","1","503"
"503006","","","","","0","","93","","0","503"
"503007","","","1","","nop_run","0.2","3","","100411","503"
"503008","","5","-255","","-275","","2","","100411","503"
"503009","","","","","","","93","","0.5","503"
"503010","","","1","","nop_run","0.2","3","","102011","503"
"503011","","5","-230","","-140","","2","","102011","503"
"503012","","","","","","","93","","1","503"
"503013","","","1","","nop_run","0.2","3","","103631","503"
"503014","","4.5","-235","","150","","2","","103631","503"
"503015","","","","","","","93","","3.4","503"
"503016","","","","","0","","4","","100411","503"
"503017","","","1","","nop_idle_normal","0.2","3","","100411","503"
"503018","","","","","","","93","","0.1","503"
"503019","","nop_idle_joy1","0","0.2","nop_03_misogi_hello_long","0.2","3","1","100411","503"
"503020","","","0","","4","","12","","100411","503"
"503021","","","","","","","93","","0.4","503"
"503022","","","","","0","","4","","102011","503"
"503023","","","1","","nop_idle_normal","0.2","3","","102011","503"
"503024","","","","","","","93","","0.1","503"
"503025","","nop_idle_joy1","0","0.2","nop_03_mimi_swing","0.2","3","1","102011","503"
"503026","","","0","","4","","12","","102011","503"
"503027","","","","","","","93","","0.5","503"
"503028","","nop_03_kyoka_idle_doya","0","0","nop_03_kyoka_talk_doya","0.2","3","1","103631","503"
"503029","","","0","","4","-40","12","","103631","503"
"503030","","","","","0","","93","","1.5","503"
"503031","","","1","","nop_talk_joy2","0.2","3","","102011","503"
"503032","","0","0","","vo_drama_10082003_001","","21","","vo_drama_10082003","503"
"503033","0.5","1","5","0","あ、おにいちゃん！\nよかった、見つけた～！\n会場が広くて、\n迷子になっちゃいそうだよ～","0","11","0","102011","503"
"503034","","","","","","","91","","503033","503"
"503035","","","1","","nop_idle_joy1","0.2","3","","102011","503"
"503036","","0","0","","vo_drama_10082003_002","","21","","vo_drama_10082003","503"
"503037","1","1","6","0","えっへっへ、にいちゃん、\nあけましておめでとー\nはいこれ、お年玉……なーんてね！\n驚いた？　驚いた？","0","11","0","100411","503"
"503038","","","1","","nop_talk_joy2","0.2","3","","100411","503"
"503039","","","","","1","","93","","4","503"
"503040","","nop_03_misogi_trick_loop","0","0","nop_03_misogi_trick_in","0.2","3","1","1","503"
"503041","","nop_03_misogi_trick_loop","0","0","nop_03_misogi_trick_in","0.2","3","1","100411","503"
"503042","","","","","1","","93","","2","503"
"503043","","","","","1","","32","","11","503"
"503044","","NoItem_idle","0","0.2","nop_03_misogi_trick_out","0.2","3","1","1","503"
"503045","","nop_talk_joy2","0","0.2","nop_03_misogi_trick_out","0.2","3","1","100411","503"
"503046","","","","","1","","93","","0.1","503"
"503047","","","","","1","","4","","102011","503"
"503048","","nop_03_mimi_surprise_loop","0","0","nop_03_mimi_surprise","0.2","3","1","102011","503"
"503049","","nop_03_kyoka_surprise_loop","0","0","nop_03_kyoka_surprise","0.2","3","1","103631","503"
"503050","","","","","","","91","","503037","503"
"503051","","","1","","nop_idle_joy2","0.2","3","","100411","503"
"503052","","0","0","","vo_drama_10082003_003","","21","","vo_drama_10082003","503"
"503053","0.5","1","8","0","もう、ミソギってば！\nいきなりイタズラしちゃダメでしょ。\nあなたもしっかりしてください。","0","11","0","103631","503"
"503054","","","1","","nop_talk_anger","0.2","3","","103631","503"
"503055","","","","","1","","93","","4","503"
"503056","","nop_talk_arm_crossed_loop_anger","0","0","nop_talk_arm_crossed_anger","0.2","3","1","103631","503"
"503057","","","","","","","91","","503053","503"
"503058","","","1","","nop_idle_normal","0.2","3","","100411","503"
"503059","","","1","","nop_idle_arm_crossed_anger","0.2","3","","103631","503"
"503060","","","","","0","","4","","102011","503"
"503061","","0","0","","vo_drama_10082003_004","","21","","vo_drama_10082003","503"
"503062","0.5","1","5","0","ねえねえ見て見て！\nおいしそうなお料理が\nいーっぱいだよ！","0","11","0","102011","503"
"503063","","","1","","nop_talk_surprise_kira","0.2","3","","102011","503"
"503064","","","","","1","","93","","4","503"
"503065","","nop_idle_surprise1","0","0","nop_surprise","0.2","3","1","103631","503"
"503066","","","","","","","91","","503062","503"
"503067","","","1","","nop_idle_surprise_kira","0.2","3","","102011","503"
"503068","","0","0","","vo_drama_10082003_005","","21","","vo_drama_10082003","503"
"503069","0.5","1","6","0","じー……\nよかったぁ。おせち料理には\nピーマンは入ってなさそう……","0","11","0","103631","503"
"503070","","","1","","nop_talk_jitome","0.2","3","","103631","503"
"503071","","","","","1","","93","","1.5","503"
"503072","","","1","","nop_talk_sad3","0.2","3","","103631","503"
"503073","","","","","","","91","","503069","503"
"503074","","","1","","nop_idle_sad3","0.2","3","","103631","503"
"503075","","","1","","nop_idle_joy1","0.2","3","","102011","503"
"503076","","0","0","","vo_drama_10082003_006","","21","","vo_drama_10082003","503"
"503077","0","1","7","0","あはは！\n今の聞いた？　にいちゃん！\nキョウカはピーマン苦手だもんねー？","0","11","0","100411","503"
"503078","","","1","","nop_talk_joy2","0.2","3","","100411","503"
"503079","","","","","","","91","","503077","503"
"503080","","","1","","nop_idle_normal","0.2","3","","100411","503"
"503081","","0","0","","vo_drama_10082003_007","","21","","vo_drama_10082003","503"
"503082","0","1","6","0","ち、違います！苦くて嫌いだから\nとかじゃないですからね！\nおせち料理にはどんなものが入ってるか\n調べてただけですから！","0","11","0","103631","503"
"503083","","","1","","nop_talk_anger2","0.2","3","","103631","503"
"503084","","","","","","","91","","503082","503"
"503085","","","1","","nop_idle_sad","0.2","3","","103631","503"
"503086","","0","0","","vo_drama_10082003_008","","21","","vo_drama_10082003","503"
"503087","0.5","1","5","0","お料理だけじゃなくて\n人もいっぱいだね。\n全部おにいちゃんのお友達だなんて\nすごいなあ。","0","11","0","102011","503"
"503088","","","1","","nop_talk_surprise1","0.2","3","","102011","503"
"503089","","","","","1","","93","","4","503"
"503090","","","1","","nop_talk_normal","0.2","3","","102011","503"
"503091","","","","","","","91","","503087","503"
"503092","","","1","","nop_idle_normal","0.2","3","","102011","503"
"503093","","0","0","","vo_drama_10082003_009","","21","","vo_drama_10082003","503"
"503094","0.5","1","7","0","こんなに人がいると\nなんだかギルドレースのときを\n思い出しちゃうね！","0","11","0","100411","503"
"503095","","","1","","nop_talk_thinking","0.2","3","","100411","503"
"503096","","","","","","","91","","503094","503"
"503097","","","1","","nop_idle_thinking","0.2","3","","100411","503"
"503098","","","1","","nop_idle_thinking","0.2","3","","103631","503"
"503099","","0","0","","vo_drama_10082003_010","","21","","vo_drama_10082003","503"
"503100","0.5","1","6","0","うん！\nクルミちゃんも一緒で楽しかったなあ。\nまたみんなで一緒にかけっこしたいね♪","0","11","0","102011","503"
"503101","","","1","","nop_talk_wish","0.2","3","","102011","503"
"503102","","","","","1","","93","","4","503"
"503103","","","1","","nop_talk_joy2","0.2","3","","102011","503"
"503104","","","","","","","91","","503100","503"
"503105","","","1","","nop_idle_joy1","0.2","3","","102011","503"
"503106","","0","0","","vo_drama_10082003_011","","21","","vo_drama_10082003","503"
"503107","0.5","1","7","0","もし次回があったら負けませんからね！\n私たち【リトルリリカル】は\nどんどん成長してるんですから！","0","11","0","103631","503"
"503108","","nop_talk_guts2_loop","0","0.2","nop_talk_guts2","0.2","3","1","103631","503"
"503109","","","","","1","","93","","5.5","503"
"503110","","nop_03_kyoka_talk_doya_loop","0","0.2","nop_03_kyoka_talk_doya","0.2","3","1","103631","503"
"503111","","","","","","","91","","503107","503"
"503112","","","1","","nop_03_kyoka_idle_doya","0.2","3","","103631","503"
"503113","","0","0","","vo_drama_10082003_012","","21","","vo_drama_10082003","503"
"503114","0.5","1","7","0","ミソギは今年もすーっごい\nイタズラ考えておくから\n楽しみにしててね、にいちゃん！","0","11","0","100411","503"
"503115","","","1","","nop_talk_joy2","0.2","3","","100411","503"
"503116","","","","","","","91","","503114","503"
"503117","","","1","","nop_idle_joy2","0.2","3","","100411","503"
"503118","","0","0","","vo_drama_10082003_013","","21","","vo_drama_10082003","503"
"503119","0.5","1","8","0","もう、ミソギってば！\nイタズラばっかりしてちゃ\nだめなんだからね！","0","11","0","103631","503"
"503120","","","1","","nop_talk_anger","0.2","3","","103631","503"
"503121","","","","","","","91","","503119","503"
"503122","","","1","","nop_idle_anger","0.2","3","","103631","503"
"503123","","0","0","","vo_drama_10082003_014","","21","","vo_drama_10082003","503"
"503124","0","1","6","0","おにいちゃん！\n今年もミミたち【リトルリリカル】と\nいーっぱい遊んでね！","0","11","0","102011","503"
"503125","","","1","","nop_talk_joy1","0.2","3","","102011","503"
"503126","","","","","","","91","","503124","503"
"503127","","nop_03_cmn_eieio_loop","0","0.2","nop_03_cmn_eieio","0.2","3","1","102011","503"
"503128","","","","","","","93","","0.1","503"
"503129","","nop_03_cmn_eieio_loop","0","0.2","nop_03_cmn_eieio","0.2","3","1","103631","503"
"503130","","","","","","","93","","0.1","503"
"503131","","nop_03_cmn_eieio_loop","0","0.2","nop_03_cmn_eieio","0.2","3","1","100411","503"
"503132","","","","","0","","93","","1.3","503"
"504001","nop_idle_normal","-150","101","0","101231","1.95","1","-225","1","504"
"504002","nop_idle_normal","150","104","1","104011","1.95","1","-255","1","504"
"504003","nop_idle_normal","-300","105","0","101511","1.95","1","-255","1","504"
"504004","","","","","0","","93","","0.5","504"
"504005","","0","0","","vo_drama_10082004_001","","21","","vo_drama_10082004","504"
"504006","0.5","1","8","0","あけましておめでとうございます。\n元気なみんなに会えて、\n先生とってもうれしいわ。","0","11","0","101511","504"
"504007","","nop_talk_joy3","0","0.2","nop_bow","0.2","3","1","101511","504"
"504008","","nop_idle_normal","0","0.2","nop_bow","0.2","3","1","101231","504"
"504009","","nop_idle_normal","0","0.2","nop_bow","0.2","3","1","104011","504"
"504010","","","","","","","91","","504006","504"
"504011","","","1","","nop_idle_normal","0.2","3","","101511","504"
"504012","","0","0","","vo_drama_10082004_002","","21","","vo_drama_10082004","504"
"504013","0.5","1","8","0","招待してくれてありがと～！\nシオリンも喜んでたよ！","0","11","0","101231","504"
"504014","","nop_talk_joy1","0","0.2","nop_look_smile","0.2","3","1","101231","504"
"504015","","","","","","","91","","504013","504"
"504016","","","1","","nop_idle_normal","0.2","3","","101231","504"
"504017","","0","0","","vo_drama_10082004_003","","21","","vo_drama_10082004","504"
"504018","0.5","1","8","0","ひええええ！\nこんなにたくさん人が……！\nこんなめでたい場所に私のような\nぼっちがいてもいいんでしょうか？","0","11","0","104011","504"
"504019","","nop_shock_loop","0","0","nop_shock_in","0.2","3","1","104011","504"
"504020","","","","","1","","93","","3","504"
"504021","","","1","","nop_04_aoi_tohoho","0.2","3","","104011","504"
"504022","","","","","","","91","","504018","504"
"504023","","0","0","","vo_drama_10082004_004","","21","","vo_drama_10082004","504"
"504024","0.5","1","8","0","いいに決まってるよー\nそれに、この会場にも\nアオイちゃんのお友達、\nたくさんいるんじゃないかな？","0","11","0","101231","504"
"504025","","nop_talk_guts2_loop","0","0","nop_talk_guts2","0.2","3","1","101231","504"
"504026","","","","","1","","93","","1.8","504"
"504027","","","1","","nop_talk_joy1","0.2","3","","101231","504"
"504028","","","","","","","91","","504024","504"
"504029","","","1","","nop_idle_normal","0.2","3","","101231","504"
"504030","","0","0","","vo_drama_10082004_005","","21","","vo_drama_10082004","504"
"504031","0.5","1","8","0","そ、そそそ、そんな、\nトトトトト、トモダチだなんてぇ！\n恐れ多くてとても言えませええん！","0","11","0","104011","504"
"504032","","","1","","nop_04_aoi_panic","0.2","3","","104011","504"
"504033","","","","","1","","93","","4.4","504"
"504034","","","1","","nop_talk_tsun_pain","0.2","3","","104011","504"
"504035","","","1","","nop_idle_bitter","0.2","3","","101511","504"
"504036","","","1","","nop_idle_bitter","0.2","3","","101231","504"
"504037","","","","","","","91","","504031","504"
"504038","","0","0","","vo_drama_10082004_006","","21","","vo_drama_10082004","504"
"504039","0.5","1","8","0","でも、仲良しさんなんでしょう？\nそうだ、よかったら\n先生も紹介してもらえるかしら？","0","11","0","101511","504"
"504040","","","1","","nop_talk_normal","0.2","3","","101511","504"
"504041","","","","","1","","93","","2.4","504"
"504042","","","1","","nop_talk_wish_joy","0.2","3","","101511","504"
"504043","","","","","","","91","","504039","504"
"504044","","0","0","","vo_drama_10082004_007","","21","","vo_drama_10082004","504"
"504045","0.5","1","8","0","あ！　私も私もー！\nそうだ！\nシオリンのことも紹介してあげるね☆","0","11","0","101231","504"
"504046","","nop_idle_normal","0","0.2","nop_04_hatsune_swing","0.2","3","1","101231","504"
"504047","","","","","1","","93","","3","504"
"504048","","","0","","nop_04_hatsune_kiran","0.2","3","","101231","504"
"504049","","","","","","","91","","504045","504"
"504050","","","1","","nop_idle_normal","0.2","3","","101231","504"
"504051","","0","0","","vo_drama_10082004_008","","21","","vo_drama_10082004","504"
"504052","0.5","1","8","0","はうあっ！\nお二人ともリア充オーラで輝いて\nまぶしいですっ！","0","11","0","104011","504"
"504053","","nop_04_aoi_haua_loop","0","0","nop_04_aoi_haua_in","0.2","3","1","104011","504"
"504054","","","","","1","","93","","3","504"
"504055","","","1","","nop_talk_joy3_blink","0.2","3","","101511","504"
"504056","","","1","","nop_idle_surprise1","0.2","3","","101231","504"
"504057","","","","","","","91","","504052","504"
"504058","","","","","0","","93","","0.5","504"
"505001","nop_05_shinobu_idle_normal","-150","103","1","103111","1.95","1","-250","1","505"
"505002","nop_idle_sad","150","101","1","102211","1.95","1","-230","1","505"
"505003","nop_05_miyako_idle_joy1","-360","101","0","100711","1.95","1","-240","1","505"
"505004","nop_idle_joy1","275","105","1","100611","1.95","1","-260","1","505"
"505005","nop_skull_idle","-50","102","1","2051","1.95","5","-225","1","505"
"505006","","","","","0","","93","","0.5","505"
"505007","","0","0","","vo_drama_10082005_001","","21","","vo_drama_10082005","505"
"505008","0.5","1","6","0","あけましてプリンなの～！\nプリン、プリン！　プリンを持ってくるの！","0","11","0","100711","505"
"505009","","","1","","nop_05_miyako_talk_joy2","0.2","3","","100711","505"
"505010","","","","","","","91","","505008","505"
"505011","","","1","","nop_05_miyako_idle_joy2","0.2","3","","100711","505"
"505012","","0","0","","vo_drama_10082005_002","","21","","vo_drama_10082005","505"
"505013","0.5","1","6","0","ミヤコさん、クリスマスにたくさん\n食べたじゃありませんか……","0","11","0","103111","505"
"505014","","","1","","nop_05_shinobu_talk_worry","0.2","3","","103111","505"
"505015","","","","","","","91","","505013","505"
"505016","","","1","","nop_05_shinobu_idle_worry","0.2","3","","103111","505"
"505017","","0","0","","vo_drama_10082005_003","","21","","vo_drama_10082005","505"
"505018","0.5","1","6","0","クリスマスと新年は別腹なの！\nプリンはいくらあってもいいの！","0","11","0","100711","505"
"505019","","","1","","nop_05_miyako_talk_anger","0.2","3","","100711","505"
"505020","","","","","","","91","","505018","505"
"505021","","","1","","nop_05_miyako_idle_anger","0.2","3","","100711","505"
"505022","","0","0","","vo_drama_10082005_004","","21","","vo_drama_10082005","505"
"505023","0.5","1","6","0","それって結局いつもと変わってない\n気がするけど……","0","11","0","102211","505"
"505024","","","1","","nop_talk_bitter","0.2","3","","102211","505"
"505025","","","","","","","91","","505023","505"
"505026","","","1","","nop_idle_bitter","0.2","3","","102211","505"
"505027","","0","0","","vo_drama_10082005_005","","21","","vo_drama_10082005","505"
"505028","0.5","1","5","0","それにしても新年会って\n華やかでアカリ、ドキドキしちゃう♪\nお料理もとっても美味しい♪","0","11","0","100611","505"
"505029","","","1","","nop_talk_wish","0.2","3","","100611","505"
"505030","","","","","1","","93","","3.5","505"
"505031","","","1","","nop_talk_joy1","0.2","3","","100611","505"
"505032","","","1","","nop_05_miyako_idle_normal","0.2","3","","100711","505"
"505033","","","","","","","91","","505028","505"
"505034","","","1","","nop_idle_joy1","0.2","3","","100611","505"
"505035","","0","0","","vo_drama_10082005_006","","21","","vo_drama_10082005","505"
"505036","0.5","1","6","0","ここに並んでいるおせち料理の素材が\n特別なもののようですね。\nイリヤさんがシェフィさんたちと\n頑張ってくれたおかげだそうですよ。","0","11","0","103111","505"
"505037","","","","","0","","4","","103111","505"
"505038","","","1","","nop_05_shinobu_talk_wish","0.2","3","","103111","505"
"505039","","","","","0","","4","","2051","505"
"505040","","","","","1","","93","","6","505"
"505041","","","1","","nop_05_shinobu_talk_normal","0.2","3","","103111","505"
"505042","","","","","","","91","","505036","505"
"505043","","","1","","nop_05_shinobu_idle_normal","0.2","3","","103111","505"
"505044","","0","0","","vo_drama_10082005_007","","21","","vo_drama_10082005","505"
"505045","0.5","1","7","0","お正月を制する！\nって言って出かけていった時は\nどうなるかと思ったけど……","0","11","0","102211","505"
"505046","","","1","","nop_talk_surprise1","0.2","3","","102211","505"
"505047","","","","","","","91","","505045","505"
"505048","","","1","","nop_idle_surprise1","0.2","3","","102211","505"
"505049","","0","0","","vo_drama_10082005_008","","21","","vo_drama_10082005","505"
"505050","0.5","1","6","0","本当にお正月を制しちゃったんだもん。\nイリヤさんってば、すごいよね！\n晴れ着もとっても素敵だし。","0","11","0","100611","505"
"505051","","","1","","nop_talk_surprise1","0.2","3","","100611","505"
"505052","","","","","1","","93","","3","505"
"505053","","","1","","nop_talk_memory","0.2","3","","100611","505"
"505054","","","","","1","","93","","1","505"
"505055","","","","","1","","4","","100711","505"
"505056","","nop_05_miyako_idle_arm_crossed","0","0","nop_05_miyako_talk_arm_crossed","0.2","3","1","100711","505"
"505057","","","2","","17","","12","","100711","505"
"505058","","","","","","","91","","505050","505"
"505059","","","1","","nop_idle_memory2","0.2","3","","100611","505"
"505060","","0","0","","vo_drama_10082005_009","","21","","vo_drama_10082005","505"
"505061","0.5","1","7","0","私たちにも何回も見せに来てたし\nよっぽど気に入ったのね。\nナナカさんにお願いして\nルカさんを紹介してもらってよかったわ。","0","11","0","102211","505"
"505062","","","1","","nop_talk_wish","0.2","3","","102211","505"
"505063","","","","","","","91","","505061","505"
"505064","","","1","","nop_idle_wish","0.2","3","","102211","505"
"505065","","0","0","","vo_drama_10082005_010","","21","","vo_drama_10082005","505"
"505066","0.5","1","6","0","そうだ、シノブさん！\nアカリたちの今年の運勢、\n占ってほしいな。","0","11","0","100611","505"
"505067","","","1","","nop_talk_joy1","0.2","3","","100611","505"
"505068","","","","","","","91","","505066","505"
"505069","","","1","","nop_idle_joy1","0.2","3","","100611","505"
"505070","","0","0","","vo_drama_10082005_011","","21","","vo_drama_10082005","505"
"505071","0.5","1","6","0","あ、それは私も気になるかも。\nシノブさん、お願いできます？","0","11","0","102211","505"
"505072","","","1","","nop_talk_normal","0.2","3","","102211","505"
"505073","","","","","","","91","","505071","505"
"505074","","","","","","","93","","0.3","505"
"505075","","","1","","nop_idle_normal","0.2","3","","102211","505"
"505076","","0","0","","vo_drama_10082005_012","","21","","vo_drama_10082005","505"
"505077","0.5","1","3","0","はい、いいですよ。\nでは……むっ……\n今年も波乱の予感、と出ています。","0","11","0","103111","505"
"505078","","","1","","nop_05_shinobu_talk_wish","0.2","3","","103111","505"
"505079","","","1","","nop_05_miyako_run_angry","0.2","3","","100711","505"
"505080","","3","-240","","-1000","","2","","100711","505"
"505081","","","","","1","","93","","6","505"
"505082","","","1","","nop_05_shinobu_talk_thinking","0.2","3","","103111","505"
"505083","","","1","","nop_idle_bitter2","0.2","3","","102211","505"
"505084","","","1","","4","","12","","102211","505"
"505085","","","","","1","","93","","0.2","505"
"505086","","","1","","nop_idle_surprise1","0.2","3","","100611","505"
"505087","","","0.8","","4","","12","","100611","505"
"505088","","","","","1","","93","","2.1","505"
"505089","","","","","","","91","","505077","505"
"505090","","","1","","nop_05_shinobu_idle_thinking","0.2","3","","103111","505"
"505091","","0","0","","vo_drama_10082005_013","","21","","vo_drama_10082005","505"
"505092","0.5","1","5","0","波乱って、そんな……あ！\nちょっと！　デザートコーナーで\nミヤコさんがプリンを出せって\n暴れてるわ！","0","11","0","102211","505"
"505093","","","1","","nop_talk_sad","0.2","3","","102211","505"
"505094","","","","","1","","93","","4.5","505"
"505095","","","1","","nop_talk_surprise1","0.2","3","","102211","505"
"505096","","","","","","","91","","505092","505"
"505097","","","1","","nop_05_shinobu_idle_surprise","0.2","3","","103111","505"
"505098","","","1.8","","4","","12","","103111","505"
"505099","","","1","","nop_run_sad","0.2","3","","102211","505"
"505100","","4","-230","","-1000","","2","","102211","505"
"505101","","","","","0","","93","","1","505"
"505102","","0","0","","vo_drama_10082005_014","","21","","vo_drama_10082005","505"
"505103","0.5","1","6","0","大変！　止めないと！\nシノブさんも早く～！","0","11","0","100611","505"
"505104","","","1","","nop_talk_surprise2","0.2","3","","100611","505"
"505105","","","","","1","","93","","4.5","505"
"505106","","","","","","","91","","505103","505"
"505107","","","1","","nop_run_sad","0.2","3","","100611","505"
"505108","","4","-260","","-1000","","2","0","100611","505"
"505109","","","","","","","93","","2","505"
"505110","","","","","1","","4","","103111","505"
"505111","","","","","1","","4","","2051","505"
"505112","","","","","","","93","","0.5","505"
"505113","","","","","","","91","","505108","505"
"505114","","","1","","nop_idle_normal","0.2","3","","100611","505"
"505115","","0","0","","vo_drama_10082005_015","","21","","vo_drama_10082005","505"
"505116","1","1","5","0","はい、すぐに向かいましょう。\n今年もいろいろとご迷惑を\nおかけするかもしれませんが……\nどうぞよろしくお願いしますね。","0","11","0","103111","505"
"505117","","","1","","nop_05_shinobu_talk_wish","0.2","3","","103111","505"
"505118","","","","","1","","93","","3.2","505"
"505119","","","","","0","","4","","103111","505"
"505120","","","","","0","","4","","2051","505"
"505121","","","1","","nop_05_shinobu_look_talk_wish_blink","0.2","3","","103111","505"
"505122","","","","","1","","93","","6","505"
"505123","","nop_05_shinobu_look_talk_wish","0","0.2","nop_05_shinobu_bow","0.2","3","1","103111","505"
"505124","","","","","","","91","","505116","505"
"505125","","","","","1","","4","","103111","505"
"505126","","","","","1","","4","","2051","505"
"505127","","","1","","nop_05_shinobu_idle_normal","0.2","3","","103111","505"
"505128","","","","","1","","93","","0.4","505"
"505129","","","1","","nop_05_shinobu_run","0.2","3","","103111","505"
"505130","","4","-250","","-1000","","2","","103111","505"
"505131","","4","-225","","-1000","","2","","2051","505"
"505132","","","","","0","","93","","0.5","505"
"506001","nop_idle_arm_crossed","-300","105","0","104731","1.95","1","-275","1","506"
"506002","nop_idle_thinking","300","104","1","107131","1.95","1","-275","1","506"
"506003","nop_idle_normal","-150","102","0","103731","1.95","1","-255","1","506"
"506004","nop_idle_surprise_kira","150","103","1","100511","1.95","1","-255","1","506"
"506005","","","","","0","","93","","0.5","506"
"506006","","0","0","","vo_drama_10082006_001","","21","","vo_drama_10082006","506"
"506007","0.5","1","8","0","はーっはっはっは！\nめでたいじゃあないか。\nなあ諸君！","0","11","0","107131","506"
"506008","","nop_06_cris_ahaha_loop","0","0.2","nop_06_cris_ahaha_in","0.2","3","1","107131","506"
"506009","","","","","1","","93","","2","506"
"506010","","nop_talk_doya_loop","0","0.2","nop_talk_doya","0.2","3","1","107131","506"
"506011","","","","","","","91","","506007","506"
"506012","","0","0","","vo_drama_10082006_002","","21","","vo_drama_10082006","506"
"506013","0.5","1","8","0","クリスティーナ！\nあなたはいったいどの面下げて\n私たちの前に……","0","11","0","103731","506"
"506014","","","1","","nop_06_tomo_talk_anger","0.2","3","","103731","506"
"506015","","","","","","","91","","506013","506"
"506016","","","1","","nop_06_tomo_idle_anger","0.2","3","","103731","506"
"506017","","0","0","","vo_drama_10082006_003","","21","","vo_drama_10082006","506"
"506018","0.5","1","8","0","まあまあ、\nトモちゃんもクリスちゃんも。\nせっかくの新年会なんだから……","0","11","0","104731","506"
"506019","","","1","","nop_talk_normal","0.2","3","","104731","506"
"506020","","","","","","","91","","506018","506"
"506021","","","1","","nop_idle_normal","0.2","3","","104731","506"
"506022","","0","0","","vo_drama_10082006_004","","21","","vo_drama_10082006","506"
"506023","0.5","1","8","0","そうッス！\n美味しい料理もいっぱいだし、\n楽しまなくっちゃ損ッスよ！","0","11","0","100511","506"
"506024","","nop_talk_guts2_loop","0","0.2","nop_talk_guts2","0.2","3","1","100511","506"
"506025","","","","","","","91","","506023","506"
"506026","","","1","","nop_idle_guts2","0.2","3","","100511","506"
"506027","","0","0","","vo_drama_10082006_005","","21","","vo_drama_10082006","506"
"506028","0.5","1","8","0","ジュンさんもマツリちゃんも\n甘いんだから……\nクリスティーナ、あなたは\nいったいなにを企んでいるんだ？","0","11","0","103731","506"
"506029","","","1","","nop_talk_worry","0.2","3","","103731","506"
"506030","","","","","1","","93","","3","506"
"506031","","nop_06_tomo_talk_arm_crossed_loop","0","0.2","nop_06_tomo_talk_arm_crossed","0.2","3","1","103731","506"
"506032","","","","","","","91","","506028","506"
"506033","","","1","","nop_06_tomo_idle_arm_crossed","0.2","3","","103731","506"
"506034","","0","0","","vo_drama_10082006_006","","21","","vo_drama_10082006","506"
"506035","0.5","1","8","0","クリスティーナさんの企み？\nふっ……決まっているだろう。\nカルミナをランドソルの\nトップアイドルにすることさ。","0","11","0","107131","506"
"506036","","","1","","nop_talk_thinking","0.2","3","","107131","506"
"506037","","","","","1","","93","","2","506"
"506038","","nop_16_kaya_talk_normal2_loop","0","0.2","nop_16_kaya_talk_normal2","0.2","3","1","107131","506"
"506039","","","","","","","91","","506035","506"
"506040","","","1","","nop_16_kaya_idle_normal2","0.2","3","","107131","506"
"506041","","0","0","","vo_drama_10082006_007","","21","","vo_drama_10082006","506"
"506042","0.5","1","8","0","副団長時代より楽しそうなのが\n少し寂しいけど……\n今の方がクリスちゃんらしくて\nいいんじゃないかな。","0","11","0","104731","506"
"506043","","","1","","nop_talk_thinking","0.2","3","","104731","506"
"506044","","","","","1","","93","","3.5","506"
"506045","","","1","","nop_talk_normal","0.2","3","","104731","506"
"506046","","","","","","","91","","506042","506"
"506047","","","1","","nop_idle_normal","0.2","3","","104731","506"
"506048","","0","0","","vo_drama_10082006_008","","21","","vo_drama_10082006","506"
"506049","0.5","1","8","0","でも、しっかり見張っておかないと。\n魔法剣……じゃなくて、\n【王宮騎士団（NIGHTMARE）】\nの一員として。","0","11","0","103731","506"
"506050","","","1","","nop_talk_worry","0.2","3","","103731","506"
"506051","","","","","1","","93","","3","506"
"506052","","","1","","nop_06_tomo_talk_tsun_pain","0.2","3","","103731","506"
"506053","","","","","1","","93","","1","506"
"506054","","nop_06_tomo_idle_guts2","0","0.2","nop_06_tomo_talk_guts2","0.2","3","1","103731","506"
"506055","","","","","","","91","","506049","506"
"506056","","0","0","","vo_drama_10082006_009","","21","","vo_drama_10082006","506"
"506057","0.5","1","8","0","そうッスね！\n今年もランドソルの平和は\n自分たちが守るッスよ！","0","11","0","100511","506"
"506058","","","1","","nop_talk_normal","0.2","3","","100511","506"
"506059","","","","","1","","93","","2","506"
"506060","","nop_06_matsuri_pose_loop","0","0.2","nop_06_matsuri_pose","0.2","3","1","100511","506"
"506061","","","","","","","91","","506057","506"
"506062","","","","","0","","93","","0.5","506"
"507001","nop_idle_normal","-150","101","0","102831","1.95","1","-225","1","507"
"507002","nop_idle_joy1","150","100","1","102111","1.95","1","-225","1","507"
"507003","nop_idle_normal","-300","105","0","102511","1.95","1","-255","1","507"
"507004","nop_idle_joy1","300","104","1","102311","1.95","1","-255","1","507"
"507005","","","","","0","","93","","0.5","507"
"507006","","0","0","","vo_drama_10082007_001","","21","","vo_drama_10082007","507"
"507007","0.5","1","8","0","今日はお招きありがとう。\nみんな楽しませてもらってるわ。","0","11","0","102831","507"
"507008","","","1","","nop_talk_joy3","0.2","3","","102831","507"
"507009","","","","","","","91","","507007","507"
"507010","","","1","","nop_idle_normal","0.2","3","","102831","507"
"507011","","0","0","","vo_drama_10082007_002","","21","","vo_drama_10082007","507"
"507012","0.5","1","8","0","救護院の子供たちも\n一緒に呼んでいただいて……\n本当にありがとうございます。","0","11","0","102511","507"
"507013","","","1","","nop_talk_joy3_dere","0.2","3","","102511","507"
"507014","","","","","1","","93","","3","507"
"507015","","","1","","nop_talk_joy1","0.2","3","","102511","507"
"507016","","","","","","","91","","507012","507"
"507017","","","1","","nop_idle_normal","0.2","3","","102511","507"
"507018","","0","0","","vo_drama_10082007_003","","21","","vo_drama_10082007","507"
"507019","0.5","1","8","0","いっぱい人がいるね。\nえ？　みんなお兄ちゃんのお友達なの？","0","11","0","102311","507"
"507020","","","1","","nop_talk_joy1_normal","0.2","3","","102311","507"
"507021","","","","","1","","93","","1.9","507"
"507022","","","1","","nop_talk_wish_surprise","0.2","3","","102311","507"
"507023","","","","","","","91","","507019","507"
"507024","","0","0","","vo_drama_10082007_004","","21","","vo_drama_10082007","507"
"507025","0.5","1","8","0","なんだかギルドレースの時みたい。\nあ……！","0","11","0","102111","507"
"507026","","","1","","nop_talk_wish","0.2","3","","102111","507"
"507027","","","","","1","","93","","2.5","507"
"507028","","","1","","nop_07_kurumi_talk_memory","0.2","3","","102111","507"
"507029","","","","","","","91","","507025","507"
"507030","","0","0","","vo_drama_10082007_005","","21","","vo_drama_10082007","507"
"507031","0.5","1","8","0","ふふ、あたしたちはいいから\n【リトルリリカル】の子たちの\nところへ行ってきたら？","0","11","0","102831","507"
"507032","","","1","","nop_talk_bitter","0.2","3","","102831","507"
"507033","","","","","1","","93","","4.3","507"
"507034","","","1","","nop_idle_joy_dere","0.2","3","","102111","507"
"507035","","nop_talk_guts2_loop","0","0","nop_talk_guts2","0.2","3","1","102311","507"
"507036","","","","","","","91","","507031","507"
"507037","","","1","","nop_idle_normal","0.2","3","","102831","507"
"507038","","0","0","","vo_drama_10082007_006","","21","","vo_drama_10082007","507"
"507039","0.5","1","8","0","サレンお嬢さまのお世話は今年も\n私がしっかりやりますから\n大丈夫ですよ。","0","11","0","102511","507"
"507040","","nop_talk_guts_loop","0","0","nop_talk_guts","0.2","3","1","102511","507"
"507041","","","","","","","91","","507039","507"
"507042","","0","0","","vo_drama_10082007_007","","21","","vo_drama_10082007","507"
"507043","0.5","1","8","0","スズメにそう言われると\n逆に心配になっちゃうんだけど……","0","11","0","102311","507"
"507044","","","1","","nop_talk_jitome","0.2","3","","102311","507"
"507045","","","1","","nop_07_kurumi_idle_bitter","0.2","3","","102111","507"
"507046","","","","","","","91","","507043","507"
"507047","","0","0","","vo_drama_10082007_008","","21","","vo_drama_10082007","507"
"507048","0.5","1","8","0","ええー？　そ、そんな～！","0","11","0","102511","507"
"507049","","nop_07_suzume_tohoho_loop","0","0","nop_07_suzume_tohoho_in","0","3","1","102511","507"
"507050","","","1","","nop_idle_bitter","0.2","3","","102831","507"
"507051","","","","","","","91","","507048","507"
"507052","","0","0","","vo_drama_10082007_009","","21","","vo_drama_10082007","507"
"507053","0.5","1","8","0","今年も賑やかな一年になりそう。\nあんたも、いつでも遊びに来てね。\nきっとみんな喜ぶわ。","0","11","0","102831","507"
"507054","","","1","","nop_talk_normal","0.2","3","","102831","507"
"507055","","","","","1","","93","","2.3","507"
"507056","","","1","","nop_talk_joy1","0.2","3","","102831","507"
"507057","","","","","","","91","","507053","507"
"507058","","","","","0","","93","","0.5","507"
"508001","nop_idle_normal_joy","-150","100","0","101011","1.95","1","-255","1","508"
"508002","nop_idle_arm_crossed","150","101","1","104331","1.95","1","-255","1","508"
"508003","nop_idle_joy_normal","-300","104","0","101711","1.95","1","-275","1","508"
"508004","nop_idle_normal","300","105","1","101431","1.95","1","-275","1","508"
"508005","","","","","0","","93","","0.5","508"
"508006","0.5","1","8","0","王子は～ん。\nあけましておめでとうございます～\n今年もよろしゅうに。","0","11","0","101011","508"
"508007","","","0","","nop_talk_joy1","0.2","3","","101011","508"
"508008","","","","","1","","93","","1.3","508"
"508009","","nop_talk_joy1","0","0.2","nop_bow2","0.2","3","1","101011","508"
"508010","","","","","","","91","","508006","508"
"508011","","","1","","nop_idle_normal","0.2","3","","101011","508"
"508012","0.5","1","8","0","呼んでくれてありがとうな。\nユイも喜んでたぜ。","0","11","0","104331","508"
"508013","","","1","","nop_talk_joy1","0.2","3","","104331","508"
"508014","","","","","","","91","","508012","508"
"508015","","","1","","nop_idle_joy_normal","0.2","3","","104331","508"
"508016","0.5","1","8","0","色んな料理がいっぱいで\n見てるだけで楽しいさ～！","0","11","0","101711","508"
"508017","","","1","","nop_talk_joy2","0.2","3","","101711","508"
"508018","","","","","","","91","","508016","508"
"508019","","","1","","nop_idle_joy1","0.2","3","","101711","508"
"508020","0.5","1","8","0","聞いた話だとこの会場には\n助手くんたちの作った\nおせち料理もあるらしいね。","0","11","0","101431","508"
"508021","","","1","","nop_talk_thinking","0.2","3","","101431","508"
"508022","","","","","1","","93","","1.5","508"
"508023","","","1","","nop_talk_normal","0.2","3","","101431","508"
"508024","","","","","","","91","","508020","508"
"508025","","","1","","nop_idle_normal","0.2","3","","101431","508"
"508026","0.5","1","8","0","【美食殿】のおせち料理？\n絶対美味しいさ～！","0","11","0","101711","508"
"508027","","","1","","nop_talk_normal","0.2","3","","101711","508"
"508028","","","","","1","","93","","1.75","508"
"508029","","","1","","nop_talk_joy1","0.2","3","","101711","508"
"508030","","","","","","","91","","508026","508"
"508031","","","1","","nop_idle_joy_normal","0.2","3","","101711","508"
"508032","0.5","1","8","0","けど、これだけ大きな会場で探すのは\nちょっと難しくないか？","0","11","0","104331","508"
"508033","","nop_talk_arm_crossed_loop2","0","0.2","nop_talk_arm_crossed2","0.2","3","1","104331","508"
"508034","","","","","","","91","","508032","508"
"508035","","","1","","nop_idle_arm_crossed2","0.2","3","","104331","508"
"508036","0.5","1","8","0","ふっふっふ、大丈夫さ。\n任せてくれたまえ！\n私の推理によると……","0","11","0","101431","508"
"508037","","nop_talk_doya_loop","0","0.2","nop_talk_doya","0.2","3","1","101431","508"
"508038","","","","","1","","93","","2.9","508"
"508039","","","1","","nop_talk_thinking","0.2","3","","101431","508"
"508040","0","1","1","0","10","0","12","0","101011","508"
"508041","","","1","","nop_look_idle_normal","0.2","3","","101011","508"
"508042","","","","","","","91","","508036","508"
"508043","","","1","","nop_idle_thinking","0.2","3","","101431","508"
"508044","","","","","","","91","","508040","508"
"508045","0.5","1","8","0","王子は～ん。\n王子はんたちが作りはったおせち、\nどれですの？\n教えてくれへんやろか～？","0","11","0","101011","508"
"508046","","nop_talk_joy1","0","0.2","nop_look_smile","0.2","3","1","101011","508"
"508047","","","","","1","","93","","4","508"
"508048","0","1","1","0","4","0","12","0","101431","508"
"508049","","","1","","nop_idle_surprise2","0.2","3","","101431","508"
"508050","","","","","","","91","","508045","508"
"508051","","","1","","nop_idle_joy1","0.2","3","","101011","508"
"508052","","","","","","","91","","508048","508"
"508053","0","1","8","0","ええー、マホさんずるいよ～！","0","11","0","101431","508"
"508054","","","1","","nop_talk_joy1_sad","0.2","3","","101431","508"
"508055","","","","","1","","93","","1","508"
"508056","","","1","","nop_talk_sad2","0.2","3","","101431","508"
"508057","","","","","","","91","","508053","508"
"508058","0","1","1","0","17","0","12","0","101431","508"
"508059","","","1","","nop_idle_sad2","0.2","3","","101431","508"
"508060","0","1","1","0","10","0","12","0","104331","508"
"508061","","","1","","nop_talk_joy3","0.2","3","","104331","508"
"508062","0","1","1","0","10","0","12","0","101711","508"
"508063","","","1","","nop_talk_joy2","0.2","3","","101711","508"
"508064","0","1","1","0","10","0","12","0","101011","508"
"508065","","","1","","nop_talk_joy3","0.2","3","","101011","508"
"508066","","","","","1","","93","","0.75","508"
"508067","","","","","0","","93","","0.5","508"
"509001","nop_idle_joy1","-150","100","0","103311","1.95","1","-255","1","509"
"509002","nop_idle_joy_normal","-300","104","0","105211","1.95","1","-275","1","509"
"509003","nop_idle_sad2","150","101","1","102611","1.95","1","-255","1","509"
"509004","nop_idle_normal","300","105","1","103811","1.95","1","-275","1","509"
"509005","","","","","0","","93","","0.5","509"
"509006","0.5","1","8","0","あけましておめでとうだべ！\nみんな元気にしてただか？\n牧場は新年あけても相変わらずだー","0","11","0","103311","509"
"509007","","","1","","nop_talk_joy2","0.2","3","","103311","509"
"509008","","","","","1","","93","","3.5","509"
"509009","","","1","","nop_talk_normal","0.2","3","","103311","509"
"509010","","","","","","","91","","509006","509"
"509011","","","1","","nop_idle_normal","0.2","3","","103311","509"
"509012","0.5","1","8","0","もー、ほんとは寝正月で\n過ごすつもりだったのにさー\nまあ、呼ばれたから来たけど。","0","11","0","102611","509"
"509013","","","1","","nop_talk_jitome","0.2","3","","102611","509"
"509014","","","","","1","","93","","3.5","509"
"509015","","","1","","nop_talk_bitter","0.2","3","","102611","509"
"509016","","","","","","","91","","509012","509"
"509017","","","1","","nop_idle_bitter","0.2","3","","102611","509"
"509018","0.5","1","8","0","ギルドレースも楽しかったけど\nこうしてのんびりおせちを\nいただくだけのお正月もいいわね～♪","0","11","0","105211","509"
"509019","","","1","","nop_talk_normal","0.2","3","","105211","509"
"509020","","","","","1","","93","","2","509"
"509021","","","1","","nop_talk_joy2","0.2","3","","105211","509"
"509022","","","","","","","91","","509018","509"
"509023","","","1","","nop_idle_joy_dere2","0.2","3","","105211","509"
"509024","0.5","1","8","0","お姉ちゃんにも会えましたし\nカスミさんたちにも挨拶できました。\nとっても素敵なお正月です。","0","11","0","103811","509"
"509025","","","1","","nop_talk_normal","0.2","3","","103811","509"
"509026","","","","","1","","93","","4","509"
"509027","","","1","","nop_talk_joy1","0.2","3","","103811","509"
"509028","","","","","","","91","","509024","509"
"509029","","","1","","nop_idle_joy1","0.2","3","","103811","509"
"509030","0.5","1","8","0","そうそう、この会場のおせちにも\n牧場の特産品を素材として使って\nもらってるんですって！\nそれってとっても素敵よね。","0","11","0","105211","509"
"509031","","","1","","nop_talk_normal","0.2","3","","105211","509"
"509032","","","","","1","","93","","5.75","509"
"509033","","","1","","nop_talk_memory","0.2","3","","105211","509"
"509034","","","","","","","91","","509030","509"
"509035","","","1","","nop_idle_memory2","0.2","3","","105211","509"
"509036","0.5","1","8","0","そうだなー\n今年は牧場の特産品を\n色んな人に届けられるように\nみんなで頑張るべ！","0","11","0","103311","509"
"509037","","","1","","nop_talk_joy1","0.2","3","","103311","509"
"509038","","","","","1","","93","","4.75","509"
"509039","","nop_idle_guts2","0","0.2","nop_talk_guts2","0.2","3","1","103311","509"
"509040","","","","","","","91","","509036","509"
"509041","0.5","1","8","0","あたしゃ忙しいのは勘弁だよ～\n今年もほどほどでいこうよ。\nほどほど～","0","11","0","102611","509"
"509042","","","1","","nop_talk_sad2","0.2","3","","102611","509"
"509043","","","","","1","","93","","4","509"
"509044","","","1","","nop_talk_bitter","0.2","3","","102611","509"
"509045","","","","","","","91","","509041","509"
"509046","","","1","","nop_idle_bitter","0.2","3","","102611","509"
"509047","","","1","","nop_talk_joy1","0.2","3","","103311","509"
"509048","0","1","1.5","0","10","0","12","0","103311","509"
"509049","","","1","","nop_talk_joy3","0.2","3","","105211","509"
"509050","0","1","1.5","0","10","0","12","0","105211","509"
"509051","","","","","","","91","","0","509"
"509052","0.5","1","8","0","あの……今年もみんなで\n仲良く頑張りますので\n見守っていてくださいね。","0","11","0","103811","509"
"509053","","","1","","nop_talk_bitter","0.2","3","","103811","509"
"509054","","","","","1","","93","","3","509"
"509055","","","1","","nop_talk_joy1_wink","0.2","3","","103811","509"
"509056","","","","","","","91","","509052","509"
"509057","","","1","","nop_idle_joy1_wink","0.2","3","","103811","509"
"509058","","","","","0","","93","","0.5","509"
"510001","nop_idle_normal","-150","100","0","103231","1.95","1","-255","1","510"
"510002","nop_10_yukari_06","1000","104","1","103411","1.95","1","-275","1","510"
"510003","nop_10_yukari_06","1000","105","1","11","1.95","5","-275","1","510"
"510004","nop_idle_doya","150","101","1","104811","1.95","1","-255","1","510"
"510005","nop_idle_joy1","-300","106","0","104611","1.95","1","-275","1","510"
"510006","","","","","0","","93","","0.5","510"
"510007","0.5","1","8","0","あけましておめでとうございます。\n今年も我が【メルクリウス財団】を\nよろしくお願いいたしますわ！","0","11","0","103231","510"
"510008","","nop_talk_joy2","0","0.2","nop_bow","0.2","3","1","103231","510"
"510009","","","","","1","","93","","5","510"
"510010","","nop_idle_normal","0","0.2","nop_wink","0.2","3","1","103231","510"
"510011","","","","","","","91","","510007","510"
"510012","","","1","","nop_idle_normal","0.2","3","","103231","510"
"510013","","nop_10_yukari_06","1","0.1","nop_10_yukari_05","0.5","3","1","103411","510"
"510014","","nop_10_yukari_06","1","0.1","nop_10_yukari_05","0.5","3","1","11","510"
"510015","","2.8","-245","","750","","2","7","103411","510"
"510016","","2.8","-245","","750","","2","7","11","510"
"510017","0.5","1","8","0","これだけの量のおせち……\n全種類味わうには相当な効率が必要ね。\n準備はいい？　タマキさん。","0","11","0","104811","510"
"510018","","","1","","nop_talk_thinking","0.2","3","","104811","510"
"510019","","","","","1","","93","","4","510"
"510020","","","1","","nop_talk_normal","0.2","3","","104811","510"
"510021","","","","","1","","93","","1","510"
"510022","","nop_idle_guts","0","0.2","nop_talk_guts","0.2","3","1","104811","510"
"510023","","","","","","","91","","510017","510"
"510024","","","1","","nop_idle_guts","0.2","3","","104811","510"
"510025","","","","","","","91","","510015","510"
"510026","","nop_10_yukari_06","1","0.1","nop_10_yukari_05","0.5","3","1","103411","510"
"510027","","nop_10_yukari_06","1","0.1","nop_10_yukari_05","0.5","3","1","11","510"
"510028","","2.8","-255","","550","","2","7","103411","510"
"510029","","2.8","-255","","550","","2","7","11","510"
"510030","0.5","1","8","0","にゃっ？\n落ち着くにゃミフユ！\nそんなことしたら正月太り\nまっしぐらにゃ！","0","11","0","104611","510"
"510031","","","1","","nop_idle_surprise2","0.2","3","","104611","510"
"510032","","","","","1","","93","","1","510"
"510033","","","1","","nop_talk_worry","0.2","3","","104611","510"
"510034","","","","","1","","93","","2","510"
"510035","","","1","","nop_talk_joy1_sad","0.2","3","","104611","510"
"510036","","","","","","","91","","510030","510"
"510037","","","1","","nop_idle_worry","0.2","3","","104611","510"
"510038","","","","","","","91","","510028","510"
"510039","","nop_10_yukari_06","1","0.1","nop_10_yukari_05","0.5","3","1","103411","510"
"510040","","nop_10_yukari_06","1","0.1","nop_10_yukari_05","0.5","3","1","11","510"
"510041","","2.8","-275","","350","","2","7","103411","510"
"510042","","2.8","-275","","350","","2","7","11","510"
"510043","0.5","1","8","0","大丈夫よ。\nちゃんと栄養バランスを考えれば……\nって、あら？　ユカリさん？","0","11","0","104811","510"
"510044","","nop_talk_doya_loop","0","0.2","nop_talk_doya","0.2","3","1","104811","510"
"510045","","","","","1","","93","","3","510"
"510046","","","","","0","","4","","104811","510"
"510047","","nop_talk_surprise1","0","0.2","nop_surprise","0.2","3","1","104811","510"
"510048","","","1","","nop_idle_normal_suprise1","0.2","3","","103231","510"
"510049","","","1","","nop_idle_normal_suprise1","0.2","3","","104611","510"
"510050","","","","","","","91","","510043","510"
"510051","","","1","","nop_idle_surprise1","0.2","3","","104811","510"
"510052","","","","","","","91","","510041","510"
"510053","0.5","1","8","0","んふふ～♪\n麦しゅわ麦しゅわ飲み放題～！\nうへへへ、最高よ～！","0","11","0","103411","510"
"510054","","","1","","nop_10_yukari_04","0.2","3","","103411","510"
"510055","","","1","","nop_10_yukari_04","0.2","3","","11","510"
"510056","","","","","1","","93","","1.5","510"
"510057","","nop_10_yukari_06","0","0.2","nop_10_yukari_07","0.2","3","1","103411","510"
"510058","","nop_10_yukari_06","0","0.2","nop_10_yukari_07","0.2","3","1","11","510"
"510059","","","","","","","91","","510053","510"
"510060","0","1","1","0","6","0","12","0","103411","510"
"510061","0.5","1","8","0","これは……栄養バランスとか関係なく\n完全に出来あがっちゃってるにゃ……\nユカリー！　しっかりするにゃー！\nそれ絶対あとで後悔するやつにゃー！","0","11","0","104611","510"
"510062","","nop_10_tamaki_talk_doya_jitome_loop","0","0.2","nop_10_tamaki_talk_doya_jitome","0.2","3","1","104611","510"
"510063","","","","","1","","93","","4.5","510"
"510064","","nop_10_tamaki_guts_angry2_loop","0","0.2","nop_10_tamaki_guts_angry2","0.2","3","1","104611","510"
"510065","","","","","1","","93","","2.5","510"
"510066","","","1","","nop_talk_anger2","0.2","3","","104611","510"
"510067","","","","","","","91","","510061","510"
"510068","","","1","","nop_idle_anger2","0.2","3","","104611","510"
"510069","0.5","1","8","0","みなさん盛り上がってますわね。\n今年もいい年になりそうで\n楽しみですわ～！","0","11","0","103231","510"
"510070","","","1","","nop_talk_joy3_blink","0.2","3","","103231","510"
"510071","","","","","1","","93","","2.5","510"
"510072","","","1","","nop_talk_joy1","0.2","3","","103231","510"
"510073","","","","","","","91","","510069","510"
"510074","","","1","","nop_idle_joy1","0.2","3","","103231","510"
"510075","","","","","0","","93","","0.5","510"
"511001","nop_idle_arm_crossed","-150","101","0","100911","1.95","1","-255","1","511"
"511002","nop_idle_joy_normal","150","100","1","101311","1.95","1","-255","1","511"
"511003","nop_idle_wish","-300","105","0","102711","1.95","1","-275","1","511"
"511004","nop_idle_normal","300","104","1","105111","1.95","1","-275","1","511"
"511005","","","","","0","","93","","0.5","511"
"511006","","","1","","nop_11_eriko_talk_wish","0.2","3","","102711","511"
"511007","","0","0","","vo_drama_10082011_001","","21","","vo_drama_10082011","511"
"511008","0.5","1","8","0","ああ、あなた様。\nあけましておめでとうございます。\n今年もよろしくお願いいたしますわ。\nクスクス……","0","11","0","102711","511"
"511009","","","","","1","","93","","2","511"
"511010","","nop_11_eriko_talk_wish","0","0.2","nop_bow2","0.2","3","1","102711","511"
"511011","","","","","1","","93","","3.5","511"
"511012","","","0","","nop_11_eriko_smile","0.2","3","","102711","511"
"511013","","","","","","","91","","511008","511"
"511014","","","1","","nop_idle_wish","0.2","3","","102711","511"
"511015","","nop_11_anna_huhuStand_loop","0","0","nop_11_anna_huhuStand_in","0.2","3","1","100911","511"
"511016","","0","0","","vo_drama_10082011_002","","21","","vo_drama_10082011","511"
"511017","0.5","1","8","0","おお、シグルドよ！\n楽しませてもらっているぞ！\n見事な滅びを超えし黎明の祝祭\nではないか！","0","11","0","100911","511"
"511018","","","","","1","","93","","3","511"
"511019","","nop_11_anna_ahahaStand_loop","0","0","nop_11_anna_ahahaStand_in","0.2","3","1","100911","511"
"511020","","","","","","","91","","511017","511"
"511021","","","1","","nop_idle_arm_crossed","0.2","3","","100911","511"
"511022","","","1","","nop_talk_bitter","0.2","3","","105111","511"
"511023","","0","0","","vo_drama_10082011_003","","21","","vo_drama_10082011","511"
"511024","0.5","1","8","0","ふふっ、今日はお招きありがとう。\n年末は大変だったみたいね。","0","11","0","105111","511"
"511025","","","","","1","","93","","2.5","511"
"511026","","","1","","nop_look_talk_normal","0.2","3","","105111","511"
"511027","","","","","","","91","","511024","511"
"511028","","","1","","nop_idle_normal","0.2","3","","105111","511"
"511029","","","1","","nop_talk_joy2","0.2","3","","101311","511"
"511030","","0","0","","vo_drama_10082011_004","","21","","vo_drama_10082011","511"
"511031","0.5","1","8","0","ルカ姉も水くさいにゃー。\n呼んでくれたらナナカちゃんたちも\nアシストに飛んでったのにさ！","0","11","0","101311","511"
"511032","","","","","","","91","","511031","511"
"511033","","","1","","nop_idle_joy_normal","0.2","3","","101311","511"
"511034","","nop_15_tsumugi_talk_arm_crossed_loop","0","0.2","nop_15_tsumugi_talk_arm_crossed","0.2","3","1","100911","511"
"511035","","0","0","","vo_drama_10082011_005","","21","","vo_drama_10082011","511"
"511036","0.5","1","8","0","うむ！\n我らの破壊の協奏曲でいかなる状況も\n吹き飛ばしてやったというのに！","0","11","0","100911","511"
"511037","","","","","","","91","","511036","511"
"511038","","","1","","nop_idle_arm_crossed","0.2","3","","100911","511"
"511039","","","1","","nop_talk_sad2","0.2","3","","105111","511"
"511040","","0","0","","vo_drama_10082011_006","","21","","vo_drama_10082011","511"
"511041","0.5","1","8","0","材料集めなんだから\n吹き飛ばしちゃだめでしょうに。\nまあ去年はみんな個別に活動してたから\nこうして会えてうれしいわ。","0","11","0","105111","511"
"511042","","","","","1","","93","","4","511"
"511043","","","1","","nop_talk_normal","0.2","3","","105111","511"
"511044","","","","","","","91","","511041","511"
"511045","","","1","","nop_idle_normal","0.2","3","","105111","511"
"511046","","","1","","nop_talk_sad2","0.2","3","","102711","511"
"511047","","0","0","","vo_drama_10082011_007","","21","","vo_drama_10082011","511"
"511048","0.5","1","8","0","でもこの会場……\nあなた様に付きまとう不埒者の\n気配を感じますね。\n許さない許さない許さない……","0","11","0","102711","511"
"511049","","","","","1","","93","","4.2","511"
"511050","","","1","","nop_talk_wish2","0.2","3","","102711","511"
"511051","","","","","1","","93","","0.2","511"
"511052","","","1","","nop_11_anna_idle_sad","0.2","3","","100911","511"
"511053","","","1","","nop_11_mitsuki_idle_arm_crossed","0.2","3","","105111","511"
"511054","","","1","","nop_11_nanaka_idle_wish","0.2","3","","101311","511"
"511055","","","","","","","91","","511048","511"
"511056","","","1","","nop_idle_wish2","0.2","3","","102711","511"
"511057","","","1","","nop_11_nanaka_talk_nervous","0.2","3","","101311","511"
"511058","","0","0","","vo_drama_10082011_008","","21","","vo_drama_10082011","511"
"511059","0.5","1","8","0","エ、エリコ様落ち着こ？\nとりあえず黄昏の都の場所でも\nみんなで考えながら、ね？","0","11","0","101311","511"
"511060","","","","","1","","93","","3.5","511"
"511061","","","1","","nop_11_nanaka_talk_wish","0.2","3","","101311","511"
"511062","","","","","","","91","","511059","511"
"511063","","","1","","nop_11_nanaka_idle_wish","0.2","3","","101311","511"
"511064","","","","","0","","93","","0.5","511"
"512001","nop_idle_wish","150","105","1","101831","1.95","1","-265","1","512"
"512002","nop_idle_joy1","-150","103","0","101611","1.95","1","-255","1","512"
"512003","nop_idle_joy_normal","-300","104","0","105011","1.95","1","-275","1","512"
"512004","","","","","0","","93","","0.5","512"
"512005","","","0.5","","4","0","12","","101611","512"
"512006","","","1","","nop_idle_joy1_wink","0.2","3","","101611","512"
"512007","","","","","","","91","","512005","512"
"512008","","0","0","","vo_drama_10082012_001","","21","","vo_drama_10082012","512"
"512009","0.5","1","8","0","あ！　ヒデサイ！\nあけおめー！\n今年もよろしくね！","0","11","0","101611","512"
"512010","","","1","","nop_12_suzuna_talk_surprise","0.2","3","","101611","512"
"512011","","","","","1","","93","","1","512"
"512012","","nop_12_suzuna_pose","0","0.2","nop_12_suzuna_smile","0.2","3","1","101611","512"
"512013","","","","","","","91","","512009","512"
"512014","","nop_idle_joy1","0","0.1","nop_12_suzuna_pose_to_joy2","0.2","3","1","101611","512"
"512015","","0","0","","vo_drama_10082012_002","","21","","vo_drama_10082012","512"
"512016","0.5","1","8","0","なかなかの新年会じゃない。\nま、アタシみたいなレディを\n招待するんだから\nこれくらいじゃないとね。","0","11","0","105011","512"
"512017","","","1","","nop_talk_joy1","0.2","3","","105011","512"
"512018","","","","","1","","93","","2","512"
"512019","","nop_talk_arm_crossed_loop","0","0.2","nop_talk_arm_crossed","0.2","3","1","105011","512"
"512020","","","","","","","91","","512016","512"
"512021","","","1","","nop_idle_arm_crossed","0.2","3","","105011","512"
"512022","","0","0","","vo_drama_10082012_003","","21","","vo_drama_10082012","512"
"512023","0.5","1","8","0","あけましておめでとう。\n本当、立派な新年会ね。\nたくさん人が来ていて、\n先生緊張しちゃうわ。","0","11","0","101831","512"
"512024","","nop_talk_joy1","0","0.2","nop_bow","0.2","3","1","101831","512"
"512025","","","","","1","","93","","4.5","512"
"512026","","","1","","nop_talk_bitter","0.2","3","","101831","512"
"512027","","","","","","","91","","512023","512"
"512028","","","1","","nop_idle_bitter","0.2","3","","101831","512"
"512029","","0","0","","vo_drama_10082012_004","","21","","vo_drama_10082012","512"
"512030","0.5","1","8","0","えー？　ちゃんイオ真面目すぎ！\nおせちも美味しいし\n楽しまなきゃソンだよ。ねー？","0","11","0","101611","512"
"512031","","","1","","nop_talk_joy1","0.2","3","","101611","512"
"512032","","","","","","","91","","512030","512"
"512033","","","1","","nop_idle_joy_normal","0.2","3","","101611","512"
"512034","","0","0","","vo_drama_10082012_005","","21","","vo_drama_10082012","512"
"512035","0.5","1","8","0","新しい年を乗り切るために\n大人にはこういう\n息抜きも必要なのよ。\n……たぶん。","0","11","0","105011","512"
"512036","","","1","","nop_talk_thinking","0.2","3","","105011","512"
"512037","","","","","1","","93","","4.5","512"
"512038","","","1","","nop_talk_worry","0.2","3","","105011","512"
"512039","","","","","","","91","","512035","512"
"512040","","","1","","nop_idle_normal","0.2","3","","105011","512"
"512041","","0","0","","vo_drama_10082012_006","","21","","vo_drama_10082012","512"
"512042","0.5","1","8","0","新しい年と言えば\nみんな、冬休みの宿題は\nちゃんとしているかしら？\n先生、新学期を楽しみにしてるわね。","0","11","0","101831","512"
"512043","","","1","","nop_talk_normal","0.2","3","","101831","512"
"512044","","","","","1","","93","","4.5","512"
"512045","","","1","","nop_talk_joy1","0.2","3","","101831","512"
"512046","","","1","","nop_12_misaki_stop","5","3","","105011","512"
"512047","","","1","","nop_12_suzuna_stop2","5","3","","101611","512"
"512048","","","","","","","91","","512042","512"
"512049","","","1","","nop_idle_joy1","0.2","3","","101831","512"
"512050","0","1","1.5","0","12","0","12","0","105011","512"
"512051","0","1","1.5","0","12","0","12","0","101611","512"
"512052","","","","","","","91","","0","512"
"512053","","0","0","","vo_drama_10082012_007","","21","","vo_drama_10082012","512"
"512054","0.5","1","8","0","しゅく……だい……？\nえ？　あったっけ？　スズナ？","0","11","0","105011","512"
"512055","","","1","","nop_talk_surprise2","0.2","3","","105011","512"
"512056","","","1","","nop_idle_surprise2","0.2","3","","101611","512"
"512057","","","","","1","","93","","2","512"
"512058","","","1","","nop_idle_sad3","0.2","3","","101611","512"
"512059","","","","","1","","93","","1","512"
"512060","","","1","","nop_talk_worry","0.2","3","","105011","512"
"512061","","","","","","","91","","512054","512"
"512062","","","1","","nop_idle_worry","0.2","3","","105011","512"
"512063","","0","0","","vo_drama_10082012_008","","21","","vo_drama_10082012","512"
"512064","0.5","1","8","0","……ヒデサーイ！\nあとでミサキっちもまぜて\n宿題教えて～！","0","11","0","101611","512"
"512065","","","1","","nop_talk_tsun_pain","0.2","3","","101611","512"
"512066","","","","","1","","93","","3","512"
"512067","","","1","","nop_12_suzuna_talk_wish","0.2","3","","101611","512"
"512068","","","","","1","","93","","0.5","512"
"512069","","","1","","nop_12_suzuna_idle_wish","0.2","3","","105011","512"
"512070","","","","","","","91","","512064","512"
"512071","","","1","","nop_12_suzuna_idle_wish","0.2","3","","101611","512"
"512072","","","","","0","","93","","0.5","512"
"512073","","","","","0","","93","","0.5","512"
"513001","nop_idle_normal","150","104","1","105331","1.95","1","-255","1","513"
"513002","nop_idle_joy1","-100","103","1","104511","1.95","1","-280","1","513"
"513003","nop_idle_guts2","-330","101","0","103031","1.95","1","-180","1","513"
"513004","nop_idle_thinking","-500","102","0","100811","1.95","1","-270","1","513"
"513005","nop_idle_sad","600","105","1","105511","1.95","1","-255","1","513"
"513006","","","","","0","","93","","0.5","513"
"513007","","0","0","","vo_drama_10082013_001","","21","","vo_drama_10082013","513"
"513008","0.5","1","5","0","あけましておめでとう！\nお招きにあずかり参上したぞ！\nってこらみんな！\nちゃんと整列しないか！","0","11","0","105331","513"
"513009","","nop_13_monica_talk_doya_loop","0","0.2","nop_13_monica_talk_doya","0.2","3","1","105331","513"
"513010","","","","","1","","93","","5","513"
"513011","","","1","","nop_talk_anger2","0.2","3","","105331","513"
"513012","","","","","","","91","","513008","513"
"513013","","","1","","nop_idle_anger2","0.2","3","","105331","513"
"513014","","","1","","nop_walk_glad","0.2","3","","104511","513"
"513015","","1.9","-255","","-150","","2","","104511","513"
"513016","","","","","","","93","","0.3","513"
"513017","","","1","","nop_run","0.2","3","","103031","513"
"513018","","1.6","-225","","-300","","2","","103031","513"
"513019","","","","","","","93","","0.3","513"
"513020","","","1","","nop_walk_knmn","0.2","3","","105511","513"
"513021","","1.3","-270","","400","","2","","105511","513"
"513022","","","","","","","93","","0.3","513"
"513023","","","1","","nop_walk_kyapi","0.2","3","","100811","513"
"513024","","1","-255","","-450","","2","","100811","513"
"513025","","nop_idle_doya","0","0.2","nop_talk_doya","0.2","3","1","105331","513"
"513026","","","","","","","91","","513024","513"
"513027","","","","","0","","4","","104511","513"
"513028","","","1","","nop_idle_normal","0.2","3","","104511","513"
"513029","","","1","","nop_idle_normal","0.2","3","","103031","513"
"513030","","","1","","nop_idle_normal","0.2","3","","105511","513"
"513031","","","1","","nop_idle_normal","0.2","3","","100811","513"
"513032","","","","","","","91","","513015","513"
"513033","","0","0","","vo_drama_10082013_002","","21","","vo_drama_10082013","513"
"513034","0.5","1","5","0","ショーグン！　アケオメデース！\nトーゴクのオセチがこんなにタクサン！\nまさに極楽デース！","0","11","0","103031","513"
"513035","","","1","","nop_talk_joy1","0.2","3","","103031","513"
"513036","","","","","1","","93","","3","513"
"513037","","","1","","nop_talk_joy2","0.2","3","","103031","513"
"513038","","","","","1","","93","","3.5","513"
"513039","","","1","","nop_talk_memory","0.2","3","","103031","513"
"513040","","","","","","","91","","513034","513"
"513041","","","1","","nop_idle_memory2","0.2","3","","103031","513"
"513042","","0","0","","vo_drama_10082013_003","","21","","vo_drama_10082013","513"
"513043","0.5","1","5","0","ふふ。ボクを呼んでくれて正解だよ。\nこの新年の晴れやかな日にこそ\nボクの輝く美貌が必要だからね！","0","11","0","100811","513"
"513044","","","1","","nop_talk_thinking","0.2","3","","100811","513"
"513045","","","","","","","91","","513043","513"
"513046","","","1","","nop_idle_thinking","0.2","3","","100811","513"
"513047","","0","0","","vo_drama_10082013_004","","21","","vo_drama_10082013","513"
"513048","0.5","1","5","0","クウカはこんな新年早々に\n豪華な料理とたくさんの人の前で\nドSさんに弄ばれ辱めを……！\nぐふふ……ぐふふふふ。","0","11","0","104511","513"
"513049","","","1","","nop_13_kuka_talk_memory1","0.2","3","","104511","513"
"513050","","","","","","","91","","513048","513"
"513051","","","1","","nop_13_kuka_idle_memory1","0.2","3","","104511","513"
"513052","","0","0","","vo_drama_10082013_005","","21","","vo_drama_10082013","513"
"513053","0.5","1","5","0","これだけの人数に会うのは\nギルドレースの祝賀会以来か。\n貴公の人望にはおそれいるな。","0","11","0","105331","513"
"513054","","","1","","nop_talk_wish","0.2","3","","105331","513"
"513055","","","","","1","","93","","5","513"
"513056","","nop_13_monica_talk_arm_crossed_loop","0","0.2","nop_13_monica_talk_arm_crossed","0.2","3","1","105331","513"
"513057","","","","","","","91","","513053","513"
"513058","","","1","","nop_13_monica_idle_arm_crossed","0.2","3","","105331","513"
"513059","","0","0","","vo_drama_10082013_006","","21","","vo_drama_10082013","513"
"513060","0.5","1","6","0","この場にいるたくさんの人たちに\nボクの美しさを届けられるのは\nキミのおかげだよ。","0","11","0","100811","513"
"513061","","nop_13_yuki_pose_loop","0","0.2","nop_13_yuki_pose","0.2","3","1","100811","513"
"513062","","","","","1","","93","","5","513"
"513063","","","1","","nop_13_yuki_pose2_loop","0.2","3","","100811","513"
"513064","","","","","","","91","","513060","513"
"513065","","","1","","nop_13_yuki_pose3_loop","0.2","3","","100811","513"
"513066","","0","0","","vo_drama_10082013_007","","21","","vo_drama_10082013","513"
"513067","0.5","1","6","0","ああ！　みなさんからの視線が\nクウカに、クウカに……！\nいったいどうなってしまうんでしょう！","0","11","0","104511","513"
"513068","","","1","","nop_13_kuka_talk_memory2","0.2","3","","104511","513"
"513069","","","","","","","91","","513067","513"
"513070","","","1","","nop_13_kuka_idle_memory2","0.2","3","","104511","513"
"513071","","0","0","","vo_drama_10082013_008","","21","","vo_drama_10082013","513"
"513072","0.5","1","5","0","さすがショーグン。\nこれなら天下統一も目前デス！","0","11","0","103031","513"
"513073","","","1","","nop_talk_joy1","0.2","3","","103031","513"
"513074","","","","","","","91","","513072","513"
"513075","","","1","","nop_idle_joy1","0.2","3","","103031","513"
"513076","","0","0","","vo_drama_10082013_009","","21","","vo_drama_10082013","513"
"513077","0.5","1","6","0","新年といういい機会だ。\n今年の抱負を発表しようじゃないか。","0","11","0","105331","513"
"513078","","","1","","nop_talk_normal","0.2","3","","105331","513"
"513079","","","","","","","91","","513077","513"
"513080","","","1","","nop_idle_normal","0.2","3","","105331","513"
"513081","","0","0","","vo_drama_10082013_010","","21","","vo_drama_10082013","513"
"513082","0.5","1","5","0","私はもちろん魔法……ではなく、\n立派な司令官になることだ！\nみんなはどうだ？","0","11","0","105331","513"
"513083","","","1","","nop_talk_thinking","0.2","3","","105331","513"
"513084","","","","","1","","93","","2.5","513"
"513085","","","1","","nop_talk_surprise2","0.2","3","","105331","513"
"513086","","","","","1","","93","","1","513"
"513087","","nop_talk_doya_loop","0","0.2","nop_talk_doya","0.2","3","1","105331","513"
"513088","","","","","1","","93","","2.75","513"
"513089","","","1","","nop_talk_joy1","0.2","3","","105331","513"
"513090","","","1","","nop_idle_normal_joy","0.2","3","","105511","513"
"513091","","","","","","","91","","513082","513"
"513092","","","1","","nop_idle_joy1","0.2","3","","105331","513"
"513093","","0","0","","vo_drama_10082013_011","","21","","vo_drama_10082013","513"
"513094","0.5","1","6","0","そんなことよりさ。\nボクってお正月でも美しいよねー\nお正月がめでたいから……ううん、\nむしろボクがお正月をめでたくしてる？","0","11","0","100811","513"
"513095","","","1","","nop_talk_thinking","0.2","3","","100811","513"
"513096","","","","","1","","93","","2","513"
"513097","","","1","","nop_idle_normal_suprise1","0.2","3","","105511","513"
"513098","","","","","1","","93","","2","513"
"513099","0","1","1","0","12","0","12","0","105331","513"
"513100","","","1","","nop_idle_normal_bitter","0.2","3","","105331","513"
"513101","","nop_talk_arm_crossed_loop2","0","0.2","nop_13_yuki_pose4","0.5","3","1","100811","513"
"513102","","","","","1","","93","","4.5","513"
"513103","","","1","","nop_talk_memory","0.2","3","","100811","513"
"513104","","","","","","","91","","513094","513"
"513105","","","1","","nop_idle_memory2","0.2","3","","100811","513"
"513106","","","","","1","","4","","103031","513"
"513107","","","1","","nop_talk_surprise1","0.2","3","","103031","513"
"513108","0","1","0.1","0","4","0","12","0","103031","513"
"513109","","","","","","","91","","513108","513"
"513110","","","","","","","91","","513099","513"
"513111","","0","0","","vo_drama_10082013_012","","21","","vo_drama_10082013","513"
"513112","0.5","1","5","0","ヤヤッ！\nあれはルカのアネゴの釣ったオサカナ！\nキット食べればシュッセウオ！\nサムライマスターに近付けるデス！","0","11","0","103031","513"
"513113","","","","","1","","93","","5","513"
"513114","0","1","1","0","1","0","12","0","105331","513"
"513115","","","1","","nop_idle_normal_sad","0.2","3","","105331","513"
"513116","","","","","1","","93","","0","513"
"513117","","","1","","nop_talk_joy2","0.2","3","","103031","513"
"513118","","","","","","","91","","513112","513"
"513119","0","1","2","0","6","0","12","0","103031","513"
"513120","","","1","","nop_run","0.2","3","","103031","513"
"513121","","5","-225","","-1350","","2","0","103031","513"
"513122","","","","","","","91","","513114","513"
"513123","","0","0","","vo_drama_10082013_013","","21","","vo_drama_10082013","513"
"513124","1.75","1","5","0","ああ、今年はいったいどんな辱めが\nクウカをまってるんでしょうか……\nああ、考えただけで\nクウカは、クウカは……！","0","11","0","104511","513"
"513125","","","1","","nop_talk_memory","0.2","3","","104511","513"
"513126","","","","","1","","93","","7","513"
"513127","0","1","1","0","17","0","12","0","105331","513"
"513128","","","1","","nop_idle_jitome","0.2","3","","105331","513"
"513129","","","","","1","","93","","0.5","513"
"513130","","nop_13_kuka_down_loop","0","0.2","nop_13_kuka_down_in","0.2","3","1","104511","513"
"513131","","","","","","","91","","513124","513"
"513132","","","","","","","91","","513127","513"
"513133","","0","0","","vo_drama_10082013_014","","21","","vo_drama_10082013","513"
"513134","0.5","1","4","0","みんな全然聞いてない……\nだが私はくじけないぞ！\n必ずやみんなを率いて立派な……\nん？　そういえば一人足りない気が……","0","11","0","105331","513"
"513135","","","1","","nop_talk_sad3","0.2","3","","105331","513"
"513136","","","","","1","","93","","3.5","513"
"513137","","nop_talk_guts3_loop","0","0.2","nop_talk_guts3","0.2","3","1","105331","513"
"513138","","","","","1","","93","","3.5","513"
"513139","","","1","","nop_talk_sad2_cry","0.2","3","","105331","513"
"513140","","","","","1","","93","","3.5","513"
"513141","","","1","","nop_talk_sad","0.2","3","","105331","513"
"513142","","","","","","","91","","513134","513"
"513143","","","1","","nop_idle_sad","0.2","3","","105331","513"
"513144","","0","0","","vo_drama_10082013_015","","21","","vo_drama_10082013","513"
"513145","3","1","4","0","こ、ここにいますー！\nあの……先輩！　今年は引っ込み思案を\n少しでも改善したいので……ええと……\n本年もよろしくお願いしまひゅっ！","0","11","0","105511","513"
"513146","","","1","","nop_run_sad","0.2","3","","105511","513"
"513147","","1","-275","","350","","2","","105511","513"
"513148","","","","","","","91","","0","513"
"513149","","","","","0","","4","","105331","513"
"513150","","","1","","nop_idle_surprise1","0.2","3","","105331","513"
"513151","","","2","","4","40","12","","105331","513"
"513152","","","1","","nop_13_ayumi_talk_sad","0.2","3","","105511","513"
"513153","","","","","1","","93","","7","513"
"513154","","","1","","nop_look_talk_wish","0.2","3","","105511","513"
"513155","","","","","1","","93","","7.5","513"
"513156","","","1","","nop_13_ayumi_talk_guts2_loop","0.2","3","","105511","513"
"513157","","","","","","","91","","513145","513"
"513158","","","","","0","","93","","0.5","513"
"514001","nop_idle_normal","150","102","1","106831","1.95","1","-235","1","514"
"514002","nop_idle_normal","-100","101","0","101131","1.95","1","-235","1","514"
"514003","NoItem","-100","104","0","1","1.95","5","-235","1","514"
"514004","nop_idle_normal","-250","100","0","104931","1.95","1","-215","1","514"
"514005","NoItem","-250","103","0","2","1.95","5","-215","1","514"
"514006","","","","","0","","93","","0.5","514"
"514007","","0","0","","vo_drama_10082014_001","","21","","vo_drama_10082014","514"
"514008","0.5","1","8","0","やあ少年。あけましておめでとう。\nこうして新たな年を迎えられたこと\nうれしく思うよ。","0","11","0","106831","514"
"514009","","nop_talk_joy1","0","0.2","nop_look_smile","0.2","3","1","106831","514"
"514010","","","","","1","","93","","2.4","514"
"514011","","","1","","nop_talk_thinking","0.2","3","1","106831","514"
"514012","","","","","","","91","","514008","514"
"514013","","","1","","nop_idle_arm_crossed","0.2","3","","106831","514"
"514014","","0","0","","vo_drama_10082014_002","","21","","vo_drama_10082014","514"
"514015","0.5","1","8","0","お兄ちゃん、近眼新年です！\n今年も妹としてよろしくお願いしま……","0","11","0","101131","514"
"514016","","nop_14_rino_look_talk_joy4","0","0.2","nop_look_smile","0.2","3","1","101131","514"
"514017","","","1","","nop_14_shizur_arm_crossed","0.2","3","","104931","514"
"514018","","","","","1","","93","","2.5","514"
"514019","","nop_14_rino_headbutt_loop","0","0","nop_14_rino_headbutt","0.2","3","1","101131","514"
"514020","","nop_14_rino_headbutt_loop","0","0","nop_14_rino_headbutt","0","3","1","1","514"
"514021","","","0","","nop_14_shizuru_headbutt","0","3","","104931","514"
"514022","","","0","","nop_14_shizuru_headbutt","0","3","","2","514"
"514023","","","1","","nop_idle_arm_crossed2","0.2","3","","106831","514"
"514024","","","","","","","91","","514015","514"
"514025","","0","0","","vo_drama_10082014_003","","21","","vo_drama_10082014","514"
"514026","0.5","1","8","0","弟くん！\nちゃんとおせち食べてる？\nお姉ちゃんが食べさせてあげるね！","0","11","0","104931","514"
"514027","","","1","","nop_14_shizuru_talk_joy","0","3","","104931","514"
"514028","","","0","","NoItem","0","3","","2","514"
"514029","","","","","1","","93","","2.5","514"
"514030","","","1","","nop_14_shizuru_talk_memory","0.2","3","","104931","514"
"514031","","","","","","","91","","514026","514"
"514032","","0","0","","vo_drama_10082014_004","","21","","vo_drama_10082014","514"
"514033","0.5","1","8","0","シズルお姉ちゃん！\n私も！　私もお世話します！\n妹にもその権利はあるんですよ！","0","11","0","101131","514"
"514034","","","","","1","","4","","101131","514"
"514035","","","","","1","","4","","1","514"
"514036","","nop_shock_loop","0","","nop_shock_in","0","3","1","101131","514"
"514037","","","0","","NoItem","0","3","","1","514"
"514038","","","","","1","","93","","1.1","514"
"514039","","nop_talk_guts3_loop","0","0","nop_talk_guts3_NoBlink","0.2","3","1","101131","514"
"514040","","","","","","","91","","514033","514"
"514041","","0","0","","vo_drama_10082014_005","","21","","vo_drama_10082014","514"
"514042","0.5","1","8","0","おっと……\nこらこら、二人とも。\nせっかくの正月なんだ。\n仲良くしないとだめだよ？","0","11","0","106831","514"
"514043","","","1","","nop_talk_surprise1","0.2","3","","106831","514"
"514044","","","","","1","","93","","1","514"
"514045","","","1","","nop_talk_joy1_sad","0.2","3","","106831","514"
"514046","","","","","","","91","","514042","514"
"514047","","","1","","nop_idle_normal","0.2","3","","106831","514"
"514048","","0","0","","vo_drama_10082014_006","","21","","vo_drama_10082014","514"
"514049","0.5","1","8","0","弟くん！\nはいこれ、美味しいよ。\nあーん！","0","11","0","104931","514"
"514050","","","1","","nop_14_shizuru_talk_joy","0.2","3","","104931","514"
"514051","","","","","","","93","","1","514"
"514052","","nop_14_shizuru_feed_loop","0","0","nop_14_shizuru_feed_in","0.2","3","1","104931","514"
"514053","","nop_14_shizuru_feed_loop","0","0","nop_14_shizuru_feed_in","0","3","1","2","514"
"514054","","","","","","","91","","514049","514"
"514055","","0","0","","vo_drama_10082014_007","","21","","vo_drama_10082014","514"
"514056","0.5","1","8","0","あーー！\nお兄ちゃん！\nこっちも美味しかったですよ！\nどうぞ！","0","11","0","101131","514"
"514057","","","1","","nop_talk_anger2","0.2","3","","101131","514"
"514058","","","","","1","","93","","1","514"
"514059","","","1","","nop_14_rino_look_talk_joy4","0.2","3","","101131","514"
"514060","","","","","1","","93","","1","514"
"514061","","nop_14_rino_feed_loop","0","0","nop_14_rino_feed_in","0.2","3","1","101131","514"
"514062","","nop_14_rino_feed_loop","0","0","nop_14_rino_feed_in","0","3","1","1","514"
"514063","","","","","","","91","","514056","514"
"514064","","0","0","","vo_drama_10082014_008","","21","","vo_drama_10082014","514"
"514065","0.5","1","8","0","大丈夫かい？\nははっ、キミのまわりは\n相変わらず賑やかだね。\n少なくとも退屈はしなくてよさそうだ。","0","11","0","106831","514"
"514066","","","1","","nop_talk_bitter","0.2","3","","106831","514"
"514067","","","","","1","","93","","4","514"
"514068","","nop_talk_arm_crossed_loop_joy","0","0","nop_talk_arm_crossed_joy","0.2","3","1","106831","514"
"514069","","","","","","","91","","514065","514"
"514070","","","","","0","","93","","0.5","514"
"515001","nop_idle_joy1","150","105","1","102931","1.95","1","-270","1","515"
"515002","nop_idle_wish","-150","103","0","104211","1.95","1","-255","1","515"
"515003","nop_15_tsumugi_idle_arm_crossed","-300","104","0","105411","1.95","1","-275","1","515"
"515004","","","","","0","","93","","0.5","515"
"515005","","0","0","","vo_drama_10082015_001","","21","","vo_drama_10082015","515"
"515006","0.5","1","6","0","あけましておめでとう！\nカルミナ新年ライブにようこそ！\n……じゃなくて、呼んでもらったのは\n私たちのほうだったね。ごめん！","0","11","0","102931","515"
"515007","","","1","","nop_15_nozomi_talk_joy","0.2","3","","102931","515"
"515008","","","","","1","","93","","2.5","515"
"515009","","nop_15_nozomi_start_loop","0","0.2","nop_15_nozomi_start","0.2","3","1","102931","515"
"515010","","","","","1","","93","","3","515"
"515011","","","1","","nop_talk_bitter","0.2","3","","102931","515"
"515012","","","","","","","91","","515006","515"
"515013","","","","","1","","93","","0.2","515"
"515014","","","1","","nop_idle_bitter","0.2","3","","102931","515"
"515015","","0","0","","vo_drama_10082015_002","","21","","vo_drama_10082015","515"
"515016","0.5","1","5","0","もう、ノゾミってば。\nすみません、先ほどまで\nリハーサルをしていたので……\n今日はお招きありがとうございます。","0","11","0","104211","515"
"515017","","","1","","nop_talk_worry","0.2","3","","104211","515"
"515018","","","","","1","","93","","3","515"
"515019","","","1","","nop_talk_wish4","0.2","3","","104211","515"
"515020","","","","","1","","93","","5","515"
"515021","","","1","","nop_talk_joy3","0.2","3","","104211","515"
"515022","","","","","1","","93","","1.5","515"
"515023","","nop_idle_normal","0","0.2","nop_bow2","0.2","3","1","104211","515"
"515024","","","","","","","91","","515016","515"
"515025","","0","0","","vo_drama_10082015_003","","21","","vo_drama_10082015","515"
"515026","0.5","1","7","0","まったく、騎士さんは\n誘ってくるのが急なんですから。\nアイドルは年末年始も\nスケジュールいっぱいなんですよ？","0","11","0","105411","515"
"515027","","","1","","nop_talk_sad2","0.2","3","","105411","515"
"515028","","","","","1","","93","","4.5","515"
"515029","","","1","","nop_talk_anger","0.2","3","","105411","515"
"515030","","","","","","","91","","515026","515"
"515031","","","1","","nop_idle_anger","0.2","3","","105411","515"
"515032","","0","0","","vo_drama_10082015_004","","21","","vo_drama_10082015","515"
"515033","0.5","1","8","0","ふふっ。お誘いを受けてから\nまっさきに『行きましょう！』　\nって言ったのはツムギなのにね。","0","11","0","102931","515"
"515034","","","1","","nop_talk_bitter","0.2","3","","102931","515"
"515035","","","","","1","","93","","1.5","515"
"515036","","","1","","nop_talk_thinking","0.2","3","","102931","515"
"515037","","","","","","","91","","515033","515"
"515038","","","1","","nop_idle_thinking","0.2","3","","102931","515"
"515039","","0","0","","vo_drama_10082015_005","","21","","vo_drama_10082015","515"
"515040","0.5","1","6","0","ノ、ノゾミさん！\nそれは、レイ様も来られるんじゃないか\nって思っただけですから！","0","11","0","105411","515"
"515041","","","1","","nop_talk_surprise2","0.2","3","","105411","515"
"515042","","","","","1","","93","","1.75","515"
"515043","","","1","","nop_talk_anger2","0.2","3","","105411","515"
"515044","","","","","","","91","","515040","515"
"515045","","","1","","nop_idle_anger2","0.2","3","","105411","515"
"515046","","0","0","","vo_drama_10082015_006","","21","","vo_drama_10082015","515"
"515047","0.5","1","7","0","確かに沢山の人が来られてますね。\nプロデューサーさんも\n楽しそうにしてました。","0","11","0","104211","515"
"515048","","","1","","nop_talk_wish","0.2","3","","104211","515"
"515049","","","","","","","91","","515047","515"
"515050","","","1","","nop_idle_wish","0.2","3","","104211","515"
"515051","","0","0","","vo_drama_10082015_007","","21","","vo_drama_10082015","515"
"515052","0.5","1","6","0","こんなに人が集まったのも\nきっとキミの人望だね。","0","11","0","102931","515"
"515053","","","1","","nop_15_nozomi_talk_joy","0.2","3","","102931","515"
"515054","","","","","","","91","","515052","515"
"515055","","","1","","nop_idle_joy1","0.2","3","","102931","515"
"515056","","0","0","","vo_drama_10082015_008","","21","","vo_drama_10082015","515"
"515057","0.5","1","7","0","そういえばさっきプロデューサーが\nこの会場に来てる連中を\n今度のライブに呼んでやったらどうだ\nって言ってましたけど……","0","11","0","105411","515"
"515058","","","1","","nop_talk_surprise1","0.2","3","","105411","515"
"515059","","","","","1","","93","","2","515"
"515060","","","1","","nop_talk_thinking","0.5","3","","105411","515"
"515061","","","","","1","","93","","5","515"
"515062","","","1","","nop_talk_surprise1","0.2","3","","105411","515"
"515063","","","","","","","91","","515057","515"
"515064","","","1","","nop_idle_surprise1","0.2","3","","105411","515"
"515065","","0","0","","vo_drama_10082015_009","","21","","vo_drama_10082015","515"
"515066","0.5","1","5","0","それいいね！\n迷惑じゃないならぜひ招待したいな。\nみんなはどう？","0","11","0","102931","515"
"515067","","","1","","nop_talk_joy2","0.2","3","","102931","515"
"515068","","","","","1","","93","","2","515"
"515069","","","1","","nop_talk_normal","0.2","3","","102931","515"
"515070","","","","","","","91","","515066","515"
"515071","","","1","","nop_idle_normal","0.2","3","","102931","515"
"515072","","0","0","","vo_drama_10082015_010","","21","","vo_drama_10082015","515"
"515073","0.5","1","7","0","私もお招きしたいです。\n素敵な新年会に呼んでいただいた\nお礼がしたいですから。","0","11","0","104211","515"
"515074","","","1","","nop_talk_joy1","0.2","3","","104211","515"
"515075","","","","","1","","93","","2.25","515"
"515076","","","1","","nop_talk_wish","0.2","3","","104211","515"
"515077","","","","","","","91","","515073","515"
"515078","","","1","","nop_idle_wish","0.2","3","","104211","515"
"515079","","0","0","","vo_drama_10082015_011","","21","","vo_drama_10082015","515"
"515080","0.5","1","6","0","そうなると次のライブも\n完璧にやりますよ。\nレイ様も呼ぶんですからね！","0","11","0","105411","515"
"515081","","nop_talk_guts2_loop","0","0.2","nop_talk_guts2","0.2","3","1","105411","515"
"515082","","","","","1","","93","","3.5","515"
"515083","","nop_talk_doya_loop","0","0.2","nop_talk_doya","0.2","3","1","105411","515"
"515084","","","","","","","91","","515080","515"
"515085","","","1","","nop_idle_doya","0.2","3","","105411","515"
"515086","","0","0","","vo_drama_10082015_012","","21","","vo_drama_10082015","515"
"515087","0.5","1","6","0","やる気十分だね！\nじゃあ帰ったらさっそく\nリハーサルの続きをしよう！","0","11","0","102931","515"
"515088","","","1","","nop_talk_joy2","0.2","3","","102931","515"
"515089","","","","","1","","93","","2","515"
"515090","","","1","","nop_talk_joy1","0.2","3","","102931","515"
"515091","","","","","","","91","","515087","515"
"515092","","","1","","nop_idle_joy1","0.2","3","","102931","515"
"515093","","0","0","","vo_drama_10082015_013","","21","","vo_drama_10082015","515"
"515094","0.5","1","7","0","新しい年の始まりに相応しい\n素敵なライブにしてみせます。","0","11","0","104211","515"
"515095","","","1","","nop_talk_joy3_blink","0.2","3","","104211","515"
"515096","","","","","","","91","","515094","515"
"515097","","","1","","nop_idle_joy1","0.2","3","","104211","515"
"515098","","0","0","","vo_drama_10082015_014","","21","","vo_drama_10082015","515"
"515099","0.5","1","8","0","完璧なステージを\nお見せしますから。\n期待しててください。","0","11","0","105411","515"
"515100","","nop_15_tsumugi_talk_arm_crossed_loop","0","0.2","nop_15_tsumugi_talk_arm_crossed","0.2","3","1","105411","515"
"515101","","","","","1","","93","","2.5","515"
"515102","","","1","","nop_talk_arm_crossed_loop_joy","0.2","3","","105411","515"
"515103","","","","","","","91","","515099","515"
"515104","","","1","","nop_idle_arm_crossed_joy","0.2","3","","105411","515"
"515105","","0","0","","vo_drama_10082015_015","","21","","vo_drama_10082015","515"
"515106","0.5","1","6","0","今年も私たちカルミナは\n全力でアイドルするから！\n見逃しちゃ、だめだよ♪","0","11","0","102931","515"
"515107","","","1","","nop_talk_joy2","0.2","3","","102931","515"
"515108","","","","","","","93","","3","515"
"515109","","nop_talk_joy1_wink","0","0.2","nop_15_cmn_last","0.2","3","1","102931","515"
"515110","","","","","","","91","","515106","515"
"515111","","nop_idle_guts4","0","0.2","nop_talk_guts4","0.2","3","1","102931","515"
"515112","","","","","","","93","","0.2","515"
"515113","","nop_idle_guts2","0","0.2","nop_talk_guts2","0.2","3","1","104211","515"
"515114","","","","","","","93","","0.1","515"
"515115","","nop_idle_guts2","0","0.2","nop_talk_guts2","0.2","3","1","105411","515"
"515116","","","","","0","","93","","1","515"
"516001","nop_idle_normal","150","105","1","106731","1.95","1","-255","1","516"
"516002","nop_idle_joy2","-150","101","0","106631","1.95","1","-255","1","516"
"516003","nop_16_kaya_idle_normal2","-300","104","0","106531","1.95","1","-275","1","516"
"516004","nop_rago_idle","230","106","1","2","1.95","5","-255","1","516"
"516005","NoItem_idle","150","106","1","22","1.95","5","-255","1","516"
"516006","NoItem","150","100","1","23","1.95","5","-255","1","516"
"516007","","1","1","0","1","0","6","0","23","516"
"516008","","1","1","0","1","0","6","0","22","516"
"516009","","","","","0","","93","","0.5","516"
"516010","","","1","","nop_talk_joy2","0.2","3","","106631","516"
"516011","","0","0","","vo_drama_10082016_001","","21","","vo_drama_10082016","516"
"516012","0.5","1","8","0","さあお兄さん！　あけおめですよ！\nお年玉をよこすです！","0","11","0","106631","516"
"516013","","","","","1","","93","","2.2","516"
"516014","","nop_16_inori_talk_doya_loop","0","0","nop_16_inori_talk_doya","0.2","3","1","106631","516"
"516015","","","","","","","91","","516012","516"
"516016","","","1","","nop_16_inori_idle_doya","0.2","3","","106631","516"
"516017","","","1","","nop_16_kaya_talk_normal","0.2","3","","106531","516"
"516018","","0","0","","vo_drama_10082016_002","","21","","vo_drama_10082016","516"
"516019","0.5","1","8","0","こーら、イノリ。\nなに新年早々みっともない\n真似してんだよ。\nボスも何か言ってくれよ。","0","11","0","106531","516"
"516020","","","","","1","","93","","4","516"
"516021","","nop_16_kaya_talk_normal2_loop","0","0","nop_16_kaya_talk_normal2","0.2","3","1","106531","516"
"516022","","","","","","","91","","516019","516"
"516023","","","1","","nop_16_kaya_idle_normal2","0.2","3","","106531","516"
"516024","","","1","","nop_talk_joy1","0.2","3","","106731","516"
"516025","","0","0","","vo_drama_10082016_003","","21","","vo_drama_10082016","516"
"516026","0.5","1","8","0","それにしてもすごいよね～\nこの会場には有力ギルドのマスター\nだけじゃなくて七冠に王女まで\n来てるんだもん。","0","11","0","106731","516"
"516027","","","","","","","91","","516026","516"
"516028","","","1","","nop_idle_joy1","0.2","3","","106731","516"
"516029","","nop_16_inori_talk_nofaith_loop","0","0","nop_16_inori_talk_nofaith","0.2","3","1","106631","516"
"516030","","0","0","","vo_drama_10082016_004","","21","","vo_drama_10082016","516"
"516031","0.5","1","8","0","なんか物騒なこと考えてやがるですよ？\nあたしじゃなくてこっちを\nなんとかすべきじゃないですか？\nマツリたちに突き出してやるです！！","0","11","0","106631","516"
"516032","","","","","1","","93","","4","516"
"516033","","nop_16_inori_talk_guts_loop","0","0","nop_16_inori_talk_guts","0.2","3","1","106631","516"
"516034","","","","","","","91","","516031","516"
"516035","","","1","","nop_16_inori_idle_guts","0.2","3","","106631","516"
"516036","","","1","","nop_talk_normal","0.2","3","","106731","516"
"516037","","0","0","","vo_drama_10082016_005","","21","","vo_drama_10082016","516"
"516038","0.5","1","8","0","イノリちゃんひどいな～\nそんなみんなと力を合わせて\n世界の秘密を明かしていこ～！\nって意味だよ？","0","11","0","106731","516"
"516039","","","","","1","","93","","4","516"
"516040","","nop_talk_guts2_loop","0","0","nop_talk_guts2","0.2","3","1","106731","516"
"516041","","","","","","","91","","516038","516"
"516042","","","1","","nop_idle_wish","0.2","3","","106731","516"
"516043","","","1","","nop_16_homare_idle_wish","0.2","3","","22","516"
"516044","","","1","","nop_talk_sad","0.2","3","","106631","516"
"516045","","0","0","","vo_drama_10082016_006","","21","","vo_drama_10082016","516"
"516046","0.5","1","8","0","そんなうさんくさいこと\n信用できるわけ……\nぴゃあっ！　目ッ！\n目を開けないでほしいですっ！","0","11","0","106631","516"
"516047","","","","","1","","93","","3.4","516"
"516048","","","1","","BlackFade","0","3","","23","516"
"516049","","1","1","0","1","0.2","6","0.5","23","516"
"516050","","","","","1","","93","","0.2","516"
"516051","","1","1","0","1","0","6","1","22","516"
"516052","","nop_16_homare_idle_kaigan_wish","0","0.2","nop_16_homare_talk_kaigan_wish","0.2","3","1","22","516"
"516053","","nop_16_homare_idle_kaigan_wish","0","0.2","nop_16_homare_talk_kaigan_wish","0.2","3","1","106731","516"
"516054","","nop_talk_surprise2","0","0.2","nop_surprise","0.2","3","1","106631","516"
"516055","","","","","0","","93","","1","516"
"516056","","1","1","0","1","0.2","6","0","23","516"
"516057","","","","","","","91","","516046","516"
"516058","","","1","","nop_idle_surprise2","0.2","3","","106631","516"
"516059","","nop_15_tsumugi_talk_arm_crossed_loop","0","0","nop_15_tsumugi_talk_arm_crossed","0.2","3","1","106531","516"
"516060","","0","0","","vo_drama_10082016_007","","21","","vo_drama_10082016","516"
"516061","0.5","1","8","0","はぁ……うちは年が明けても\n相変わらず、って感じだな。\nま、今年もよろしく頼むよ。","0","11","0","106531","516"
"516062","","","","","1","","93","","4","516"
"516063","","nop_16_inori_talk_doya_loop","0","0","nop_16_inori_talk_doya","0.2","3","1","106531","516"
"516064","","","","","","","91","","516061","516"
"516065","","","1","","nop_16_inori_idle_doya","0.2","3","","106531","516"
"516066","","","","","0","","93","","0.5","516"
"517001","nop_idle_normal","150","104","1","111031","1.95","1","-225","1","517"
"517002","nop_idle_normal","-150","103","0","110931","1.95","1","-225","1","517"
"517003","nop_17_chloe_idle_normal2","-300","105","0","110831","1.95","1","-255","1","517"
"517004","","","","","0","","93","","0.5","517"
"517005","","0","0","","vo_drama_10082017_001","","21","","vo_drama_10082017","517"
"517006","0.5","1","8","0","きゃあああ～ん！\n無敵の歌姫カルミナちゃんたち筆頭に、\n右も左も美少女ざんまい！\n何なんですか、この顔の良い新年会！","0","11","0","110931","517"
"517007","","nop_idle_normal","0","0.2","nop_17_chieru_swing","0.2","3","1","110931","517"
"517008","","","","","1","","93","","1.5","517"
"517009","","nop_17_chieru_ahahaStand_loop","0","0","nop_17_chieru_ahahaStand_in","0.2","3","1","110931","517"
"517010","","","","","1","","93","","4","517"
"517011","","nop_17_chieru_huhuStand_loop","0","0","nop_17_chieru_huhuStand_in","0.2","3","1","110931","517"
"517012","","","","","","","91","","517006","517"
"517013","","0","0","","vo_drama_10082017_002","","21","","vo_drama_10082017","517"
"517014","0.5","1","8","0","てかメンツ濃いなァ……\nうちら完全にモブじゃん。\nアオイなんか柱に抱きついて\nがたがた震えちゃってるじゃん。","0","11","0","110831","517"
"517015","","nop_17_chloe_talk_normal_sad_loop","0","0","nop_17_chloe_talk_normal_sad","0.2","3","1","110831","517"
"517016","","","","","1","","93","","3.5","517"
"517017","","","1","","nop_talk_worry","0.2","3","","110831","517"
"517018","","","","","","","91","","517014","517"
"517019","","","1","","nop_17_chloe_idle_normal2","0.2","3","","110831","517"
"517020","","0","0","","vo_drama_10082017_003","","21","","vo_drama_10082017","517"
"517021","0.5","1","8","0","それに比してメ団の面々は豪胆だ、\n麦しゅわ煽って大騒ぎとは畏れ入る。\nさすが辣腕の事業家と言ったところか。\nとりわけアキノ君は貴族の出自だしな。","0","11","0","111031","517"
"517022","","","1","","nop_talk_normal_suprise1","0.2","3","","111031","517"
"517023","","","1","","nop_idle_normal_suprise1","0.2","3","","110931","517"
"517024","","","","","1","","93","","2.2","517"
"517025","","","1","","nop_talk_joy1","0.2","3","","111031","517"
"517026","","","","","1","","93","","4.8","517"
"517027","","","1","","nop_talk_joy3_blink2","0.2","3","","111031","517"
"517028","","","","","","","91","","517021","517"
"517029","","","1","","nop_idle_normal","0.2","3","","111031","517"
"517030","","0","0","","vo_drama_10082017_004","","21","","vo_drama_10082017","517"
"517031","0.5","1","8","0","あ、そういえば貴族って、\nなんか教訓みたいのありましたよね？\n家ガチャ当たったオレたち金持ちは\n貧乏庶民を助けるべし、みたいなやつ。","0","11","0","110931","517"
"517032","","","1","","nop_talk_joy1_normal","0.2","3","","110931","517"
"517033","","","","","1","","93","","4.3","517"
"517034","","nop_17_chieru_talk_doya_loop","0","0","nop_17_chieru_talk_doya","0.2","3","1","110931","517"
"517035","","","","","","","91","","517031","517"
"517036","","0","0","","vo_drama_10082017_005","","21","","vo_drama_10082017","517"
"517037","0.5","1","8","0","それだチエル君。\nノブレス・オブリージュ──\n大雑把に換言すれば、アキノ君は我々に\n金銭的援助をほどこす義務がある。","0","11","0","111031","517"
"517038","","nop_17_yuni_talk_nofaith_loop","0","0","nop_17_yuni_talk_nofaith","0.2","3","1","111031","517"
"517039","","","","","1","","93","","3","517"
"517040","","nop_talk_guts2_loop","0","0","nop_talk_guts2","0.2","3","1","111031","517"
"517041","","","","","","","91","","517037","517"
"517042","","0","0","","vo_drama_10082017_006","","21","","vo_drama_10082017","517"
"517043","0.5","1","8","0","あ？　そーなんすか？\nしたら、お年玉もらいに\n行ってあげなきゃ駄目じゃん。","0","11","0","110831","517"
"517044","","","1","","nop_talk_arm_crossed_loop2","0.2","3","","110831","517"
"517045","","","","","1","","93","","1.7","517"
"517046","","nop_17_chloe_talk_normal_joy_loop","0","0","nop_17_chloe_talk_normal_joy","0.2","3","1","110831","517"
"517047","","","1","","nop_idle_joy1","0.2","3","","110931","517"
"517048","","","","","","","91","","517043","517"
"517049","","","1","","nop_17_chloe_idle_normal_joy","0.2","3","","110831","517"
"517050","","0","0","","vo_drama_10082017_007","","21","","vo_drama_10082017","517"
"517051","0.5","1","8","0","てゆか、こんだけ集まってれば、\n貴族とか王族とか\nやんごとない系の人たち、\nもう何人かいるんじゃないです？","0","11","0","110931","517"
"517052","","","1","","nop_talk_joy2","0.2","3","","110931","517"
"517053","","","","","1","","93","","5","517"
"517054","","","1","","nop_idle_surprise_kira","0.2","3","","111031","517"
"517055","","","","","","","91","","517051","517"
"517056","","","1","","nop_idle_normal","0.2","3","","110931","517"
"517057","","0","0","","vo_drama_10082017_008","","21","","vo_drama_10082017","517"
"517058","0.5","1","8","0","よし、ゆくぞ諸君！\nふはは富裕層どもめ、\n身ぐるみ剥いでくれるわー！","0","11","0","111031","517"
"517059","","nop_17_yuni_pose_loop","0","0","nop_17_yuni_pose","0.2","3","1","111031","517"
"517060","","","","","1","","93","","0.7","517"
"517061","","nop_idle_normal","0","0.2","nop_17_chieru_smile","0.2","3","1","110931","517"
"517062","0","0","1","0","10","0","12","0","110931","517"
"517063","","nop_17_chloe_idle_normal_joy","0","0.2","nop_17_chloe_04","0.2","3","1","110831","517"
"517064","0","0","1","0","6","0","12","0","110831","517"
"517065","","","","","1","","93","","1","517"
"517066","","","0","","nop_17_yuni_huhuStand_in","0.2","3","","111031","517"
"517067","","","","","1","","93","","1.5","517"
"517068","","nop_17_yuni_ahahaStand_loop","0","0","nop_17_yuni_ahahaStand_in","0.2","3","1","111031","517"
"517069","","","","","","","91","","517058","517"
"517070","","","","","0","","4","","111031","517"
"517071","","","1","","nop_run","0.2","3","","111031","517"
"517072","","3","-225","","1000","","2","0","111031","517"
"517073","","","","","0","","93","","0.3","517"
"517074","","","1","","nop_run","0.2","3","","110931","517"
"517075","","3","-225","","1000","","2","0","110931","517"
"517076","","","","","0","","93","","0.1","517"
"517077","","","1","","nop_run_joy","0.2","3","","110831","517"
"517078","","3","-255","","1000","","2","0","110831","517"
"517079","","","","","0","","93","","3","517"
"517080","","","","","0","","93","","0.5","517"
"518001","nop_idle_normal","-150","105","0","115031","1.95","1","-255","1","518"
"518002","nop_18_muimi_idle_joy_normal","150","104","1","114711","1.95","1","-255","1","518"
"518003","nop_18_karin_idle_normal","-1000","107","0","118511","1.95","1","-275","1","518"
"518004","nop_idle_joy2","300","106","1","118031","1.95","1","-275","1","518"
"518005","","","","","0","","93","","0.5","518"
"518006","","","1","","nop_18_credita_talk_surprise","0.2","3","","118031","518"
"518007","","0","0","","vo_drama_10082018_001","","21","","vo_drama_10082018","518"
"518008","0.5","1","8","0","あらあらまあまあ！\nなかなかの新年会ではありませんの！\n我が【リッチモンド商工会】主催の\n新年会にも引けを取りませんわね。","0","11","0","118031","518"
"518009","","","","","1","","93","","3.5","518"
"518010","","nop_talk_doya_loop","0","0","nop_talk_doya","0.2","3","1","118031","518"
"518011","","","","","","","91","","518008","518"
"518012","","","1","","nop_idle_doya","0.2","3","","118031","518"
"518013","","","1","","nop_18_muimi_hello","0.2","3","","114711","518"
"518014","","0","0","","vo_drama_10082018_002","","21","","vo_drama_10082018","518"
"518015","0.5","1","8","0","あけましておめでとう！\nおせちも美味しいし\n最高の正月だな！","0","11","0","114711","518"
"518016","","","","","1","","93","","1.5","518"
"518017","","","1","","nop_talk_normal","0.2","3","","114711","518"
"518018","","","","","","","91","","518015","518"
"518019","","","1","","nop_idle_normal","0.2","3","","114711","518"
"518020","","","1","","nop_talk_sad2","0.2","3","","115031","518"
"518021","","0","0","","vo_drama_10082018_003","","21","","vo_drama_10082018","518"
"518022","0.5","1","8","0","かなりの人数が集まっていますね。\n緊張感がないのは困りものですが\nまあ正月くらいはいいでしょう。","0","11","0","115031","518"
"518023","","","","","","","91","","518022","518"
"518024","","","1","","nop_idle_normal","0.2","3","","115031","518"
"518025","","","1","","nop_talk_bitter","0.2","3","","114711","518"
"518026","","0","0","","vo_drama_10082018_004","","21","","vo_drama_10082018","518"
"518027","0.5","1","8","0","そんなこと言いながらネネカも\nバッチリ晴れ着姿なんだな。","0","11","0","114711","518"
"518028","","","","","","","91","","518027","518"
"518029","","","1","","nop_18_muimi_idle_normal","0.2","3","","114711","518"
"518030","","","1","","nop_talk_thinking","0.2","3","","115031","518"
"518031","","0","0","","vo_drama_10082018_005","","21","","vo_drama_10082018","518"
"518032","0.5","1","8","0","……適した服装で場に溶け込むのは\n隠密工作の一種です。","0","11","0","115031","518"
"518033","","","","","","","91","","518032","518"
"518034","","","1","","nop_idle_thinking","0.2","3","","115031","518"
"518035","","","1","","nop_18_neneka_talk_normal","0.2","3","","115031","518"
"518036","","0","0","","vo_drama_10082018_006","","21","","vo_drama_10082018","518"
"518037","0.5","1","8","0","別に浮かれているわけでは\nありませんよ。\n不穏分子がいないかの\n確認は大切ですから……ふむ。","0","11","0","115031","518"
"518038","","","","","1","","93","","3","518"
"518039","","nop_18_neneka_humu2_loop","0","0","nop_18_neneka_humu2","0.2","3","1","115031","518"
"518040","","","","","","","91","","518037","518"
"518041","","nop_talk_surprise1","0","0","nop_surprise","0.2","3","1","118031","518"
"518042","","0","0","","vo_drama_10082018_007","","21","","vo_drama_10082018","518"
"518043","0.5","1","8","0","！？\n……な、なにやら視線を感じますわね。\nわたくしは陛下の忠実なるしもべ！\n不穏分子などではありませんわよ～っ！","0","11","0","118031","518"
"518044","","","","","1","","93","","1","518"
"518045","","","1","","nop_talk_sad","0.2","3","","118031","518"
"518046","","","","","1","","93","","2","518"
"518047","","nop_18_credita_ahahaStand_loop","0","0","nop_18_credita_ahahaStand_in","0.2","3","1","118031","518"
"518048","","","","","1","","93","","1","518"
"518049","","","1","","nop_walk","0.2","3","","118511","518"
"518050","","3","-275","","-350","","2","0","118511","518"
"518051","","","","","0","","93","","1","518"
"518052","","nop_18_credita_ohohoStand_loop","0","0","nop_18_credita_ohohoStand_in","0.2","3","1","118031","518"
"518053","","","","","0","","93","","2","518"
"518054","","","1","","nop_18_karin_idle_normal","0.2","3","","118511","518"
"518055","","","","","","","91","","518043","518"
"518056","","nop_idle_sad","1","0.4","nop_18_credita_ohohoStand_out","0.2","3","","118031","518"
"518057","","","","","0","","93","","0","518"
"518058","","","","","1","","4","","115031","518"
"518059","","","1","","nop_idle_normal","0.2","3","","115031","518"
"518060","","","","","0","","93","","0","518"
"518061","","","1","","nop_idle_joy1","0.2","3","","114711","518"
"518062","","","1","","nop_idle_normal","0.2","3","","118031","518"
"518063","","","1","","nop_18_karin_talk_normal","0.2","3","","118511","518"
"518064","","0","0","","vo_drama_10082018_008","","21","","vo_drama_10082018","518"
"518065","0.5","1","8","0","御来賓の皆さまも\n楽しんでいただけているようですね。\n本年もギルド管理協会ともども\nよろしくお願いいたします！","0","11","0","118511","518"
"518066","","","","","1","","93","","0.5","518"
"518067","","","","","1","","93","","4.5","518"
"518068","","nop_18_karin_idle_normal","0","0","nop_18_karin_bow","0.2","3","1","118511","518"
"518069","","","","","","","91","","518065","518"
"518070","","nop_idle_normal","0","0","nop_18_muimi_hello","0.2","3","1","114711","518"
"518071","","nop_idle_normal","0","0","nop_bow","0.2","3","1","115031","518"
"518072","","","1","","nop_18_credita_ahahaStand_loop","0.2","3","","118031","518"
"518073","","","","","0","","93","","1.5","518"