bf21a3cf252ec60d010663357980d6cb8cf0e84afe21169208117c0b7e64423c,5429cd2afd5552800443b759c9c268652e3b423e042f7094d471446712fdccd3,0c48cbe1d5a31c67b0e66ba9b45f48b5393e6f7868f439734fa9057d3c40645c,2fb6880dee91562766a233642f756b532781d5abc8b334a7a54e90e2c05f85c7,ab23c670f2f759c9d6e210a7fea682e239abd1f504093326abaeb2b3f8aa2875,bb433e71648a33c4668d8f1ca354adb997405e201da5ce9cdd617453eb81162d,9c26158de802886ff6097f2817011c1d03028dc76a7edf9db0c635f8efec47d3,69feda3d610506d52bd62e13dbdb5d47ad7a7d01b4b20a6e4b8914676fbacc4c,6cf2df139b659d420dbb2c42cc4768b41511910668890a9a807e2d2b6c9af5de,25838e03675eb69b6ba77988b8d2595ddf7811c55a52d7abef38843efa539ddf,05e79e1221207b3f4f17ee81f0dc7f9ead216e4d1efb0540ca5f0c89a0130fd7,74af091731dc6317db9002284319e32ed3b38b6a0d58e5aa4ab6281720f0fead,042b5bc9afa84ee3811132c70ba52e2b36792e27ca07ba182fe623d776341c5e
"1","57","0","0","0","0","0","1","0","10010484","0","0","10010001"
"2","59","10010674","0","1","0","0","1","0","10010100","0","0","10010099"
"11","58","10010099","0","10001","0","0","1","0","10010101","0","0","10010100"
"12","57","10010100","0","0","0","0","1","0","10010102","0","0","10010101"
"2","56","10010101","0","1","0","0","1","0","10010103","0","0","10010102"
"2","55","10010102","0","2","0","0","1","0","10010104","0","0","10010103"
"4","54","10010103","0","0","0","0","1","0","10010105","0","0","10010104"
"3","53","10010104","0","1","0","0","1","0","10010106","0","0","10010105"
"12","52","10010105","0","0","0","0","1","0","10010107","0","0","10010106"
"5","51","10010106","0","0","0","0","1","0","10010559","0","0","10010107"
"2","48","10010560","0","2","0","0","1","0","10010111","0","0","10010110"
"6","47","10010110","0","0","0","0","1","0","10010561","0","0","10010111"
"2","45","10010561","0","3","0","0","1","0","10010114","0","0","10010113"
"11","44","10010113","0","10001","0","0","1","0","10010562","0","0","10010114"
"4","42","10010562","0","0","0","0","1","0","10010117","0","0","10010116"
"6","41","10010116","0","0","0","0","1","0","10010118","0","0","10010117"
"3","40","10010117","0","3","0","0","1","0","10010563","0","0","10010118"
"11","49","10010559","0","10001","0","0","1","0","10010120","0","0","10010119"
"4","48","10010119","0","0","0","0","1","0","10010121","0","0","10010120"
"2","47","10010120","0","3","0","0","1","0","10010565","0","0","10010121"
"2","45","10010565","0","2","0","0","1","0","10010566","0","0","10010123"
"7","43","10010566","0","10003","0","0","1","0","10010126","0","0","10010125"
"4","42","10010125","0","0","0","0","1","0","10010127","0","0","10010126"
"7","41","10010126","0","10001","0","0","1","0","10010128","0","0","10010127"
"2","40","10010127","0","2","0","0","1","0","10010563","0","0","10010128"
"7","38","10010563","0","10001","0","0","1","0","10010131","0","0","10010130"
"6","37","10010130","0","0","0","0","1","0","10010132","0","0","10010131"
"11","36","10010131","0","10001","0","0","1","0","10010701","10010702","0","10010132"
"12","34","10010701","0","0","0","0","1","0","10010705","0","0","10010153"
"14","29","10010708","0","5","0","0","1","0","10010161","0","0","10010158"
"4","28","10010158","0","0","0","0","1","0","10010162","0","0","10010161"
"2","27","10010161","0","2","0","0","1","0","10010163","0","0","10010162"
"3","26","10010162","0","1","0","0","1","0","10010164","0","0","10010163"
"14","25","10010163","0","3","0","0","1","0","10010165","0","0","10010164"
"11","24","10010164","0","10001","0","0","1","0","10010166","0","0","10010165"
"12","23","10010165","0","0","0","0","1","0","10010167","0","0","10010166"
"3","22","10010166","0","2","0","0","1","0","10010568","0","0","10010167"
"7","20","10010568","0","10002","0","0","1","0","10010570","0","0","10010169"
"3","18","10010570","0","2","0","0","1","0","10010174","0","0","10010173"
"7","17","10010173","0","10001","0","0","1","0","10010175","0","0","10010174"
"4","16","10010174","0","0","0","0","1","0","10010176","0","0","10010175"
"2","15","10010175","0","1","0","0","1","0","10010177","0","0","10010176"
"2","14","10010176","0","2","0","0","1","0","10010178","0","0","10010177"
"3","13","10010177","0","2","0","0","1","0","10010179","0","0","10010178"
"12","12","10010178","0","0","0","0","1","0","10010180","0","0","10010179"
"6","11","10010179","0","0","0","0","1","0","10010181","0","0","10010180"
"4","10","10010180","0","0","0","0","1","0","10010182","0","0","10010181"
"2","9","10010181","0","2","0","0","1","0","10010183","0","0","10010182"
"2","8","10010182","0","3","0","0","1","0","10010184","0","0","10010183"
"14","7","10010183","0","3","0","0","1","0","10010555","0","0","10010184"
"14","3","10010558","0","1","0","0","1","0","10010187","0","0","10010186"
"3","2","10010186","0","3","0","0","1","0","10010188","0","0","10010187"
"2","1","10010187","0","2","0","0","1","0","10010189","0","0","10010188"
"13","0","10010188","0","0","0","0","1","0","10010190","0","0","10010189"
"12","60","10010189","0","0","0","0","1","0","10010191","0","0","10010190"
"6","59","10010190","0","0","0","0","1","0","10010192","0","0","10010191"
"3","58","10010191","0","1","0","0","1","0","10010193","0","0","10010192"
"7","57","10010192","0","10001","0","0","1","0","10010194","0","0","10010193"
"5","56","10010193","0","0","0","0","1","0","10010195","0","0","10010194"
"3","55","10010194","0","2","0","0","1","0","10010196","0","0","10010195"
"11","54","10010195","0","10001","0","0","1","0","10010197","0","0","10010196"
"4","53","10010196","0","0","0","0","1","0","10010198","0","0","10010197"
"2","52","10010197","0","1","0","0","1","0","10010199","0","0","10010198"
"14","51","10010198","0","2","0","0","1","0","10010200","0","0","10010199"
"2","50","10010199","0","1","0","0","1","0","10010201","0","0","10010200"
"3","49","10010200","0","1","0","0","1","0","10010214","10010716","0","10010201"
"4","48","10010201","0","0","0","0","1","0","10010215","0","0","10010214"
"12","47","10010214","0","0","0","0","1","0","10010710","0","0","10010215"
"11","44","10010711","0","10001","0","0","1","0","10010219","0","0","10010218"
"2","43","10010218","0","2","0","0","1","0","10010220","0","0","10010219"
"4","42","10010219","0","0","0","0","1","0","10010221","0","0","10010220"
"3","41","10010220","0","2","0","0","1","0","10010222","0","0","10010221"
"2","40","10010221","0","1","0","0","1","0","10010223","0","0","10010222"
"2","39","10010222","0","2","0","0","1","0","10010224","0","0","10010223"
"4","38","10010223","0","0","0","0","1","0","10010225","0","0","10010224"
"7","37","10010224","0","10002","0","0","1","0","10010226","0","0","10010225"
"11","36","10010225","0","10001","0","0","1","0","10010227","0","0","10010226"
"14","35","10010226","0","4","0","0","1","0","10010228","0","0","10010227"
"5","34","10010227","0","0","0","0","1","0","10010229","0","0","10010228"
"2","33","10010228","0","1","0","0","1","0","10010230","0","0","10010229"
"14","32","10010229","0","3","0","0","1","0","10010231","0","0","10010230"
"4","31","10010230","0","0","0","0","1","0","10010232","0","0","10010231"
"7","30","10010231","0","10001","0","0","1","0","10010233","0","0","10010232"
"6","29","10010232","0","0","0","0","1","0","10010234","10010236","0","10010233"
"7","28","10010233","0","10001","0","0","1","0","10010573","0","0","10010234"
"2","28","10010233","0","3","0","0","1","0","10010237","0","0","10010236"
"3","27","10010236","0","2","0","0","1","0","10010574","0","0","10010237"
"3","25","10010574","0","3","0","0","1","0","10010240","0","0","10010239"
"2","24","10010239","0","3","0","0","1","0","10010241","0","0","10010240"
"4","23","10010240","0","0","0","0","1","0","10010575","0","0","10010241"
"14","24","10010245","0","2","0","0","1","0","10010564","0","0","10010244"
"7","25","10010246","0","10003","0","0","1","0","10010244","0","0","10010245"
"14","26","10010573","0","1","0","0","1","0","10010245","0","0","10010246"
"4","21","10010575","0","0","0","0","1","0","10010248","0","0","10010247"
"11","20","10010247","0","10001","0","0","1","0","10010249","10010250","0","10010248"
"7","19","10010248","0","10003","0","0","1","0","10010253","0","0","10010249"
"5","19","10010248","0","0","0","0","1","0","10010251","0","0","10010250"
"6","18","10010250","0","0","0","0","1","0","10010577","0","0","10010251"
"3","18","10010249","0","2","0","0","1","0","10010576","0","0","10010253"
"14","16","10010576","0","5","0","10010577","1","0","10010256","0","0","10010255"
"2","15","10010255","0","2","0","0","1","0","10010257","0","0","10010256"
"12","14","10010256","0","0","0","0","1","0","10010258","0","0","10010257"
"2","13","10010257","0","1","0","0","1","0","10010259","0","0","10010258"
"7","12","10010258","0","10001","0","0","1","0","10010260","0","0","10010259"
"2","11","10010259","0","2","0","0","1","0","10010261","0","0","10010260"
"7","10","10010260","0","10001","0","0","1","0","10010262","0","0","10010261"
"3","9","10010261","0","1","0","0","1","0","10010263","0","0","10010262"
"7","8","10010262","0","10001","0","0","1","0","10010264","0","0","10010263"
"6","7","10010263","0","0","0","0","1","0","10010719","10010717","0","10010264"
"3","5","10010719","0","2","0","0","1","0","10010273","0","0","10010272"
"7","4","10010272","0","10002","0","10010721","1","0","10010274","0","0","10010273"
"4","3","10010273","0","0","0","0","1","0","10010275","0","0","10010274"
"2","2","10010274","0","3","0","0","1","0","10010276","0","0","10010275"
"3","1","10010275","0","3","0","0","1","0","10010277","0","0","10010276"
"13","0","10010276","0","0","0","0","1","0","10010278","0","0","10010277"
"2","60","10010277","0","1","0","0","1","0","10010279","0","0","10010278"
"3","59","10010278","0","2","0","0","1","0","10010280","0","0","10010279"
"2","58","10010279","0","2","0","0","1","0","10010281","0","0","10010280"
"5","57","10010280","0","0","0","0","1","0","10010282","0","0","10010281"
"7","56","10010281","0","10002","0","0","1","0","10010283","10010285","0","10010282"
"12","55","10010282","0","0","0","0","1","0","10010296","0","0","10010283"
"2","61","10010282","0","3","0","0","1","0","10010695","0","0","10010285"
"7","58","10010696","0","10003","0","0","1","0","10010697","0","0","10010287"
"14","56","10010697","0","3","0","0","1","0","10010291","0","0","10010290"
"3","55","10010290","0","3","0","0","1","0","10010292","0","0","10010291"
"7","54","10010291","0","10002","0","0","1","0","10010699","0","0","10010292"
"2","51","10010700","0","2","0","0","1","0","10010300","0","0","10010295"
"6","54","10010283","0","0","0","0","1","0","10010578","0","0","10010296"
"4","51","10010723","0","0","0","0","1","0","10010300","0","0","10010299"
"5","50","10010295","0","0","0","10010299","1","0","10010301","0","0","10010300"
"3","49","10010300","0","1","0","0","1","0","10010580","0","0","10010301"
"11","46","10010581","0","10001","0","0","1","0","10010305","10010307","0","10010304"
"2","45","10010304","0","1","0","0","1","0","10010306","0","0","10010305"
"3","44","10010305","0","1","0","0","1","0","10010316","0","0","10010306"
"3","47","10010304","0","3","0","0","1","0","10010308","0","0","10010307"
"2","46","10010307","0","3","0","0","1","0","10010583","0","0","10010308"
"7","44","10010583","0","10003","0","0","1","0","10010584","0","0","10010310"
"2","42","10010584","0","3","0","0","1","0","10010582","0","0","10010312"
"12","40","10010582","0","0","0","0","1","0","10010315","0","0","10010314"
"2","39","10010314","0","3","0","0","1","0","10010586","0","0","10010315"
"4","43","10010306","0","0","0","0","1","0","10010317","0","0","10010316"
"2","42","10010316","0","2","0","0","1","0","10010318","0","0","10010317"
"6","41","10010317","0","0","0","0","1","0","10010319","0","0","10010318"
"4","40","10010318","0","0","0","0","1","0","10010320","0","0","10010319"
"7","39","10010319","0","10001","0","0","1","0","10010586","0","0","10010320"
"3","37","10010586","0","2","0","0","1","0","10010323","0","0","10010322"
"4","36","10010322","0","0","0","0","1","0","10010324","0","0","10010323"
"6","35","10010323","0","0","0","0","1","0","10010325","0","0","10010324"
"2","34","10010324","0","2","0","0","1","0","10010326","0","0","10010325"
"14","33","10010325","0","3","0","0","1","0","10010327","0","0","10010326"
"7","32","10010326","0","10001","0","0","1","0","10010328","0","0","10010327"
"14","31","10010327","0","4","0","0","1","0","10010329","0","0","10010328"
"4","30","10010328","0","0","0","0","1","0","10010330","0","0","10010329"
"12","29","10010329","0","0","0","0","1","0","10010587","0","0","10010330"
"5","27","10010587","0","0","0","0","1","0","10010333","0","0","10010332"
"7","26","10010332","0","10001","0","0","1","0","10010334","0","0","10010333"
"3","25","10010333","0","2","0","0","1","0","10010335","0","0","10010334"
"2","24","10010334","0","1","0","0","1","0","10010588","0","0","10010335"
"4","22","10010588","0","0","0","0","1","0","10010338","0","0","10010337"
"11","21","10010337","0","10001","0","0","1","0","10010339","0","0","10010338"
"6","20","10010338","0","0","0","0","1","0","10010340","0","0","10010339"
"2","19","10010339","0","2","0","0","1","0","10010341","0","0","10010340"
"3","18","10010340","0","1","0","0","1","0","10010342","0","0","10010341"
"5","17","10010341","0","0","0","0","1","0","10010343","10010355","0","10010342"
"3","16","10010342","0","1","0","0","1","0","10010344","0","0","10010343"
"7","15","10010343","0","10002","0","0","1","0","10010589","0","0","10010344"
"2","13","10010589","0","2","0","0","1","0","10010347","0","0","10010346"
"7","12","10010346","0","10001","0","0","1","0","10010348","0","0","10010347"
"3","11","10010347","0","3","0","0","1","0","10010349","0","0","10010348"
"6","10","10010348","0","0","0","10010350","1","0","10010590","0","0","10010349"
"2","11","10010351","0","1","0","0","1","0","10010349","0","0","10010350"
"2","12","10010352","0","3","0","0","1","0","10010350","0","0","10010351"
"7","13","10010353","0","10002","0","0","1","0","10010351","0","0","10010352"
"2","14","10010354","0","1","0","0","1","0","10010352","0","0","10010353"
"2","15","10010355","0","2","0","0","1","0","10010353","0","0","10010354"
"4","16","10010342","0","0","0","0","1","0","10010354","0","0","10010355"
"4","8","10010590","0","0","0","0","1","0","10010591","10010592","0","10010357"
"4","4","10010595","0","0","0","10010596","1","0","10010365","0","0","10010361"
"2","3","10010361","0","3","0","0","1","0","10010598","0","0","10010365"
"13","0","10010597","0","0","0","0","1","0","10010431","0","0","10010430"
"2","60","10010430","0","1","0","0","1","0","10010432","0","0","10010431"
"6","59","10010431","0","0","0","0","1","0","10010434","0","0","10010432"
"7","58","10010432","0","10001","0","0","1","0","10010439","0","0","10010434"
"11","57","10010434","0","10001","0","0","1","0","10010484","0","0","10010439"
"6","56","10010001","0","0","0","10010439","1","0","10010485","0","0","10010484"
"2","55","10010484","0","1","0","0","1","0","10010486","0","0","10010485"
"4","54","10010485","0","0","0","0","1","0","10010487","0","0","10010486"
"7","53","10010486","0","10001","0","0","1","0","10010488","0","0","10010487"
"12","52","10010487","0","0","0","0","1","0","10010489","0","0","10010488"
"2","51","10010488","0","1","0","0","1","0","10010490","0","0","10010489"
"5","50","10010489","0","0","0","0","1","0","10010491","0","0","10010490"
"4","49","10010490","0","0","0","0","1","0","10010611","10010612","0","10010491"
"5","6","10010184","0","0","0","0","1","0","10010556","0","0","10010555"
"6","5","10010555","0","0","0","0","1","0","10010558","0","0","10010556"
"7","4","10010556","0","10002","0","0","1","0","10010186","0","0","10010558"
"2","50","10010107","0","1","0","0","1","0","10010119","10010560","0","10010559"
"4","49","10010559","0","0","0","0","1","0","10010110","0","0","10010560"
"2","46","10010111","0","2","0","0","1","0","10010113","0","0","10010561"
"14","43","10010114","0","3","0","0","1","0","10010116","0","0","10010562"
"14","39","10010118","0","3","0","10010128","1","0","10010130","0","0","10010563"
"11","23","10010244","0","10001","0","0","1","0","10010575","0","0","10010564"
"14","46","10010121","0","3","0","0","1","0","10010123","0","0","10010565"
"7","44","10010123","0","10001","0","0","1","0","10010125","0","0","10010566"
"5","21","10010167","0","0","0","0","1","0","10010169","0","0","10010568"
"4","19","10010169","0","0","0","0","1","0","10010173","0","0","10010570"
"2","27","10010234","0","1","0","0","1","0","10010246","0","0","10010573"
"14","26","10010237","0","1","0","0","1","0","10010239","0","0","10010574"
"12","22","10010241","0","0","0","10010564","1","0","10010247","0","0","10010575"
"4","17","10010253","0","0","0","0","1","0","10010255","0","0","10010576"
"2","17","10010251","0","3","0","0","1","0","10010255","0","0","10010577"
"11","53","10010296","0","10001","0","0","1","0","10010723","0","0","10010578"
"14","48","10010301","0","2","0","0","1","0","10010581","0","0","10010580"
"2","47","10010580","0","1","0","0","1","0","10010304","0","0","10010581"
"7","41","10010312","0","10003","0","0","1","0","10010314","0","0","10010582"
"4","45","10010308","0","0","0","0","1","0","10010310","0","0","10010583"
"14","43","10010310","0","4","0","0","1","0","10010312","0","0","10010584"
"12","38","10010315","0","0","0","10010320","1","0","10010322","0","0","10010586"
"11","28","10010330","0","10001","0","0","1","0","10010332","0","0","10010587"
"14","23","10010335","0","5","0","0","1","0","10010337","0","0","10010588"
"11","14","10010344","0","10001","0","0","1","0","10010346","0","0","10010589"
"14","9","10010349","0","3","0","0","1","0","10010357","0","0","10010590"
"2","7","10010357","0","2","0","0","1","0","10010593","0","0","10010591"
"6","7","10010357","0","0","0","0","1","0","10010594","0","0","10010592"
"7","6","10010591","0","10003","0","0","1","0","10010595","0","0","10010593"
"3","6","10010592","0","3","0","0","1","0","10010596","0","0","10010594"
"12","5","10010593","0","0","0","0","1","0","10010361","0","0","10010595"
"11","5","10010594","0","10001","0","0","1","0","10010361","0","0","10010596"
"7","1","10010598","0","10003","0","0","1","0","10010430","0","0","10010597"
"7","2","10010365","0","10001","0","0","1","0","10010597","0","0","10010598"
"14","48","10010491","0","1","0","0","1","0","10010614","0","0","10010611"
"14","48","10010491","0","1","0","0","1","0","10010613","0","0","10010612"
"2","47","10010612","0","3","0","0","1","0","10010616","0","0","10010613"
"3","47","10010611","0","3","0","0","1","0","10010615","0","0","10010614"
"6","46","10010614","0","0","0","0","1","0","10010618","0","0","10010615"
"4","46","10010613","0","0","0","0","1","0","10010617","0","0","10010616"
"14","45","10010616","0","2","0","0","1","0","10010619","0","0","10010617"
"14","45","10010615","0","2","0","0","1","0","10010624","0","0","10010618"
"2","44","10010617","0","1","0","0","1","0","10010620","0","0","10010619"
"2","43","10010619","0","2","0","0","1","0","10010621","0","0","10010620"
"2","42","10010620","0","2","0","10010622","1","0","10010625","0","0","10010621"
"3","43","10010624","0","1","0","0","1","0","10010621","0","0","10010622"
"7","44","10010618","0","10001","0","0","1","0","10010622","0","0","10010624"
"4","41","10010621","0","0","0","0","1","0","10010626","0","0","10010625"
"7","40","10010625","0","10001","0","0","1","0","10010627","0","0","10010626"
"2","39","10010626","0","1","0","0","1","0","10010628","0","0","10010627"
"14","38","10010627","0","4","0","0","1","0","10010629","0","0","10010628"
"5","37","10010628","0","0","0","0","1","0","10010630","0","0","10010629"
"2","36","10010629","0","1","0","0","1","0","10010631","10010637","0","10010630"
"3","35","10010630","0","2","0","0","1","0","10010632","0","0","10010631"
"2","34","10010631","0","2","0","0","1","0","10010633","0","0","10010632"
"11","33","10010632","0","10001","0","0","1","0","10010634","0","0","10010633"
"4","32","10010633","0","0","0","10010635","1","0","10010638","0","0","10010634"
"3","33","10010636","0","2","0","0","1","0","10010634","0","0","10010635"
"7","34","10010637","0","10002","0","0","1","0","10010635","0","0","10010636"
"12","35","10010630","0","0","0","0","1","0","10010636","0","0","10010637"
"6","31","10010634","0","0","0","0","1","0","10010639","0","0","10010638"
"2","30","10010638","0","1","0","0","1","0","10010640","0","0","10010639"
"11","29","10010639","0","10001","0","0","1","0","10010641","0","0","10010640"
"14","28","10010640","0","5","0","0","1","0","10010642","0","0","10010641"
"4","27","10010641","0","0","0","0","1","0","10010643","0","0","10010642"
"12","26","10010642","0","0","0","0","1","0","10010644","0","0","10010643"
"2","25","10010643","0","1","0","0","1","0","10010645","0","0","10010644"
"3","24","10010644","0","2","0","0","1","0","10010646","0","0","10010645"
"4","23","10010645","0","0","0","0","1","0","10010647","0","0","10010646"
"2","22","10010646","0","2","0","0","1","0","10010648","0","0","10010647"
"14","21","10010647","0","3","0","0","1","0","10010649","0","0","10010648"
"3","20","10010648","0","1","0","0","1","0","10010650","10010653","0","10010649"
"3","19","10010649","0","2","0","0","1","0","10010651","0","0","10010650"
"2","18","10010650","0","3","0","0","1","0","10010654","0","0","10010651"
"7","18","10010653","0","10003","0","0","1","0","10010655","0","0","10010652"
"2","19","10010649","0","1","0","0","1","0","10010652","0","0","10010653"
"11","17","10010651","0","10001","0","0","1","0","10010658","0","0","10010654"
"3","17","10010652","0","2","0","0","1","0","10010656","0","0","10010655"
"7","16","10010655","0","10002","0","0","1","0","10010657","0","0","10010656"
"7","15","10010656","0","10001","0","10010658","1","0","10010659","0","0","10010657"
"2","16","10010654","0","2","0","0","1","0","10010657","0","0","10010658"
"5","14","10010657","0","0","0","0","1","0","10010660","0","0","10010659"
"2","13","10010659","0","2","0","0","1","0","10010661","0","0","10010660"
"4","12","10010660","0","0","0","0","1","0","10010662","0","0","10010661"
"14","11","10010661","0","5","0","0","1","0","10010663","0","0","10010662"
"2","10","10010662","0","3","0","0","1","0","10010664","0","0","10010663"
"12","9","10010663","0","0","0","0","1","0","10010665","0","0","10010664"
"6","8","10010664","0","0","0","0","1","0","10010666","0","0","10010665"
"2","7","10010665","0","1","0","0","1","0","10010667","0","0","10010666"
"7","6","10010666","0","10003","0","0","1","0","10010668","0","0","10010667"
"11","5","10010667","0","10001","0","0","1","0","10010669","0","0","10010668"
"4","4","10010668","0","0","0","0","1","0","10010670","0","0","10010669"
"3","3","10010669","0","1","0","0","1","0","10010671","0","0","10010670"
"2","2","10010670","0","3","0","0","1","0","10010672","0","0","10010671"
"7","1","10010671","0","10001","0","0","1","0","10010673","0","0","10010672"
"13","0","10010672","0","0","0","0","1","0","10010674","0","0","10010673"
"3","60","10010673","0","1","0","0","1","0","10010099","0","0","10010674"
"3","60","10010285","0","3","0","0","1","0","10010696","0","0","10010695"
"14","59","10010695","0","6","0","0","1","0","10010287","0","0","10010696"
"2","57","10010287","0","3","0","0","1","0","10010290","0","0","10010697"
"4","53","10010292","0","0","0","0","1","0","10010700","0","0","10010699"
"14","52","10010699","0","7","0","0","1","0","10010295","0","0","10010700"
"2","35","10010132","0","1","0","0","1","0","10010153","0","0","10010701"
"2","37","10010132","0","3","0","0","1","0","10010703","0","0","10010702"
"14","36","10010702","0","3","0","0","1","0","10010704","0","0","10010703"
"6","35","10010703","0","0","0","0","1","0","10010709","0","0","10010704"
"3","33","10010153","0","3","0","10010709","1","0","10010706","0","0","10010705"
"4","32","10010705","0","0","0","0","1","0","10010707","0","0","10010706"
"7","31","10010706","0","10001","0","0","1","0","10010708","0","0","10010707"
"3","30","10010707","0","1","0","0","1","0","10010158","0","0","10010708"
"7","34","10010704","0","10003","0","0","1","0","10010705","0","0","10010709"
"2","46","10010215","0","1","0","0","1","0","10010711","0","0","10010710"
"6","45","10010710","0","0","0","10010712","1","0","10010218","0","0","10010711"
"3","46","10010713","0","3","0","0","1","0","10010711","0","0","10010712"
"14","47","10010714","0","6","0","0","1","0","10010712","0","0","10010713"
"2","48","10010715","0","3","0","0","1","0","10010713","0","0","10010714"
"4","49","10010716","0","0","0","0","1","0","10010714","0","0","10010715"
"14","50","10010201","0","4","0","0","1","0","10010715","0","0","10010716"
"5","8","10010264","0","0","0","0","1","0","10010718","0","0","10010717"
"14","7","10010717","0","5","0","0","1","0","10010720","0","0","10010718"
"7","6","10010264","0","10001","0","0","1","0","10010272","0","0","10010719"
"7","6","10010718","0","10003","0","0","1","0","10010721","0","0","10010720"
"3","5","10010720","0","3","0","0","1","0","10010273","0","0","10010721"
"2","52","10010578","0","1","0","0","1","0","10010299","0","0","10010723"
"1","63","0","0","0","0","0","2","0","10020002","0","0","10020001"
"2","62","10020001","0","1","0","10020390","2","0","10020003","0","0","10020002"
"4","61","10020002","0","0","0","0","2","0","10020004","0","0","10020003"
"6","60","10020003","0","0","0","0","2","0","10020005","0","0","10020004"
"7","59","10020004","0","10001","0","0","2","0","10020006","0","0","10020005"
"2","58","10020005","0","2","0","0","2","0","10020007","0","0","10020006"
"5","57","10020006","0","0","0","0","2","0","10020592","0","0","10020007"
"12","55","10020592","0","0","0","0","2","0","10020588","10020589","0","10020009"
"14","53","10020588","0","1","0","0","2","0","10020015","0","0","10020012"
"14","53","10020589","0","1","0","0","2","0","10020014","0","0","10020013"
"4","52","10020013","0","0","0","0","2","0","10020016","0","0","10020014"
"6","52","10020012","0","0","0","0","2","0","10020020","0","0","10020015"
"14","51","10020014","0","2","0","0","2","0","10020590","0","0","10020016"
"4","49","10020587","0","0","0","10020590","2","0","10020021","0","0","10020018"
"14","51","10020015","0","2","0","0","2","0","10020587","0","0","10020020"
"3","48","10020018","0","1","0","0","2","0","10020022","0","0","10020021"
"2","47","10020021","0","1","0","0","2","0","10020023","0","0","10020022"
"6","46","10020022","0","0","0","0","2","0","10020024","0","0","10020023"
"5","45","10020023","0","0","0","0","2","0","10020025","0","0","10020024"
"4","44","10020024","0","0","0","0","2","0","10020026","0","0","10020025"
"14","43","10020025","0","4","0","0","2","0","10020027","0","0","10020026"
"2","42","10020026","0","1","0","0","2","0","10020028","0","0","10020027"
"6","41","10020027","0","0","0","0","2","0","10020029","0","0","10020028"
"2","40","10020028","0","1","0","0","2","0","10020030","0","0","10020029"
"11","39","10020029","0","10001","0","0","2","0","10020031","0","0","10020030"
"7","38","10020030","0","10001","0","0","2","0","10020518","10020586","0","10020031"
"2","12","10020544","0","1","0","0","2","0","10020063","0","0","10020062"
"4","11","10020062","0","0","0","0","2","0","10020064","0","0","10020063"
"3","10","10020063","0","2","0","0","2","0","10020515","0","0","10020064"
"7","7","10020516","0","10002","0","0","2","0","10020404","0","0","10020079"
"7","3","10020406","0","10003","0","0","2","0","10020084","0","0","10020083"
"12","2","10020083","0","0","0","0","2","0","10020085","0","0","10020084"
"6","1","10020084","0","0","0","0","2","0","10020086","0","0","10020085"
"13","0","10020085","0","0","0","0","2","0","10020087","0","0","10020086"
"2","66","10020086","0","2","0","0","2","0","10020088","0","0","10020087"
"4","65","10020087","0","0","0","0","2","0","10020089","0","0","10020088"
"7","64","10020088","0","10001","0","0","2","0","10020090","0","0","10020089"
"6","63","10020089","0","0","0","0","2","0","10020091","0","0","10020090"
"12","62","10020090","0","0","0","0","2","0","10020092","0","0","10020091"
"3","61","10020091","0","1","0","0","2","0","10020407","0","0","10020092"
"2","59","10020407","0","1","0","0","2","0","10020101","0","0","10020094"
"4","58","10020094","0","0","0","0","2","0","10020491","0","0","10020101"
"7","38","10020512","0","10002","0","0","2","0","10020128","0","0","10020127"
"6","37","10020127","10020567","0","0","0","2","0","10020573","10020561","0","10020128"
"11","33","10020146","0","10001","10020571","10020566","2","0","10020147","0","0","10020143"
"3","34","10020564","0","1","0","0","2","0","10020143","0","0","10020146"
"2","32","10020143","0","2","0","0","2","0","10020148","0","0","10020147"
"5","31","10020147","0","0","0","0","2","0","10020408","0","0","10020148"
"14","29","10020408","0","5","0","0","2","0","10020151","0","0","10020150"
"2","28","10020150","0","1","0","0","2","0","10020152","0","0","10020151"
"6","27","10020151","0","0","0","0","2","0","10020153","0","0","10020152"
"3","26","10020152","0","2","0","0","2","0","10020154","0","0","10020153"
"2","25","10020153","0","3","0","0","2","0","10020155","0","0","10020154"
"4","24","10020154","0","0","0","0","2","0","10020156","0","0","10020155"
"5","23","10020155","0","0","0","0","2","0","10020157","0","0","10020156"
"11","22","10020156","0","10001","0","0","2","0","10020158","0","0","10020157"
"7","21","10020157","0","10001","0","0","2","0","10020480","0","0","10020158"
"3","17","10020560","0","1","0","0","2","0","10020168","0","0","10020167"
"12","16","10020167","0","0","0","0","2","0","10020169","0","0","10020168"
"7","15","10020168","0","10002","0","0","2","0","10020175","10020477","0","10020169"
"2","14","10020169","0","2","0","0","2","0","10020176","0","0","10020175"
"6","13","10020175","0","0","0","0","2","0","10020178","0","0","10020176"
"14","11","10020178","0","2","0","10020479","2","0","10020179","0","0","10020177"
"14","12","10020176","0","4","0","0","2","0","10020177","0","0","10020178"
"4","10","10020177","0","0","0","0","2","0","10020180","0","0","10020179"
"7","9","10020179","0","10003","0","0","2","0","10020182","0","0","10020180"
"3","8","10020180","0","3","0","0","2","0","10020183","0","0","10020182"
"11","7","10020182","0","10001","0","0","2","0","10020184","0","0","10020183"
"2","6","10020183","0","1","0","0","2","0","10020185","0","0","10020184"
"12","5","10020184","0","0","0","0","2","0","10020186","0","0","10020185"
"6","4","10020185","0","0","0","0","2","0","10020187","0","0","10020186"
"14","3","10020186","0","3","0","0","2","0","10020188","0","0","10020187"
"7","2","10020187","0","10003","0","0","2","0","10020189","0","0","10020188"
"2","1","10020188","0","1","0","0","2","0","10020190","0","0","10020189"
"13","0","10020189","0","0","0","0","2","0","10020191","0","0","10020190"
"6","66","10020190","0","0","0","0","2","0","10020192","0","0","10020191"
"7","65","10020191","0","10001","0","0","2","0","10020193","0","0","10020192"
"3","64","10020192","0","1","0","0","2","0","10020194","0","0","10020193"
"4","63","10020193","0","0","0","0","2","0","10020202","0","0","10020194"
"2","62","10020194","0","1","0","0","2","0","10020203","0","0","10020202"
"7","61","10020202","0","10001","0","0","2","0","10020450","0","0","10020203"
"2","36","10020476","0","2","0","0","2","0","10020235","0","0","10020234"
"7","35","10020234","0","10002","0","0","2","0","10020236","0","0","10020235"
"2","34","10020235","0","1","0","0","2","0","10020237","0","0","10020236"
"4","33","10020236","0","0","0","0","2","0","10020239","10020549","0","10020237"
"7","32","10020237","0","10001","0","0","2","0","10020253","0","0","10020239"
"6","31","10020239","0","0","0","0","2","0","10020254","0","0","10020253"
"12","30","10020253","0","0","0","0","2","0","10020255","0","0","10020254"
"3","29","10020254","0","2","0","10020555","2","0","10020256","0","0","10020255"
"7","28","10020255","0","10001","0","0","2","0","10020257","0","0","10020256"
"5","27","10020256","0","0","0","0","2","0","10020258","0","0","10020257"
"6","26","10020257","0","0","0","0","2","0","10020410","0","0","10020258"
"12","24","10020410","0","0","0","0","2","0","10020261","0","0","10020260"
"2","23","10020260","0","1","0","0","2","0","10020262","0","0","10020261"
"4","22","10020261","0","0","0","0","2","0","10020263","0","0","10020262"
"7","21","10020262","0","10002","0","0","2","0","10020264","0","0","10020263"
"14","20","10020263","0","4","0","0","2","0","10020265","0","0","10020264"
"12","19","10020264","0","0","0","0","2","0","10020266","0","0","10020265"
"11","18","10020265","0","10001","0","0","2","0","10020267","0","0","10020266"
"3","17","10020266","0","2","0","0","2","0","10020268","0","0","10020267"
"2","16","10020267","0","3","0","0","2","0","10020269","0","0","10020268"
"4","15","10020268","0","0","0","0","2","0","10020270","10020273","0","10020269"
"2","14","10020269","0","1","0","0","2","0","10020271","0","0","10020270"
"2","13","10020270","0","3","0","0","2","0","10020275","0","0","10020271"
"6","13","10020273","0","0","0","0","2","0","10020274","0","0","10020272"
"7","14","10020269","0","10001","0","0","2","0","10020272","0","0","10020273"
"14","12","10020272","0","5","0","0","2","0","10020276","0","0","10020274"
"3","12","10020271","0","2","0","0","2","0","10020276","0","0","10020275"
"7","11","10020274","0","10003","0","10020275","2","0","10020277","0","0","10020276"
"2","10","10020276","0","1","0","0","2","0","10020278","0","0","10020277"
"14","9","10020277","0","3","0","0","2","0","10020279","0","0","10020278"
"7","8","10020278","0","10001","0","0","2","0","10020280","0","0","10020279"
"6","7","10020279","0","0","0","0","2","0","10020281","0","0","10020280"
"2","6","10020280","0","2","0","0","2","0","10020282","0","0","10020281"
"11","5","10020281","0","10001","0","0","2","0","10020283","0","0","10020282"
"4","4","10020282","0","0","0","0","2","0","10020284","0","0","10020283"
"5","3","10020283","0","0","0","0","2","0","10020285","0","0","10020284"
"2","2","10020284","0","1","0","0","2","0","10020286","0","0","10020285"
"7","1","10020285","0","10003","0","0","2","0","10020287","0","0","10020286"
"13","0","10020286","0","0","0","0","2","0","10020288","0","0","10020287"
"7","66","10020287","0","10001","0","0","2","0","10020289","0","0","10020288"
"5","65","10020288","0","0","0","0","2","0","10020290","0","0","10020289"
"2","64","10020289","0","1","0","0","2","0","10020291","0","0","10020290"
"6","63","10020290","0","0","0","0","2","0","10020292","0","0","10020291"
"12","62","10020291","0","0","0","0","2","0","10020293","0","0","10020292"
"2","61","10020292","0","1","0","0","2","0","10020294","0","0","10020293"
"4","60","10020293","0","0","0","0","2","0","10020295","10020545","0","10020294"
"3","59","10020294","0","1","0","0","2","0","10020296","0","0","10020295"
"7","58","10020295","0","10001","0","0","2","0","10020419","0","0","10020296"
"12","45","10020431","0","0","0","0","2","0","10020336","0","0","10020331"
"14","44","10020331","0","3","0","0","2","0","10020337","0","0","10020336"
"2","43","10020336","0","2","0","0","2","0","10020338","0","0","10020337"
"7","42","10020337","0","10002","0","0","2","0","10020339","0","0","10020338"
"11","41","10020338","0","10001","0","0","2","0","10020412","0","0","10020339"
"2","39","10020412","0","2","0","0","2","0","10020342","0","0","10020341"
"4","38","10020341","0","0","0","0","2","0","10020343","0","0","10020342"
"3","37","10020342","0","1","0","0","2","0","10020344","0","0","10020343"
"2","36","10020343","0","1","0","0","2","0","10020345","0","0","10020344"
"12","35","10020344","0","0","0","0","2","0","10020346","0","0","10020345"
"6","34","10020345","0","0","0","0","2","0","10020347","0","0","10020346"
"2","33","10020346","0","1","0","0","2","0","10020348","0","0","10020347"
"14","32","10020347","0","3","0","0","2","0","10020349","0","0","10020348"
"4","31","10020348","0","0","0","0","2","0","10020351","10020350","0","10020349"
"3","32","10020349","0","3","0","0","2","0","10020352","0","0","10020350"
"7","30","10020349","0","10002","0","0","2","0","10020353","0","0","10020351"
"2","31","10020350","0","3","0","0","2","0","10020355","0","0","10020352"
"3","29","10020351","0","2","0","0","2","0","10020354","0","0","10020353"
"2","28","10020353","0","2","0","0","2","0","10020358","0","0","10020354"
"14","30","10020352","0","5","0","0","2","0","10020356","0","0","10020355"
"7","29","10020355","0","10003","0","0","2","0","10020357","0","0","10020356"
"3","28","10020356","0","3","0","0","2","0","10020358","0","0","10020357"
"6","27","10020354","0","0","0","10020357","2","0","10020359","0","0","10020358"
"5","26","10020358","0","0","0","0","2","0","10020360","0","0","10020359"
"4","25","10020359","0","0","0","0","2","0","10020361","0","0","10020360"
"2","24","10020360","0","3","0","0","2","0","10020362","0","0","10020361"
"7","23","10020361","0","10001","0","0","2","0","10020363","0","0","10020362"
"2","22","10020362","0","1","0","0","2","0","10020364","0","0","10020363"
"14","21","10020363","0","4","0","0","2","0","10020365","0","0","10020364"
"4","20","10020364","0","0","0","0","2","0","10020366","0","0","10020365"
"5","19","10020365","0","0","0","0","2","0","10020367","0","0","10020366"
"3","18","10020366","0","1","0","0","2","0","10020368","0","0","10020367"
"11","17","10020367","0","10001","0","0","2","0","10020369","0","0","10020368"
"2","16","10020368","0","1","0","0","2","0","10020370","0","0","10020369"
"4","15","10020369","0","0","0","0","2","0","10020440","10020437","0","10020370"
"3","4","10020449","0","3","0","0","2","0","10020383","0","0","10020382"
"6","3","10020382","0","0","0","0","2","0","10020384","0","0","10020383"
"2","2","10020383","0","2","0","0","2","0","10020385","0","0","10020384"
"2","1","10020384","0","1","0","0","2","0","10020386","0","0","10020385"
"13","0","10020385","0","0","0","0","2","0","10020387","0","0","10020386"
"6","66","10020386","0","0","0","0","2","0","10020388","0","0","10020387"
"4","65","10020387","0","0","0","0","2","0","10020389","0","0","10020388"
"3","64","10020388","0","2","0","0","2","0","10020390","0","0","10020389"
"12","63","10020389","0","0","0","0","2","0","10020002","0","0","10020390"
"2","6","10020079","0","1","10020582","10020581","2","0","10020405","0","0","10020404"
"3","5","10020404","0","3","0","0","2","0","10020406","0","0","10020405"
"11","4","10020405","0","10001","0","0","2","0","10020083","0","0","10020406"
"7","60","10020092","0","10001","0","0","2","0","10020094","0","0","10020407"
"3","30","10020148","0","2","0","0","2","0","10020150","0","0","10020408"
"3","25","10020258","0","2","0","0","2","0","10020260","0","0","10020410"
"3","40","10020339","0","2","0","0","2","0","10020341","0","0","10020412"
"6","57","10020296","0","0","0","0","2","0","10020420","0","0","10020419"
"11","56","10020419","0","10001","0","10020547","2","0","10020421","0","0","10020420"
"4","55","10020420","0","0","0","0","2","0","10020422","0","0","10020421"
"14","54","10020421","0","3","0","0","2","0","10020423","0","0","10020422"
"7","53","10020422","0","10001","0","0","2","0","10020424","10020426","0","10020423"
"7","52","10020423","0","10002","0","0","2","0","10020436","0","0","10020424"
"7","51","10020426","0","10003","0","0","2","0","10020427","0","0","10020425"
"3","52","10020423","0","2","0","0","2","0","10020425","0","0","10020426"
"3","50","10020425","0","3","0","0","2","0","10020428","0","0","10020427"
"4","49","10020427","0","0","0","0","2","0","10020429","0","0","10020428"
"7","48","10020428","0","10001","0","0","2","0","10020430","0","0","10020429"
"11","47","10020429","0","10001","0","0","2","0","10020431","0","0","10020430"
"6","46","10020430","0","0","0","10020432","2","0","10020331","0","0","10020431"
"4","47","10020433","0","0","0","0","2","0","10020431","0","0","10020432"
"2","48","10020434","0","1","0","0","2","0","10020432","0","0","10020433"
"12","49","10020435","0","0","0","0","2","0","10020433","0","0","10020434"
"2","50","10020436","0","3","0","0","2","0","10020434","0","0","10020435"
"3","51","10020424","0","3","0","0","2","0","10020435","0","0","10020436"
"2","16","10020370","0","3","0","0","2","0","10020438","0","0","10020437"
"14","15","10020437","0","6","0","0","2","0","10020439","0","0","10020438"
"7","14","10020438","0","10003","0","0","2","0","10020441","0","0","10020439"
"7","14","10020370","0","10002","0","0","2","0","10020441","0","0","10020440"
"3","13","10020439","0","1","0","10020440","2","0","10020442","0","0","10020441"
"14","12","10020441","0","3","0","0","2","0","10020443","0","0","10020442"
"6","11","10020442","0","0","0","0","2","0","10020444","0","0","10020443"
"7","10","10020443","0","10001","0","0","2","0","10020445","0","0","10020444"
"11","9","10020444","0","10001","0","0","2","0","10020446","0","0","10020445"
"2","8","10020445","0","1","0","0","2","0","10020447","0","0","10020446"
"14","7","10020446","0","5","0","0","2","0","10020448","0","0","10020447"
"5","6","10020447","0","0","0","0","2","0","10020449","0","0","10020448"
"7","5","10020448","0","10003","0","0","2","0","10020382","0","0","10020449"
"2","60","10020203","0","2","0","0","2","0","10020451","0","0","10020450"
"11","59","10020450","0","10001","0","0","2","0","10020452","0","0","10020451"
"14","58","10020451","0","3","0","0","2","0","10020453","0","0","10020452"
"5","57","10020452","0","0","0","0","2","0","10020454","0","0","10020453"
"3","56","10020453","0","1","0","0","2","0","10020455","0","0","10020454"
"7","55","10020454","0","10002","0","0","2","0","10020456","0","0","10020455"
"11","54","10020455","0","10001","0","0","2","0","10020457","10020458","0","10020456"
"3","53","10020456","0","1","0","0","2","0","10020460","0","0","10020457"
"4","53","10020456","0","0","0","0","2","0","10020459","0","0","10020458"
"2","52","10020458","0","2","0","0","2","0","10020463","0","0","10020459"
"12","52","10020457","0","0","0","0","2","0","10020461","0","0","10020460"
"14","51","10020460","0","4","0","0","2","0","10020462","0","0","10020461"
"5","50","10020461","0","0","0","10020463","2","0","10020464","0","0","10020462"
"3","51","10020459","0","3","0","0","2","0","10020462","0","0","10020463"
"14","49","10020462","0","3","0","0","2","0","10020465","0","0","10020464"
"7","48","10020464","0","10001","0","0","2","0","10020466","0","0","10020465"
"4","47","10020465","0","0","0","0","2","0","10020467","0","0","10020466"
"2","46","10020466","0","1","0","0","2","0","10020468","0","0","10020467"
"6","45","10020467","0","0","0","0","2","0","10020469","0","0","10020468"
"2","44","10020468","0","1","0","0","2","0","10020470","0","0","10020469"
"3","43","10020469","0","3","0","0","2","0","10020471","0","0","10020470"
"14","42","10020470","0","3","0","0","2","0","10020472","0","0","10020471"
"2","41","10020471","0","1","0","0","2","0","10020473","0","0","10020472"
"11","40","10020472","0","10001","0","0","2","0","10020474","0","0","10020473"
"4","39","10020473","0","0","0","0","2","0","10020475","0","0","10020474"
"7","38","10020474","0","10001","0","0","2","0","10020476","0","0","10020475"
"6","37","10020475","0","0","0","0","2","0","10020234","0","0","10020476"
"7","14","10020169","0","10003","0","0","2","0","10020478","0","0","10020477"
"2","13","10020477","0","1","0","0","2","0","10020479","0","0","10020478"
"3","12","10020478","0","2","0","0","2","0","10020177","0","0","10020479"
"2","20","10020158","0","1","0","0","2","0","10020559","10020556","0","10020480"
"6","57","10020101","0","0","0","0","2","0","10020492","0","0","10020491"
"7","56","10020491","0","10001","0","0","2","0","10020493","0","0","10020492"
"11","55","10020492","0","10001","0","0","2","0","10020494","0","0","10020493"
"14","54","10020493","0","3","0","0","2","0","10020495","0","0","10020494"
"5","53","10020494","0","0","0","0","2","0","10020496","0","0","10020495"
"3","52","10020495","0","1","0","0","2","0","10020497","0","0","10020496"
"2","51","10020496","0","2","0","0","2","0","10020498","0","0","10020497"
"14","50","10020497","0","4","0","0","2","0","10020499","0","0","10020498"
"6","49","10020498","0","0","0","0","2","0","10020500","0","0","10020499"
"4","48","10020499","0","0","0","0","2","0","10020501","0","0","10020500"
"7","47","10020500","0","10002","0","0","2","0","10020502","0","0","10020501"
"12","46","10020501","0","0","0","0","2","0","10020503","0","0","10020502"
"2","45","10020502","0","1","0","0","2","0","10020504","10020505","0","10020503"
"2","44","10020503","0","1","0","0","2","0","10020507","0","0","10020504"
"2","44","10020503","0","2","0","0","2","0","10020506","0","0","10020505"
"11","43","10020505","0","10001","0","0","2","0","10020508","0","0","10020506"
"7","43","10020504","0","10001","0","0","2","0","10020510","0","0","10020507"
"3","42","10020506","0","2","0","0","2","0","10020509","0","0","10020508"
"4","41","10020508","0","0","0","10020510","2","0","10020511","0","0","10020509"
"2","42","10020507","0","1","0","0","2","0","10020509","0","0","10020510"
"14","40","10020509","0","3","0","0","2","0","10020512","0","0","10020511"
"5","39","10020511","0","0","0","0","2","0","10020127","0","0","10020512"
"2","9","10020064","10020583","1","0","0","2","0","10020516","10020576","0","10020515"
"6","8","10020515","0","0","0","0","2","0","10020079","0","0","10020516"
"14","37","10020031","0","2","0","0","2","0","10020519","0","0","10020518"
"3","36","10020518","0","1","0","0","2","0","10020520","0","0","10020519"
"3","35","10020519","0","3","0","0","2","0","10020521","0","0","10020520"
"4","34","10020520","0","0","0","10020522","2","0","10020524","0","0","10020521"
"7","35","10020585","0","10003","0","0","2","0","10020521","0","0","10020522"
"7","33","10020521","0","10001","0","0","2","0","10020525","0","0","10020524"
"6","32","10020524","0","0","0","0","2","0","10020526","0","0","10020525"
"12","31","10020525","0","0","0","0","2","0","10020527","0","0","10020526"
"11","30","10020526","0","10001","0","0","2","0","10020528","0","0","10020527"
"2","29","10020527","0","1","0","0","2","0","10020529","0","0","10020528"
"14","28","10020528","0","4","0","0","2","0","10020530","0","0","10020529"
"3","27","10020529","0","1","0","0","2","0","10020531","0","0","10020530"
"7","26","10020530","0","10001","0","0","2","0","10020532","0","0","10020531"
"4","25","10020531","0","0","0","0","2","0","10020533","0","0","10020532"
"2","24","10020532","0","3","0","0","2","0","10020534","0","0","10020533"
"11","23","10020533","0","10001","0","0","2","0","10020535","0","0","10020534"
"7","22","10020534","0","10001","0","0","2","0","10020536","0","0","10020535"
"2","21","10020535","0","1","0","0","2","0","10020537","0","0","10020536"
"7","20","10020536","0","10003","0","0","2","0","10020538","0","0","10020537"
"14","19","10020537","0","2","0","0","2","0","10020539","0","0","10020538"
"4","18","10020538","0","0","0","0","2","0","10020540","0","0","10020539"
"7","17","10020539","0","10002","0","0","2","0","10020542","0","0","10020540"
"7","15","10020542","0","10002","0","0","2","0","10020543","0","0","10020541"
"14","16","10020540","0","5","0","0","2","0","10020541","0","0","10020542"
"3","14","10020541","0","2","0","0","2","0","10020544","0","0","10020543"
"5","13","10020543","0","0","0","0","2","0","10020062","0","0","10020544"
"2","59","10020294","0","2","0","0","2","0","10020546","0","0","10020545"
"2","58","10020545","0","3","0","0","2","0","10020547","0","0","10020546"
"2","57","10020546","0","1","0","0","2","0","10020420","0","0","10020547"
"14","36","10020237","0","5","0","0","2","0","10020550","0","0","10020549"
"2","35","10020549","0","2","0","0","2","0","10020551","0","0","10020550"
"14","34","10020550","0","3","0","0","2","0","10020552","0","0","10020551"
"2","33","10020551","0","2","0","0","2","0","10020553","0","0","10020552"
"2","32","10020552","0","3","0","0","2","0","10020554","0","0","10020553"
"2","31","10020553","0","2","0","0","2","0","10020555","0","0","10020554"
"14","30","10020554","0","3","0","0","2","0","10020255","0","0","10020555"
"14","21","10020480","0","5","0","0","2","0","10020557","0","0","10020556"
"4","20","10020556","0","0","0","0","2","0","10020558","0","0","10020557"
"3","19","10020557","0","3","0","0","2","0","10020560","0","0","10020558"
"7","19","10020480","0","10001","0","0","2","0","10020560","0","0","10020559"
"6","18","10020558","0","0","0","10020559","2","0","10020167","0","0","10020560"
"14","38","10020128","0","2","0","0","2","0","10020562","0","0","10020561"
"3","37","10020561","0","3","0","0","2","0","10020563","0","0","10020562"
"4","36","10020562","0","0","0","0","2","0","10020565","0","0","10020563"
"2","35","10020573","0","1","0","0","2","0","10020146","0","0","10020564"
"14","35","10020563","0","4","0","0","2","0","10020566","0","0","10020565"
"14","34","10020565","0","4","0","0","2","0","10020143","0","0","10020566"
"7","38","10020128","0","10002","0","0","2","0","10020574","0","0","10020567"
"14","36","10020574","0","6","0","0","2","0","10020570","0","0","10020569"
"5","35","10020569","0","0","0","0","2","0","10020571","0","0","10020570"
"7","34","10020570","0","10003","0","0","2","0","10020143","0","0","10020571"
"2","36","10020128","0","1","0","0","2","0","10020564","0","0","10020573"
"7","37","10020567","0","10003","0","0","2","0","10020569","0","0","10020574"
"14","10","10020515","0","2","0","0","2","0","10020577","0","0","10020576"
"4","9","10020576","0","0","0","0","2","0","10020579","0","0","10020577"
"7","8","10020577","0","10003","0","0","2","0","10020582","0","0","10020579"
"14","8","10020584","0","5","0","0","2","0","10020581","0","0","10020580"
"7","7","10020580","0","10003","0","0","2","0","10020404","0","0","10020581"
"14","7","10020579","0","4","0","0","2","0","10020404","0","0","10020582"
"4","10","10020515","0","0","0","0","2","0","10020584","0","0","10020583"
"2","9","10020583","0","2","0","0","2","0","10020580","0","0","10020584"
"14","36","10020586","0","1","0","0","2","0","10020522","0","0","10020585"
"7","37","10020031","0","10002","0","0","2","0","10020585","0","0","10020586"
"3","50","10020020","0","2","0","0","2","0","10020018","0","0","10020587"
"3","54","10020009","0","3","0","0","2","0","10020012","0","0","10020588"
"2","54","10020009","0","3","0","0","2","0","10020013","0","0","10020589"
"2","50","10020016","0","2","0","0","2","0","10020018","0","0","10020590"
"4","56","10020007","0","0","0","0","2","0","10020009","0","0","10020592"
"1","63","0","0","0","0","0","3","0","10030002","0","0","10030001"
"7","62","10030001","0","10001","0","10030369","3","0","10030003","0","0","10030002"
"2","61","10030002","0","1","0","0","3","0","10030004","0","0","10030003"
"4","60","10030003","0","0","0","0","3","0","10030012","0","0","10030004"
"12","59","10030004","0","0","0","0","3","0","10030013","0","0","10030012"
"5","58","10030012","0","0","0","0","3","0","10030014","0","0","10030013"
"2","57","10030013","0","1","0","0","3","0","10030015","0","0","10030014"
"4","56","10030014","0","0","0","0","3","0","10030018","0","0","10030015"
"11","55","10030015","0","10001","0","0","3","0","10030019","0","0","10030018"
"6","54","10030018","0","0","0","0","3","0","10030020","10030023","0","10030019"
"2","53","10030019","0","2","0","0","3","0","10030022","0","0","10030020"
"2","51","10030022","0","2","0","0","3","0","10030380","0","0","10030021"
"12","52","10030020","0","0","0","0","3","0","10030021","0","0","10030022"
"3","53","10030019","0","1","0","0","3","0","10030025","0","0","10030023"
"3","51","10030025","0","2","0","0","3","0","10030380","0","0","10030024"
"4","52","10030023","0","0","0","0","3","0","10030024","0","0","10030025"
"7","49","10030380","0","10001","0","0","3","0","10030028","0","0","10030027"
"2","48","10030027","0","2","0","0","3","0","10030029","0","0","10030028"
"12","47","10030028","0","0","0","0","3","0","10030030","0","0","10030029"
"14","46","10030029","0","3","0","0","3","0","10030031","0","0","10030030"
"11","45","10030030","0","10001","0","0","3","0","10030032","0","0","10030031"
"4","44","10030031","0","0","0","0","3","0","10030033","0","0","10030032"
"2","43","10030032","0","1","0","0","3","0","10030034","10030035","0","10030033"
"12","42","10030033","0","0","0","0","3","0","10030037","0","0","10030034"
"7","42","10030033","0","10002","0","0","3","0","10030036","0","0","10030035"
"3","41","10030035","0","3","0","0","3","0","10030039","0","0","10030036"
"14","41","10030034","0","2","0","0","3","0","10030038","0","0","10030037"
"6","40","10030037","0","0","0","0","3","0","10030040","0","0","10030038"
"4","40","10030036","0","0","0","0","3","0","10030041","0","0","10030039"
"7","39","10030038","0","10002","0","0","3","0","10030043","0","0","10030040"
"2","39","10030039","0","3","0","0","3","0","10030042","0","0","10030041"
"7","38","10030041","0","10003","0","0","3","0","10030045","0","0","10030042"
"14","38","10030040","0","2","0","0","3","0","10030044","0","0","10030043"
"11","37","10030043","0","10001","0","0","3","0","10030047","0","0","10030044"
"3","37","10030042","0","2","0","0","3","0","10030046","0","0","10030045"
"2","36","10030045","0","3","0","0","3","0","10030048","0","0","10030046"
"7","36","10030044","0","10001","0","0","3","0","10030048","0","0","10030047"
"14","35","10030046","0","3","0","10030047","3","0","10030049","0","0","10030048"
"7","34","10030048","0","10001","0","0","3","0","10030050","0","0","10030049"
"12","33","10030049","0","0","0","0","3","0","10030051","0","0","10030050"
"4","32","10030050","0","0","0","0","3","0","10030052","0","0","10030051"
"6","31","10030051","0","0","0","0","3","0","10030053","0","0","10030052"
"14","30","10030052","0","2","0","0","3","0","10030054","0","0","10030053"
"2","29","10030053","0","1","0","0","3","0","10030055","0","0","10030054"
"11","28","10030054","0","10001","0","0","3","0","10030056","0","0","10030055"
"3","27","10030055","0","1","0","0","3","0","10030057","0","0","10030056"
"5","26","10030056","0","0","0","0","3","0","10030058","0","0","10030057"
"4","25","10030057","0","0","0","0","3","0","10030059","0","0","10030058"
"2","24","10030058","10030068","1","0","0","3","0","10030060","10030064","0","10030059"
"7","23","10030059","0","10001","0","0","3","0","10030061","0","0","10030060"
"3","22","10030060","0","1","0","0","3","0","10030062","0","0","10030061"
"2","21","10030061","0","1","10030069","10030067","3","0","10030063","0","0","10030062"
"6","20","10030062","0","0","0","0","3","0","10030072","0","0","10030063"
"14","25","10030059","0","4","0","0","3","0","10030065","0","0","10030064"
"2","24","10030064","0","3","0","0","3","0","10030066","0","0","10030065"
"3","23","10030065","0","3","0","0","3","0","10030067","0","0","10030066"
"14","22","10030066","0","4","0","0","3","0","10030062","0","0","10030067"
"7","25","10030059","0","10003","0","0","3","0","10030070","0","0","10030068"
"7","22","10030071","0","10003","0","0","3","0","10030062","0","0","10030069"
"6","24","10030068","0","0","0","0","3","0","10030071","0","0","10030070"
"14","23","10030070","0","6","0","0","3","0","10030069","0","0","10030071"
"7","19","10030063","0","10001","0","0","3","0","10030073","0","0","10030072"
"2","18","10030072","0","2","0","0","3","0","10030379","0","0","10030073"
"4","6","10030377","0","0","0","0","3","0","10030086","0","0","10030085"
"7","5","10030085","0","10001","0","0","3","0","10030087","0","0","10030086"
"14","4","10030086","0","3","0","0","3","0","10030088","0","0","10030087"
"2","3","10030087","0","1","0","0","3","0","10030089","0","0","10030088"
"7","2","10030088","0","10002","0","0","3","0","10030090","0","0","10030089"
"2","1","10030089","0","1","0","0","3","0","10030091","0","0","10030090"
"13","0","10030090","0","0","0","0","3","0","10030092","0","0","10030091"
"4","66","10030091","0","0","0","0","3","0","10030093","0","0","10030092"
"3","65","10030092","0","2","0","0","3","0","10030094","0","0","10030093"
"2","64","10030093","0","2","0","0","3","0","10030095","0","0","10030094"
"6","63","10030094","0","0","0","0","3","0","10030096","10030097","0","10030095"
"4","62","10030095","0","0","0","0","3","0","10030099","0","0","10030096"
"2","62","10030095","0","3","0","0","3","0","10030098","0","0","10030097"
"6","61","10030097","0","0","0","0","3","0","10030101","0","0","10030098"
"3","61","10030096","0","2","0","0","3","0","10030100","0","0","10030099"
"7","60","10030099","0","10003","0","0","3","0","10030102","0","0","10030100"
"5","60","10030098","0","0","0","0","3","0","10030102","0","0","10030101"
"11","59","10030100","0","10001","0","10030101","3","0","10030103","0","0","10030102"
"4","58","10030102","0","0","0","0","3","0","10030104","0","0","10030103"
"7","57","10030103","0","10001","0","0","3","0","10030105","0","0","10030104"
"14","56","10030104","0","3","0","0","3","0","10030106","0","0","10030105"
"3","55","10030105","0","1","0","0","3","0","10030107","0","0","10030106"
"7","54","10030106","0","10001","0","0","3","0","10030108","0","0","10030107"
"12","53","10030107","0","0","0","0","3","0","10030110","0","0","10030108"
"6","52","10030108","0","0","0","0","3","0","10030156","0","0","10030110"
"7","50","10030156","0","10001","0","0","3","0","10030113","0","0","10030112"
"2","49","10030112","0","1","0","0","3","0","10030114","0","0","10030113"
"11","48","10030113","0","10001","0","0","3","0","10030381","0","0","10030114"
"14","46","10030381","0","3","0","0","3","0","10030117","0","0","10030116"
"2","45","10030116","0","1","0","0","3","0","10030118","0","0","10030117"
"4","44","10030117","0","0","0","0","3","0","10030119","0","0","10030118"
"6","43","10030118","0","0","0","0","3","0","10030120","10030121","0","10030119"
"3","42","10030119","0","3","0","0","3","0","10030123","0","0","10030120"
"2","42","10030119","0","1","0","0","3","0","10030122","0","0","10030121"
"7","41","10030121","0","10003","0","0","3","0","10030125","0","0","10030122"
"2","41","10030120","0","3","0","0","3","0","10030124","0","0","10030123"
"2","40","10030123","0","2","0","0","3","0","10030126","0","0","10030124"
"14","40","10030122","0","5","0","0","3","0","10030127","0","0","10030125"
"3","39","10030124","0","3","0","0","3","0","10030129","0","0","10030126"
"6","39","10030125","0","0","0","0","3","0","10030128","0","0","10030127"
"7","38","10030127","0","10002","0","0","3","0","10030130","0","0","10030128"
"14","38","10030126","0","4","0","0","3","0","10030131","0","0","10030129"
"7","37","10030128","0","10003","0","0","3","0","10030133","0","0","10030130"
"7","37","10030129","0","10001","0","0","3","0","10030132","0","0","10030131"
"2","36","10030131","0","3","0","0","3","0","10030134","0","0","10030132"
"5","36","10030130","0","0","0","0","3","0","10030134","0","0","10030133"
"4","35","10030132","0","0","0","10030133","3","0","10030135","0","0","10030134"
"3","34","10030134","0","2","0","0","3","0","10030136","0","0","10030135"
"2","33","10030135","0","1","0","0","3","0","10030137","0","0","10030136"
"12","32","10030136","0","0","0","0","3","0","10030138","0","0","10030137"
"3","31","10030137","0","1","0","0","3","0","10030139","0","0","10030138"
"2","30","10030138","0","2","0","0","3","0","10030140","0","0","10030139"
"7","29","10030139","0","10001","0","0","3","0","10030141","0","0","10030140"
"12","28","10030140","0","0","0","0","3","0","10030142","0","0","10030141"
"2","27","10030141","0","1","0","0","3","0","10030143","0","0","10030142"
"6","26","10030142","0","0","0","0","3","0","10030144","0","0","10030143"
"4","25","10030143","0","0","0","0","3","0","10030145","0","0","10030144"
"2","24","10030144","0","1","0","0","3","0","10030146","0","0","10030145"
"14","23","10030145","0","3","0","0","3","0","10030147","0","0","10030146"
"7","22","10030146","0","10001","0","0","3","0","10030148","0","0","10030147"
"2","21","10030147","0","1","0","0","3","0","10030149","0","0","10030148"
"11","20","10030148","0","10001","0","0","3","0","10030150","0","0","10030149"
"7","19","10030149","0","10002","0","0","3","0","10030399","0","0","10030150"
"2","16","10030398","0","2","0","0","3","0","10030157","0","0","10030153"
"7","14","10030157","0","10001","0","0","3","0","10030158","0","0","10030155"
"4","51","10030110","0","0","0","0","3","0","10030112","0","0","10030156"
"3","15","10030153","0","1","0","0","3","0","10030155","0","0","10030157"
"4","13","10030155","0","0","0","0","3","0","10030159","0","0","10030158"
"14","12","10030158","0","5","0","0","3","0","10030160","0","0","10030159"
"11","11","10030159","0","10001","0","0","3","0","10030161","0","0","10030160"
"6","10","10030160","0","0","0","0","3","0","10030162","0","0","10030161"
"12","9","10030161","0","0","0","0","3","0","10030163","0","0","10030162"
"7","8","10030162","0","10002","0","0","3","0","10030164","0","0","10030163"
"2","7","10030163","0","2","0","0","3","0","10030165","0","0","10030164"
"4","6","10030164","0","0","0","0","3","0","10030167","10030166","0","10030165"
"7","9","10030165","0","10003","0","0","3","0","10030169","0","0","10030166"
"2","5","10030165","0","1","0","0","3","0","10030168","0","0","10030167"
"11","4","10030167","0","10001","0","10030172","3","0","10030173","0","0","10030168"
"2","8","10030166","0","3","0","0","3","0","10030170","0","0","10030169"
"14","7","10030169","0","6","0","0","3","0","10030171","0","0","10030170"
"6","6","10030170","0","0","0","0","3","0","10030172","0","0","10030171"
"3","5","10030171","0","3","0","0","3","0","10030168","0","0","10030172"
"3","3","10030168","0","2","0","0","3","0","10030174","0","0","10030173"
"7","2","10030173","0","10002","0","0","3","0","10030175","0","0","10030174"
"7","1","10030174","0","10003","0","0","3","0","10030176","0","0","10030175"
"13","0","10030175","0","0","0","0","3","0","10030177","0","0","10030176"
"6","68","10030176","0","0","0","0","3","0","10030178","0","0","10030177"
"12","67","10030177","0","0","0","0","3","0","10030179","0","0","10030178"
"2","66","10030178","0","1","0","0","3","0","10030180","0","0","10030179"
"7","65","10030179","0","10001","0","0","3","0","10030181","0","0","10030180"
"3","64","10030180","0","1","0","0","3","0","10030182","0","0","10030181"
"4","63","10030181","0","0","0","0","3","0","10030183","0","0","10030182"
"2","62","10030182","0","1","0","0","3","0","10030184","0","0","10030183"
"11","61","10030183","0","10001","0","0","3","0","10030185","0","0","10030184"
"6","60","10030184","0","0","0","0","3","0","10030186","0","0","10030185"
"2","59","10030185","0","1","0","0","3","0","10030188","0","0","10030186"
"2","57","10030188","0","1","0","0","3","0","10030189","0","0","10030187"
"3","58","10030186","0","2","0","0","3","0","10030187","0","0","10030188"
"7","56","10030187","0","10001","0","0","3","0","10030190","10030191","0","10030189"
"4","55","10030189","0","0","0","0","3","0","10030193","0","0","10030190"
"14","55","10030189","0","2","0","0","3","0","10030192","0","0","10030191"
"2","54","10030191","0","3","0","0","3","0","10030195","0","0","10030192"
"14","54","10030190","0","1","0","0","3","0","10030194","0","0","10030193"
"4","53","10030193","0","0","0","0","3","0","10030196","0","0","10030194"
"3","53","10030192","0","3","0","0","3","0","10030196","0","0","10030195"
"5","52","10030194","0","0","0","10030195","3","0","10030197","0","0","10030196"
"6","51","10030196","0","0","0","0","3","0","10030198","0","0","10030197"
"3","50","10030197","0","1","0","0","3","0","10030199","0","0","10030198"
"4","49","10030198","0","0","0","0","3","0","10030200","0","0","10030199"
"2","48","10030199","0","1","0","0","3","0","10030201","0","0","10030200"
"11","47","10030200","0","10001","0","0","3","0","10030202","0","0","10030201"
"7","46","10030201","0","10001","0","0","3","0","10030203","10030204","0","10030202"
"14","45","10030202","0","2","0","0","3","0","10030206","0","0","10030203"
"12","45","10030202","0","0","0","0","3","0","10030205","0","0","10030204"
"14","44","10030204","0","4","0","0","3","0","10030208","0","0","10030205"
"7","44","10030203","0","10003","0","0","3","0","10030207","0","0","10030206"
"4","43","10030206","0","0","0","0","3","0","10030209","0","0","10030207"
"2","43","10030205","0","1","0","0","3","0","10030209","0","0","10030208"
"6","42","10030207","0","0","0","10030208","3","0","10030210","0","0","10030209"
"12","41","10030209","0","0","0","0","3","0","10030211","0","0","10030210"
"3","40","10030210","0","2","0","0","3","0","10030212","0","0","10030211"
"4","39","10030211","0","0","0","0","3","0","10030213","0","0","10030212"
"2","38","10030212","0","2","0","0","3","0","10030214","0","0","10030213"
"2","37","10030213","0","1","0","0","3","0","10030216","10030215","0","10030214"
"14","40","10030214","0","5","0","0","3","0","10030217","0","0","10030215"
"12","36","10030214","0","0","0","0","3","0","10030225","0","0","10030216"
"2","39","10030215","0","3","0","0","3","0","10030218","0","0","10030217"
"2","38","10030217","0","2","0","0","3","0","10030219","0","0","10030218"
"2","37","10030218","0","2","0","0","3","0","10030220","0","0","10030219"
"14","36","10030219","0","3","0","0","3","0","10030221","0","0","10030220"
"2","35","10030220","0","2","0","0","3","0","10030222","0","0","10030221"
"2","34","10030221","0","2","0","0","3","0","10030223","0","0","10030222"
"2","33","10030222","0","3","0","0","3","0","10030224","0","0","10030223"
"14","32","10030223","0","3","0","0","3","0","10030229","0","0","10030224"
"11","35","10030216","0","10001","0","0","3","0","10030226","0","0","10030225"
"14","34","10030225","0","3","0","0","3","0","10030227","0","0","10030226"
"3","33","10030226","0","1","0","0","3","0","10030228","0","0","10030227"
"6","32","10030227","0","0","0","0","3","0","10030229","0","0","10030228"
"7","31","10030224","0","10001","0","10030228","3","0","10030230","0","0","10030229"
"5","30","10030229","0","0","0","0","3","0","10030231","0","0","10030230"
"2","29","10030230","0","1","0","0","3","0","10030232","0","0","10030231"
"3","28","10030231","0","1","0","0","3","0","10030382","0","0","10030232"
"2","26","10030382","0","1","0","0","3","0","10030235","0","0","10030234"
"14","25","10030234","0","5","0","0","3","0","10030236","0","0","10030235"
"7","24","10030235","0","10001","0","0","3","0","10030238","0","0","10030236"
"2","23","10030236","0","2","0","0","3","0","10030239","0","0","10030238"
"4","22","10030238","0","0","0","0","3","0","10030240","0","0","10030239"
"7","21","10030239","0","10002","0","0","3","0","10030241","0","0","10030240"
"2","20","10030240","0","1","0","0","3","0","10030242","0","0","10030241"
"3","19","10030241","0","3","0","0","3","0","10030387","0","0","10030242"
"14","17","10030387","0","3","0","0","3","0","10030245","0","0","10030244"
"2","16","10030244","0","1","0","0","3","0","10030246","0","0","10030245"
"7","15","10030245","0","10001","0","0","3","0","10030247","0","0","10030246"
"6","14","10030246","0","0","0","0","3","0","10030401","0","0","10030247"
"11","10","10030252","0","10001","0","0","3","0","10030253","0","0","10030251"
"7","11","10030400","0","10002","0","0","3","0","10030251","0","0","10030252"
"2","9","10030251","0","1","0","0","3","0","10030254","0","0","10030253"
"2","8","10030253","0","1","0","0","3","0","10030255","10030256","0","10030254"
"3","7","10030254","0","3","0","0","3","0","10030257","0","0","10030255"
"14","7","10030254","0","5","0","0","3","0","10030258","0","0","10030256"
"14","6","10030255","0","4","0","0","3","0","10030259","0","0","10030257"
"4","6","10030256","0","0","0","0","3","0","10030259","0","0","10030258"
"6","5","10030257","0","0","0","10030258","3","0","10030260","0","0","10030259"
"2","4","10030259","0","1","0","0","3","0","10030261","0","0","10030260"
"4","3","10030260","0","0","0","0","3","0","10030262","0","0","10030261"
"12","2","10030261","0","0","0","0","3","0","10030263","0","0","10030262"
"7","1","10030262","0","10003","0","0","3","0","10030264","0","0","10030263"
"13","0","10030263","0","0","0","0","3","0","10030265","0","0","10030264"
"11","66","10030264","0","10001","0","0","3","0","10030266","0","0","10030265"
"7","65","10030265","0","10001","0","0","3","0","10030267","0","0","10030266"
"3","64","10030266","0","1","0","0","3","0","10030268","0","0","10030267"
"4","63","10030267","0","0","0","0","3","0","10030269","0","0","10030268"
"2","62","10030268","0","1","0","0","3","0","10030270","0","0","10030269"
"7","61","10030269","0","10001","0","0","3","0","10030271","0","0","10030270"
"5","60","10030270","0","0","0","0","3","0","10030272","0","0","10030271"
"2","59","10030271","0","1","0","0","3","0","10030273","0","0","10030272"
"12","58","10030272","0","0","0","0","3","0","10030274","0","0","10030273"
"4","57","10030273","0","0","0","0","3","0","10030275","0","0","10030274"
"2","56","10030274","0","1","0","0","3","0","10030276","0","0","10030275"
"6","55","10030275","0","0","0","0","3","0","10030277","0","0","10030276"
"11","54","10030276","0","10001","0","0","3","0","10030278","10030284","0","10030277"
"7","53","10030277","0","10001","0","0","3","0","10030279","0","0","10030278"
"7","52","10030278","0","10002","0","0","3","0","10030280","0","0","10030279"
"7","51","10030279","0","10003","0","0","3","0","10030281","0","0","10030280"
"7","50","10030280","0","10002","0","0","3","0","10030282","0","0","10030281"
"7","49","10030281","0","10001","0","0","3","0","10030283","0","0","10030282"
"4","48","10030282","0","0","0","10030285","3","0","10030289","0","0","10030283"
"14","53","10030277","0","2","0","0","3","0","10030287","0","0","10030284"
"14","49","10030286","0","3","0","0","3","0","10030283","0","0","10030285"
"3","50","10030288","0","3","0","0","3","0","10030285","0","0","10030286"
"3","52","10030284","0","2","0","0","3","0","10030288","0","0","10030287"
"2","51","10030287","0","3","0","0","3","0","10030286","0","0","10030288"
"6","47","10030283","0","0","0","0","3","0","10030290","0","0","10030289"
"3","46","10030289","0","1","0","0","3","0","10030292","0","0","10030290"
"2","44","10030292","0","1","0","0","3","0","10030293","0","0","10030291"
"14","45","10030290","0","3","0","0","3","0","10030291","0","0","10030292"
"4","43","10030291","0","0","0","0","3","0","10030294","0","0","10030293"
"7","42","10030293","0","10001","0","0","3","0","10030295","0","0","10030294"
"2","41","10030294","0","2","0","0","3","0","10030296","0","0","10030295"
"11","40","10030295","0","10001","0","0","3","0","10030297","0","0","10030296"
"14","39","10030296","0","2","0","0","3","0","10030298","0","0","10030297"
"5","38","10030297","0","0","0","0","3","0","10030299","0","0","10030298"
"4","37","10030298","0","0","0","0","3","0","10030300","10030301","0","10030299"
"3","36","10030299","0","1","0","0","3","0","10030303","0","0","10030300"
"7","36","10030299","0","10001","0","0","3","0","10030302","0","0","10030301"
"14","35","10030301","0","2","0","0","3","0","10030305","0","0","10030302"
"6","35","10030300","0","0","0","0","3","0","10030304","0","0","10030303"
"2","34","10030303","0","3","0","0","3","0","10030306","0","0","10030304"
"4","34","10030302","0","0","0","0","3","0","10030308","0","0","10030305"
"14","33","10030304","0","2","0","0","3","0","10030307","0","0","10030306"
"2","32","10030306","0","3","0","0","3","0","10030310","0","0","10030307"
"7","33","10030305","0","10003","0","0","3","0","10030309","0","0","10030308"
"7","32","10030308","0","10002","0","0","3","0","10030310","0","0","10030309"
"6","31","10030307","0","0","0","10030309","3","0","10030311","0","0","10030310"
"11","30","10030310","0","10001","0","0","3","0","10030312","0","0","10030311"
"14","29","10030311","0","4","0","0","3","0","10030313","0","0","10030312"
"12","28","10030312","0","0","0","0","3","0","10030314","0","0","10030313"
"7","27","10030313","0","10001","0","0","3","0","10030315","0","0","10030314"
"2","26","10030314","0","2","0","0","3","0","10030385","0","0","10030315"
"6","24","10030385","0","1","0","0","3","0","10030391","0","0","10030317"
"2","21","10030390","0","1","0","0","3","0","10030324","10030321","0","10030320"
"3","22","10030320","0","3","0","0","3","0","10030322","0","0","10030321"
"14","21","10030321","0","4","0","0","3","0","10030323","0","0","10030322"
"7","20","10030322","0","10003","0","0","3","0","10030325","0","0","10030323"
"3","20","10030320","0","1","0","0","3","0","10030325","0","0","10030324"
"7","19","10030323","0","10001","0","10030324","3","0","10030326","0","0","10030325"
"4","18","10030325","0","0","0","0","3","0","10030327","0","0","10030326"
"2","17","10030326","0","2","0","0","3","0","10030334","0","0","10030327"
"6","16","10030327","0","0","0","0","3","0","10030335","0","0","10030334"
"4","15","10030334","0","0","0","0","3","0","10030336","0","0","10030335"
"3","14","10030335","0","2","0","0","3","0","10030337","0","0","10030336"
"2","13","10030336","0","1","0","0","3","0","10030338","0","0","10030337"
"7","12","10030337","0","10003","0","0","3","0","10030386","0","0","10030338"
"2","10","10030386","0","1","0","0","3","0","10030341","0","0","10030340"
"3","9","10030340","10030347","1","0","0","3","0","10030357","10030344","0","10030341"
"14","10","10030341","0","2","0","0","3","0","10030345","0","0","10030344"
"14","9","10030344","0","4","0","0","3","0","10030346","0","0","10030345"
"3","8","10030345","0","3","0","0","3","0","10030358","0","0","10030346"
"7","10","10030341","0","10003","0","0","3","0","10030348","0","0","10030347"
"4","9","10030347","0","0","0","0","3","0","10030349","0","0","10030348"
"14","8","10030348","0","4","0","0","3","0","10030358","0","0","10030349"
"6","8","10030341","0","0","0","0","3","0","10030358","0","0","10030357"
"2","7","10030346","0","1","10030357","10030349","3","0","10030359","0","0","10030358"
"3","6","10030358","0","2","0","0","3","0","10030360","0","0","10030359"
"7","5","10030359","0","10003","0","0","3","0","10030392","0","0","10030360"
"14","3","10030392","0","3","0","0","3","0","10030363","0","0","10030362"
"7","2","10030362","0","10002","0","0","3","0","10030364","0","0","10030363"
"2","1","10030363","0","1","0","0","3","0","10030365","0","0","10030364"
"13","0","10030364","0","0","0","0","3","0","10030366","0","0","10030365"
"4","66","10030365","0","0","0","0","3","0","10030367","0","0","10030366"
"6","65","10030366","0","0","0","0","3","0","10030368","0","0","10030367"
"3","64","10030367","0","2","0","0","3","0","10030369","0","0","10030368"
"2","63","10030368","0","2","0","0","3","0","10030002","0","0","10030369"
"6","14","10030393","0","0","0","0","3","0","10030371","0","0","10030370"
"3","13","10030370","0","1","0","0","3","0","10030372","0","0","10030371"
"7","12","10030371","0","10002","0","0","3","0","10030373","0","0","10030372"
"14","11","10030372","0","3","0","0","3","0","10030374","0","0","10030373"
"2","10","10030373","0","1","0","0","3","0","10030375","0","0","10030374"
"3","9","10030374","0","2","0","0","3","0","10030376","0","0","10030375"
"6","8","10030375","0","0","0","0","3","0","10030377","0","0","10030376"
"2","7","10030376","0","1","0","0","3","0","10030085","0","0","10030377"
"7","17","10030073","0","10001","0","0","3","0","10030394","0","0","10030379"
"7","50","10030021","0","10001","0","10030024","3","0","10030027","0","0","10030380"
"7","47","10030114","0","10001","0","0","3","0","10030116","0","0","10030381"
"7","27","10030232","0","10001","0","0","3","0","10030234","0","0","10030382"
"7","25","10030315","0","10001","0","0","3","0","10030317","0","0","10030385"
"12","11","10030338","0","0","0","0","3","0","10030340","0","0","10030386"
"7","18","10030242","0","10001","0","0","3","0","10030244","0","0","10030387"
"11","22","10030391","0","10001","0","0","3","0","10030320","0","0","10030390"
"14","23","10030317","0","3","0","0","3","0","10030390","0","0","10030391"
"7","4","10030360","0","10002","0","0","3","0","10030362","0","0","10030392"
"4","15","10030394","0","0","0","0","3","0","10030370","0","0","10030393"
"14","16","10030379","0","3","0","0","3","0","10030393","0","0","10030394"
"4","17","10030399","0","0","0","0","3","0","10030153","0","0","10030398"
"14","18","10030150","0","4","0","0","3","0","10030398","0","0","10030399"
"14","12","10030401","0","3","0","0","3","0","10030252","0","0","10030400"
"3","13","10030247","0","1","0","0","3","0","10030400","0","0","10030401"
"2","56","10040443","0","1","0","0","4","0","10040085","10040096","0","10040084"
"4","55","10040084","0","0","0","0","4","0","10040086","0","0","10040085"
"2","54","10040085","0","2","0","0","4","0","10040087","0","0","10040086"
"14","53","10040086","0","3","0","0","4","0","10040088","0","0","10040087"
"2","52","10040087","0","2","0","0","4","0","10040089","0","0","10040088"
"2","51","10040088","0","3","0","0","4","0","10040090","0","0","10040089"
"2","50","10040089","0","1","0","0","4","0","10040091","0","0","10040090"
"14","49","10040090","0","3","0","0","4","0","10040092","0","0","10040091"
"4","48","10040091","0","0","0","0","4","0","10040093","0","0","10040092"
"6","47","10040092","0","0","0","0","4","0","10040094","0","0","10040093"
"3","46","10040093","0","3","0","0","4","0","10040095","0","0","10040094"
"14","45","10040094","0","3","0","10040105","4","0","10040106","0","0","10040095"
"11","55","10040084","0","10001","0","0","4","0","10040097","0","0","10040096"
"4","54","10040096","0","0","0","0","4","0","10040098","0","0","10040097"
"2","53","10040097","0","3","0","0","4","0","10040099","0","0","10040098"
"14","52","10040098","0","3","0","0","4","0","10040100","0","0","10040099"
"2","51","10040099","0","2","0","0","4","0","10040101","0","0","10040100"
"7","50","10040100","0","10001","0","0","4","0","10040102","0","0","10040101"
"7","49","10040101","0","10003","0","0","4","0","10040103","0","0","10040102"
"4","48","10040102","0","0","0","0","4","0","10040104","0","0","10040103"
"7","47","10040103","0","10001","0","0","4","0","10040105","0","0","10040104"
"2","46","10040104","0","2","0","0","4","0","10040095","0","0","10040105"
"7","44","10040095","0","10001","0","0","4","0","10040107","0","0","10040106"
"6","43","10040106","0","0","0","0","4","0","10040108","0","0","10040107"
"2","42","10040107","0","1","0","0","4","0","10040109","10040113","0","10040108"
"11","41","10040108","0","10001","0","0","4","0","10040110","0","0","10040109"
"12","40","10040109","0","0","0","0","4","0","10040111","0","0","10040110"
"6","39","10040110","0","0","0","10040116","4","0","10040112","0","0","10040111"
"4","38","10040111","0","0","0","0","4","0","10040117","0","0","10040112"
"2","43","10040108","0","3","0","0","4","0","10040114","0","0","10040113"
"14","42","10040113","0","3","0","0","4","0","10040115","0","0","10040114"
"6","41","10040114","0","0","0","0","4","0","10040116","0","0","10040115"
"7","40","10040115","0","10003","0","0","4","0","10040111","0","0","10040116"
"7","37","10040112","0","10001","0","0","4","0","10040118","0","0","10040117"
"3","36","10040117","0","2","0","0","4","0","10040119","0","0","10040118"
"14","35","10040118","0","5","0","0","4","0","10040120","0","0","10040119"
"4","34","10040119","0","0","0","0","4","0","10040121","0","0","10040120"
"2","33","10040120","0","2","0","0","4","0","10040122","0","0","10040121"
"3","32","10040121","0","1","0","0","4","0","10040123","0","0","10040122"
"14","31","10040122","0","3","0","0","4","0","10040124","0","0","10040123"
"11","30","10040123","0","10001","0","0","4","0","10040125","0","0","10040124"
"12","29","10040124","0","0","0","0","4","0","10040126","0","0","10040125"
"3","28","10040125","0","2","0","0","4","0","10040127","0","0","10040126"
"5","27","10040126","0","0","0","0","4","0","10040128","0","0","10040127"
"7","26","10040127","0","10002","0","0","4","0","10040130","0","0","10040128"
"4","25","10040128","0","0","0","0","4","0","10040131","0","0","10040130"
"3","24","10040130","0","2","0","0","4","0","10040132","0","0","10040131"
"7","23","10040131","0","10001","0","0","4","0","10040133","0","0","10040132"
"4","22","10040132","0","0","0","0","4","0","10040134","0","0","10040133"
"2","21","10040133","0","1","0","0","4","0","10040135","0","0","10040134"
"2","20","10040134","0","2","0","0","4","0","10040136","0","0","10040135"
"3","19","10040135","0","2","0","0","4","0","10040137","0","0","10040136"
"12","18","10040136","0","0","0","0","4","0","10040138","0","0","10040137"
"6","17","10040137","0","0","0","0","4","0","10040139","0","0","10040138"
"4","16","10040138","0","0","0","0","4","0","10040140","0","0","10040139"
"2","15","10040139","0","2","0","0","4","0","10040141","0","0","10040140"
"2","14","10040140","0","3","0","0","4","0","10040142","0","0","10040141"
"14","13","10040141","0","3","0","0","4","0","10040548","0","0","10040142"
"14","3","10040556","0","1","0","0","4","0","10040147","0","0","10040146"
"3","2","10040146","0","3","0","0","4","0","10040148","0","0","10040147"
"2","1","10040147","0","2","0","0","4","0","10040149","0","0","10040148"
"13","0","10040148","0","0","0","0","4","0","10040150","0","0","10040149"
"12","66","10040149","0","0","0","0","4","0","10040151","0","0","10040150"
"6","65","10040150","0","0","0","0","4","0","10040152","0","0","10040151"
"3","64","10040151","0","1","0","0","4","0","10040153","0","0","10040152"
"7","63","10040152","0","10002","0","0","4","0","10040154","0","0","10040153"
"5","62","10040153","0","0","0","0","4","0","10040155","0","0","10040154"
"2","61","10040154","0","1","0","0","4","0","10040156","0","0","10040155"
"11","60","10040155","0","10001","0","0","4","0","10040157","0","0","10040156"
"4","59","10040156","0","0","0","0","4","0","10040158","0","0","10040157"
"2","58","10040157","0","1","0","0","4","0","10040159","0","0","10040158"
"14","57","10040158","0","2","0","0","4","0","10040160","0","0","10040159"
"2","56","10040159","0","1","0","0","4","0","10040161","0","0","10040160"
"3","55","10040160","0","1","0","0","4","0","10040162","10040166","0","10040161"
"4","54","10040161","0","0","0","0","4","0","10040163","0","0","10040162"
"12","53","10040162","0","0","0","0","4","0","10040164","0","0","10040163"
"2","52","10040163","0","1","0","0","4","0","10040165","0","0","10040164"
"6","51","10040164","0","0","0","10040170","4","0","10040171","0","0","10040165"
"14","56","10040161","0","4","0","0","4","0","10040167","0","0","10040166"
"4","55","10040166","0","0","0","0","4","0","10040168","0","0","10040167"
"2","54","10040167","0","3","0","0","4","0","10040169","0","0","10040168"
"14","53","10040168","0","6","0","0","4","0","10040170","0","0","10040169"
"3","52","10040169","0","3","0","0","4","0","10040165","0","0","10040170"
"11","50","10040165","0","10001","0","0","4","0","10040557","0","0","10040171"
"2","40","10040565","0","1","0","0","4","0","10040176","0","0","10040175"
"2","39","10040175","0","2","0","0","4","0","10040177","0","0","10040176"
"4","38","10040176","0","0","0","0","4","0","10040178","0","0","10040177"
"7","37","10040177","0","10002","0","0","4","0","10040179","0","0","10040178"
"11","36","10040178","0","10001","0","0","4","0","10040183","0","0","10040179"
"2","33","10040184","0","1","0","0","4","0","10040185","0","0","10040182"
"14","35","10040179","0","4","0","0","4","0","10040184","0","0","10040183"
"5","34","10040183","0","0","0","0","4","0","10040182","0","0","10040184"
"14","32","10040182","0","3","0","0","4","0","10040186","0","0","10040185"
"4","31","10040185","0","0","0","0","4","0","10040187","0","0","10040186"
"7","30","10040186","0","10002","0","0","4","0","10040188","0","0","10040187"
"6","29","10040187","0","0","0","0","4","0","10040189","10040196","0","10040188"
"2","28","10040188","0","2","0","0","4","0","10040190","0","0","10040189"
"3","27","10040189","0","2","0","0","4","0","10040191","0","0","10040190"
"14","26","10040190","0","1","0","0","4","0","10040192","0","0","10040191"
"3","25","10040191","0","3","0","0","4","0","10040193","0","0","10040192"
"2","24","10040192","0","3","0","0","4","0","10040194","0","0","10040193"
"4","23","10040193","0","0","0","0","4","0","10040195","0","0","10040194"
"12","22","10040194","0","0","0","10040201","4","0","10040202","0","0","10040195"
"7","28","10040188","0","10001","0","0","4","0","10040197","0","0","10040196"
"2","27","10040196","0","1","0","0","4","0","10040198","0","0","10040197"
"14","26","10040197","0","1","0","0","4","0","10040199","0","0","10040198"
"7","25","10040198","0","10003","0","0","4","0","10040200","0","0","10040199"
"14","24","10040199","0","2","0","0","4","0","10040201","0","0","10040200"
"11","23","10040200","0","10001","0","0","4","0","10040195","0","0","10040201"
"4","21","10040195","0","0","0","0","4","0","10040203","0","0","10040202"
"11","20","10040202","0","10001","0","0","4","0","10040204","10040211","0","10040203"
"7","19","10040203","0","10003","0","0","4","0","10040205","0","0","10040204"
"3","18","10040204","0","2","0","0","4","0","10040206","0","0","10040205"
"4","17","10040205","0","0","0","0","4","0","10040207","0","0","10040206"
"14","16","10040206","0","5","0","10040213","4","0","10040208","0","0","10040207"
"2","15","10040207","0","2","0","0","4","0","10040214","0","0","10040208"
"5","19","10040203","0","0","0","0","4","0","10040212","0","0","10040211"
"6","18","10040211","0","0","0","0","4","0","10040213","0","0","10040212"
"2","17","10040212","0","3","0","0","4","0","10040207","0","0","10040213"
"12","14","10040208","0","0","0","0","4","0","10040215","0","0","10040214"
"2","13","10040214","0","1","0","0","4","0","10040216","0","0","10040215"
"7","12","10040215","0","10001","0","0","4","0","10040217","0","0","10040216"
"2","11","10040216","0","2","0","0","4","0","10040218","0","0","10040217"
"7","10","10040217","0","10001","0","0","4","0","10040219","0","0","10040218"
"3","9","10040218","0","1","0","0","4","0","10040220","0","0","10040219"
"7","8","10040219","0","10001","0","0","4","0","10040221","0","0","10040220"
"6","7","10040220","0","0","0","0","4","0","10040222","10040226","0","10040221"
"7","6","10040221","0","10001","0","0","4","0","10040223","0","0","10040222"
"3","5","10040222","0","1","0","0","4","0","10040224","0","0","10040223"
"7","4","10040223","0","10002","0","10040229","4","0","10040225","0","0","10040224"
"4","3","10040224","0","0","0","0","4","0","10040230","0","0","10040225"
"5","8","10040221","0","0","0","0","4","0","10040227","0","0","10040226"
"14","7","10040226","0","5","0","0","4","0","10040228","0","0","10040227"
"7","6","10040227","0","10003","0","0","4","0","10040229","0","0","10040228"
"3","5","10040228","0","3","0","0","4","0","10040224","0","0","10040229"
"2","2","10040225","0","3","0","0","4","0","10040231","0","0","10040230"
"3","1","10040230","0","3","0","0","4","0","10040232","0","0","10040231"
"13","0","10040231","0","0","0","0","4","0","10040233","0","0","10040232"
"2","66","10040232","0","1","0","0","4","0","10040234","0","0","10040233"
"3","65","10040233","0","2","0","0","4","0","10040235","0","0","10040234"
"2","64","10040234","0","2","0","0","4","0","10040236","0","0","10040235"
"5","63","10040235","0","0","0","0","4","0","10040237","0","0","10040236"
"7","62","10040236","0","10002","0","0","4","0","10040238","10040246","0","10040237"
"12","61","10040237","0","0","0","0","4","0","10040239","0","0","10040238"
"6","60","10040238","0","0","0","0","4","0","10040240","0","0","10040239"
"11","59","10040239","0","10001","0","0","4","0","10040241","0","0","10040240"
"2","58","10040240","0","1","0","0","4","0","10040242","0","0","10040241"
"4","57","10040241","0","0","0","0","4","0","10040243","0","0","10040242"
"5","56","10040242","0","0","0","10040256","4","0","10040244","0","0","10040243"
"3","55","10040243","0","1","0","0","4","0","10040245","0","0","10040244"
"14","54","10040244","0","2","0","0","4","0","10040257","0","0","10040245"
"2","67","10040237","0","3","0","0","4","0","10040247","0","0","10040246"
"2","66","10040246","0","1","0","0","4","0","10040248","0","0","10040247"
"14","65","10040247","0","6","0","0","4","0","10040249","0","0","10040248"
"2","64","10040248","0","2","0","0","4","0","10040250","0","0","10040249"
"2","63","10040249","0","3","0","0","4","0","10040251","0","0","10040250"
"14","62","10040250","0","3","0","0","4","0","10040252","0","0","10040251"
"3","61","10040251","0","3","0","0","4","0","10040253","0","0","10040252"
"14","60","10040252","0","3","0","0","4","0","10040254","0","0","10040253"
"4","59","10040253","0","0","0","0","4","0","10040255","0","0","10040254"
"14","58","10040254","0","7","0","0","4","0","10040256","0","0","10040255"
"2","57","10040255","0","3","0","0","4","0","10040243","0","0","10040256"
"3","53","10040245","0","1","0","0","4","0","10040288","0","0","10040257"
"11","52","10040257","0","10001","0","0","4","0","10040289","10040300","0","10040288"
"2","51","10040288","0","1","0","0","4","0","10040290","0","0","10040289"
"3","50","10040289","0","1","0","0","4","0","10040291","0","0","10040290"
"4","49","10040290","0","0","0","0","4","0","10040292","0","0","10040291"
"2","48","10040291","0","2","0","0","4","0","10040293","0","0","10040292"
"6","47","10040292","0","0","0","0","4","0","10040294","0","0","10040293"
"4","46","10040293","0","0","0","0","4","0","10040295","0","0","10040294"
"7","45","10040294","0","10002","0","0","4","0","10040296","0","0","10040295"
"12","44","10040295","0","0","0","10040308","4","0","10040297","0","0","10040296"
"3","43","10040296","0","2","0","0","4","0","10040298","0","0","10040297"
"4","42","10040297","0","0","0","0","4","0","10040299","0","0","10040298"
"6","41","10040298","0","0","0","0","4","0","10040313","0","0","10040299"
"3","53","10040288","0","3","0","0","4","0","10040301","0","0","10040300"
"2","52","10040300","0","3","0","0","4","0","10040302","0","0","10040301"
"4","51","10040301","0","0","0","0","4","0","10040303","0","0","10040302"
"7","50","10040302","0","10003","0","0","4","0","10040304","0","0","10040303"
"14","49","10040303","0","4","0","0","4","0","10040305","0","0","10040304"
"2","48","10040304","0","3","0","0","4","0","10040306","0","0","10040305"
"7","47","10040305","0","10003","0","0","4","0","10040307","0","0","10040306"
"12","46","10040306","0","0","0","0","4","0","10040308","0","0","10040307"
"2","45","10040307","0","3","0","0","4","0","10040296","0","0","10040308"
"2","40","10040299","0","2","0","0","4","0","10040566","0","0","10040313"
"14","31","10040573","0","4","0","0","4","0","10040317","0","0","10040316"
"4","30","10040316","0","0","0","0","4","0","10040318","0","0","10040317"
"12","29","10040317","0","0","0","0","4","0","10040319","0","0","10040318"
"11","28","10040318","0","10001","0","0","4","0","10040320","0","0","10040319"
"5","27","10040319","0","0","0","0","4","0","10040321","0","0","10040320"
"7","26","10040320","0","10001","0","0","4","0","10040323","0","0","10040321"
"3","25","10040321","0","2","0","0","4","0","10040324","0","0","10040323"
"2","24","10040323","0","1","0","0","4","0","10040325","0","0","10040324"
"14","23","10040324","0","5","0","0","4","0","10040326","0","0","10040325"
"4","22","10040325","0","0","0","0","4","0","10040327","0","0","10040326"
"11","21","10040326","0","10001","0","0","4","0","10040328","0","0","10040327"
"6","20","10040327","0","0","0","0","4","0","10040329","0","0","10040328"
"2","19","10040328","0","1","0","0","4","0","10040330","0","0","10040329"
"3","18","10040329","0","1","0","0","4","0","10040331","0","0","10040330"
"5","17","10040330","0","0","0","0","4","0","10040332","10040340","0","10040331"
"4","16","10040331","0","0","0","0","4","0","10040333","0","0","10040332"
"2","15","10040332","0","2","0","0","4","0","10040334","0","0","10040333"
"2","14","10040333","0","1","0","0","4","0","10040335","0","0","10040334"
"7","13","10040334","0","10002","0","0","4","0","10040336","0","0","10040335"
"2","12","10040335","0","3","0","0","4","0","10040337","0","0","10040336"
"2","11","10040336","0","1","0","0","4","0","10040338","0","0","10040337"
"6","10","10040337","0","0","0","10040345","4","0","10040339","0","0","10040338"
"14","9","10040338","0","3","0","0","4","0","10040346","0","0","10040339"
"3","16","10040331","0","1","0","0","4","0","10040341","0","0","10040340"
"7","15","10040340","0","10002","0","0","4","0","10040342","0","0","10040341"
"11","14","10040341","0","10001","0","0","4","0","10040343","0","0","10040342"
"2","13","10040342","0","2","0","0","4","0","10040344","0","0","10040343"
"7","12","10040343","0","10001","0","0","4","0","10040345","0","0","10040344"
"3","11","10040344","0","3","0","0","4","0","10040338","0","0","10040345"
"4","8","10040339","0","0","0","0","4","0","10040347","10040354","0","10040346"
"2","7","10040346","0","2","0","0","4","0","10040348","0","0","10040347"
"7","6","10040347","0","10003","0","0","4","0","10040349","0","0","10040348"
"12","5","10040348","0","0","0","0","4","0","10040350","0","0","10040349"
"4","4","10040349","0","0","0","10040356","4","0","10040351","0","0","10040350"
"2","3","10040350","0","3","0","0","4","0","10040352","0","0","10040351"
"7","2","10040351","0","10001","0","0","4","0","10040353","0","0","10040352"
"7","1","10040352","0","10003","0","0","4","0","10040357","0","0","10040353"
"6","7","10040346","0","0","0","0","4","0","10040355","0","0","10040354"
"3","6","10040354","0","3","0","0","4","0","10040356","0","0","10040355"
"11","5","10040355","0","10001","0","0","4","0","10040350","0","0","10040356"
"13","0","10040353","0","0","0","0","4","0","10040358","0","0","10040357"
"2","66","10040357","0","3","0","0","4","0","10040359","0","0","10040358"
"6","65","10040358","0","0","0","0","4","0","10040360","0","0","10040359"
"7","64","10040359","0","10002","0","0","4","0","10040361","0","0","10040360"
"11","63","10040360","0","10001","0","0","4","0","10040362","0","0","10040361"
"6","62","10040361","0","0","0","10040363","4","0","10040364","0","0","10040362"
"1","63","0","0","0","0","0","4","0","10040362","0","0","10040363"
"2","61","10040362","0","1","0","0","4","0","10040365","0","0","10040364"
"4","60","10040364","0","0","0","0","4","0","10040367","0","0","10040365"
"7","59","10040365","0","10001","0","0","4","0","10040539","0","0","10040367"
"2","53","10040543","0","1","0","0","4","0","10040370","0","0","10040369"
"5","52","10040369","0","0","0","0","4","0","10040371","0","0","10040370"
"4","51","10040370","0","0","0","0","4","0","10040372","10040380","0","10040371"
"14","50","10040371","0","1","0","0","4","0","10040373","0","0","10040372"
"3","49","10040372","0","3","0","0","4","0","10040374","0","0","10040373"
"6","48","10040373","0","0","0","0","4","0","10040375","0","0","10040374"
"14","47","10040374","0","2","0","0","4","0","10040376","0","0","10040375"
"3","46","10040375","0","1","0","0","4","0","10040377","0","0","10040376"
"3","45","10040376","0","2","0","0","4","0","10040378","0","0","10040377"
"2","44","10040377","0","2","0","10040385","4","0","10040379","0","0","10040378"
"4","43","10040378","0","0","0","0","4","0","10040386","0","0","10040379"
"14","50","10040371","0","1","0","0","4","0","10040381","0","0","10040380"
"2","49","10040380","0","3","0","0","4","0","10040382","0","0","10040381"
"4","48","10040381","0","0","0","0","4","0","10040383","0","0","10040382"
"14","47","10040382","0","2","0","0","4","0","10040384","0","0","10040383"
"2","46","10040383","0","1","0","0","4","0","10040385","0","0","10040384"
"2","45","10040384","0","2","0","0","4","0","10040378","0","0","10040385"
"7","42","10040379","0","10001","0","0","4","0","10040387","0","0","10040386"
"2","41","10040386","0","1","0","0","4","0","10040388","0","0","10040387"
"14","40","10040387","0","4","0","0","4","0","10040389","0","0","10040388"
"5","39","10040388","0","0","0","0","4","0","10040390","0","0","10040389"
"2","38","10040389","0","1","0","0","4","0","10040391","10040395","0","10040390"
"12","37","10040390","0","0","0","0","4","0","10040392","0","0","10040391"
"7","36","10040391","0","10002","0","0","4","0","10040393","0","0","10040392"
"3","35","10040392","0","2","0","0","4","0","10040394","0","0","10040393"
"4","34","10040393","0","0","0","10040397","4","0","10040398","0","0","10040394"
"3","37","10040390","0","2","0","0","4","0","10040396","0","0","10040395"
"2","36","10040395","0","2","0","0","4","0","10040397","0","0","10040396"
"11","35","10040396","0","10001","0","0","4","0","10040394","0","0","10040397"
"6","33","10040394","0","0","0","0","4","0","10040399","0","0","10040398"
"2","32","10040398","0","1","0","0","4","0","10040400","0","0","10040399"
"11","31","10040399","0","10001","0","0","4","0","10040401","0","0","10040400"
"14","30","10040400","0","5","0","0","4","0","10040402","0","0","10040401"
"4","29","10040401","0","0","0","0","4","0","10040403","0","0","10040402"
"12","28","10040402","0","0","0","0","4","0","10040404","0","0","10040403"
"2","27","10040403","0","1","0","0","4","0","10040405","0","0","10040404"
"3","26","10040404","0","2","0","0","4","0","10040406","0","0","10040405"
"4","25","10040405","0","0","0","0","4","0","10040407","0","0","10040406"
"2","24","10040406","0","2","0","0","4","0","10040408","0","0","10040407"
"14","23","10040407","0","3","0","0","4","0","10040409","0","0","10040408"
"3","22","10040408","0","1","0","0","4","0","10040410","10040416","0","10040409"
"2","21","10040409","0","1","0","0","4","0","10040411","0","0","10040410"
"7","20","10040410","0","10003","0","0","4","0","10040412","0","0","10040411"
"3","19","10040411","0","2","0","0","4","0","10040413","0","0","10040412"
"7","18","10040412","0","10002","0","0","4","0","10040414","0","0","10040413"
"7","17","10040413","0","10001","0","10040419","4","0","10040415","0","0","10040414"
"5","16","10040414","0","0","0","0","4","0","10040420","0","0","10040415"
"3","21","10040409","0","2","0","0","4","0","10040417","0","0","10040416"
"2","20","10040416","0","3","0","0","4","0","10040418","0","0","10040417"
"11","19","10040417","0","10001","0","0","4","0","10040419","0","0","10040418"
"2","18","10040418","0","2","0","0","4","0","10040414","0","0","10040419"
"2","15","10040415","0","2","0","0","4","0","10040421","0","0","10040420"
"4","14","10040420","0","0","0","0","4","0","10040422","0","0","10040421"
"14","13","10040421","0","5","0","0","4","0","10040423","0","0","10040422"
"2","12","10040422","0","3","0","0","4","0","10040462","0","0","10040423"
"5","57","10040444","0","0","0","0","4","0","10040084","0","0","10040443"
"12","58","10040445","0","0","0","0","4","0","10040443","0","0","10040444"
"3","59","10040446","0","1","0","0","4","0","10040444","0","0","10040445"
"4","60","10040447","0","0","0","0","4","0","10040445","0","0","10040446"
"2","61","10040448","0","2","0","0","4","0","10040446","0","0","10040447"
"2","62","10040449","0","1","0","0","4","0","10040447","0","0","10040448"
"12","63","10040450","0","0","0","0","4","0","10040448","0","0","10040449"
"11","64","10040451","0","10001","0","0","4","0","10040449","0","0","10040450"
"2","65","10040452","0","1","0","0","4","0","10040450","0","0","10040451"
"3","66","10040453","0","1","0","0","4","0","10040451","0","0","10040452"
"13","0","10040454","0","0","0","0","4","0","10040452","0","0","10040453"
"7","1","10040455","0","10001","0","0","4","0","10040453","0","0","10040454"
"2","2","10040456","0","3","0","0","4","0","10040454","0","0","10040455"
"3","3","10040547","0","1","0","0","4","0","10040455","0","0","10040456"
"7","8","10040460","0","10002","0","0","4","0","10040544","0","0","10040459"
"2","9","10040461","0","1","0","0","4","0","10040459","0","0","10040460"
"6","10","10040462","0","0","0","0","4","0","10040460","0","0","10040461"
"12","11","10040423","0","0","0","0","4","0","10040461","0","0","10040462"
"12","58","10040367","0","0","0","0","4","0","10040540","0","0","10040539"
"2","57","10040539","0","2","0","0","4","0","10040541","0","0","10040540"
"14","56","10040540","0","2","0","0","4","0","10040542","0","0","10040541"
"7","55","10040541","0","10001","0","0","4","0","10040543","0","0","10040542"
"4","54","10040542","0","0","0","0","4","0","10040369","0","0","10040543"
"7","7","10040459","0","10003","0","0","4","0","10040545","0","0","10040544"
"11","6","10040544","0","10001","0","0","4","0","10040546","0","0","10040545"
"4","5","10040545","0","0","0","0","4","0","10040547","0","0","10040546"
"7","4","10040546","0","10001","0","0","4","0","10040456","0","0","10040547"
"3","12","10040142","0","1","0","0","4","0","10040549","0","0","10040548"
"12","11","10040548","0","0","0","0","4","0","10040551","0","0","10040549"
"5","9","10040551","0","0","0","0","4","0","10040552","0","0","10040550"
"4","10","10040549","0","0","0","0","4","0","10040550","0","0","10040551"
"6","8","10040550","0","0","0","0","4","0","10040553","0","0","10040552"
"7","7","10040552","0","10001","0","0","4","0","10040554","0","0","10040553"
"2","6","10040553","0","2","0","0","4","0","10040555","0","0","10040554"
"2","5","10040554","0","1","0","0","4","0","10040556","0","0","10040555"
"12","4","10040555","0","0","0","0","4","0","10040146","0","0","10040556"
"2","49","10040171","0","2","0","0","4","0","10040558","0","0","10040557"
"2","48","10040557","0","1","0","0","4","0","10040560","0","0","10040558"
"2","46","10040560","0","1","0","0","4","0","10040561","0","0","10040559"
"14","47","10040558","0","2","0","0","4","0","10040559","0","0","10040560"
"4","45","10040559","0","0","0","0","4","0","10040562","0","0","10040561"
"3","44","10040561","0","2","0","0","4","0","10040563","0","0","10040562"
"7","43","10040562","0","10002","0","0","4","0","10040564","0","0","10040563"
"6","42","10040563","0","0","0","0","4","0","10040565","0","0","10040564"
"7","41","10040564","0","10003","0","0","4","0","10040175","0","0","10040565"
"7","39","10040313","0","10001","0","0","4","0","10040567","0","0","10040566"
"11","38","10040566","0","10001","0","0","4","0","10040568","0","0","10040567"
"7","37","10040567","0","10002","0","0","4","0","10040569","0","0","10040568"
"14","36","10040568","0","3","0","0","4","0","10040570","0","0","10040569"
"4","35","10040569","0","0","0","0","4","0","10040571","0","0","10040570"
"7","34","10040570","0","10003","0","0","4","0","10040572","0","0","10040571"
"6","33","10040571","0","0","0","0","4","0","10040573","0","0","10040572"
"7","32","10040572","0","10001","0","0","4","0","10040316","0","0","10040573"
"1","71","0","0","0","0","0","5","0","10050002","0","0","10050001"
"2","70","10050001","0","1","0","10050390","5","0","10050003","0","0","10050002"
"4","69","10050002","0","0","0","0","5","0","10050004","0","0","10050003"
"6","68","10050003","0","0","0","0","5","0","10050005","0","0","10050004"
"7","67","10050004","0","10001","0","0","5","0","10050006","0","0","10050005"
"2","66","10050005","0","2","0","0","5","0","10050595","0","0","10050006"
"4","11","10050834","0","0","0","0","5","0","10050064","0","0","10050063"
"3","10","10050063","0","2","0","0","5","0","10050515","0","0","10050064"
"7","7","10050516","0","10002","0","0","5","0","10050404","0","0","10050079"
"7","3","10050406","0","10003","0","0","5","0","10050084","0","0","10050083"
"12","2","10050083","0","0","0","0","5","0","10050085","0","0","10050084"
"6","1","10050084","0","0","0","0","5","0","10050086","0","0","10050085"
"13","0","10050085","0","0","0","0","5","0","10050087","0","0","10050086"
"2","74","10050086","0","2","0","0","5","0","10050088","0","0","10050087"
"4","73","10050087","0","0","0","0","5","0","10050089","0","0","10050088"
"7","72","10050088","0","10001","0","0","5","0","10050090","0","0","10050089"
"6","71","10050089","0","0","0","0","5","0","10050091","0","0","10050090"
"12","70","10050090","0","0","0","0","5","0","10050092","0","0","10050091"
"3","69","10050091","0","1","0","0","5","0","10050655","0","0","10050092"
"4","66","10050656","0","0","0","0","5","0","10050491","0","0","10050101"
"7","46","10050837","0","10002","0","0","5","0","10050128","0","0","10050127"
"6","45","10050127","10050567","0","0","0","5","0","10050838","10050561","0","10050128"
"3","42","10050564","0","2","0","0","5","0","10050659","0","0","10050146"
"7","9","10050696","0","10003","0","0","5","0","10050182","0","0","10050180"
"3","8","10050180","0","3","0","0","5","0","10050183","0","0","10050182"
"11","7","10050182","0","10001","0","0","5","0","10050697","0","0","10050183"
"6","4","10050840","0","0","0","0","5","0","10050187","0","0","10050186"
"14","3","10050186","0","3","0","0","5","0","10050188","0","0","10050187"
"7","2","10050187","0","10003","0","0","5","0","10050189","0","0","10050188"
"2","1","10050188","0","1","0","0","5","0","10050190","0","0","10050189"
"13","0","10050189","0","0","0","0","5","0","10050191","0","0","10050190"
"6","74","10050190","0","0","0","0","5","0","10050192","0","0","10050191"
"7","73","10050191","0","10001","0","0","5","0","10050698","0","0","10050192"
"7","33","10050740","0","10002","0","0","5","0","10050236","0","0","10050235"
"2","32","10050235","0","1","0","0","5","0","10050237","0","0","10050236"
"4","31","10050236","0","0","0","0","5","0","10050741","10050549","0","10050237"
"6","29","10050741","0","0","0","0","5","0","10050742","0","0","10050253"
"3","27","10050555","0","2","0","10050742","5","0","10050844","0","0","10050255"
"4","31","10050824","0","0","0","0","5","0","10050825","10050350","0","10050349"
"3","32","10050349","0","3","0","0","5","0","10050352","0","0","10050350"
"2","31","10050350","0","3","0","0","5","0","10050826","0","0","10050352"
"3","29","10050825","0","2","0","0","5","0","10050354","0","0","10050353"
"2","28","10050353","0","2","0","0","5","0","10050358","0","0","10050354"
"7","29","10050826","0","10003","0","0","5","0","10050357","0","0","10050356"
"3","28","10050356","0","3","0","0","5","0","10050358","0","0","10050357"
"6","27","10050354","0","0","0","10050357","5","0","10050359","0","0","10050358"
"5","26","10050358","0","0","0","0","5","0","10050360","0","0","10050359"
"4","25","10050359","0","0","0","0","5","0","10050361","0","0","10050360"
"2","24","10050360","0","3","0","0","5","0","10050848","0","0","10050361"
"2","22","10050848","0","1","0","0","5","0","10050364","0","0","10050363"
"14","21","10050363","0","3","0","0","5","0","10050365","0","0","10050364"
"4","20","10050364","0","0","0","0","5","0","10050366","0","0","10050365"
"5","19","10050365","0","0","0","0","5","0","10050367","0","0","10050366"
"3","18","10050366","0","2","0","0","5","0","10050849","0","0","10050367"
"2","16","10050849","0","1","0","0","5","0","10050370","0","0","10050369"
"4","15","10050369","0","0","0","0","5","0","10050827","0","0","10050370"
"3","4","10050828","0","3","0","0","5","0","10050383","0","0","10050382"
"6","3","10050382","0","0","0","0","5","0","10050829","0","0","10050383"
"2","1","10050829","0","1","0","0","5","0","10050386","0","0","10050385"
"13","0","10050385","0","0","0","0","5","0","10050387","0","0","10050386"
"6","74","10050386","0","0","0","0","5","0","10050388","0","0","10050387"
"4","73","10050387","0","0","0","0","5","0","10050389","0","0","10050388"
"3","72","10050388","0","2","0","0","5","0","10050390","0","0","10050389"
"12","71","10050389","0","0","0","0","5","0","10050002","0","0","10050390"
"2","6","10050079","0","1","10050654","10050582","5","0","10050405","0","0","10050404"
"3","5","10050404","0","3","0","0","5","0","10050406","0","0","10050405"
"11","4","10050405","0","10001","0","0","5","0","10050083","0","0","10050406"
"3","13","10050827","0","1","0","0","5","0","10050442","0","0","10050441"
"14","12","10050441","0","3","0","0","5","0","10050443","0","0","10050442"
"6","11","10050442","0","0","0","0","5","0","10050444","0","0","10050443"
"7","10","10050443","0","10001","0","0","5","0","10050445","0","0","10050444"
"11","9","10050444","0","10001","0","0","5","0","10050446","0","0","10050445"
"2","8","10050445","0","1","0","0","5","0","10050447","0","0","10050446"
"14","7","10050446","0","5","0","0","5","0","10050448","0","0","10050447"
"5","6","10050447","0","0","0","0","5","0","10050828","0","0","10050448"
"11","38","10050843","0","10001","0","0","5","0","10050737","0","0","10050473"
"14","65","10050101","0","5","0","0","5","0","10050492","0","0","10050491"
"7","64","10050491","0","10001","0","0","5","0","10050493","0","0","10050492"
"11","63","10050492","0","10001","0","0","5","0","10050852","0","0","10050493"
"5","61","10050852","0","0","0","0","5","0","10050496","0","0","10050495"
"3","60","10050495","0","2","0","0","5","0","10050497","0","0","10050496"
"2","59","10050496","0","2","0","0","5","0","10050498","0","0","10050497"
"14","58","10050497","0","4","0","0","5","0","10050499","0","0","10050498"
"6","57","10050498","0","0","0","0","5","0","10050500","0","0","10050499"
"4","56","10050499","0","0","0","0","5","0","10050501","0","0","10050500"
"7","55","10050500","0","10002","0","0","5","0","10050502","0","0","10050501"
"12","54","10050501","0","0","0","0","5","0","10050836","0","0","10050502"
"2","52","10050836","0","1","0","0","5","0","10050507","0","0","10050504"
"2","52","10050836","0","2","0","0","5","0","10050506","0","0","10050505"
"11","51","10050505","0","10001","0","0","5","0","10050508","0","0","10050506"
"7","51","10050504","0","10001","0","0","5","0","10050510","0","0","10050507"
"3","50","10050506","0","3","0","0","5","0","10050509","0","0","10050508"
"4","49","10050508","0","0","0","10050510","5","0","10050511","0","0","10050509"
"7","50","10050507","0","10003","0","0","5","0","10050509","0","0","10050510"
"14","48","10050509","0","3","0","0","5","0","10050837","0","0","10050511"
"2","9","10050064","10050583","1","0","0","5","0","10050516","10050576","0","10050515"
"6","8","10050515","0","0","0","0","5","0","10050079","0","0","10050516"
"14","28","10050639","0","4","0","0","5","0","10050530","0","0","10050529"
"3","27","10050529","0","1","0","0","5","0","10050531","0","0","10050530"
"7","26","10050530","0","10001","0","0","5","0","10050532","0","0","10050531"
"4","25","10050531","0","0","0","0","5","0","10050640","0","0","10050532"
"14","34","10050237","0","5","0","0","5","0","10050550","0","0","10050549"
"2","33","10050549","0","2","0","0","5","0","10050551","0","0","10050550"
"14","32","10050550","0","3","0","0","5","0","10050552","0","0","10050551"
"2","31","10050551","0","2","0","0","5","0","10050553","0","0","10050552"
"2","30","10050552","0","3","0","0","5","0","10050554","0","0","10050553"
"2","29","10050553","0","2","0","0","5","0","10050555","0","0","10050554"
"14","28","10050554","0","3","0","0","5","0","10050255","0","0","10050555"
"14","46","10050128","0","2","0","0","5","0","10050562","0","0","10050561"
"3","45","10050561","0","3","0","0","5","0","10050563","0","0","10050562"
"4","44","10050562","0","0","0","0","5","0","10050564","0","0","10050563"
"2","43","10050563","0","1","10050838","10050658","5","0","10050146","0","0","10050564"
"7","46","10050128","0","10002","0","0","5","0","10050574","0","0","10050567"
"7","45","10050567","0","10003","0","0","5","0","10050658","0","0","10050574"
"14","10","10050515","0","2","0","0","5","0","10050577","0","0","10050576"
"4","9","10050576","0","0","0","0","5","0","10050579","0","0","10050577"
"7","8","10050577","0","10003","0","0","5","0","10050582","0","0","10050579"
"14","7","10050579","0","4","0","0","5","0","10050404","0","0","10050582"
"4","10","10050515","0","0","0","0","5","0","10050851","0","0","10050583"
"2","65","10050006","0","1","0","0","5","0","10050596","0","0","10050595"
"5","64","10050595","0","0","0","0","5","0","10050597","0","0","10050596"
"4","63","10050596","0","0","0","0","5","0","10050830","0","0","10050597"
"7","61","10050830","0","10002","0","0","5","0","10050600","0","0","10050599"
"12","60","10050599","0","0","0","0","5","0","10050601","10050603","0","10050600"
"2","59","10050600","0","3","0","0","5","0","10050605","0","0","10050601"
"2","55","10050608","0","2","0","0","5","0","10050611","0","0","10050602"
"3","59","10050600","0","3","0","0","5","0","10050606","0","0","10050603"
"3","55","10050607","0","2","0","0","5","0","10050611","0","0","10050604"
"14","58","10050601","0","1","0","0","5","0","10050609","0","0","10050605"
"14","58","10050603","0","1","0","0","5","0","10050610","0","0","10050606"
"14","56","10050610","0","2","0","0","5","0","10050604","0","0","10050607"
"7","56","10050609","0","10003","0","0","5","0","10050602","0","0","10050608"
"4","57","10050605","0","0","0","0","5","0","10050608","0","0","10050609"
"6","57","10050606","0","0","0","0","5","0","10050607","0","0","10050610"
"4","54","10050602","0","0","0","10050604","5","0","10050850","0","0","10050611"
"6","51","10050831","0","0","0","0","5","0","10050615","0","0","10050614"
"5","50","10050614","0","0","0","0","5","0","10050616","0","0","10050615"
"4","49","10050615","0","0","0","0","5","0","10050617","0","0","10050616"
"14","48","10050616","0","6","0","0","5","0","10050618","0","0","10050617"
"2","47","10050617","0","1","0","0","5","0","10050619","0","0","10050618"
"3","46","10050618","0","2","0","0","5","0","10050620","0","0","10050619"
"4","45","10050619","0","0","0","0","5","0","10050621","0","0","10050620"
"11","44","10050620","0","10001","0","0","5","0","10050622","0","0","10050621"
"6","43","10050621","0","0","0","0","5","0","10050623","0","0","10050622"
"15","42","10050622","0","0","0","0","5","0","10050624","0","0","10050623"
"11","41","10050623","0","10001","0","0","5","0","10050625","0","0","10050624"
"7","40","10050624","0","10001","0","0","5","0","10050626","10050627","0","10050625"
"7","39","10050625","0","10002","0","0","5","0","10050632","0","0","10050626"
"14","39","10050625","0","2","0","0","5","0","10050628","0","0","10050627"
"3","38","10050627","0","2","0","0","5","0","10050629","0","0","10050628"
"3","37","10050628","0","3","0","0","5","0","10050630","0","0","10050629"
"4","36","10050629","0","0","0","10050631","5","0","10050633","0","0","10050630"
"7","37","10050632","0","10003","0","0","5","0","10050630","0","0","10050631"
"14","38","10050626","0","1","0","0","5","0","10050631","0","0","10050632"
"14","35","10050630","0","5","0","0","5","0","10050634","0","0","10050633"
"3","34","10050633","0","1","0","0","5","0","10050635","0","0","10050634"
"4","33","10050634","0","0","0","0","5","0","10050636","0","0","10050635"
"12","32","10050635","0","0","0","0","5","0","10050637","0","0","10050636"
"7","31","10050636","0","10001","0","0","5","0","10050638","0","0","10050637"
"2","30","10050637","0","3","0","0","5","0","10050639","0","0","10050638"
"11","29","10050638","0","10001","0","0","5","0","10050529","0","0","10050639"
"16","24","10050532","0","10050640","0","0","5","0","10050641","0","0","10050640"
"7","23","10050640","0","10002","0","0","5","0","10050832","0","0","10050641"
"2","21","10050832","0","2","0","0","5","0","10050644","0","0","10050643"
"4","20","10050643","0","0","0","0","5","0","10050645","0","0","10050644"
"11","19","10050644","0","10001","0","0","5","0","10050646","0","0","10050645"
"2","18","10050645","0","2","0","0","5","0","10050647","0","0","10050646"
"4","17","10050646","0","0","0","0","5","0","10050833","0","0","10050647"
"5","15","10050833","0","0","0","0","5","0","10050650","0","0","10050649"
"7","14","10050649","0","10003","0","0","5","0","10050835","0","0","10050650"
"4","8","10050851","0","0","0","0","5","0","10050654","0","0","10050653"
"15","7","10050653","0","0","0","0","5","0","10050404","0","0","10050654"
"15","68","10050092","0","0","0","0","5","0","10050656","0","0","10050655"
"2","67","10050655","0","2","0","0","5","0","10050101","0","0","10050656"
"5","44","10050574","0","0","0","0","5","0","10050564","0","0","10050658"
"16","41","10050146","0","10050659","0","0","5","0","10050660","0","0","10050659"
"2","40","10050659","0","1","0","0","5","0","10050661","0","0","10050660"
"14","39","10050660","0","3","0","0","5","0","10050662","0","0","10050661"
"5","38","10050661","0","0","0","0","5","0","10050663","0","0","10050662"
"3","37","10050662","0","2","0","0","5","0","10050664","0","0","10050663"
"4","36","10050663","0","0","0","0","5","0","10050665","0","0","10050664"
"2","35","10050664","0","2","0","0","5","0","10050666","0","0","10050665"
"6","34","10050665","0","0","0","0","5","0","10050839","0","0","10050666"
"14","32","10050839","0","2","0","0","5","0","10050670","0","0","10050668"
"4","31","10050668","0","0","0","0","5","0","10050671","0","0","10050670"
"11","30","10050670","0","10001","0","0","5","0","10050672","0","0","10050671"
"4","29","10050671","0","0","0","0","5","0","10050673","0","0","10050672"
"2","28","10050672","0","1","0","0","5","0","10050674","0","0","10050673"
"7","27","10050673","0","10001","0","0","5","0","10050675","0","0","10050674"
"3","26","10050674","0","3","0","0","5","0","10050676","0","0","10050675"
"14","25","10050675","0","6","0","0","5","0","10050677","0","0","10050676"
"12","24","10050676","0","0","0","0","5","0","10050678","0","0","10050677"
"7","23","10050677","0","10002","0","0","5","0","10050679","10050684","0","10050678"
"3","22","10050678","0","2","0","0","5","0","10050681","0","0","10050679"
"3","18","10050682","0","2","0","0","5","0","10050689","0","0","10050680"
"7","21","10050679","0","10003","0","0","5","0","10050683","0","0","10050681"
"7","19","10050683","0","10003","0","0","5","0","10050680","0","0","10050682"
"2","20","10050681","0","1","0","0","5","0","10050682","0","0","10050683"
"2","22","10050678","0","3","0","0","5","0","10050686","0","0","10050684"
"2","18","10050688","0","3","0","0","5","0","10050689","0","0","10050685"
"4","21","10050684","0","0","0","0","5","0","10050687","0","0","10050686"
"6","20","10050686","0","0","0","0","5","0","10050688","0","0","10050687"
"11","19","10050687","0","10001","0","0","5","0","10050685","0","0","10050688"
"7","17","10050680","0","10001","0","10050685","5","0","10050690","0","0","10050689"
"4","16","10050689","0","0","0","0","5","0","10050691","0","0","10050690"
"15","15","10050690","0","0","0","0","5","0","10050692","0","0","10050691"
"14","14","10050691","0","5","0","0","5","0","10050693","0","0","10050692"
"6","13","10050692","0","0","0","0","5","0","10050694","0","0","10050693"
"11","12","10050693","0","10001","0","0","5","0","10050695","0","0","10050694"
"2","11","10050694","0","2","0","0","5","0","10050696","0","0","10050695"
"4","10","10050695","0","0","0","0","5","0","10050180","0","0","10050696"
"4","6","10050183","0","0","0","0","5","0","10050840","0","0","10050697"
"14","72","10050192","0","4","0","0","5","0","10050699","0","0","10050698"
"4","71","10050698","0","0","0","0","5","0","10050700","0","0","10050699"
"2","70","10050699","0","1","0","0","5","0","10050701","0","0","10050700"
"7","69","10050700","0","10001","0","0","5","0","10050702","0","0","10050701"
"2","68","10050701","0","2","0","0","5","0","10050712","0","0","10050702"
"14","66","10050712","0","4","0","0","5","0","10050705","0","0","10050704"
"4","65","10050704","0","0","0","0","5","0","10050841","0","0","10050705"
"7","63","10050841","0","10001","0","0","5","0","10050708","0","0","10050707"
"2","62","10050707","0","2","0","0","5","0","10050713","0","0","10050708"
"14","60","10050713","0","3","0","0","5","0","10050711","0","0","10050710"
"11","59","10050710","0","10001","0","0","5","0","10050714","10050715","0","10050711"
"11","67","10050702","0","10001","0","0","5","0","10050704","0","0","10050712"
"12","61","10050708","0","0","0","0","5","0","10050710","0","0","10050713"
"3","58","10050711","0","1","0","0","5","0","10050717","0","0","10050714"
"4","58","10050711","0","0","0","0","5","0","10050716","0","0","10050715"
"2","57","10050715","0","2","0","0","5","0","10050719","0","0","10050716"
"12","57","10050714","0","0","0","0","5","0","10050718","0","0","10050717"
"14","56","10050717","0","4","0","0","5","0","10050720","0","0","10050718"
"3","56","10050716","0","3","0","0","5","0","10050720","0","0","10050719"
"4","55","10050718","0","0","0","10050719","5","0","10050721","0","0","10050720"
"5","54","10050720","0","0","0","0","5","0","10050722","0","0","10050721"
"3","53","10050721","0","1","0","0","5","0","10050723","0","0","10050722"
"16","52","10050722","0","10050723","0","0","5","0","10050724","0","0","10050723"
"14","51","10050723","0","2","0","0","5","0","10050725","0","0","10050724"
"7","50","10050724","0","10001","0","0","5","0","10050726","0","0","10050725"
"5","49","10050725","0","0","0","0","5","0","10050842","0","0","10050726"
"7","47","10050842","0","10002","0","0","5","0","10050729","0","0","10050728"
"2","46","10050728","0","2","0","0","5","0","10050730","0","0","10050729"
"4","45","10050729","0","0","0","0","5","0","10050731","0","0","10050730"
"14","44","10050730","0","3","0","0","5","0","10050732","0","0","10050731"
"6","43","10050731","0","0","0","0","5","0","10050733","0","0","10050732"
"3","42","10050732","0","1","0","0","5","0","10050734","0","0","10050733"
"7","41","10050733","0","10001","0","0","5","0","10050735","0","0","10050734"
"14","40","10050734","0","4","0","0","5","0","10050843","0","0","10050735"
"4","37","10050473","0","0","0","0","5","0","10050738","0","0","10050737"
"15","36","10050737","0","0","0","0","5","0","10050739","0","0","10050738"
"14","35","10050738","0","3","0","0","5","0","10050740","0","0","10050739"
"6","34","10050739","0","0","0","0","5","0","10050235","0","0","10050740"
"2","30","10050237","0","1","0","0","5","0","10050253","0","0","10050741"
"2","28","10050253","0","2","0","0","5","0","10050255","0","0","10050742"
"4","25","10050844","0","0","0","0","5","0","10050845","0","0","10050744"
"15","23","10050845","0","0","0","0","5","0","10050747","0","0","10050746"
"3","22","10050746","0","2","0","0","5","0","10050748","0","0","10050747"
"11","21","10050747","0","10001","0","0","5","0","10050749","0","0","10050748"
"4","20","10050748","0","0","0","0","5","0","10050750","0","0","10050749"
"5","19","10050749","0","0","0","0","5","0","10050751","0","0","10050750"
"2","18","10050750","0","2","0","0","5","0","10050752","0","0","10050751"
"7","17","10050751","0","10003","0","0","5","0","10050753","0","0","10050752"
"4","16","10050752","0","0","0","0","5","0","10050754","0","0","10050753"
"14","15","10050753","0","4","0","0","5","0","10050846","0","0","10050754"
"12","13","10050846","0","0","0","0","5","0","10050757","0","0","10050756"
"11","12","10050756","0","10001","0","0","5","0","10050758","0","0","10050757"
"2","11","10050757","0","3","0","0","5","0","10050759","0","0","10050758"
"4","10","10050758","0","0","0","0","5","0","10050760","10050761","0","10050759"
"2","9","10050759","0","1","0","0","5","0","10050762","0","0","10050760"
"2","9","10050759","0","3","0","0","5","0","10050763","0","0","10050761"
"2","8","10050760","0","3","0","0","5","0","10050766","0","0","10050762"
"6","8","10050761","0","0","0","0","5","0","10050764","0","0","10050763"
"14","7","10050763","0","5","0","0","5","0","10050765","0","0","10050764"
"7","6","10050764","0","10003","0","10050766","5","0","10050767","0","0","10050765"
"3","7","10050762","0","2","0","0","5","0","10050765","0","0","10050766"
"2","5","10050765","0","1","0","0","5","0","10050768","0","0","10050767"
"14","4","10050767","0","3","0","0","5","0","10050769","0","0","10050768"
"2","3","10050768","0","3","0","0","5","0","10050770","0","0","10050769"
"6","2","10050769","0","0","0","0","5","0","10050771","0","0","10050770"
"2","1","10050770","0","1","0","0","5","0","10050772","0","0","10050771"
"13","0","10050771","0","0","0","0","5","0","10050773","0","0","10050772"
"7","74","10050772","0","10001","0","0","5","0","10050774","0","0","10050773"
"5","73","10050773","0","0","0","0","5","0","10050775","0","0","10050774"
"14","72","10050774","0","4","0","0","5","0","10050776","0","0","10050775"
"6","71","10050775","0","0","0","0","5","0","10050777","0","0","10050776"
"12","70","10050776","0","0","0","0","5","0","10050778","0","0","10050777"
"3","69","10050777","0","2","0","0","5","0","10050779","0","0","10050778"
"4","68","10050778","0","0","0","0","5","0","10050780","10050783","0","10050779"
"7","67","10050779","0","10003","0","0","5","0","10050781","0","0","10050780"
"15","66","10050780","0","0","0","0","5","0","10050782","0","0","10050781"
"14","65","10050781","0","4","0","0","5","0","10050786","0","0","10050782"
"2","67","10050779","0","1","0","0","5","0","10050784","0","0","10050783"
"7","66","10050783","0","10001","0","0","5","0","10050785","0","0","10050784"
"6","65","10050784","0","0","0","0","5","0","10050786","0","0","10050785"
"11","64","10050782","0","10001","0","10050785","5","0","10050787","0","0","10050786"
"4","63","10050786","0","0","0","0","5","0","10050788","0","0","10050787"
"14","62","10050787","0","4","0","0","5","0","10050847","0","0","10050788"
"7","60","10050847","0","10001","0","0","5","0","10050791","10050792","0","10050790"
"7","59","10050790","0","10002","0","0","5","0","10050794","0","0","10050791"
"3","59","10050790","0","2","0","0","5","0","10050793","0","0","10050792"
"7","58","10050792","0","10003","0","0","5","0","10050796","0","0","10050793"
"3","58","10050791","0","3","0","0","5","0","10050795","0","0","10050794"
"2","57","10050794","0","3","0","0","5","0","10050797","0","0","10050795"
"3","57","10050793","0","3","0","0","5","0","10050798","0","0","10050796"
"12","56","10050795","0","0","0","0","5","0","10050803","0","0","10050797"
"4","56","10050796","0","0","0","0","5","0","10050799","0","0","10050798"
"7","55","10050798","0","10001","0","0","5","0","10050800","0","0","10050799"
"11","54","10050799","0","10001","0","0","5","0","10050801","0","0","10050800"
"6","53","10050800","0","0","0","10050802","5","0","10050804","0","0","10050801"
"4","54","10050803","0","0","0","0","5","0","10050801","0","0","10050802"
"2","55","10050797","0","2","0","0","5","0","10050802","0","0","10050803"
"7","52","10050801","0","10002","0","0","5","0","10050805","0","0","10050804"
"15","51","10050804","0","0","0","0","5","0","10050806","0","0","10050805"
"14","50","10050805","0","4","0","0","5","0","10050807","0","0","10050806"
"7","49","10050806","0","10002","0","0","5","0","10050808","0","0","10050807"
"4","48","10050807","0","0","0","0","5","0","10050809","0","0","10050808"
"2","47","10050808","0","1","0","0","5","0","10050810","0","0","10050809"
"3","46","10050809","0","3","0","0","5","0","10050811","0","0","10050810"
"14","45","10050810","0","6","0","0","5","0","10050812","0","0","10050811"
"12","44","10050811","0","0","0","0","5","0","10050813","0","0","10050812"
"11","43","10050812","0","10001","0","0","5","0","10050814","0","0","10050813"
"3","42","10050813","0","2","0","0","5","0","10050815","0","0","10050814"
"2","41","10050814","0","2","0","0","5","0","10050816","0","0","10050815"
"4","40","10050815","0","0","0","0","5","0","10050817","0","0","10050816"
"3","39","10050816","0","2","0","0","5","0","10050818","0","0","10050817"
"16","38","10050817","0","10050818","0","0","5","0","10050819","0","0","10050818"
"12","37","10050818","0","0","0","0","5","0","10050820","0","0","10050819"
"14","36","10050819","0","3","0","0","5","0","10050821","0","0","10050820"
"2","35","10050820","0","1","0","0","5","0","10050822","0","0","10050821"
"14","34","10050821","0","3","0","0","5","0","10050823","0","0","10050822"
"6","33","10050822","0","0","0","0","5","0","10050824","0","0","10050823"
"2","32","10050823","0","2","0","0","5","0","10050349","0","0","10050824"
"14","30","10050349","0","1","0","0","5","0","10050353","0","0","10050825"
"14","30","10050352","0","6","0","0","5","0","10050356","0","0","10050826"
"15","14","10050370","0","0","0","0","5","0","10050441","0","0","10050827"
"4","5","10050448","0","0","0","0","5","0","10050382","0","0","10050828"
"7","2","10050383","0","10003","0","0","5","0","10050385","0","0","10050829"
"14","62","10050597","0","3","0","0","5","0","10050599","0","0","10050830"
"11","52","10050850","0","10001","0","0","5","0","10050614","0","0","10050831"
"14","22","10050641","0","2","0","0","5","0","10050643","0","0","10050832"
"14","16","10050647","0","2","0","0","5","0","10050649","0","0","10050833"
"15","12","10050835","0","0","0","0","5","0","10050063","0","0","10050834"
"14","13","10050650","0","3","0","0","5","0","10050834","0","0","10050835"
"14","53","10050502","0","3","0","0","5","0","10050504","10050505","0","10050836"
"11","47","10050511","0","10001","0","0","5","0","10050127","0","0","10050837"
"3","44","10050128","0","1","0","0","5","0","10050564","0","0","10050838"
"2","33","10050666","0","1","0","0","5","0","10050668","0","0","10050839"
"3","5","10050697","0","2","0","0","5","0","10050186","0","0","10050840"
"3","64","10050705","0","2","0","0","5","0","10050707","0","0","10050841"
"11","48","10050726","0","10001","0","0","5","0","10050728","0","0","10050842"
"3","39","10050735","0","2","0","0","5","0","10050473","0","0","10050843"
"11","26","10050255","0","10001","0","0","5","0","10050744","0","0","10050844"
"14","24","10050744","0","6","0","0","5","0","10050746","0","0","10050845"
"3","14","10050754","0","3","0","0","5","0","10050756","0","0","10050846"
"2","61","10050788","0","2","0","0","5","0","10050790","0","0","10050847"
"11","23","10050361","0","10001","0","0","5","0","10050363","0","0","10050848"
"14","17","10050367","0","6","0","0","5","0","10050369","0","0","10050849"
"14","53","10050611","0","3","0","0","5","0","10050831","0","0","10050850"
"14","9","10050583","0","4","0","0","5","0","10050653","0","0","10050851"
"2","62","10050493","0","1","0","0","5","0","10050495","0","0","10050852"