cbb8432234366cf32b15613316da2c5850a6880676bbb55d2ada9eadf6f2d49a,cbf5cbf6422d4cb26810c4a91f9a274ae9dfc3a386d3018ad6dddbbfd8ea4e23,69ab8bd9c86f5265882bc0359370691528afbcad98dcdd94aece31a0779934ae,203dc2f1825d4b99ae3e635b693b5e1d4810009bd92e547df0b4cd08ae66f767,07569e853600141ef66f070ad2a33e75d4576cc186ddaf82982453da210666e0,a7851828d13078bcfe48a971401e9a2bbd9c4b5f12bf3f92cd6ec38029129f18,ec30dc7dd6f1a1f7a430fd7739763bbec02c542752de10dc27088cd1e612dc9e,47aaaecc34dcccf0fb4a402165653de14513a8ae681ccc55e7784448369b14c3,1f5c7a382f396e51c09ec919b3912bee81a547ea68fb01c2731d1be8f8258fa0,a148286a74e73dfc193780aca8e5717d58d15b2860ec1e8d9234c8d6cc660b8a,7e50cf649ef420dc82b9b7cb5be32f2cdd8eed2b83440d05bf44c4a846bc9962
"100","100211","0","1.7","1002011","1","0","1","1002011001","0","mhp_sit_idle"
"1","mhp_sit_talk_memory","","0.2","1002011","3","","100211","1002011002","",""
"0","vo_mhp_0401","","","1002011","21","0","vo_mhp","1002011003","",""
"6","ミツキさんと会うの\n久しぶりだな\nちょっと楽しみ♪","0","0","1002011","11","0","100211","1002011004","0","0"
"","","","","1002011","91","","0","1002011005","",""
"1","mhp_sit_idle_memory","","0.2","1002011","3","","100211","1002011006","",""
"100","100211","0","1.7","1002012","1","0","1","1002012001","0","mhp_sit_idle"
"1","mhp_sit_talk_sad","","0.2","1002012","3","","100211","1002012002","",""
"0","vo_mhp_0402","","","1002012","21","0","vo_mhp","1002012003","",""
"5","はぁ…なにか悪い\n病気だったら\nどうしよう…","0","0","1002012","11","0","100211","1002012004","0","0"
"","","","","1002012","91","","0","1002012005","",""
"1","mhp_sit_idle_sad","","0.2","1002012","3","","100211","1002012006","",""
"100","100211","0","1.7","1002013","1","0","1","1002013001","0","mhp_sit_idle"
"1","mhp_yui_sit_talk_wish","","0.2","1002013","3","","100211","1002013002","",""
"0","vo_mhp_0403","","","1002013","21","0","vo_mhp","1002013003","",""
"4","ついに診察結果が…\nド、ドキドキ\nしてきちゃった…！","0","0","1002013","11","0","100211","1002013004","0","0"
"","","","","1002013","91","","0","1002013005","",""
"1","mhp_sit_idle_sad","","0.2","1002013","3","","100211","1002013006","",""
"100","100211","0","1.7","1007401","1","-1000","1","1007401001","-240","mhp_idle_normal"
"100","117531","1","1.7","1007401","1","185","1","1007401002","-220","mhp_sit_idle"
"100","117631","1","1.7","1007401","1","365","1","1007401003","-200","mhp_sit_idle"
"-240","1","","1","1007401","31","-154","1","1007401004","0.85",""
"-230","123","","0","1007401","31","-18","23","1007401005","0.85",""
"110","11","0","1.7","1007401","5","-200","1","1007401006","-220","NoItem"
"105","12","0","1.7","1007401","5","-200","1","1007401007","-220","NoItem"
"110","21","1","1.7","1007401","5","185","1","1007401008","-220","NoItem"
"105","22","1","1.7","1007401","5","185","1","1007401009","-220","NoItem"
"1","1","0","0","1007401","6","1","11","1007401010","0",""
"1","1","0","0","1007401","6","1","12","1007401011","0",""
"1","1","0","0","1007401","6","1","21","1007401012","0",""
"1","1","0","0","1007401","6","1","22","1007401013","0",""
"110","31","0","1.7","1007401","5","-1000","1","1007401014","-220","NoItem"
"","","","","1007401","91","","0","1007401015","",""
"1","mhp_sit_talk_normal","","0.2","1007401","3","","117531","1007401016","",""
"0","vo_mhp_4001","","","1007401","21","0","vo_mhp_1007401","1007401017","",""
"8","次の方どうぞー","0","0","1007401","11","0","117531","1007401018","0","0.5"
"","","","","1007401","91","","0","1007401019","",""
"1","mhp_sit_idle","","0.2","1007401","3","","117531","1007401020","",""
"1","mhp_anna_walk_sad","","0.2","1007401","3","","100211","1007401021","",""
"-220","-200","","","1007401","2","4","100211","1007401022","0",""
"1","NoItem","","0.2","1007401","3","","31","1007401023","",""
"-220","-200","","","1007401","2","4","31","1007401024","0",""
"","","","","1007401","91","","0","1007401025","",""
"0","mhp_sit_in_sad","0.2","0.2","1007401","3","mhp_sit_idle_sad","100211","1007401026","1",""
"","","","","1007401","93","","1","1007401027","",""
"1","mhp_sit_talk_sad","","0.2","1007401","3","","100211","1007401028","",""
"0","vo_mhp_4002","","","1007401","21","0","vo_mhp_1007401","1007401029","",""
"7","え、ええっと……ご無沙汰してます。","0","0","1007401","11","1","100211","1007401030","0","0.5"
"","","","","1007401","91","","0","1007401031","",""
"1","mhp_sit_idle_sad","","0.2","1007401","3","","100211","1007401032","",""
"1","mhp_sit_talk_normal","","0.2","1007401","3","","117531","1007401033","",""
"0","vo_mhp_4003","","","1007401","21","0","vo_mhp_1007401","1007401034","",""
"6","久しぶりねユイちゃん。\n前にみんなでオーエド町に\n来た時以来ね。","0","0","1007401","11","1","117531","1007401035","0","0.5"
"","","","","1007401","91","","0","1007401036","",""
"1","mhp_sit_idle","","0.2","1007401","3","","117531","1007401037","",""
"1","mhp_sit_talk_memory","","0.2","1007401","3","","100211","1007401038","",""
"1","mhp_yui_sit_talk_memory","","0","1007401","3","","31","1007401039","",""
"0","vo_mhp_4004","","","1007401","21","0","vo_mhp_1007401","1007401040","",""
"4","そうですね。あの時は大変でしたけど\n楽しかったなぁ\n温泉とかまた行きたい――\nおん、せん……あ、ああ……","0","0","1007401","11","1","100211","1007401041","0","1.5"
"","1","","","1007401","93","","14","1007401042","",""
"1","mhp_yui_hot","","0.2","1007401","3","","100211","1007401043","",""
"1","mhp_yui_hot","","0.2","1007401","3","","31","1007401044","",""
"","1","","","1007401","32","","123","1007401045","",""
"","se_10031400_love","","","1007401","23","","se_10031400","1007401046","",""
"","","","","1007401","91","","1007401041","1007401047","",""
"","0","","","1007401","93","","3","1007401048","",""
"1","mhp_sit_talk_worry","","0.2","1007401","3","","117531","1007401049","",""
"0","vo_mhp_4005","","","1007401","21","0","vo_mhp_1007401","1007401050","",""
"7","どうしたの？　顔が真っ赤よ？","0","0","1007401","11","1","117531","1007401051","0","0.5"
"","","","","1007401","91","","0","1007401052","",""
"","0","","","1007401","32","","123","1007401053","",""
"1","mhp_sit_idle","","0.2","1007401","3","","117531","1007401054","",""
"1","mhp_yui_sit_talk_worry","","0.2","1007401","3","","100211","1007401055","",""
"1","NoItem","","0.2","1007401","3","","31","1007401056","",""
"0","vo_mhp_4006","","","1007401","21","0","vo_mhp_1007401","1007401057","",""
"5","そ、それが、ここのところ急に\n顔が火照ってしまうんです……\nこれって、何かの病気なんでしょうか？","0","0","1007401","11","1","100211","1007401058","0","0.5"
"","","","","1007401","91","","0","1007401059","",""
"1","mhp_yui_sit_idle_sad","","0.2","1007401","3","","100211","1007401060","0",""
"1","mhp_sit_talk_thinking","","0.2","1007401","3","","117531","1007401061","0",""
"0","vo_mhp_4007","","","1007401","21","0","vo_mhp_1007401","1007401062","",""
"5","今すぐ断定はできないわ\nでも、もしかしたら大きな病気\nそれも不治の病かもしれないわね。","0","0","1007401","11","1","117531","1007401063","0","0.5"
"","","","","1007401","91","","0","1007401064","",""
"1","mhp_sit_idle_thinking","","0.2","1007401","3","","117531","1007401065","",""
"1","mhp_yui_sit_talk_sad","","0.2","1007401","3","","100211","1007401066","",""
"0","vo_mhp_4008","","","1007401","21","0","vo_mhp_1007401","1007401067","",""
"8","そんな……","0","0","1007401","11","1","100211","1007401068","0","0.5"
"","","","","1007401","91","","0","1007401069","",""
"1","mhp_yui_sit_idle_sad","","0.2","1007401","3","","100211","1007401070","",""
"1","mhp_sit_talk_normal","","0.2","1007401","3","","117531","1007401071","",""
"0","vo_mhp_4009","","","1007401","21","0","vo_mhp_1007401","1007401072","",""
"6","普通なら命にかかわることはないけど\nこじらせると大変なことになるわ\nだから今日のところはひとまず――","0","0","1007401","11","1","117531","1007401073","0","0.5"
"","","","","1007401","91","","0","1007401074","",""
"","0","","","1007401","22","","0","1007401075","",""
"0","1007401079","","","1007401","103","","冷たいタオルをおでこに当てなさい。","1007401076","",""
"0","1007401125","","","1007401","103","","何も考えずゆっくり休みなさい。","1007401077","",""
"0","1007401142","","","1007401","103","","特製のカンポーを出しておくわ。","1007401078","",""
"0","mhp_sit_out","0","0.2","1007401","3","mhp_idle_normal","117531","1007401079","1",""
"","0","","","1007401","93","","0.6","1007401080","",""
"0","mhp_sit_out","0","0.2","1007401","3","mhp_idle_normal","100211","1007401081","1",""
"","0","","","1007401","93","","0.2","1007401082","",""
"1","mhp_walk","","0.2","1007401","3","","100211","1007401083","0",""
"-220","35","","","1007401","2","1.5","100211","1007401084","0",""
"-220","35","","","1007401","2","1.5","31","1007401085","0",""
"-220","35","","","1007401","2","1.5","11","1007401086","0",""
"-220","35","","","1007401","2","1.5","12","1007401087","0",""
"","0","","","1007401","93","","0.3","1007401088","",""
"0","mhp_handover_in","0","0.2","1007401","3","mhp_handover_loop","117531","1007401089","1",""
"1","1","0","0","1007401","6","1","21","1007401090","1",""
"1","1","0","0","1007401","6","1","22","1007401091","1",""
"0","mhp_handover_in","0","0.2","1007401","3","mhp_handover_loop","21","1007401092","1",""
"0","mhp_item_EX0015_handover_in","0","0.2","1007401","3","mhp_item_EX0015_handover_loop","22","1007401093","1",""
"","0","","","1007401","93","","1.2","1007401094","",""
"0","mhp_handover_receive_in","0","0.2","1007401","3","mhp_handover_receive_loop","100211","1007401095","1",""
"1","1","0","0","1007401","6","1","11","1007401096","1",""
"1","1","0","0","1007401","6","1","12","1007401097","1",""
"0","mhp_receive_yui_in","0","0.2","1007401","3","mhp_receive_yui_loop","11","1007401098","1",""
"0","mhp_item_EX0015_receive_in","0","0.2","1007401","3","mhp_item_EX0015_receive_loop","12","1007401099","1",""
"","0","","","1007401","93","","0.6","1007401100","",""
"1","1","0","0.4","1007401","6","1","22","1007401101","1",""
"","0","","","1007401","93","","0.4","1007401102","",""
"0","mhp_handover_out","0","0.2","1007401","3","mhp_idle_normal","117531","1007401103","1",""
"0","mhp_handover_out","0","0.2","1007401","3","NoItem_idle","21","1007401104","1",""
"0","mhp_item_EX0015_handover_out","0","0.2","1007401","3","NoItem_idle","22","1007401105","1",""
"","0","","","1007401","93","","0.4","1007401106","",""
"0","mhp_handover_receive_out","0","0.2","1007401","3","mhp_idle_normal","100211","1007401107","1",""
"0","mhp_receive_yui_out","0","0.2","1007401","3","NoItem_idle","11","1007401108","1",""
"0","mhp_item_EX0015_receive_out","0","0.2","1007401","3","NoItem_idle","12","1007401109","1",""
"","0","","","1007401","93","","2","1007401110","",""
"1","mhp_talk_worry","","0.2","1007401","3","","100211","1007401111","",""
"0","vo_mhp_4010","","","1007401","21","0","vo_mhp_1007401","1007401112","",""
"7","こ、これで治るんですか？","0","0","1007401","11","1","100211","1007401113","0","0.5"
"","","","","1007401","91","","0","1007401114","",""
"1","mhp_idle_worry","","0.2","1007401","3","","100211","1007401115","",""
"1","mhp_talk_normal","","0.2","1007401","3","","117531","1007401116","",""
"0","vo_mhp_4011","","","1007401","21","0","vo_mhp_1007401","1007401117","",""
"5","いいえ、単なる対処療法よ\nでも今はそれで十分\nまた何かあったら訪ねてきなさい。","0","0","1007401","11","1","117531","1007401118","0","0.5"
"","","","","1007401","91","","0","1007401119","",""
"","0","","","1007401","22","","0","1007401120","",""
"0","mhp_sit_in","0.2","0.2","1007401","3","mhp_sit_idle","117531","1007401121","1",""
"0","mhp_yui_pekori","","0.2","1007401","3","","100211","1007401122","",""
"","","","","1007401","91","","0","1007401123","",""
"","","","","1007401","101","","1007401186","1007401124","",""
"1","mhp_sit_idle","","0.2","1007401","3","","117531","1007401125","",""
"1","mhp_sit_talk_worry","","0.2","1007401","3","","100211","1007401126","",""
"0","vo_mhp_4012","","","1007401","21","0","vo_mhp_1007401","1007401127","",""
"8","あの、お薬とかは……","0","0","1007401","11","1","100211","1007401128","0","0.5"
"","","","","1007401","91","","0","1007401129","",""
"1","mhp_sit_idle_sad","","0.2","1007401","3","","100211","1007401130","",""
"1","mhp_sit_talk_thinking","","0.2","1007401","3","","117531","1007401131","",""
"0","vo_mhp_4013","","","1007401","21","0","vo_mhp_1007401","1007401132","",""
"5","必要ないわ。色々考えすぎるのが\nよくないの、だから心穏やかに\n過ごすのが一番よ。","0","0","1007401","11","1","117531","1007401133","0","0.5"
"","","","","1007401","91","","0","1007401134","",""
"","0","","","1007401","22","","0","1007401135","",""
"1","mhp_sit_idle","","0.2","1007401","3","","117531","1007401136","",""
"0","mhp_yui_sit_pekori","","0.2","1007401","3","","100211","1007401137","",""
"","","","","1007401","91","","0","1007401138","",""
"0","mhp_sit_out","","0.2","1007401","3","","100211","1007401139","",""
"","","","","1007401","91","","0","1007401140","",""
"","","","","1007401","101","","1007401186","1007401141","",""
"0","mhp_sit_out","0","0.2","1007401","3","mhp_idle_normal","117531","1007401142","1",""
"","0","","","1007401","93","","0.6","1007401143","",""
"0","mhp_sit_out","0","0.2","1007401","3","mhp_idle_normal","100211","1007401144","1",""
"","0","","","1007401","93","","0.2","1007401145","",""
"1","mhp_walk","","0.2","1007401","3","","100211","1007401146","0",""
"-220","35","","","1007401","2","1.5","100211","1007401147","0",""
"-220","35","","","1007401","2","1.5","31","1007401148","0",""
"-220","35","","","1007401","2","1.5","11","1007401149","0",""
"-220","35","","","1007401","2","1.5","12","1007401150","0",""
"","0","","","1007401","93","","0.3","1007401151","",""
"0","mhp_handover_in","0","0.2","1007401","3","mhp_handover_loop","117531","1007401152","1",""
"1","1","0","0","1007401","6","1","21","1007401153","1",""
"1","1","0","0","1007401","6","1","22","1007401154","1",""
"0","mhp_handover_in","0","0.2","1007401","3","mhp_handover_loop","21","1007401155","1",""
"0","mhp_item_EX0007_handover_in","0","0.2","1007401","3","mhp_item_EX0007_handover_loop","22","1007401156","1",""
"","0","","","1007401","93","","1.2","1007401157","",""
"0","mhp_handover_receive_in","0","0.2","1007401","3","mhp_handover_receive_loop","100211","1007401158","1",""
"1","1","0","0","1007401","6","1","11","1007401159","1",""
"1","1","0","0","1007401","6","1","12","1007401160","1",""
"0","mhp_receive_yui_in","0","0.2","1007401","3","mhp_receive_yui_loop","11","1007401161","1",""
"0","mhp_item_EX0007_receive_in","0","0.2","1007401","3","mhp_item_EX0007_receive_loop","12","1007401162","1",""
"","0","","","1007401","93","","0.6","1007401163","",""
"1","1","0","0.4","1007401","6","1","22","1007401164","1",""
"","0","","","1007401","93","","0.4","1007401165","",""
"0","mhp_handover_out","0","0.2","1007401","3","mhp_idle_normal","117531","1007401166","1",""
"0","mhp_handover_out","0","0.2","1007401","3","NoItem_idle","21","1007401167","1",""
"0","mhp_item_EX0007_handover_out","0","0.2","1007401","3","NoItem_idle","22","1007401168","1",""
"","0","","","1007401","93","","0.4","1007401169","",""
"0","mhp_handover_receive_out","0","0.2","1007401","3","mhp_idle_normal","100211","1007401170","1",""
"0","mhp_receive_yui_out","0","0.2","1007401","3","NoItem_idle","11","1007401171","1",""
"0","mhp_item_EX0007_receive_out","0","0.2","1007401","3","NoItem_idle","12","1007401172","1",""
"","0","","","1007401","93","","2","1007401173","",""
"1","mhp_talk_wish","","0.2","1007401","3","","100211","1007401174","",""
"0","vo_mhp_4014","","","1007401","21","0","vo_mhp_1007401","1007401175","",""
"5","カンポー……なんだかよく効きそう……\nありがとうございます、ミツキさん","0","0","1007401","11","1","100211","1007401176","0","0.5"
"","","","","1007401","91","","0","1007401177","",""
"1","mhp_idle_wish","","0.2","1007401","3","","100211","1007401178","",""
"1","mhp_talk_thinking","","0.2","1007401","3","","117531","1007401179","",""
"0","vo_mhp_4015","","","1007401","21","0","vo_mhp_1007401","1007401180","",""
"7","（まあ、滋養強壮のカンポーだから\n全然関係ないんだけどね）","0","0","1007401","11","1","117531","1007401181","0","0.5"
"","","","","1007401","91","","0","1007401182","",""
"","0","","","1007401","22","","0","1007401183","",""
"0","mhp_sit_in","0.2","0.2","1007401","3","mhp_sit_idle","117531","1007401184","1",""
"0","mhp_yui_pekori","","0.2","1007401","3","","100211","1007401185","",""
"","","","","1007401","91","","0","1007401186","",""
"1","mhp_walk","","0.2","1007401","3","","100211","1007401187","",""
"","1","","","1007401","4","","100211","1007401188","",""
"-220","-1000","","","1007401","2","5","100211","1007401189","0",""
"","0","","","1007401","93","","4","1007401190","",""
"1","mhp_sit_talk_worry","","0.2","1007401","3","","117631","1007401191","",""
"0","vo_mhp_4016","","","1007401","21","0","vo_mhp_1007401","1007401192","",""
"5","先生、あの人って本当に病気なの？","0","0","1007401","11","1","117631","1007401193","0","0.5"
"","","","","1007401","91","","0","1007401194","",""
"1","mhp_sit_idle","","0.2","1007401","3","","117631","1007401195","",""
"1","mhp_sit_talk_thinking","","0.2","1007401","3","","117531","1007401196","",""
"0","vo_mhp_4017","","","1007401","21","0","vo_mhp_1007401","1007401197","",""
"4","ええ、かなりの重病よ\nこれはしっかりと診てあげないとね\nふふ、若い子っていいわね♪","0","","1007401","11","1","117531","1007401198","0","0.5"
"","","","","1007401","91","","0","1007401199","",""
"","0.5","","","1007401","22","","0","1007401200","",""
"","","","","1007401","91","","0","1007401201","",""
"100","100211","0","1.7","1007402","1","-1000","1","1007402001","-240","mhp_idle_normal"
"100","117531","1","1.7","1007402","1","185","1","1007402002","-220","mhp_sit_idle"
"100","117631","1","1.7","1007402","1","365","1","1007402003","-200","mhp_sit_idle"
"-240","1","","1","1007402","31","-154","1","1007402004","0.85",""
"110","11","0","1.7","1007402","5","-200","1","1007402005","-220","NoItem"
"105","12","0","1.7","1007402","5","-200","1","1007402006","-220","NoItem"
"110","21","1","1.7","1007402","5","185","1","1007402007","-220","NoItem"
"105","22","1","1.7","1007402","5","185","1","1007402008","-220","NoItem"
"1","1","0","0","1007402","6","1","11","1007402009","0",""
"1","1","0","0","1007402","6","1","12","1007402010","0",""
"1","1","0","0","1007402","6","1","21","1007402011","0",""
"1","1","0","0","1007402","6","1","22","1007402012","0",""
"110","31","0","1.7","1007402","5","-1000","1","1007402013","-220","NoItem"
"","","","","1007402","91","","0","1007402014","",""
"1","mhp_sit_talk_normal","","0.2","1007402","3","","117531","1007402015","",""
"0","vo_mhp_4101","","","1007402","21","0","vo_mhp_1007402","1007402016","",""
"8","ユイちゃん、どうぞー","0","0","1007402","11","0","117531","1007402017","0","0.5"
"","","","","1007402","91","","0","1007402018","",""
"1","mhp_sit_idle","","0.2","1007402","3","","117531","1007402019","",""
"1","mhp_yui_walk_sad2","","0.2","1007402","3","","100211","1007402020","",""
"-220","-200","","","1007402","2","4","100211","1007402021","0",""
"","","","","1007402","91","","0","1007402022","",""
"0","mhp_yui_sit_in_sad","0.2","0.2","1007402","3","mhp_yui_sit_idle_sad","100211","1007402023","1",""
"","0","","","1007402","93","","1","1007402024","",""
"1","mhp_sit_talk_normal","","0.2","1007402","3","","117531","1007402025","",""
"0","vo_mhp_4102","","","1007402","21","0","vo_mhp_1007402","1007402026","",""
"5","よく来たわね\n今日はもしかして胸の苦しみ、かしら？","0","0","1007402","11","1","117531","1007402027","0","0.5"
"","","","","1007402","91","","0","1007402028","",""
"1","mhp_sit_idle","","0.2","1007402","3","","117531","1007402029","",""
"1","mhp_yui_sit_talk_surprise","","0.2","1007402","3","","100211","1007402030","",""
"0","vo_mhp_4103","","","1007402","21","0","vo_mhp_1007402","1007402031","",""
"6","ま、まだ何も言っていないのに！？\nさすがミツキさんですね……","0","0","1007402","11","1","100211","1007402032","0","0.5"
"","","","","1007402","91","","0","1007402033","",""
"1","mhp_yui_sit_talk_sad","","0.2","1007402","3","","100211","1007402034","",""
"0","vo_mhp_4104","","","1007402","21","0","vo_mhp_1007402","1007402035","",""
"4","そうなんです、胸が苦しくて\n仕方ないんです……\nや、やっぱり重病なんでしょうか……","0","0","1007402","11","1","100211","1007402036","0","0.5"
"","","","","1007402","91","","0","1007402037","",""
"1","mhp_yui_sit_idle_sad","","0.2","1007402","3","","100211","1007402038","",""
"1","mhp_sit_talk_sad2","","0.2","1007402","3","","117531","1007402039","",""
"0","vo_mhp_4105","","","1007402","21","0","vo_mhp_1007402","1007402040","",""
"6","前にも言ったけど、直接命にかかわる\nことはないわ。でも、時に死ぬよりも\n苦しいことになる可能性もあるわね。","0","0","1007402","11","1","117531","1007402041","0","0.5"
"","","","","1007402","91","","0","1007402042","",""
"1","mhp_sit_idle","","0.2","1007402","3","","117531","1007402043","",""
"1","mhp_yui_sit_talk_wish","","0.2","1007402","3","","100211","1007402044","",""
"0","vo_mhp_4106","","","1007402","21","0","vo_mhp_1007402","1007402045","",""
"6","そんな……\nわ、わたし、どうすれば……","0","0","1007402","11","1","100211","1007402046","0","0.5"
"","","","","1007402","91","","0","1007402047","",""
"1","mhp_yui_sit_idle_sad","","0.2","1007402","3","","100211","1007402048","",""
"1","mhp_sit_talk_wish","","0.2","1007402","3","","117531","1007402049","",""
"0","vo_mhp_4107","","","1007402","21","0","vo_mhp_1007402","1007402050","",""
"6","大丈夫、そのための医者ですもの\nさて、胸の苦しさには――","0","0","1007402","11","1","117531","1007402051","0","0.5"
"","","","","1007402","91","","0","1007402052","",""
"","0","","","1007402","22","","0","1007402053","",""
"0","1007402057","","","1007402","103","","動悸の薬を処方するわ。","1007402054","",""
"0","1007402102","","","1007402","103","","オーエド土産の甘いお菓子よ。","1007402055","",""
"0","1007402147","","","1007402","103","","羊の数でも数えなさい。","1007402056","",""
"0","mhp_sit_out","0","0.2","1007402","3","mhp_idle_normal","117531","1007402057","1",""
"","0","","","1007402","93","","0.6","1007402058","",""
"0","mhp_sit_out","0","0.2","1007402","3","mhp_idle_normal","100211","1007402059","1",""
"","0","","","1007402","93","","0.2","1007402060","",""
"1","mhp_walk","","0.2","1007402","3","","100211","1007402061","0",""
"-220","35","","","1007402","2","1.5","100211","1007402062","0",""
"-220","35","","","1007402","2","1.5","31","1007402063","0",""
"-220","35","","","1007402","2","1.5","11","1007402064","0",""
"-220","35","","","1007402","2","1.5","12","1007402065","0",""
"","0","","","1007402","93","","0.3","1007402066","",""
"0","mhp_handover_in","0","0.2","1007402","3","mhp_handover_loop","117531","1007402067","1",""
"1","1","0","0","1007402","6","1","21","1007402068","1",""
"1","1","0","0","1007402","6","1","22","1007402069","1",""
"0","mhp_handover_in","0","0.2","1007402","3","mhp_handover_loop","21","1007402070","1",""
"0","mhp_item_EX0009_handover_in","0","0.2","1007402","3","mhp_item_EX0009_handover_loop","22","1007402071","1",""
"","0","","","1007402","93","","1.2","1007402072","",""
"0","mhp_handover_receive_in","0","0.2","1007402","3","mhp_handover_receive_loop","100211","1007402073","1",""
"1","1","0","0","1007402","6","1","11","1007402074","1",""
"1","1","0","0","1007402","6","1","12","1007402075","1",""
"0","mhp_receive_yui_in","0","0.2","1007402","3","mhp_receive_yui_loop","11","1007402076","1",""
"0","mhp_item_EX0009_receive_in","0","0.2","1007402","3","mhp_item_EX0009_receive_loop","12","1007402077","1",""
"","0","","","1007402","93","","0.6","1007402078","",""
"1","1","0","0.4","1007402","6","1","22","1007402079","1",""
"","0","","","1007402","93","","0.4","1007402080","",""
"0","mhp_handover_out","0","0.2","1007402","3","mhp_idle_normal","117531","1007402081","1",""
"0","mhp_handover_out","0","0.2","1007402","3","NoItem_idle","21","1007402082","1",""
"0","mhp_item_EX0009_handover_out","0","0.2","1007402","3","NoItem_idle","22","1007402083","1",""
"","0","","","1007402","93","","0.4","1007402084","",""
"0","mhp_handover_receive_out","0","0.2","1007402","3","mhp_idle_normal","100211","1007402085","1",""
"0","mhp_receive_yui_out","0","0.2","1007402","3","NoItem_idle","11","1007402086","1",""
"0","mhp_item_EX0009_receive_out","0","0.2","1007402","3","NoItem_idle","12","1007402087","1",""
"","0","","","1007402","93","","2","1007402088","",""
"1","mhp_talk_sad","","0.2","1007402","3","","100211","1007402089","",""
"0","vo_mhp_4108","","","1007402","21","0","vo_mhp_1007402","1007402090","",""
"6","お薬もらえるとなんだか安心します\nこれで治るといいんですけど……","0","0","1007402","11","1","100211","1007402091","0","0.5"
"","","","","1007402","91","","0","1007402092","",""
"1","mhp_idle_sad","","0.2","1007402","3","","100211","1007402093","",""
"1","mhp_idle_thinking","","0.2","1007402","3","","117531","1007402094","",""
"0","vo_mhp_4109","","","1007402","21","0","vo_mhp_1007402","1007402095","",""
"6","（実際はただのラムネ菓子だけどね。\n本当の病気じゃないならこれが一番よ）","0","0","1007402","11","1","117531","1007402096","0","0.5"
"","","","","1007402","91","","0","1007402097","",""
"","0","","","1007402","22","","0","1007402098","",""
"0","mhp_sit_in","0.2","0.2","1007402","3","mhp_sit_idle","117531","1007402099","1",""
"","0","","","1007402","93","","1","1007402100","",""
"","","","","1007402","101","","1007402160","1007402101","",""
"0","mhp_sit_out","0","0.2","1007402","3","mhp_idle_normal","117531","1007402102","1",""
"","0","","","1007402","93","","0.6","1007402103","",""
"0","mhp_sit_out","0","0.2","1007402","3","mhp_idle_normal","100211","1007402104","1",""
"","0","","","1007402","93","","0.2","1007402105","",""
"1","mhp_walk","","0.2","1007402","3","","100211","1007402106","0",""
"-220","35","","","1007402","2","1.5","100211","1007402107","0",""
"-220","35","","","1007402","2","1.5","31","1007402108","0",""
"-220","35","","","1007402","2","1.5","11","1007402109","0",""
"-220","35","","","1007402","2","1.5","12","1007402110","0",""
"","0","","","1007402","93","","0.3","1007402111","",""
"0","mhp_handover_in","0","0.2","1007402","3","mhp_handover_loop","117531","1007402112","1",""
"1","1","0","0","1007402","6","1","21","1007402113","1",""
"1","1","0","0","1007402","6","1","22","1007402114","1",""
"0","mhp_handover_in","0","0.2","1007402","3","mhp_handover_loop","21","1007402115","1",""
"0","mhp_item_EX0010_handover_in","0","0.2","1007402","3","mhp_item_EX0010_handover_loop","22","1007402116","1",""
"","0","","","1007402","93","","1.2","1007402117","",""
"0","mhp_handover_receive_in","0","0.2","1007402","3","mhp_handover_receive_loop","100211","1007402118","1",""
"1","1","0","0","1007402","6","1","11","1007402119","1",""
"1","1","0","0","1007402","6","1","12","1007402120","1",""
"0","mhp_receive_yui_in","0","0.2","1007402","3","mhp_receive_yui_loop","11","1007402121","1",""
"0","mhp_item_EX0010_receive_in","0","0.2","1007402","3","mhp_item_EX0010_receive_loop","12","1007402122","1",""
"","0","","","1007402","93","","0.6","1007402123","",""
"1","1","0","0.4","1007402","6","1","22","1007402124","1",""
"","0","","","1007402","93","","0.4","1007402125","",""
"0","mhp_handover_out","0","0.2","1007402","3","mhp_idle_normal","117531","1007402126","1",""
"0","mhp_handover_out","0","0.2","1007402","3","NoItem_idle","21","1007402127","1",""
"0","mhp_item_EX0010_handover_out","0","0.2","1007402","3","NoItem_idle","22","1007402128","1",""
"","0","","","1007402","93","","0.4","1007402129","",""
"0","mhp_handover_receive_out","0","0.2","1007402","3","mhp_idle_normal","100211","1007402130","1",""
"0","mhp_receive_yui_out","0","0.2","1007402","3","NoItem_idle","11","1007402131","1",""
"0","mhp_item_EX0010_receive_out","0","0.2","1007402","3","NoItem_idle","12","1007402132","1",""
"","0","","","1007402","93","","2","1007402133","",""
"1","mhp_talk_worry","","0.2","1007402","3","","100211","1007402134","",""
"0","vo_mhp_4110","","","1007402","21","0","vo_mhp_1007402","1007402135","",""
"5","あ、ありがとうございます……\nでも、病気と何の関係が……","0","0","1007402","11","1","100211","1007402136","0","0.5"
"","","","","1007402","91","","0","1007402137","",""
"1","mhp_idle_sad","","0.2","1007402","3","","100211","1007402138","",""
"1","mhp_talk_normal","","0.2","1007402","3","","117531","1007402139","",""
"0","vo_mhp_4111","","","1007402","21","0","vo_mhp_1007402","1007402140","",""
"6","感情の高ぶりがあまりよくないのよ。\nだから甘いものによる幸せで感情を抑え\nしっかりコントロールするのが大事よ。","0","0","1007402","11","1","117531","1007402141","0","0.5"
"","","","","1007402","91","","0","1007402142","",""
"","0","","","1007402","22","","0","1007402143","",""
"0","mhp_sit_in","0.2","0.2","1007402","3","mhp_sit_idle","117531","1007402144","1",""
"","0","","","1007402","93","","1","1007402145","",""
"","","","","1007402","101","","1007402160","1007402146","",""
"1","mhp_sit_idle","","0.2","1007402","3","","117531","1007402147","",""
"1","mhp_sit_talk_worry","","0.2","1007402","3","","100211","1007402148","",""
"0","vo_mhp_4112","","","1007402","21","0","vo_mhp_1007402","1007402149","",""
"5","ひ、羊？　あの、別に睡眠不足という\nわけではないのですが……","0","0","1007402","11","1","100211","1007402150","0","0.5"
"","","","","1007402","91","","0","1007402151","",""
"1","mhp_sit_idle_sad","","0.2","1007402","3","","100211","1007402152","",""
"1","mhp_sit_talk_thinking","","0.2","1007402","3","","117531","1007402153","",""
"0","vo_mhp_4113","","","1007402","21","0","vo_mhp_1007402","1007402154","",""
"6","別に羊でも馬でも何でもいいのよ。\n自分なりの心を落ち着かせる方法を\n見つけなさい。","0","0","1007402","11","1","117531","1007402155","0","0.5"
"","","","","1007402","91","","0","1007402156","",""
"","0","","","1007402","22","","0","1007402157","",""
"1","mhp_sit_idle","","0.2","1007402","3","","117531","1007402158","",""
"0","mhp_sit_out","","0.2","1007402","3","","100211","1007402159","",""
"","","","","1007402","91","","0","1007402160","",""
"0","mhp_yui_pekori","","0.2","1007402","3","","100211","1007402161","",""
"","","","","1007402","91","","0","1007402162","",""
"1","mhp_yui_walk_sad","","0.2","1007402","3","","100211","1007402163","",""
"","1","","","1007402","4","","100211","1007402164","",""
"-220","-1000","","","1007402","2","5","100211","1007402165","0",""
"","0","","","1007402","93","","4","1007402166","",""
"1","mhp_sit_talk_worry","","0.2","1007402","3","","117631","1007402167","",""
"0","vo_mhp_4114","","","1007402","21","0","vo_mhp_1007402","1007402168","",""
"6","……先生、もしかして楽しんでない？\n言ってることもよく分かんないし。","0","0","1007402","11","1","117631","1007402169","0","0.5"
"","","","","1007402","91","","0","1007402170","",""
"1","mhp_sit_idle","","0.2","1007402","3","","117631","1007402171","",""
"1","mhp_sit_talk_joy1","","0.2","1007402","3","","117531","1007402172","",""
"0","vo_mhp_4115","","","1007402","21","0","vo_mhp_1007402","1007402173","",""
"6","ふふ、うちのギルドの子たちじゃ\nああいう甘酸っぱいのは\n期待できないもの。","0","","1007402","11","1","117531","1007402174","0","0.5"
"","","","","1007402","91","","0","1007402175","",""
"1","mhp_sit_talk_thinking","","0.2","1007402","3","","117531","1007402176","",""
"0","vo_mhp_4116","","","1007402","21","0","vo_mhp_1007402","1007402177","",""
"5","人の恋路って、本当に面白いわね♪","0","","1007402","11","1","117531","1007402178","0","0.5"
"","","","","1007402","91","","0","1007402179","",""
"","0.5","","","1007402","22","","0","1007402180","",""
"","","","","1007402","91","","0","1007402181","",""
"100","100211","0","1.7","1007403","1","-1000","1","1007403001","-240","mhp_idle_normal"
"100","117531","1","1.7","1007403","1","185","1","1007403002","-220","mhp_sit_idle"
"100","117631","1","1.7","1007403","1","365","1","1007403003","-200","mhp_sit_idle"
"-240","1","","1","1007403","31","-154","1","1007403004","0.85",""
"0","113","","0","1007403","31","0","13","1007403005","1",""
"0","115","","0","1007403","31","0","15","1007403006","1",""
"0","130","","0","1007403","31","0","30","1007403007","1",""
"110","11","0","1.7","1007403","5","-200","1","1007403008","-220","NoItem"
"105","12","0","1.7","1007403","5","-200","1","1007403009","-220","NoItem"
"110","21","1","1.7","1007403","5","185","1","1007403010","-220","NoItem"
"105","22","1","1.7","1007403","5","185","1","1007403011","-220","NoItem"
"1","1","0","0","1007403","6","1","11","1007403012","0",""
"1","1","0","0","1007403","6","1","12","1007403013","0",""
"1","1","0","0","1007403","6","1","21","1007403014","0",""
"1","1","0","0","1007403","6","1","22","1007403015","0",""
"110","31","0","1.7","1007403","5","-1000","1","1007403016","-220","NoItem"
"","","","","1007403","91","","0","1007403017","",""
"1","mhp_sit_talk_normal","","0.2","1007403","3","","117531","1007403018","",""
"0","vo_mhp_4201","","","1007403","21","0","vo_mhp_1007403","1007403019","",""
"8","ユイちゃん、どうぞー","0","0","1007403","11","0","117531","1007403020","0","0.5"
"","","","","1007403","91","","0","1007403021","",""
"1","mhp_sit_idle","","0.2","1007403","3","","117531","1007403022","",""
"1","mhp_yui_walk_sad3","","0.2","1007403","3","","100211","1007403023","0",""
"-220","-200","","","1007403","2","4","100211","1007403024","0",""
"1","NoItem","","0.2","1007403","3","","31","1007403025","",""
"-220","-200","","","1007403","2","4","31","1007403026","0",""
"","","","","1007403","91","","0","1007403027","",""
"0","mhp_yui_sit_in_sad2","0.2","0.2","1007403","3","mhp_yui_sit_idle_sad3","100211","1007403028","1",""
"","0","","","1007403","93","","1","1007403029","",""
"1","mhp_yui_sit_talk_sad2","","0.2","1007403","3","","100211","1007403030","",""
"0","vo_mhp_4202","","","1007403","21","0","vo_mhp_1007403","1007403031","",""
"5","はぁ……何度も診てもらっているのに\n相変わらず胸は苦しいし顔も火照って\nぼうっとしちゃうんです……","0","0","1007403","11","1","100211","1007403032","0","0.5"
"","","","","1007403","91","","0","1007403033","",""
"1","mhp_yui_sit_idle_sad4","","0.2","1007403","3","","100211","1007403034","",""
"1","mhp_sit_talk_normal","","0.2","1007403","3","","117531","1007403035","",""
"0","vo_mhp_4203","","","1007403","21","0","vo_mhp_1007403","1007403036","",""
"6","ねえユイちゃん、症状が出るのって\nどんな時かしら？","0","0","1007403","11","1","117531","1007403037","0","0.5"
"","","","","1007403","91","","0","1007403038","",""
"1","mhp_sit_idle","","0.2","1007403","3","","117531","1007403039","",""
"1","mhp_yui_sit_talk_sad2","","0.2","1007403","3","","100211","1007403040","",""
"1","mhp_yui_sit_talk_sad2","","0","1007403","3","","31","1007403041","",""
"0","vo_mhp_4204","","","1007403","21","0","vo_mhp_1007403","1007403042","",""
"4","え、ええとそれは……\nあ、あああ！","0","0","1007403","11","1","100211","1007403043","0","1.5"
"","1","","","1007403","93","","4","1007403044","",""
"1","mhp_yui_hot","","0.2","1007403","3","","100211","1007403045","",""
"1","mhp_yui_hot","","0.2","1007403","3","","31","1007403046","",""
"","","","","1007403","91","","1007403043","1007403047","",""
"","0","","","1007403","93","","1","1007403048","",""
"1","mhp_sit_talk_normal","","0.2","1007403","3","","117531","1007403049","",""
"0","vo_mhp_4205","","","1007403","21","0","vo_mhp_1007403","1007403050","",""
"5","当てましょうか？\nあなたが強く意識している誰かのことを\n考えている時、よね？","0","0","1007403","11","1","117531","1007403051","0","0.5"
"","","","","1007403","91","","0","1007403052","",""
"1","mhp_sit_idle","","0.2","1007403","3","","117531","1007403053","",""
"1","mhp_yui_sit_talk_wish2","","0.2","1007403","3","","100211","1007403054","",""
"1","NoItem","","0.2","1007403","3","","31","1007403055","",""
"0","vo_mhp_4206","","","1007403","21","0","vo_mhp_1007403","1007403056","",""
"6","そ、それじゃあこれって……","0","0","1007403","11","1","100211","1007403057","0","0.5"
"","","","","1007403","91","","0","1007403058","",""
"1","mhp_yui_sit_idle_sad4","","0.2","1007403","3","","100211","1007403059","",""
"1","mhp_sit_talk_wish","","0.2","1007403","3","","117531","1007403060","",""
"0","vo_mhp_4207","","","1007403","21","0","vo_mhp_1007403","1007403061","",""
"6","多くの人が悩む難病、恋の病よ！","0","0","1007403","11","1","117531","1007403062","0","0.5"
"","","","","1007403","91","","0","1007403063","",""
"1","mhp_sit_idle","","0.2","1007403","3","","117531","1007403064","",""
"1","mhp_yui_sit_talk_surprise2","","0.2","1007403","3","","100211","1007403065","",""
"0","vo_mhp_4208","","","1007403","21","0","vo_mhp_1007403","1007403066","",""
"6","わ、わたしってば、お医者さんに\nそんな恥ずかしいことを……！\nご、ごめんなさい！","0","0","1007403","11","1","100211","1007403067","0","0.5"
"","","","","1007403","91","","0","1007403068","",""
"1","mhp_yui_sit_idle_verysad","","0.2","1007403","3","","100211","1007403069","",""
"1","mhp_sit_talk_joy1","","0.2","1007403","3","","117531","1007403070","",""
"0","vo_mhp_4209","","","1007403","21","0","vo_mhp_1007403","1007403071","",""
"6","気にしなくていいわ\n恋に悩むのは若さの特権よ♪","0","0","1007403","11","1","117531","1007403072","0","0.5"
"","","","","1007403","91","","0","1007403073","",""
"1","mhp_sit_idle_joy1","","0.2","1007403","3","","117531","1007403074","",""
"1","mhp_yui_sit_talk_wish2","","0.2","1007403","3","","100211","1007403075","",""
"0","vo_mhp_4210","","","1007403","21","0","vo_mhp_1007403","1007403076","",""
"5","あ、あのミツキさん……いえ、\nミツキ先生！\nこういう時は\nどうすればいいんでしょうか？","0","0","1007403","11","1","100211","1007403077","0","0.5"
"","","","","1007403","91","","0","1007403078","",""
"1","mhp_yui_sit_idle_sad3","","0.2","1007403","3","","100211","1007403079","",""
"1","mhp_sit_talk_surprise2","","0.2","1007403","3","","117531","1007403080","",""
"0","vo_mhp_4211","","","1007403","21","0","vo_mhp_1007403","1007403081","",""
"8","……え？","0","0","1007403","11","1","117531","1007403082","0","0.5"
"","","","","1007403","91","","0","1007403083","",""
"1","mhp_sit_talk_surprise2","","0.2","1007403","3","","117531","1007403084","",""
"1","mhp_yui_sit_talk_worry2","","0.2","1007403","3","","100211","1007403085","",""
"0","vo_mhp_4212","","","1007403","21","0","vo_mhp_1007403","1007403086","",""
"6","ミツキ先生みたいな素敵な大人なら\n素敵な恋をたくさん経験していますよね？","0","0","1007403","11","1","100211","1007403087","0","0.5"
"","","","","1007403","91","","0","1007403088","",""
"1","mhp_yui_sit_idle_sad3","","0.2","1007403","3","","100211","1007403089","",""
"1","mhp_sit_talk_bitter","","0.2","1007403","3","","117531","1007403090","",""
"0","vo_mhp_4213","","","1007403","21","0","vo_mhp_1007403","1007403091","",""
"6","そ、それほどでも……ない、わよ？","0","0","1007403","11","1","117531","1007403092","0","0.5"
"","","","","1007403","91","","0","1007403093","",""
"1","mhp_sit_idle_bitter","","0.2","1007403","3","","117531","1007403094","",""
"1","mhp_yui_sit_talk_kirakira","","0.2","1007403","3","","100211","1007403095","",""
"0","vo_mhp_4214","","","1007403","21","0","vo_mhp_1007403","1007403096","",""
"6","どうかわたしに、\n恋の診察をお願いします！","0","0","1007403","11","1","100211","1007403097","0","0.5"
"","","","","1007403","91","","0","1007403098","",""
"1","mhp_yui_sit_idle_kirakira","","0.2","1007403","3","","100211","1007403099","",""
"1","mhp_mitsuki_sit_shake","","0.2","1007403","3","","117531","1007403100","",""
"0","vo_mhp_4215","","","1007403","21","0","vo_mhp_1007403","1007403101","",""
"7","え、えええ……！","0","0","1007403","11","1","117531","1007403102","0","0.5"
"","","","","1007403","91","","0","1007403103","",""
"1","mhp_sit_idle_sad3","","0.2","1007403","3","","117531","1007403104","",""
"","1","","","1007403","32","","113","1007403105","1",""
"-100","193","","","1007403","33","0","113","1007403106","1",""
"-100","193","","","1007403","33","0","115","1007403107","1",""
"","0","","","1007403","93","","0.8","1007403108","",""
"0","vo_mhp_4216","","","1007403","21","0","vo_mhp_1007403","1007403109","",""
"","10001","","","1007403","13","","117531","1007403110","",""
"5","（因果応報、ってヤツかしら\n人の恋路を面白がったりした罰ね\nそれにしてもどうしたものかしら……）","0","0","1007403","11","1","117531","1007403111","0","0.5"
"","","","","1007403","91","","0","1007403112","",""
"","0.5","","","1007403","22","","0","1007403113","",""
"","0","","","1007403","93","","0.2","1007403114","",""
"","1","","","1007403","32","","115","1007403115","1",""
"","0","","","1007403","93","","1","1007403116","",""
"","1","","","1007403","32","","130","1007403117","",""
"","0","","","1007403","93","","4","1007403118","",""
"","0","","","1007403","32","","130","1007403119","",""
"100","111011","0","1.7","1007404","1","-1000","1","1007404001","-240","mhp_idle_normal"
"100","117531","1","1.7","1007404","1","185","1","1007404002","-220","mhp_sit_idle"
"100","117631","1","1.7","1007404","1","365","1","1007404003","-200","mhp_sit_idle"
"-240","1","","1","1007404","31","-154","1","1007404004","0.85",""
"110","11","0","1.7","1007404","5","-200","1","1007404005","-220","NoItem"
"105","12","0","1.7","1007404","5","-200","1","1007404006","-220","NoItem"
"110","21","1","1.7","1007404","5","185","1","1007404007","-220","NoItem"
"105","22","1","1.7","1007404","5","185","1","1007404008","-220","NoItem"
"1","1","0","0","1007404","6","1","11","1007404009","0",""
"1","1","0","0","1007404","6","1","12","1007404010","0",""
"1","1","0","0","1007404","6","1","21","1007404011","0",""
"1","1","0","0","1007404","6","1","22","1007404012","0",""
"","","","","1007404","91","","0","1007404013","",""
"1","mhp_sit_talk_normal","","0.2","1007404","3","","117531","1007404014","",""
"0","vo_mhp_1001","","","1007404","21","0","vo_mhp_1007404","1007404015","",""
"8","次の方どうぞー","0","0","1007404","11","0","117531","1007404016","0","0.5"
"","","","","1007404","91","","0","1007404017","",""
"1","mhp_sit_idle","","0.2","1007404","3","","117531","1007404018","",""
"1","mhp_walk","","0.2","1007404","3","","111011","1007404019","",""
"-220","-200","","","1007404","2","4","111011","1007404020","0",""
"","","","","1007404","91","","0","1007404021","",""
"0","mhp_sit_in_2","0.2","0.2","1007404","3","mhp_sit_idle_2","111011","1007404022","1",""
"","0","","","1007404","93","","1","1007404023","",""
"1","mhp_sit_talk_normal","","0.2","1007404","3","","111011","1007404024","",""
"0","vo_mhp_1002","","","1007404","21","0","vo_mhp_1007404","1007404025","",""
"4","やあ、失礼する。\n数週間ぶりだが、息災かねミツキ師。","0","0","1007404","11","1","111011","1007404026","0","0.5"
"","0","","","1007404","91","","0","1007404027","",""
"1","mhp_sit_idle_2","","0.2","1007404","3","","111011","1007404028","",""
"1","mhp_sit_talk_surprise2","","0.2","1007404","3","","117531","1007404029","",""
"0","vo_mhp_1003","","","1007404","21","0","vo_mhp_1007404","1007404030","",""
"6","ユニちゃん！？\nどうしたの、\n引き籠もりのあなたが\nこんなランドソルから離れた町で……","0","0","1007404","11","1","117531","1007404031","0","0.5"
"","1","","","1007404","93","","2","1007404032","",""
"1","mhp_sit_talk_worry","","0.2","1007404","3","","117531","1007404033","",""
"","0","","","1007404","91","","1007404031","1007404034","",""
"1","mhp_sit_idle_sad","","0.2","1007404","3","","117531","1007404035","",""
"1","mhp_sit_talk_normal","","0.2","1007404","3","","111011","1007404036","",""
"0","vo_mhp_1004","","","1007404","21","0","vo_mhp_1007404","1007404037","",""
"5","もののついでの挨拶さ。\nフィールドワークに訪れた旅先で、\n隻眼の名医がいると聞いたものでな。\nミツキ師に違いないと察したよ。","0","0","1007404","11","1","111011","1007404038","0","0.5"
"","0","","","1007404","91","","0","1007404039","",""
"1","mhp_sit_idle_2","","0.2","1007404","3","","111011","1007404040","",""
"1","mhp_sit_talk_joy1","","0.2","1007404","3","","117531","1007404041","",""
"0","vo_mhp_1005","","","1007404","21","0","vo_mhp_1007404","1007404042","",""
"5","ふふ、相変わらず敏い子ね。\nそういうところ、家系なのかしら。\nああ、そういえば偏屈ジジイ……\nこほん、ユニークなお爺様たちは元気？","0","0","1007404","11","1","117531","1007404043","0","0.5"
"","1","","","1007404","93","","10","1007404044","",""
"1","mhp_sit_talk_thinking","","0.2","1007404","3","","117531","1007404045","",""
"","0","","","1007404","91","","1007404043","1007404046","",""
"1","mhp_sit_idle_thinking","","0.2","1007404","3","","117531","1007404047","",""
"1","mhp_sit_talk_normal","","0.2","1007404","3","","111011","1007404048","",""
"0","vo_mhp_1006","","","1007404","21","0","vo_mhp_1007404","1007404049","",""
"5","さてな。\n存知のように、ぼくも今は都暮らしだ。\n里の連中とはしばらく会っとらんが、\nまあ、向こう百年はくたばらんだろう。","0","0","1007404","11","1","111011","1007404050","0","0.5"
"","0","","","1007404","91","","0","1007404051","",""
"1","mhp_sit_idle_2","","0.2","1007404","3","","111011","1007404052","0",""
"1","mhp_sit_talk_thinking","","0.2","1007404","3","","117531","1007404053","0",""
"0","vo_mhp_1007","","","1007404","21","0","vo_mhp_1007404","1007404054","",""
"5","そうね、逞しい人たちだものね……\nはあ、懐かしい。あの人たちには昔、\nよく研究のことで因縁をつけられたわ。","0","0","1007404","11","1","117531","1007404055","0","0.5"
"","0","","","1007404","91","","0","1007404056","",""
"1","mhp_sit_idle","","0.2","1007404","3","","117531","1007404057","",""
"1","mhp_sit_talk_worry","","0.2","1007404","3","","111011","1007404058","",""
"0","vo_mhp_1008","","","1007404","21","0","vo_mhp_1007404","1007404059","",""
"5","その節は身内が申し訳ない。\n彼らは都の有識者──ことに理系の者を\n蛇蝎のごとく敵視しているのだ。","0","0","1007404","11","1","111011","1007404060","0","0.5"
"","0","","","1007404","91","","0","1007404061","",""
"1","mhp_sit_talk_sad2","","0.2","1007404","3","","111011","1007404062","",""
"0","vo_mhp_1009","","","1007404","21","0","vo_mhp_1007404","1007404063","",""
"4","やれやれ、嘆かわしい老人たちめ。\n学問に貴賤なし──\nぼくらはみな等しく学びの信徒だ、\n文系だ理系だと諍うことの愚かしさよ。","0","0","1007404","11","1","111011","1007404064","0","0.5"
"","0","","","1007404","91","","0","1007404065","",""
"1","mhp_sit_idle_2","","0.2","1007404","3","","111011","1007404066","",""
"1","mhp_sit_talk_worry","","0.2","1007404","3","","117531","1007404067","",""
"0","vo_mhp_1010","","","1007404","21","0","vo_mhp_1007404","1007404068","",""
"6","そうね、うん、ところでユニちゃん。\nちょっと込み入ったことを聞くけれど、\n里からの仕送りは足りてるのかしら。","0","0","1007404","11","1","117531","1007404069","0","0.5"
"","0","","","1007404","91","","0","1007404070","",""
"0","mhp_sit_out","0.2","0.2","1007404","3","mhp_idle_normal","117531","1007404071","1",""
"","","","","1007404","93","","1","1007404072","",""
"1","mhp_walk","","0.2","1007404","3","","117531","1007404073","0",""
"-220","-40","","","1007404","2","2","117531","1007404074","0",""
"-220","-40","","","1007404","2","2","21","1007404075","0",""
"-220","-40","","","1007404","2","2","22","1007404076","0",""
"","0","","","1007404","93","","2","1007404077","",""
"0","mhp_mitsuki_approach_in","0","0.2","1007404","3","mhp_mitsuki_approach_loop","117531","1007404078","1",""
"0","vo_mhp_1011","","","1007404","21","0","vo_mhp_1007404","1007404079","",""
"6","ランドソルでの独り暮らしは\n何かと入り用でしょう？\n差し出がましいようだけど私、\n丁度いい治験バイトを紹介できるわよ。","0","0","1007404","11","1","117531","1007404080","0","0.5"
"","0","","","1007404","91","","0","1007404081","",""
"1","mhp_mitsuki_ecstatic_idle","","0.2","1007404","3","","117531","1007404082","",""
"1","mhp_sit_talk_anger","","0.2","1007404","3","","111011","1007404083","",""
"0","vo_mhp_1012","","","1007404","21","0","vo_mhp_1007404","1007404084","",""
"7","端的に述べたまえ、人体実験だろう。","0","0","1007404","11","1","111011","1007404085","0","0.5"
"","0","","","1007404","91","","0","1007404086","",""
"1","mhp_sit_idle_anger","","0.2","1007404","3","","111011","1007404087","",""
"1","mhp_talk_thinking","","0.2","1007404","3","","117531","1007404088","",""
"0","vo_mhp_1013","","","1007404","21","0","vo_mhp_1007404","1007404089","",""
"8","敏いわね。","0","0","1007404","11","1","117531","1007404090","0","0.5"
"","0","","","1007404","91","","0","1007404091","",""
"1","mhp_idle_thinking","","0.2","1007404","3","","117531","1007404092","",""
"1","mhp_sit_talk_sad2","","0.2","1007404","3","","111011","1007404093","",""
"0","vo_mhp_1014","","","1007404","21","0","vo_mhp_1007404","1007404094","",""
"5","興味深い提案ではあるが──断る。\n御身がその声で持ちかけてきた誘いに、\nこれまで五体満足だった記憶はない。","0","0","1007404","11","1","111011","1007404095","0","0.5"
"","0","","","1007404","91","","0","1007404096","",""
"1","mhp_sit_idle_2","","0.2","1007404","3","","111011","1007404097","",""
"1","mhp_talk_anger2","","0.2","1007404","3","","117531","1007404098","",""
"0","vo_mhp_1015","","","1007404","21","0","vo_mhp_1007404","1007404099","",""
"5","えぇ～？　つまんなァ～い！\n未知なる体験より身の安全を選ぶなんて\n学びの放棄よ？　賢者の失墜よ？\nあーあ、ユニ博士もその程度か……","0","0","1007404","11","1","117531","1007404100","0","0.5"
"","1","","","1007404","93","","9","1007404101","",""
"1","mhp_talk_thinking","","0.2","1007404","3","","117531","1007404102","",""
"","0","","","1007404","91","","1007404100","1007404103","",""
"1","mhp_idle_thinking","","0.2","1007404","3","","117531","1007404104","",""
"1","mhp_sit_talk_anger2","","0.2","1007404","3","","111011","1007404105","",""
"0","vo_mhp_1016","","","1007404","21","0","vo_mhp_1007404","1007404106","",""
"5","むっ……なんだと、この小娘風情が！\n貴様さては理系だな？\n不愉快だ、こんなとこ二度と来るか！\nどけ、理系が伝染る！　ぺっ、ぺっ！","0","0","1007404","11","1","111011","1007404107","0","0.5"
"","","","","1007404","91","","0","1007404108","",""
"0","mhp_surprise","0.2","0.2","1007404","3","mhp_idle_surprise1","117531","1007404109","1",""
"0","mhp_yuni_sit_out_angry","","0.2","1007404","3","","111011","1007404110","",""
"","","","","1007404","93","","0.5","1007404111","",""
"1","14","0","0","1007404","12","","111011","1007404112","",""
"","","","","1007404","93","","0.5","1007404113","",""
"","","","","1007404","91","","0","1007404114","",""
"1","mhp_run_angry","","0.2","1007404","3","","111011","1007404115","",""
"","1","","","1007404","4","","111011","1007404116","",""
"-220","-1000","","","1007404","2","2.5","111011","1007404117","0",""
"","0","","","1007404","93","","2","1007404118","",""
"","","","","1007404","91","","0","1007404119","",""
"1","mhp_talk_sad","","0.2","1007404","3","","117531","1007404120","",""
"0","vo_mhp_1017","","","1007404","21","0","vo_mhp_1007404","1007404121","",""
"7","あの子……\nどんどん育ての親に似てきたわね……","0","0","1007404","11","1","117531","1007404122","0","0.5"
"","","","","1007404","91","","0","1007404123","",""
"","0","","","1007404","22","","0","1007404124","",""
"","","","","1007404","91","","0","1007404125","",""
"100","111011","0","1.7","1007405","1","-1000","1","1007405001","-240","mhp_idle_normal"
"100","117531","1","1.7","1007405","1","185","1","1007405002","-220","mhp_sit_idle"
"100","117631","1","1.7","1007405","1","365","1","1007405003","-200","mhp_sit_idle"
"-240","1","","1","1007405","31","-154","1","1007405004","0.85",""
"110","11","0","1.7","1007405","5","-200","1","1007405005","-220","NoItem"
"105","12","0","1.7","1007405","5","-200","1","1007405006","-220","NoItem"
"110","21","1","1.7","1007405","5","185","1","1007405007","-220","NoItem"
"105","22","1","1.7","1007405","5","185","1","1007405008","-220","NoItem"
"1","1","0","0","1007405","6","1","11","1007405009","0",""
"1","1","0","0","1007405","6","1","12","1007405010","0",""
"1","1","0","0","1007405","6","1","21","1007405011","0",""
"1","1","0","0","1007405","6","1","22","1007405012","0",""
"110","31","0","1.7","1007405","5","-1000","1","1007405013","-220","NoItem"
"","","","","1007405","91","","0","1007405014","",""
"1","mhp_sit_talk_normal","","0.2","1007405","3","","117531","1007405015","",""
"0","vo_mhp_1101","","","1007405","21","0","vo_mhp_1007405","1007405016","",""
"8","ユニちゃん、どうぞー","0","0","1007405","11","0","117531","1007405017","0","0.5"
"","","","","1007405","91","","0","1007405018","",""
"1","mhp_sit_idle","","0.2","1007405","3","","117531","1007405019","",""
"1","mhp_walk","","0.2","1007405","3","","111011","1007405020","",""
"-220","-200","","","1007405","2","4","111011","1007405021","0",""
"1","NoItem","","0.2","1007405","3","","31","1007405022","",""
"-220","-200","","","1007405","2","4","31","1007405023","0",""
"","","","","1007405","91","","0","1007405024","",""
"0","mhp_sit_in_2","0.2","0.2","1007405","3","mhp_sit_idle_2","111011","1007405025","1",""
"","0","","","1007405","93","","1","1007405026","",""
"1","mhp_sit_talk_joy2","","0.2","1007405","3","","111011","1007405027","",""
"0","vo_mhp_1102","","","1007405","21","0","vo_mhp_1007405","1007405028","",""
"5","えへへ、ユニだよ。\nミツキちゃん元気？","0","0","1007405","11","1","111011","1007405029","0","0.5"
"","","","","1007405","91","","0","1007405030","",""
"1","mhp_sit_idle_joy2","","0.2","1007405","3","","111011","1007405031","",""
"1","mhp_sit_talk_normal","","0.2","1007405","3","","117531","1007405032","",""
"0","vo_mhp_1103","","","1007405","21","0","vo_mhp_1007405","1007405033","",""
"6","あら。\nこないだぷりぷりして帰った件は\n綺麗さっぱりなかったことにするのね。\nオーケイ、了解よ。","0","0","1007405","11","1","117531","1007405034","0","0.5"
"","","","","1007405","91","","0","1007405035","",""
"1","mhp_sit_talk_wish","","0.2","1007405","3","","117531","1007405036","",""
"0","vo_mhp_1104","","","1007405","21","0","vo_mhp_1007405","1007405037","",""
"7","それで？\nユニちゃんは今日も\n私と雑談をしに来てくれたのかしら？","0","0","1007405","11","1","117531","1007405038","0","0.5"
"","","","","1007405","91","","0","1007405039","",""
"1","mhp_sit_idle","","0.2","1007405","3","","117531","1007405040","",""
"1","mhp_sit_talk_sad","","0.2","1007405","3","","111011","1007405041","",""
"0","vo_mhp_1105","","","1007405","21","0","vo_mhp_1007405","1007405042","",""
"5","否。\n今日は患者として参ったのだ。\n医薬の道に長じた御身の助けを得たい。","0","0","1007405","11","1","111011","1007405043","0","0.5"
"","","","","1007405","91","","0","1007405044","",""
"1","mhp_sit_idle_sad","","0.2","1007405","3","","111011","1007405045","",""
"1","mhp_sit_talk_thinking","","0.2","1007405","3","","117531","1007405046","",""
"0","vo_mhp_1106","","","1007405","21","0","vo_mhp_1007405","1007405047","",""
"7","あら、穏やかじゃないわね。\nいいわ、聞きましょう。どうぞ？","0","0","1007405","11","1","117531","1007405048","0","0.5"
"","","","","1007405","91","","0","1007405049","",""
"1","mhp_sit_idle","","0.2","1007405","3","","117531","1007405050","",""
"1","mhp_sit_talk_sad2","","0.2","1007405","3","","111011","1007405051","",""
"0","vo_mhp_1107","","","1007405","21","0","vo_mhp_1007405","1007405052","",""
"5","うむ、話せば長くなるのだが、\n端的に換言すれば──眠いのだ。","0","0","1007405","11","1","111011","1007405053","0","0.5"
"","","","","1007405","91","","0","1007405054","",""
"0","mhp_yuni_sleep_in","","0.2","1007405","3","","111011","1007405055","",""
"0","mhp_yuni_sleep_in","0","0","1007405","3","NoItem","31","1007405056","1",""
"0","vo_mhp_1108","","","1007405","21","0","vo_mhp_1007405","1007405057","",""
"6","なんか知らんがとにかく眠い。\n寝ても醒めてもひたすら眠い。\nその気になったら一生寝られる。","0","0","1007405","11","1","111011","1007405058","0","0.5"
"","1","","","1007405","93","","8.2","1007405059","",""
"0","mhp_yuni_sleep_out","","0.2","1007405","3","","111011","1007405060","",""
"0","mhp_yuni_sleep_out","","0.2","1007405","3","","31","1007405061","",""
"","","","","1007405","91","","1007405058","1007405062","",""
"1","mhp_sit_idle_sad","","0.2","1007405","3","","111011","1007405063","",""
"1","NoItem_idle","","0.2","1007405","3","","31","1007405064","",""
"1","mhp_sit_talk_thinking","","0.2","1007405","3","","117531","1007405065","",""
"0","vo_mhp_1109","","","1007405","21","0","vo_mhp_1007405","1007405066","",""
"5","あー、そういう……はいはい。","0","0","1007405","11","1","117531","1007405067","0","0.5"
"","","","","1007405","91","","0","1007405068","",""
"1","mhp_sit_idle","","0.2","1007405","3","","117531","1007405069","",""
"1","mhp_sit_talk_sad2","","0.2","1007405","3","","111011","1007405070","",""
"0","vo_mhp_1110","","","1007405","21","0","vo_mhp_1007405","1007405071","",""
"5","ぼくが思うに、これはおそらく\n過眠症と呼ばれる睡眠障害に違いない。\n主治医、なんか面白ポーションくれ。","0","0","1007405","11","1","111011","1007405072","0","0.5"
"","","","","1007405","91","","0","1007405073","",""
"1","mhp_sit_idle_sad2","","0.2","1007405","3","","111011","1007405074","",""
"0","1007405078","","","1007405","103","","ハッスルポーション","1007405075","",""
"0","1007405124","","","1007405","103","","グッスリポーション","1007405076","",""
"0","1007405166","","","1007405","103","","ハッタリポーション","1007405077","",""
"0","mhp_sit_out","0","0.2","1007405","3","mhp_idle_normal","117531","1007405078","1",""
"","0","","","1007405","93","","0.6","1007405079","",""
"0","mhp_sit_out","0","0.2","1007405","3","mhp_idle_normal","111011","1007405080","1",""
"","0","","","1007405","93","","0.2","1007405081","",""
"1","mhp_walk","","0.2","1007405","3","","111011","1007405082","0",""
"-220","35","","","1007405","2","1.5","111011","1007405083","0",""
"-220","35","","","1007405","2","1.5","31","1007405084","0",""
"-220","35","","","1007405","2","1.5","11","1007405085","0",""
"-220","35","","","1007405","2","1.5","12","1007405086","0",""
"","0","","","1007405","93","","0.3","1007405087","",""
"0","mhp_handover_in","0","0.2","1007405","3","mhp_handover_loop","117531","1007405088","1",""
"1","1","0","0","1007405","6","1","21","1007405089","1",""
"1","1","0","0","1007405","6","1","22","1007405090","1",""
"0","mhp_handover_in","0","0.2","1007405","3","mhp_handover_loop","21","1007405091","1",""
"0","mhp_item_EX0001_handover_in","0","0.2","1007405","3","mhp_item_EX0001_handover_loop","22","1007405092","1",""
"","0","","","1007405","93","","1.2","1007405093","",""
"0","mhp_handover_receive_in","0","0.2","1007405","3","mhp_handover_receive_loop","111011","1007405094","1",""
"1","1","0","0","1007405","6","1","11","1007405095","1",""
"1","1","0","0","1007405","6","1","12","1007405096","1",""
"0","mhp_receive_yuni_in","0","0.2","1007405","3","mhp_receive_yuni_loop","11","1007405097","1",""
"0","mhp_item_EX0001_receive_in","0","0.2","1007405","3","mhp_item_EX0001_receive_loop","12","1007405098","1",""
"","0","","","1007405","93","","0.6","1007405099","",""
"1","1","0","0.4","1007405","6","1","22","1007405100","1",""
"","0","","","1007405","93","","0.4","1007405101","",""
"0","mhp_handover_out","0","0.2","1007405","3","mhp_idle_normal","117531","1007405102","1",""
"0","mhp_handover_out","0","0.2","1007405","3","NoItem_idle","21","1007405103","1",""
"0","mhp_item_EX0001_handover_out","0","0.2","1007405","3","NoItem_idle","22","1007405104","1",""
"","0","","","1007405","93","","0.4","1007405105","",""
"0","mhp_handover_receive_out","0","0.2","1007405","3","mhp_idle_normal","111011","1007405106","1",""
"0","mhp_receive_yuni_out","0","0.2","1007405","3","NoItem_idle","11","1007405107","1",""
"0","mhp_item_EX0001_receive_out","0","0.2","1007405","3","NoItem_idle","12","1007405108","1",""
"","","","","1007405","93","","2","1007405109","",""
"1","mhp_talk_joy2","","0.2","1007405","3","","111011","1007405110","",""
"0","vo_mhp_1111","","","1007405","21","0","vo_mhp_1007405","1007405111","",""
"8","わ～い、いつものポーションだぁ～！","0","0","1007405","11","1","111011","1007405112","0","0.5"
"","","","","1007405","91","","0","1007405113","",""
"1","mhp_idle_joy2","","0.2","1007405","3","","111011","1007405114","",""
"1","mhp_talk_worry","","0.2","1007405","3","","117531","1007405115","",""
"0","vo_mhp_1112","","","1007405","21","0","vo_mhp_1007405","1007405116","",""
"6","分かってるのかしら、この子……\n言っとくけどソレ、応急処置よ？\nあくまで自分の体力を\n前借りするだけなんだからね？","0","0","1007405","11","1","117531","1007405117","0","0.5"
"","","","","1007405","91","","0","1007405118","",""
"1","mhp_talk_wish2","","0.2","1007405","3","","117531","1007405119","",""
"0","vo_mhp_1113","","","1007405","21","0","vo_mhp_1007405","1007405120","",""
"5","たとえば一時間元気に活動したら、\nそのあと利子付きで\n三時間は確実にぐったりしちゃうの。\nだから用量用法は慎重に守りなさい？","0","0","1007405","11","1","117531","1007405121","0","0.5"
"","","","","1007405","91","","0","1007405122","",""
"","","","","1007405","101","","1007405213","1007405123","",""
"0","mhp_sit_out","0","0.2","1007405","3","mhp_idle_normal","117531","1007405124","1",""
"","0","","","1007405","93","","0.6","1007405125","",""
"0","mhp_sit_out","0","0.2","1007405","3","mhp_idle_normal","111011","1007405126","1",""
"","0","","","1007405","93","","0.2","1007405127","",""
"1","mhp_walk","","0.2","1007405","3","","111011","1007405128","0",""
"-220","35","","","1007405","2","1.5","111011","1007405129","0",""
"-220","35","","","1007405","2","1.5","31","1007405130","0",""
"-220","35","","","1007405","2","1.5","11","1007405131","0",""
"-220","35","","","1007405","2","1.5","12","1007405132","0",""
"","0","","","1007405","93","","0.3","1007405133","",""
"0","mhp_handover_in","0","0.2","1007405","3","mhp_handover_loop","117531","1007405134","1",""
"1","1","0","0","1007405","6","1","21","1007405135","1",""
"1","1","0","0","1007405","6","1","22","1007405136","1",""
"0","mhp_handover_in","0","0.2","1007405","3","mhp_handover_loop","21","1007405137","1",""
"0","mhp_item_EX0002_handover_in","0","0.2","1007405","3","mhp_item_EX0002_handover_loop","22","1007405138","1",""
"","0","","","1007405","93","","1.2","1007405139","",""
"0","mhp_handover_receive_in","0","0.2","1007405","3","mhp_handover_receive_loop","111011","1007405140","1",""
"1","1","0","0","1007405","6","1","11","1007405141","1",""
"1","1","0","0","1007405","6","1","12","1007405142","1",""
"0","mhp_receive_yuni_in","0","0.2","1007405","3","mhp_receive_yuni_loop","11","1007405143","1",""
"0","mhp_item_EX0002_receive_in","0","0.2","1007405","3","mhp_item_EX0002_receive_loop","12","1007405144","1",""
"","0","","","1007405","93","","0.6","1007405145","",""
"1","1","0","0.4","1007405","6","1","22","1007405146","1",""
"","0","","","1007405","93","","0.4","1007405147","",""
"0","mhp_handover_out","0","0.2","1007405","3","mhp_idle_normal","117531","1007405148","1",""
"0","mhp_handover_out","0","0.2","1007405","3","NoItem_idle","21","1007405149","1",""
"0","mhp_item_EX0002_handover_out","0","0.2","1007405","3","NoItem_idle","22","1007405150","1",""
"","0","","","1007405","93","","0.4","1007405151","",""
"0","mhp_handover_receive_out","0","0.2","1007405","3","mhp_idle_normal","111011","1007405152","1",""
"0","mhp_receive_yuni_out","0","0.2","1007405","3","NoItem_idle","11","1007405153","1",""
"0","mhp_item_EX0002_receive_out","0","0.2","1007405","3","NoItem_idle","12","1007405154","1",""
"","","","","1007405","93","","2","1007405155","",""
"1","mhp_talk_anger2","","0.2","1007405","3","","111011","1007405156","",""
"0","vo_mhp_1114","","","1007405","21","0","vo_mhp_1007405","1007405157","",""
"6","ぐっすり……？\nおい、待て主治医。\n寝過ぎで悩む患者をさらに寝かせるとは、\n貴様、気でもちぇるったか。","0","0","1007405","11","1","111011","1007405158","0","0.5"
"","","","","1007405","91","","0","1007405159","",""
"1","mhp_idle_sad","","0.2","1007405","3","","111011","1007405160","",""
"1","mhp_talk_worry","","0.2","1007405","3","","117531","1007405161","",""
"0","vo_mhp_1115","","","1007405","21","0","vo_mhp_1007405","1007405162","",""
"6","充分な睡眠時間を確保しているのに\n寝足りないなら、それは眠りが浅いの。\nだから逆に、眠りの質を高めなさい。","0","0","1007405","11","1","117531","1007405163","0","0.5"
"","","","","1007405","91","","0","1007405164","",""
"","","","","1007405","101","","1007405213","1007405165","",""
"0","mhp_sit_out","0","0.2","1007405","3","mhp_idle_normal","117531","1007405166","1",""
"","0","","","1007405","93","","0.6","1007405167","",""
"0","mhp_sit_out","0","0.2","1007405","3","mhp_idle_normal","111011","1007405168","1",""
"","0","","","1007405","93","","0.2","1007405169","",""
"1","mhp_walk","","0.2","1007405","3","","111011","1007405170","0",""
"-220","35","","","1007405","2","1.5","111011","1007405171","0",""
"-220","35","","","1007405","2","1.5","31","1007405172","0",""
"-220","35","","","1007405","2","1.5","11","1007405173","0",""
"-220","35","","","1007405","2","1.5","12","1007405174","0",""
"","0","","","1007405","93","","0.3","1007405175","",""
"0","mhp_handover_in","0","0.2","1007405","3","mhp_handover_loop","117531","1007405176","1",""
"1","1","0","0","1007405","6","1","21","1007405177","1",""
"1","1","0","0","1007405","6","1","22","1007405178","1",""
"0","mhp_handover_in","0","0.2","1007405","3","mhp_handover_loop","21","1007405179","1",""
"0","mhp_item_EX0003_handover_in","0","0.2","1007405","3","mhp_item_EX0003_handover_loop","22","1007405180","1",""
"","0","","","1007405","93","","1.2","1007405181","",""
"0","mhp_handover_receive_in","0","0.2","1007405","3","mhp_handover_receive_loop","111011","1007405182","1",""
"1","1","0","0","1007405","6","1","11","1007405183","1",""
"1","1","0","0","1007405","6","1","12","1007405184","1",""
"0","mhp_receive_yuni_in","0","0.2","1007405","3","mhp_receive_yuni_loop","11","1007405185","1",""
"0","mhp_item_EX0003_receive_in","0","0.2","1007405","3","mhp_item_EX0003_receive_loop","12","1007405186","1",""
"","0","","","1007405","93","","0.6","1007405187","",""
"1","1","0","0.4","1007405","6","1","22","1007405188","1",""
"","0","","","1007405","93","","0.4","1007405189","",""
"0","mhp_handover_out","0","0.2","1007405","3","mhp_idle_normal","117531","1007405190","1",""
"0","mhp_handover_out","0","0.2","1007405","3","NoItem_idle","21","1007405191","1",""
"0","mhp_item_EX0003_handover_out","0","0.2","1007405","3","NoItem_idle","22","1007405192","1",""
"","0","","","1007405","93","","0.4","1007405193","",""
"0","mhp_handover_receive_out","0","0.2","1007405","3","mhp_idle_normal","111011","1007405194","1",""
"0","mhp_receive_yuni_out","0","0.2","1007405","3","NoItem_idle","11","1007405195","1",""
"0","mhp_item_EX0003_receive_out","0","0.2","1007405","3","NoItem_idle","12","1007405196","1",""
"","0","","","1007405","93","","2","1007405197","",""
"1","mhp_anna_ahahaStand_loop","","0.2","1007405","3","","117531","1007405198","",""
"0","vo_mhp_1116","","","1007405","21","0","vo_mhp_1007405","1007405199","",""
"4","ほーっほっほ、これを飲みなさい！\nこの薬学王ミツキが開発した万能薬よ！\n何でもあなたが望む効果を発揮するわ！","0","0","1007405","11","1","117531","1007405200","0","0.5"
"","1","","","1007405","93","","2.5","1007405201","",""
"1","mhp_talk_joy1","","0.2","1007405","3","","117531","1007405202","",""
"","","","","1007405","91","","1007405200","1007405203","",""
"1","mhp_idle_joy1","","0.2","1007405","3","","117531","1007405204","",""
"1","mhp_talk_surprise2","","0.2","1007405","3","","111011","1007405205","",""
"0","vo_mhp_1117","","","1007405","21","0","vo_mhp_1007405","1007405206","",""
"8","まじで！　ミツキングすげえ！","0","0","1007405","11","1","111011","1007405207","0","0.5"
"","0","","","1007405","91","","0","1007405208","",""
"1","mhp_idle_surprise2","","0.2","1007405","3","","111011","1007405209","",""
"1","mhp_idle_thinking","","0.2","1007405","3","","117531","1007405210","",""
"0","vo_mhp_1118","","","1007405","21","0","vo_mhp_1007405","1007405211","",""
"6","（というのはハッタリでただの偽薬よ。\nユニちゃんの病名は過眠症じゃなくて、\nただの怠け癖。薬じゃ治らないわ）","0","0","1007405","11","1","117531","1007405212","0","0.5"
"","","","","1007405","91","","0","1007405213","",""
"1","mhp_idle_normal","","0.2","1007405","3","","117531","1007405214","",""
"1","mhp_talk_wish","","0.2","1007405","3","","111011","1007405215","",""
"0","vo_mhp_1119","","","1007405","21","0","vo_mhp_1007405","1007405216","",""
"6","おお、ミツキ師かたじけない！\nよし、これでついごろごろして\n無駄に失われる時間がなくなるぞ！","0","","1007405","11","1","111011","1007405217","0","0.5"
"","","","","1007405","91","","0","1007405218","",""
"1","mhp_idle_joy1","","0.2","1007405","3","","111011","1007405219","",""
"1","mhp_talk_sad","","0.2","1007405","3","","117531","1007405220","",""
"0","vo_mhp_1120","","","1007405","21","0","vo_mhp_1007405","1007405221","",""
"6","どうかしら。\nそれは自分次第と言ったところね。\n応援してるわ、お大事に。","0","","1007405","11","1","117531","1007405222","0","0.5"
"","","","","1007405","91","","0","1007405223","",""
"","0","","","1007405","22","","0","1007405224","",""
"1","mhp_idle_normal","","0.2","1007405","3","","117531","1007405225","",""
"1","mhp_walk_glad","","0.2","1007405","3","","111011","1007405226","0",""
"","1","","","1007405","4","","111011","1007405227","",""
"-220","-1000","","","1007405","2","5","111011","1007405228","0",""
"","","","","1007405","91","","0","1007405229","",""
"100","111011","0","1.7","1007406","1","-1000","1","1007406001","-240","mhp_idle_normal"
"100","117531","1","1.7","1007406","1","185","1","1007406002","-220","mhp_sit_idle"
"100","117631","1","1.7","1007406","1","365","1","1007406003","-200","mhp_sit_idle"
"-240","1","","1","1007406","31","-154","1","1007406004","0.85",""
"0","130","","0","1007406","31","0","30","1007406005","1",""
"0","112","","0","1007406","31","0","12","1007406006","1",""
"110","11","0","1.7","1007406","5","-200","1","1007406007","-220","NoItem"
"105","12","0","1.7","1007406","5","-200","1","1007406008","-220","NoItem"
"110","21","1","1.7","1007406","5","185","1","1007406009","-220","NoItem"
"105","22","1","1.7","1007406","5","185","1","1007406010","-220","NoItem"
"1","1","0","0","1007406","6","1","11","1007406011","0",""
"1","1","0","0","1007406","6","1","12","1007406012","0",""
"1","1","0","0","1007406","6","1","21","1007406013","0",""
"1","1","0","0","1007406","6","1","22","1007406014","0",""
"","","","","1007406","91","","0","1007406015","",""
"1","mhp_sit_talk_normal","","0.2","1007406","3","","117531","1007406016","",""
"0","vo_mhp_1201","","","1007406","21","0","vo_mhp_1007406","1007406017","",""
"8","ユニちゃん、どうぞー","0","0","1007406","11","0","117531","1007406018","0","0.5"
"","","","","1007406","91","","0","1007406019","",""
"1","mhp_sit_idle","","0.2","1007406","3","","117531","1007406020","",""
"1","mhp_walk","","0.2","1007406","3","","111011","1007406021","",""
"-220","-200","","","1007406","2","4","111011","1007406022","0",""
"","","","","1007406","91","","0","1007406023","",""
"0","mhp_sit_in_2","0.2","0.2","1007406","3","mhp_sit_idle_2","111011","1007406024","1",""
"","0","","","1007406","93","","1","1007406025","",""
"1","mhp_sit_talk_normal","","0.2","1007406","3","","111011","1007406026","",""
"0","vo_mhp_1202","","","1007406","21","0","vo_mhp_1007406","1007406027","",""
"7","やあミツキ師、待たせたね。\nギルドマスターのユニだよ。","0","0","1007406","11","1","111011","1007406028","0","0.5"
"","","","","1007406","91","","0","1007406029","",""
"1","mhp_sit_idle_2","","0.2","1007406","3","","111011","1007406030","",""
"1","mhp_sit_talk_thinking","","0.2","1007406","3","","117531","1007406031","",""
"0","vo_mhp_1203","","","1007406","21","0","vo_mhp_1007406","1007406032","",""
"7","とくに待っていた覚えはないのだけど、\nまあいいわ、ようこそ私の診察室へ。","0","0","1007406","11","1","117531","1007406033","0","0.5"
"","","","","1007406","91","","0","1007406034","",""
"1","mhp_sit_talk_normal","","0.2","1007406","3","","117531","1007406035","",""
"0","vo_mhp_1204","","","1007406","21","0","vo_mhp_1007406","1007406036","",""
"5","さて、ユニちゃん──ああ失礼、\n今は学位持ちだったわね。\nユニ博士とお呼びするべきかしら？","0","0","1007406","11","1","117531","1007406037","0","0.5"
"","","","","1007406","91","","0","1007406038","",""
"1","mhp_sit_idle","","0.2","1007406","3","","117531","1007406039","",""
"1","mhp_sit_talk_thinking2","","0.2","1007406","3","","111011","1007406040","",""
"0","vo_mhp_1205","","","1007406","21","0","vo_mhp_1007406","1007406041","",""
"6","いや、結構。\n学院の都合で押しつけられた\n名誉学位などニックネームにも同義だ。","0","0","1007406","11","1","111011","1007406042","0","0.5"
"","","","","1007406","91","","0","1007406043","",""
"1","mhp_sit_idle_2","","0.2","1007406","3","","111011","1007406044","",""
"1","mhp_sit_talk_normal","","0.2","1007406","3","","117531","1007406045","",""
"0","vo_mhp_1206","","","1007406","21","0","vo_mhp_1007406","1007406046","",""
"6","ふふ……聖テレサ女学院、だっけ？\n里の外にまるで興味のなかったあなたが\n今では立派な伝統校の一員だものねえ。","0","0","1007406","11","1","117531","1007406047","0","0.5"
"","","","","1007406","91","","0","1007406048","",""
"1","mhp_sit_idle","","0.2","1007406","3","","117531","1007406049","",""
"1","mhp_sit_talk_joy1","","0.2","1007406","3","","111011","1007406050","",""
"0","vo_mhp_1207","","","1007406","21","0","vo_mhp_1007406","1007406051","",""
"5","是非もなし。\nこの脆弱な体で\n一丁前に社会生活を送れているのは、\n一重にミツキ師の助力にほかならない。","0","0","1007406","11","1","111011","1007406052","0","0.5"
"","","","","1007406","91","","0","1007406053","",""
"1","mhp_sit_talk_worry","","0.2","1007406","3","","111011","1007406054","",""
"0","vo_mhp_1208","","","1007406","21","0","vo_mhp_1007406","1007406055","",""
"6","ぼくはいつか言おうと思っていたのだ。\n御身には深く感謝している。ぺこり。","0","0","1007406","11","1","111011","1007406056","0","0.5"
"","1","","","1007406","93","","5.5","1007406057","",""
"0","mhp_yuni_pekori","0","0.2","1007406","3","mhp_sit_idle_2","111011","1007406058","1",""
"","0","","","1007406","93","","1","1007406059","",""
"","","","","1007406","91","","1007406056","1007406060","",""
"1","mhp_sit_idle_2","","0.2","1007406","3","","111011","1007406061","",""
"1","mhp_sit_talk_memory","","0.2","1007406","3","","117531","1007406062","",""
"0","vo_mhp_1209","","","1007406","21","0","vo_mhp_1007406","1007406063","",""
"6","や、やあねえ、急になに言ってるの！\n私はただ自分の仕事をしているだけよ。","0","0","1007406","11","1","117531","1007406064","0","0.5"
"","","","","1007406","91","","0","1007406065","",""
"1","mhp_sit_idle","","0.2","1007406","3","","117531","1007406066","",""
"1","mhp_sit_talk_sad","","0.2","1007406","3","","111011","1007406067","",""
"0","vo_mhp_1210","","","1007406","21","0","vo_mhp_1007406","1007406068","",""
"6","さにあらず。\n里を下りて独りぼっちだったぼくを、\nミツキ師は何かにつけて構ってくれた。","0","0","1007406","11","1","111011","1007406069","0","0.5"
"","","","","1007406","91","","0","1007406070","",""
"1","mhp_sit_talk_wish","","0.2","1007406","3","","111011","1007406071","",""
"0","vo_mhp_1211","","","1007406","21","0","vo_mhp_1007406","1007406072","",""
"6","「隻眼の悪魔」の柄ではなかろうが、\nあえて言わせてほしい。\nぼくは御身を、ランドソルにおける\n新たな家族とさえ思っているんだ。","0","0","1007406","11","1","111011","1007406073","0","0.5"
"","","","","1007406","91","","0","1007406074","",""
"1","mhp_sit_idle_wish","","0.2","1007406","3","","111011","1007406075","",""
"1","mhp_sit_talk_sad","","0.2","1007406","3","","117531","1007406076","",""
"0","vo_mhp_1212","","","1007406","21","0","vo_mhp_1007406","1007406077","",""
"8","ユニちゃん……","0","0","1007406","11","1","117531","1007406078","0","0.5"
"","","","","1007406","91","","0","1007406079","",""
"1","mhp_sit_idle_sad","","0.2","1007406","3","","117531","1007406080","",""
"1","mhp_sit_talk_thinking2","","0.2","1007406","3","","111011","1007406081","",""
"0","vo_mhp_1213","","","1007406","21","0","vo_mhp_1007406","1007406082","",""
"5","端的に換言すれば、母だ。","0","0","1007406","11","1","111011","1007406083","0","1"
"","","","","1007406","91","","0","1007406084","",""
"1","mhp_sit_idle_thinking2","","0.2","1007406","3","","111011","1007406085","",""
"1","mhp_sit_talk_wish2","","0.2","1007406","3","","117531","1007406086","",""
"0","vo_mhp_1214","","","1007406","21","0","vo_mhp_1007406","1007406087","",""
"8","ユニ……ちゃん……？","0","0","1007406","11","1","117531","1007406088","0","0.5"
"","","","","1007406","91","","0","1007406089","",""
"1","mhp_sit_idle_wish2","","0.2","1007406","3","","117531","1007406090","",""
"1","mhp_sit_talk_normal","","0.2","1007406","3","","111011","1007406091","",""
"0","vo_mhp_1215","","","1007406","21","0","vo_mhp_1007406","1007406092","",""
"6","そこでひとつ相談なのだが、\n今後は御身のことを\nママと呼ぶのはどうだろうか。","0","0","1007406","11","1","111011","1007406093","0","0.5"
"","","","","1007406","91","","0","1007406094","",""
"1","mhp_sit_idle_wish","","0.2","1007406","3","","111011","1007406095","",""
"1","mhp_sit_talk_anger2","","0.2","1007406","3","","117531","1007406096","",""
"0","vo_mhp_1216","","","1007406","21","0","vo_mhp_1007406","1007406097","",""
"7","ど、どうもこうもないわよ！？\nあんたねえ、\nせめてお姉ちゃんにしなさいよ！","0","0","1007406","11","1","117531","1007406098","0","0.5"
"","","","","1007406","91","","0","1007406099","",""
"1","mhp_sit_idle_anger2","","0.2","1007406","3","","117531","1007406100","",""
"1","mhp_sit_talk_memory","","0.2","1007406","3","","111011","1007406101","",""
"0","vo_mhp_1217","","","1007406","21","0","vo_mhp_1007406","1007406102","",""
"8","ママ、ポーションちょうだい。","0","0","1007406","11","1","111011","1007406103","0","0.5"
"","","","","1007406","91","","0","1007406104","",""
"1","mhp_sit_idle_joy1","","0.2","1007406","3","","111011","1007406105","",""
"1","mhp_sit_talk_anger2","","0.2","1007406","3","","117531","1007406106","",""
"0","vo_mhp_1218","","","1007406","21","0","vo_mhp_1007406","1007406107","",""
"7","うるさい！\nあんたもう里に帰りなさい！\nユキ、お客さんつまみ出して！\n次の方ー！　次の方どうぞー！","0","0","1007406","11","1","117531","1007406108","0","0.5"
"","1","","","1007406","93","","3.5","1007406109","",""
"1","mhp_sit_idle_surprise2","","0.2","1007406","3","","117631","1007406110","",""
"","","","","1007406","91","","1007406108","1007406111","",""
"","0","","","1007406","22","","0","1007406112","",""
"","","","","1007406","93","","1","1007406113","",""
"","1","","1","1007406","32","","112","1007406114","1",""
"","","","","1007406","93","","1","1007406115","",""
"","1","","1","1007406","32","","130","1007406116","1",""
"","","","","1007406","93","","4","1007406117","",""
"","0","","1","1007406","32","","130","1007406118","1",""
"100","102511","0","1.7","1007407","1","-1000","1","1007407001","-200","mhp_idle_normal"
"100","117531","1","1.7","1007407","1","185","1","1007407002","-220","mhp_sit_idle"
"100","117631","1","1.7","1007407","1","365","1","1007407003","-200","mhp_sit_idle"
"-240","1","","1","1007407","31","-154","1","1007407004","0.85",""
"110","11","0","1.7","1007407","5","-200","1","1007407005","-220","NoItem"
"105","12","0","1.7","1007407","5","-200","1","1007407006","-220","NoItem"
"110","21","1","1.7","1007407","5","185","1","1007407007","-220","NoItem"
"105","22","1","1.7","1007407","5","185","1","1007407008","-220","NoItem"
"1","1","0","0","1007407","6","1","11","1007407009","0",""
"1","1","0","0","1007407","6","1","12","1007407010","0",""
"1","1","0","0","1007407","6","1","21","1007407011","0",""
"1","1","0","0","1007407","6","1","22","1007407012","0",""
"110","31","0","1.7","1007407","5","-1000","1","1007407013","-220","NoItem"
"","","","","1007407","91","","0","1007407014","",""
"1","mhp_sit_talk_normal","","0.2","1007407","3","","117531","1007407015","",""
"0","vo_mhp_2001","","","1007407","21","0","vo_mhp_1007407","1007407016","",""
"8","次の方どうぞー","0","0","1007407","11","0","117531","1007407017","0","0.5"
"","","","","1007407","91","","0","1007407018","",""
"1","mhp_sit_idle","","0.2","1007407","3","","117531","1007407019","",""
"1","mhp_walk","","0.2","1007407","3","","102511","1007407020","",""
"-220","-400","","","1007407","2","3","102511","1007407021","0",""
"","","","","1007407","93","","3","1007407022","",""
"1","mhp_talk_sad","","0.2","1007407","3","","102511","1007407023","",""
"0","vo_mhp_2002","","","1007407","21","0","vo_mhp_1007407","1007407024","",""
"4","は、はい、失礼しまきゃあ！\nいたたた、ご、ごめんなさい……！","10","0","1007407","11","1","102511","1007407025","0","0.5"
"","1","","","1007407","93","","2","1007407026","",""
"","se_10031400_panic","","","1007407","23","","se_10031400","1007407027","",""
"0","mhp_suzume_fall_in","","0.2","1007407","3","","102511","1007407028","",""
"","","","","1007407","93","","3","1007407029","",""
"0","mhp_suzume_fall_out","0.2","0.2","1007407","3","mhp_idle_sad","102511","1007407030","1",""
"","","","","1007407","93","","2","1007407031","",""
"","","","","1007407","91","","1007407025","1007407032","",""
"1","mhp_suzume_walk_sad","","0.2","1007407","3","","102511","1007407033","",""
"-220","-200","","","1007407","2","2","102511","1007407034","0",""
"","","","","1007407","91","","0","1007407035","",""
"0","mhp_suzume_sit_in_sad","0.2","0.2","1007407","3","mhp_suzume_sit_idle_sad2","102511","1007407036","1",""
"","0","","","1007407","93","","1","1007407037","",""
"1","mhp_sit_idle_sad","","0.2","1007407","3","","117631","1007407038","",""
"0","vo_mhp_2003","","","1007407","21","0","vo_mhp_1007407","1007407039","",""
"8","（……あの人今\n何もないとこで転ばなかった？）","0","0","1007407","11","1","117631","1007407040","0","0.5"
"","","","","1007407","91","","0","1007407041","",""
"1","mhp_sit_idle","","0.2","1007407","3","","117631","1007407042","",""
"1","mhp_sit_talk_normal","","0.2","1007407","3","","117531","1007407043","",""
"0","vo_mhp_2004","","","1007407","21","0","vo_mhp_1007407","1007407044","",""
"6","ええと、スズメさんね。\n今日はどうされました？\n転倒して足を痛めた、とかかしら？","0","0","1007407","11","1","117531","1007407045","0","0.5"
"","","","","1007407","91","","0","1007407046","",""
"1","mhp_sit_idle","","0.2","1007407","3","","117531","1007407047","",""
"1","mhp_sit_talk_wish","","0.2","1007407","3","","102511","1007407048","",""
"0","vo_mhp_2005","","","1007407","21","0","vo_mhp_1007407","1007407049","",""
"4","い、いえ、実は……\nド、ドジを治してほしいんです！","0","0","1007407","11","1","102511","1007407050","0","0.5"
"","","","","1007407","91","","0","1007407051","",""
"","0","","","1007407","93","","2","1007407052","",""
"1","mhp_sit_idle_wish","","0.2","1007407","3","","102511","1007407053","",""
"1","mhp_sit_talk_surprise2","","0.2","1007407","3","","117531","1007407054","",""
"0","vo_mhp_2006","","","1007407","21","0","vo_mhp_1007407","1007407055","",""
"7","…………はっ、ごめんなさい。\nあまりに予想外のことで\n思考が停止してしまったわ……","0","0","1007407","11","1","117531","1007407056","0","0.5"
"","1","","","1007407","93","","2","1007407057","",""
"1","mhp_sit_talk_sad","","0.2","1007407","3","","117531","1007407058","",""
"","","","","1007407","91","","1007407056","1007407059","",""
"1","mhp_sit_idle","","0.2","1007407","3","","117531","1007407060","",""
"1","mhp_sit_talk_sad","","0.2","1007407","3","","102511","1007407061","",""
"0","vo_mhp_2007","","","1007407","21","0","vo_mhp_1007407","1007407062","",""
"6","や、やっぱりこんな非常識なこと\nお医者さんに頼んだりしちゃ\nダメですよね……","0","0","1007407","11","1","102511","1007407063","0","0.5"
"","","","","1007407","91","","0","1007407064","",""
"1","mhp_sit_idle_sad","","0.2","1007407","3","","102511","1007407065","",""
"1","mhp_sit_talk_thinking","","0.2","1007407","3","","117531","1007407066","",""
"0","vo_mhp_2008","","","1007407","21","0","vo_mhp_1007407","1007407067","",""
"5","……闇医者とはいえ\n私にも面子というものがあるわ\nやるだけやってあげるわ\nそうね、あなたには――","0","0","1007407","11","1","117531","1007407068","0","0.5"
"","","","","1007407","91","","0","1007407069","",""
"0","1007407073","","","1007407","103","","ドジナオールを処方するわ。","1007407070","",""
"0","1007407115","","","1007407","103","","魔丸ドジ殺しを処方するわ。","1007407071","",""
"0","1007407157","","","1007407","103","","このドジ矯正サポーターを着けなさい。","1007407072","",""
"1","mhp_sit_idle","","0.2","1007407","3","","117531","1007407073","0",""
"1","mhp_sit_talk_surprise2","","0.2","1007407","3","","102511","1007407074","0",""
"0","vo_mhp_2009","","","1007407","21","0","vo_mhp_1007407","1007407075","",""
"8","そ、そんな薬があるんですか！","0","0","1007407","11","1","102511","1007407076","0","0.5"
"","","","","1007407","91","","0","1007407077","",""
"0","mhp_sit_out","0","0.2","1007407","3","mhp_idle_normal","117531","1007407078","1",""
"","0","","","1007407","93","","0.6","1007407079","",""
"0","mhp_sit_out","0","0.2","1007407","3","mhp_idle_normal","102511","1007407080","1",""
"","0","","","1007407","93","","0.2","1007407081","",""
"1","mhp_walk","","0.2","1007407","3","","102511","1007407082","0",""
"-220","35","","","1007407","2","1.5","102511","1007407083","0",""
"-220","35","","","1007407","2","1.5","31","1007407084","0",""
"-220","35","","","1007407","2","1.5","11","1007407085","0",""
"-220","35","","","1007407","2","1.5","12","1007407086","0",""
"","0","","","1007407","93","","0.3","1007407087","",""
"0","mhp_handover_in","0","0.2","1007407","3","mhp_handover_loop","117531","1007407088","1",""
"1","1","0","0","1007407","6","1","21","1007407089","1",""
"1","1","0","0","1007407","6","1","22","1007407090","1",""
"0","mhp_handover_in","0","0.2","1007407","3","mhp_handover_loop","21","1007407091","1",""
"0","mhp_item_EX0004_handover_in","0","0.2","1007407","3","mhp_item_EX0004_handover_loop","22","1007407092","1",""
"","0","","","1007407","93","","1.2","1007407093","",""
"0","mhp_handover_receive_in","0","0.2","1007407","3","mhp_handover_receive_loop","102511","1007407094","1",""
"1","1","0","0","1007407","6","1","11","1007407095","1",""
"1","1","0","0","1007407","6","1","12","1007407096","1",""
"0","mhp_receive_suzume_in","0","0.2","1007407","3","mhp_receive_suzume_loop","11","1007407097","1",""
"0","mhp_item_EX0004_receive_in","0","0.2","1007407","3","mhp_item_EX0004_receive_loop","12","1007407098","1",""
"","0","","","1007407","93","","0.6","1007407099","",""
"1","1","0","0.4","1007407","6","1","22","1007407100","1",""
"","0","","","1007407","93","","0.4","1007407101","",""
"0","mhp_handover_out","0","0.2","1007407","3","mhp_idle_normal","117531","1007407102","1",""
"0","mhp_handover_out","0","0.2","1007407","3","NoItem_idle","21","1007407103","1",""
"0","mhp_item_EX0004_handover_out","0","0.2","1007407","3","NoItem_idle","22","1007407104","1",""
"","0","","","1007407","93","","0.4","1007407105","",""
"0","mhp_handover_receive_out","0","0.2","1007407","3","mhp_idle_normal","102511","1007407106","1",""
"0","mhp_receive_suzume_out","0","0.2","1007407","3","NoItem_idle","11","1007407107","1",""
"0","mhp_item_EX0004_receive_out","0","0.2","1007407","3","NoItem_idle","12","1007407108","1",""
"","0","","","1007407","93","","2","1007407109","",""
"1","mhp_talk_thinking","","0.2","1007407","3","","117531","1007407110","0",""
"0","vo_mhp_2010","","","1007407","21","0","vo_mhp_1007407","1007407111","",""
"6","それがあるのよ。すぐに効果が\n表れるから、あとは普段通り\n生活しなさいね","0","0","1007407","11","1","117531","1007407112","0","0.5"
"","","","","1007407","91","","0","1007407113","",""
"","","","","1007407","101","","1007407197","1007407114","",""
"0","mhp_sit_out","0","0.2","1007407","3","mhp_idle_normal","117531","1007407115","1",""
"","0","","","1007407","93","","0.6","1007407116","",""
"0","mhp_sit_out","0","0.2","1007407","3","mhp_idle_normal","102511","1007407117","1",""
"","0","","","1007407","93","","0.2","1007407118","",""
"1","mhp_walk","","0.2","1007407","3","","102511","1007407119","0",""
"-220","35","","","1007407","2","1.5","102511","1007407120","0",""
"-220","35","","","1007407","2","1.5","31","1007407121","0",""
"-220","35","","","1007407","2","1.5","11","1007407122","0",""
"-220","35","","","1007407","2","1.5","12","1007407123","0",""
"","0","","","1007407","93","","0.3","1007407124","",""
"0","mhp_handover_in","0","0.2","1007407","3","mhp_handover_loop","117531","1007407125","1",""
"1","1","0","0","1007407","6","1","21","1007407126","1",""
"1","1","0","0","1007407","6","1","22","1007407127","1",""
"0","mhp_handover_in","0","0.2","1007407","3","mhp_handover_loop","21","1007407128","1",""
"0","mhp_item_EX0006_handover_in","0","0.2","1007407","3","mhp_item_EX0006_handover_loop","22","1007407129","1",""
"","0","","","1007407","93","","1.2","1007407130","",""
"0","mhp_handover_receive_in","0","0.2","1007407","3","mhp_handover_receive_loop","102511","1007407131","1",""
"1","1","0","0","1007407","6","1","11","1007407132","1",""
"1","1","0","0","1007407","6","1","12","1007407133","1",""
"0","mhp_receive_suzume_in","0","0.2","1007407","3","mhp_receive_suzume_loop","11","1007407134","1",""
"0","mhp_item_EX0006_receive_in","0","0.2","1007407","3","mhp_item_EX0006_receive_loop","12","1007407135","1",""
"","0","","","1007407","93","","0.6","1007407136","",""
"1","1","0","0.4","1007407","6","1","22","1007407137","1",""
"","0","","","1007407","93","","0.4","1007407138","",""
"0","mhp_handover_out","0","0.2","1007407","3","mhp_idle_normal","117531","1007407139","1",""
"0","mhp_handover_out","0","0.2","1007407","3","NoItem_idle","21","1007407140","1",""
"0","mhp_item_EX0006_handover_out","0","0.2","1007407","3","NoItem_idle","22","1007407141","1",""
"","0","","","1007407","93","","0.4","1007407142","",""
"0","mhp_handover_receive_out","0","0.2","1007407","3","mhp_idle_normal","102511","1007407143","1",""
"0","mhp_receive_suzume_out","0","0.2","1007407","3","NoItem_idle","11","1007407144","1",""
"0","mhp_item_EX0006_receive_out","0","0.2","1007407","3","NoItem_idle","12","1007407145","1",""
"","0","","","1007407","93","","2","1007407146","",""
"1","mhp_talk_sad","","0.2","1007407","3","","102511","1007407147","0",""
"0","vo_mhp_2011","","","1007407","21","0","vo_mhp_1007407","1007407148","",""
"7","な、なんだかアメみたいですね……","0","0","1007407","11","1","102511","1007407149","0","0.5"
"","","","","1007407","91","","0","1007407150","",""
"1","mhp_idle_sad","","0.2","1007407","3","","102511","1007407151","0",""
"1","mhp_talk_normal","","0.2","1007407","3","","117531","1007407152","0",""
"0","vo_mhp_2012","","","1007407","21","0","vo_mhp_1007407","1007407153","",""
"6","摂取しやすいようにしてるの\n一日三錠、全部飲み終わったら\nまた来なさい。","0","0","1007407","11","1","117531","1007407154","0","0.5"
"","","","","1007407","91","","0","1007407155","",""
"","","","","1007407","101","","1007407197","1007407156","",""
"0","mhp_sit_out","0","0.2","1007407","3","mhp_idle_normal","117531","1007407157","1",""
"","0","","","1007407","93","","0.6","1007407158","",""
"0","mhp_sit_out","0","0.2","1007407","3","mhp_idle_normal","102511","1007407159","1",""
"","0","","","1007407","93","","0.2","1007407160","",""
"1","mhp_walk","","0.2","1007407","3","","102511","1007407161","0",""
"-220","35","","","1007407","2","1.5","102511","1007407162","0",""
"-220","35","","","1007407","2","1.5","31","1007407163","0",""
"-220","35","","","1007407","2","1.5","11","1007407164","0",""
"-220","35","","","1007407","2","1.5","12","1007407165","0",""
"","0","","","1007407","93","","0.3","1007407166","",""
"0","mhp_handover_in","0","0.2","1007407","3","mhp_handover_loop","117531","1007407167","1",""
"1","1","0","0","1007407","6","1","21","1007407168","1",""
"1","1","0","0","1007407","6","1","22","1007407169","1",""
"0","mhp_handover_in","0","0.2","1007407","3","mhp_handover_loop","21","1007407170","1",""
"0","mhp_item_EX0011_handover_in","0","0.2","1007407","3","mhp_item_EX0011_handover_loop","22","1007407171","1",""
"","0","","","1007407","93","","1.2","1007407172","",""
"0","mhp_handover_receive_in","0","0.2","1007407","3","mhp_handover_receive_loop","102511","1007407173","1",""
"1","1","0","0","1007407","6","1","11","1007407174","1",""
"1","1","0","0","1007407","6","1","12","1007407175","1",""
"0","mhp_receive_suzume_in","0","0.2","1007407","3","mhp_receive_suzume_loop","11","1007407176","1",""
"0","mhp_item_EX0011_receive_in","0","0.2","1007407","3","mhp_item_EX0011_receive_loop","12","1007407177","1",""
"","0","","","1007407","93","","0.6","1007407178","",""
"1","1","0","0.4","1007407","6","1","22","1007407179","1",""
"","0","","","1007407","93","","0.4","1007407180","",""
"0","mhp_handover_out","0","0.2","1007407","3","mhp_idle_normal","117531","1007407181","1",""
"0","mhp_handover_out","0","0.2","1007407","3","NoItem_idle","21","1007407182","1",""
"0","mhp_item_EX0011_handover_out","0","0.2","1007407","3","NoItem_idle","22","1007407183","1",""
"","0","","","1007407","93","","0.4","1007407184","",""
"0","mhp_handover_receive_out","0","0.2","1007407","3","mhp_idle_normal","102511","1007407185","1",""
"0","mhp_receive_suzume_out","0","0.2","1007407","3","NoItem_idle","11","1007407186","1",""
"0","mhp_item_EX0011_receive_out","0","0.2","1007407","3","NoItem_idle","12","1007407187","1",""
"","0","","","1007407","93","","2","1007407188","",""
"1","mhp_talk_joy2","","0.2","1007407","3","","102511","1007407189","0",""
"0","vo_mhp_2013","","","1007407","21","0","vo_mhp_1007407","1007407190","",""
"7","こ、こんなものがあるなんて……\nもっと早く着けたかったです！","0","0","1007407","11","1","102511","1007407191","0","0.5"
"","","","","1007407","91","","0","1007407192","",""
"1","mhp_idle_normal","","0.2","1007407","3","","102511","1007407193","0",""
"1","mhp_talk_normal","","0.2","1007407","3","","117531","1007407194","0",""
"0","vo_mhp_2014","","","1007407","21","0","vo_mhp_1007407","1007407195","",""
"5","それはあくまで補助器具よ\n一番大事なのはあなた自身の慎重さ\nそれを忘れないでちょうだい。","0","0","1007407","11","1","117531","1007407196","0","0.5"
"","","","","1007407","91","","0","1007407197","",""
"1","mhp_idle_normal","","0.2","1007407","3","","117531","1007407198","0",""
"1","mhp_talk_normal","","0.2","1007407","3","","102511","1007407199","0",""
"0","vo_mhp_2015","","","1007407","21","0","vo_mhp_1007407","1007407200","",""
"6","ありがとうございます先生！\n私、絶対にドジを克服してみせます！","0","","1007407","11","1","102511","1007407201","0","0.5"
"","","","","1007407","91","","0","1007407202","",""
"","0","","","1007407","22","","0","1007407203","",""
"1","mhp_walk","","0.2","1007407","3","","102511","1007407204","0",""
"","1","","","1007407","4","","102511","1007407205","",""
"-220","-1000","","","1007407","2","5","102511","1007407206","0",""
"","","","","1007407","93","","0.5","1007407207","",""
"2","6","0","0","1007407","12","","102511","1007407208","",""
"","0","","","1007407","93","","4","1007407209","",""
"1","mhp_sit_talk_normal","","0.2","1007407","3","","117631","1007407210","0",""
"0","vo_mhp_2016","","","1007407","21","0","vo_mhp_1007407","1007407211","",""
"8","先生、今のって本物？","0","0","1007407","11","1","117631","1007407212","0","0.5"
"","","","","1007407","91","","0","1007407213","",""
"1","mhp_sit_idle","","0.2","1007407","3","","117631","1007407214","0",""
"1","mhp_talk_thinking","","0.2","1007407","3","","117531","1007407215","0",""
"0","vo_mhp_2017","","","1007407","21","0","vo_mhp_1007407","1007407216","",""
"5","まさか。全部ありきたりな既製品よ\nこれでドジが治ると思い込ませるの。\nうまくいけば儲けものだけど\nどうなることかしらね……","0","","1007407","11","1","117531","1007407217","0","0.5"
"","","","","1007407","91","","0","1007407218","",""
"","0.5","","","1007407","22","","0","1007407219","",""
"","","","","1007407","91","","0","1007407220","",""
"100","102511","0","1.7","1007408","1","-1000","1","1007408001","-200","mhp_idle_normal"
"100","117531","1","1.7","1007408","1","185","1","1007408002","-220","mhp_sit_idle"
"100","117631","1","1.7","1007408","1","365","1","1007408003","-200","mhp_sit_idle"
"-240","1","","1","1007408","31","-154","1","1007408004","0.85",""
"-10","121","","0","1007408","31","-90","21","1007408005","0.85",""
"110","11","0","1.7","1007408","5","-200","1","1007408006","-220","NoItem"
"105","12","0","1.7","1007408","5","-200","1","1007408007","-220","NoItem"
"110","21","1","1.7","1007408","5","185","1","1007408008","-220","NoItem"
"105","22","1","1.7","1007408","5","185","1","1007408009","-220","NoItem"
"1","1","0","0","1007408","6","1","11","1007408010","0",""
"1","1","0","0","1007408","6","1","12","1007408011","0",""
"1","1","0","0","1007408","6","1","21","1007408012","0",""
"1","1","0","0","1007408","6","1","22","1007408013","0",""
"110","31","0","1.7","1007408","5","-1000","1","1007408014","-220","NoItem"
"","","","","1007408","91","","0","1007408015","",""
"1","mhp_sit_talk_normal","","0.2","1007408","3","","117531","1007408016","",""
"0","vo_mhp_2101","","","1007408","21","0","vo_mhp_1007408","1007408017","",""
"8","スズメさん、どうぞー","0","0","1007408","11","0","117531","1007408018","0","0.5"
"","","","","1007408","91","","0","1007408019","",""
"1","mhp_sit_idle","","0.2","1007408","3","","117531","1007408020","",""
"1","mhp_walk","","0.2","1007408","3","","102511","1007408021","",""
"-220","-200","","","1007408","2","4","102511","1007408022","0",""
"1","NoItem","","0.2","1007408","3","","31","1007408023","",""
"-220","-200","","","1007408","2","4","31","1007408024","0",""
"","","","","1007408","91","","0","1007408025","",""
"0","mhp_sit_in","0.2","0.2","1007408","3","mhp_sit_idle","102511","1007408026","1",""
"","0","","","1007408","93","","1","1007408027","",""
"1","mhp_sit_talk_normal","","0.2","1007408","3","","117531","1007408028","",""
"0","vo_mhp_2102","","","1007408","21","0","vo_mhp_1007408","1007408029","",""
"8","さて、あれからどうなったかしら？","0","0","1007408","11","1","117531","1007408030","0","0.5"
"","","","","1007408","91","","0","1007408031","",""
"1","mhp_sit_idle","","0.2","1007408","3","","117531","1007408032","",""
"1","mhp_sit_talk_wish","","0.2","1007408","3","","102511","1007408033","",""
"0","vo_mhp_2103","","","1007408","21","0","vo_mhp_1007408","1007408034","",""
"6","そ、それが……先生に診てもらってから\n少しずつ改善したんです！","0","0","1007408","11","1","102511","1007408035","0","0.5"
"","","","","1007408","91","","0","1007408036","",""
"1","mhp_sit_talk_joy2","","0.2","1007408","3","","102511","1007408037","",""
"0","vo_mhp_2104","","","1007408","21","0","vo_mhp_1007408","1007408038","",""
"6","一日に転ぶ回数が一回減りましたし\n昨日なんてお砂糖とお塩を\n間違えなかったんですよ！","0","0","1007408","11","1","102511","1007408039","0","0.5"
"","","","","1007408","91","","0","1007408040","",""
"1","mhp_sit_idle_joy2","","0.2","1007408","3","","102511","1007408041","",""
"1","mhp_sit_idle_sad","","0.2","1007408","3","","117631","1007408042","",""
"0","vo_mhp_2105","","","1007408","21","0","vo_mhp_1007408","1007408043","",""
"8","（それは改善したって言うのかな？）","0","0","1007408","11","1","117631","1007408044","0","0.5"
"","","","","1007408","91","","0","1007408045","",""
"1","mhp_sit_idle","","0.2","1007408","3","","117631","1007408046","",""
"1","mhp_sit_idle","","0.2","1007408","3","","102511","1007408047","",""
"1","mhp_sit_talk_normal","","0.2","1007408","3","","117531","1007408048","",""
"0","vo_mhp_2106","","","1007408","21","0","vo_mhp_1007408","1007408049","",""
"6","それはなによりだわ\nこの前は薬などで一旦様子を見たけど\n今日は具体的に治療していきましょう。","0","0","1007408","11","1","117531","1007408050","0","0.5"
"","","","","1007408","91","","0","1007408051","",""
"1","mhp_sit_idle","","0.2","1007408","3","","117531","1007408052","",""
"1","mhp_sit_talk_wish","","0.2","1007408","3","","102511","1007408053","",""
"0","vo_mhp_2107","","","1007408","21","0","vo_mhp_1007408","1007408054","",""
"6","ほ、本当に？\nそれじゃあ私のドジもこれで……","0","0","1007408","11","1","102511","1007408055","0","0.5"
"","","","","1007408","91","","0","1007408056","",""
"1","mhp_sit_idle","","0.2","1007408","3","","102511","1007408057","",""
"1","mhp_sit_talk_thinking","","0.2","1007408","3","","117531","1007408058","",""
"0","vo_mhp_2108","","","1007408","21","0","vo_mhp_1007408","1007408059","",""
"5","完治する、とは断言できないわ。\nなにしろ医学的にも極めて希少な\n症例だからね。でも、最善は尽くすわ。","0","0","1007408","11","1","117531","1007408060","0","0.5"
"","","","","1007408","91","","0","1007408061","",""
"0","vo_mhp_2109","","","1007408","21","0","vo_mhp_1007408","1007408062","",""
"8","それじゃあさっそく――","0","0","1007408","11","1","117531","1007408063","0","0.5"
"","","","","1007408","91","","0","1007408064","",""
"0","1007408068","","","1007408","103","","催眠療法を試してみましょう。","1007408065","",""
"0","1007408104","","","1007408","103","","しっかりと体調を調べてみましょう。","1007408066","",""
"0","1007408175","","","1007408","103","","ストレッチで体をほぐしましょう。","1007408067","",""
"1","mhp_sit_idle","","0.2","1007408","3","","117531","1007408068","",""
"1","mhp_sit_talk_wish","","0.2","1007408","3","","102511","1007408069","",""
"1","mhp_suzume_sit_talk_wish","","0.2","1007408","3","","31","1007408070","",""
"0","vo_mhp_2110","","","1007408","21","0","vo_mhp_1007408","1007408071","",""
"5","さ、催眠！　すごい本格的……！\nこれなら私もすぅ……ん……","0","0","1007408","11","1","102511","1007408072","0","0.5"
"","1","","","1007408","93","","4","1007408073","",""
"0","mhp_suzume_sleep_in","","0.3","1007408","3","","102511","1007408074","",""
"0","mhp_suzume_sleep_in","","0.3","1007408","3","","31","1007408075","",""
"","1","","","1007408","93","","2","1007408076","",""
"1","mhp_suzume_sleep_loop","","0.2","1007408","3","","102511","1007408077","",""
"1","mhp_suzume_sleep_loop","","0.2","1007408","3","","31","1007408078","",""
"","","","","1007408","91","","1007408072","1007408079","",""
"1","mhp_sit_talk_surprise2","","0.2","1007408","3","","117531","1007408080","",""
"0","vo_mhp_2111","","","1007408","21","0","vo_mhp_1007408","1007408081","",""
"5","スズメさん？　スズメさん！？\nまさか催眠にかける前に眠るなんて！\n……ダメ、完全に熟睡しているわ。","0","0","1007408","11","1","117531","1007408082","0","0.5"
"","1","","","1007408","93","","4","1007408083","",""
"1","mhp_sit_talk_sad","","0.2","1007408","3","","117531","1007408084","",""
"","","","","1007408","91","","1007408082","1007408085","",""
"1","mhp_sit_idle_sad","","0.2","1007408","3","","117531","1007408086","",""
"","0","","","1007408","93","","2","1007408087","",""
"0","mhp_suzume_sleep_out","","0.2","1007408","3","","102511","1007408088","",""
"","","","","1007408","93","","2","1007408089","",""
"1","mhp_sit_talk_sad2","","0.2","1007408","3","","102511","1007408090","0",""
"0","vo_mhp_2116","","","1007408","21","0","vo_mhp_1007408","1007408091","",""
"7","あの……先生？","0","","1007408","11","1","102511","1007408092","0","0.5"
"","","","","1007408","91","","0","1007408093","",""
"1","mhp_sit_idle_sad2","","0.2","1007408","3","","102511","1007408094","0",""
"1","mhp_sit_talk_bitter","","0.2","1007408","3","","117531","1007408095","0",""
"0","vo_mhp_2117","","","1007408","21","0","vo_mhp_1007408","1007408096","",""
"6","……今日の診察はここまでにしましょう\nまた後日来てちょうだい。","0","0","1007408","11","1","117531","1007408097","0","0.5"
"","","","","1007408","91","","0","1007408098","",""
"","0","","","1007408","22","","0","1007408099","",""
"1","mhp_sit_idle","","0.2","1007408","3","","117531","1007408100","0",""
"0","mhp_suzume_sit_out_sad2","","0.2","1007408","3","","102511","1007408101","0",""
"","","","","1007408","91","","0","1007408102","",""
"","","","","1007408","101","","1007408215","1007408103","",""
"0","mhp_sit_out","0","0.2","1007408","3","mhp_idle_normal","117531","1007408104","1",""
"","0","","","1007408","93","","0.6","1007408105","",""
"0","mhp_sit_out","0","0.2","1007408","3","mhp_idle_normal","102511","1007408106","1",""
"","0","","","1007408","93","","0.2","1007408107","",""
"1","mhp_walk","","0.2","1007408","3","","102511","1007408108","0",""
"-220","35","","","1007408","2","1.5","102511","1007408109","0",""
"-220","35","","","1007408","2","1.5","31","1007408110","0",""
"-220","35","","","1007408","2","1.5","11","1007408111","0",""
"-220","35","","","1007408","2","1.5","12","1007408112","0",""
"","0","","","1007408","93","","0.3","1007408113","",""
"0","mhp_handover_in","0","0.2","1007408","3","mhp_handover_loop","117531","1007408114","1",""
"1","1","0","0","1007408","6","1","21","1007408115","1",""
"1","1","0","0","1007408","6","1","22","1007408116","1",""
"0","mhp_handover_in","0","0.2","1007408","3","mhp_handover_loop","21","1007408117","1",""
"0","mhp_item_EX0016_handover_in","0","0.2","1007408","3","mhp_item_EX0016_handover_loop","22","1007408118","1",""
"","0","","","1007408","93","","1.2","1007408119","",""
"0","mhp_handover_receive_in","0","0.2","1007408","3","mhp_handover_receive_loop","102511","1007408120","1",""
"1","1","0","0","1007408","6","1","11","1007408121","1",""
"1","1","0","0","1007408","6","1","12","1007408122","1",""
"0","mhp_receive_suzume_in","0","0.2","1007408","3","mhp_receive_suzume_loop","11","1007408123","1",""
"0","mhp_item_EX0016_receive_in","0","0.2","1007408","3","mhp_item_EX0016_receive_loop","12","1007408124","1",""
"","0","","","1007408","93","","0.6","1007408125","",""
"1","1","0","0.4","1007408","6","1","22","1007408126","1",""
"","0","","","1007408","93","","0.4","1007408127","",""
"0","mhp_handover_out","0","0.2","1007408","3","mhp_idle_normal","117531","1007408128","1",""
"0","mhp_handover_out","0","0.2","1007408","3","NoItem_idle","21","1007408129","1",""
"0","mhp_item_EX0016_handover_out","0","0.2","1007408","3","NoItem_idle","22","1007408130","1",""
"","0","","","1007408","93","","0.4","1007408131","",""
"0","mhp_handover_receive_out","0","0.2","1007408","3","mhp_idle_normal","102511","1007408132","1",""
"0","mhp_receive_suzume_out","0","0.2","1007408","3","NoItem_idle","11","1007408133","1",""
"0","mhp_item_EX0016_receive_out","0","0.2","1007408","3","NoItem_idle","12","1007408134","1",""
"","0","","","1007408","93","","2","1007408135","",""
"1","mhp_talk_normal","","0.2","1007408","3","","117531","1007408136","",""
"0","vo_mhp_2112","","","1007408","21","0","vo_mhp_1007408","1007408137","",""
"7","メイドって結構激務だし、体が弱った\nせいで失敗してるのかもしれないわ\nまずは体温計で熱を測ってみて。","0","0","1007408","11","1","117531","1007408138","0","0.5"
"","","","","1007408","91","","0","1007408139","",""
"","0","","","1007408","22","","0","1007408140","",""
"1","mhp_idle_normal","","0.2","1007408","3","","117531","1007408141","",""
"0","mhp_suzume_explode_in","0.2","0.2","1007408","3","mhp_suzume_explode_loop","102511","1007408142","1",""
"0","mhp_suzume_explode_in","0.2","0.2","1007408","3","mhp_suzume_explode_loop","31","1007408143","1",""
"","0","","","1007408","93","","2","1007408144","",""
"","1","","","1007408","32","","121","1007408145","",""
"","se_10031400_explosion","","","1007408","23","","se_10031400","1007408146","",""
"","0","","","1007408","93","","1","1007408147","",""
"0","mhp_suzume_geho","","0.2","1007408","3","","102511","1007408148","",""
"0","NoItem","","0.2","1007408","3","","31","1007408149","",""
"0","mhp_mitsuki_geho","","0.2","1007408","3","","117531","1007408150","",""
"0","mhp_yuki_sit_geho","","0.2","1007408","3","","117631","1007408151","",""
"","","","","1007408","91","","0","1007408152","",""
"1","mhp_talk_surprise2","","0.2","1007408","3","","102511","1007408153","",""
"1","mhp_idle_bitter2","","0.2","1007408","3","","117531","1007408154","",""
"1","mhp_sit_idle_bitter2","","0.2","1007408","3","","117631","1007408155","",""
"0","vo_mhp_2113","","","1007408","21","0","vo_mhp_1007408","1007408156","",""
"6","ひゃあ！　ご、ごめんなさい……\n体温計が勝手に壊れちゃいました……","0","0","1007408","11","1","102511","1007408157","0","0.5"
"","","","","1007408","91","","0","1007408158","",""
"1","mhp_talk_sad2","","0.2","1007408","3","","102511","1007408159","0",""
"0","vo_mhp_2116","","","1007408","21","0","vo_mhp_1007408","1007408160","",""
"7","あの……先生？","0","","1007408","11","1","102511","1007408161","0","0.5"
"","","","","1007408","91","","0","1007408162","",""
"1","mhp_idle_sad2","","0.2","1007408","3","","102511","1007408163","0",""
"1","mhp_talk_bitter","","0.2","1007408","3","","117531","1007408164","0",""
"1","mhp_sit_idle","","0.2","1007408","3","","117631","1007408165","0",""
"0","vo_mhp_2117","","","1007408","21","0","vo_mhp_1007408","1007408166","",""
"6","……今日の診察はここまでにしましょう\nまた後日来てちょうだい。","0","0","1007408","11","1","117531","1007408167","0","0.5"
"","","","","1007408","91","","0","1007408168","",""
"","0","","","1007408","22","","0","1007408169","",""
"1","mhp_idle_normal","","0.2","1007408","3","","117531","1007408170","0",""
"","","","","1007408","93","","0.5","1007408171","",""
"2","17","0","0","1007408","12","","102511","1007408172","",""
"","","","","1007408","93","","0.5","1007408173","",""
"","","","","1007408","101","","1007408215","1007408174","",""
"1","mhp_sit_idle","","0.2","1007408","3","","117531","1007408175","",""
"0","mhp_sit_out","","0.2","1007408","3","","102511","1007408176","0",""
"","","","","1007408","91","","0","1007408177","",""
"0","mhp_suzume_stretch_in","","0.2","1007408","3","","102511","1007408178","",""
"0","vo_mhp_2114","","","1007408","21","0","vo_mhp_1007408","1007408179","",""
"5","いっちに、さんしあああ！\nか、体がこんがらがって……ひああ！","10","-30","1007408","11","1","102511","1007408180","0","0.5"
"","1","","","1007408","93","","2.1","1007408181","",""
"1","mhp_suzume_stretch_loop","","0.2","1007408","3","","102511","1007408182","",""
"","","","","1007408","93","","0.4","1007408183","",""
"","se_10031400_panic","","","1007408","23","","se_10031400","1007408184","",""
"","","","","1007408","93","","0.6","1007408185","",""
"0","mhp_suzume_stretch_out","","0.2","1007408","3","","102511","1007408186","",""
"","","","","1007408","91","","1007408180","1007408187","",""
"","","","","1007408","93","","0.4","1007408188","",""
"","0","","","1007408","22","","0","1007408189","",""
"","","","","1007408","93","","0.6","1007408190","",""
"1","mhp_sit_talk_worry","","0.2","1007408","3","","117531","1007408191","0",""
"0","vo_mhp_2115","","","1007408","21","0","vo_mhp_1007408","1007408192","",""
"7","な、何をすればこうなるというの？","0","30","1007408","11","1","117531","1007408193","0","0.5"
"","","","","1007408","91","","0","1007408194","",""
"0","mhp_suzume_fall_out","","0.2","1007408","3","","102511","1007408195","",""
"","","","","1007408","91","","0","1007408196","",""
"0","mhp_suzume_sit_in_sad","","0.2","1007408","3","","102511","1007408197","",""
"","","","","1007408","91","","0","1007408198","",""
"1","mhp_sit_idle_sad","","0.2","1007408","3","","117531","1007408199","0",""
"1","mhp_sit_talk_sad2","","0.2","1007408","3","","102511","1007408200","0",""
"0","vo_mhp_2116","","","1007408","21","0","vo_mhp_1007408","1007408201","",""
"7","あの……先生？","0","","1007408","11","1","102511","1007408202","0","0.5"
"","","","","1007408","91","","0","1007408203","",""
"1","mhp_sit_idle_sad2","","0.2","1007408","3","","102511","1007408204","0",""
"1","mhp_sit_talk_bitter","","0.2","1007408","3","","117531","1007408205","0",""
"0","vo_mhp_2117","","","1007408","21","0","vo_mhp_1007408","1007408206","",""
"6","……今日の診察はここまでにしましょう\nまた後日来てちょうだい。","0","0","1007408","11","1","117531","1007408207","0","0.5"
"","","","","1007408","91","","0","1007408208","",""
"","0","","","1007408","22","","0","1007408209","",""
"1","mhp_sit_idle","","0.2","1007408","3","","117531","1007408210","0",""
"0","mhp_suzume_sit_out_sad2","","0.2","1007408","3","","102511","1007408211","0",""
"","","","","1007408","93","","0.5","1007408212","",""
"2","17","0","0","1007408","12","","102511","1007408213","",""
"","","","","1007408","93","","0.5","1007408214","",""
"","","","","1007408","91","","0","1007408215","",""
"1","mhp_suzume_walk_sad","","0.2","1007408","3","","102511","1007408216","0",""
"","1","","","1007408","4","","102511","1007408217","",""
"-220","-1000","","","1007408","2","5","102511","1007408218","0",""
"","0","","","1007408","93","","4","1007408219","",""
"","","","","1007408","91","","0","1007408220","",""
"100","102511","0","1.7","1007409","1","-1000","1","1007409001","-200","mhp_idle_normal"
"100","117531","1","1.7","1007409","1","185","1","1007409002","-220","mhp_mitsuki_sit_idle_sad"
"100","117631","1","1.7","1007409","1","365","1","1007409003","-200","mhp_sit_idle"
"-240","1","","1","1007409","31","-154","1","1007409004","0.85",""
"0","110","","0","1007409","31","0","10","1007409005","1",""
"0","114","","0","1007409","31","0","14","1007409006","1",""
"0","122","","0","1007409","31","0","22","1007409007","1",""
"0","130","","0","1007409","31","0","30","1007409008","1",""
"110","11","0","1.7","1007409","5","-200","1","1007409009","-220","NoItem"
"105","12","0","1.7","1007409","5","-200","1","1007409010","-220","NoItem"
"110","21","1","1.7","1007409","5","185","1","1007409011","-220","NoItem"
"105","22","1","1.7","1007409","5","185","1","1007409012","-220","NoItem"
"1","1","0","0","1007409","6","1","11","1007409013","0",""
"1","1","0","0","1007409","6","1","12","1007409014","0",""
"1","1","0","0","1007409","6","1","21","1007409015","0",""
"1","1","0","0","1007409","6","1","22","1007409016","0",""
"","","","","1007409","91","","0","1007409017","",""
"1","mhp_mitsuki_sit_talk_sad","","0.2","1007409","3","","117531","1007409018","",""
"0","vo_mhp_2201","","","1007409","21","0","vo_mhp_1007409","1007409019","",""
"8","スズメさん、どうぞー","0","0","1007409","11","0","117531","1007409020","0","0.5"
"","","","","1007409","91","","0","1007409021","",""
"1","mhp_mitsuki_sit_idle_sad","","0.2","1007409","3","","117531","1007409022","",""
"1","mhp_walk_sad","","0.2","1007409","3","","102511","1007409023","",""
"-220","-200","","","1007409","2","4","102511","1007409024","0",""
"","","","","1007409","91","","0","1007409025","",""
"0","mhp_sit_in_sad","0.2","0.2","1007409","3","mhp_sit_talk_sad","102511","1007409026","1",""
"","","","","1007409","93","","1","1007409027","",""
"0","vo_mhp_2202","","","1007409","21","0","vo_mhp_1007409","1007409028","",""
"6","こ、こんにちは……\nひっ、ミ、ミツキ先生、\nなんだか雰囲気が……","0","0","1007409","11","1","102511","1007409029","0","0.5"
"","","","","1007409","91","","0","1007409030","",""
"1","mhp_sit_idle_sad","","0.2","1007409","3","","102511","1007409031","",""
"1","mhp_sit_talk_sad","","0.2","1007409","3","","117531","1007409032","",""
"0","vo_mhp_2203","","","1007409","21","0","vo_mhp_1007409","1007409033","",""
"6","当然よ。考えうるあらゆる手を\n尽くしたけど、\nあなたのドジは治せなかった……","0","0","1007409","11","1","117531","1007409034","0","0.5"
"","","","","1007409","91","","0","1007409035","",""
"1","mhp_sit_talk_wish","","0.2","1007409","3","","117531","1007409036","",""
"0","vo_mhp_2204","","","1007409","21","0","vo_mhp_1007409","1007409037","",""
"6","だから、私は最終手段を使うわ。","0","0","1007409","11","1","117531","1007409038","0","0.5"
"","","","","1007409","91","","0","1007409039","",""
"1","mhp_sit_idle_wish","","0.2","1007409","3","","117531","1007409040","",""
"1","mhp_sit_talk_sad","","0.2","1007409","3","","102511","1007409041","",""
"0","vo_mhp_2205","","","1007409","21","0","vo_mhp_1007409","1007409042","",""
"7","さ、最終手段……？","0","0","1007409","11","1","102511","1007409043","0","0.5"
"","","","","1007409","91","","0","1007409044","",""
"1","mhp_sit_idle_sad","","0.2","1007409","3","","102511","1007409045","",""
"0","mhp_sit_talk_guts","","0.2","1007409","3","","117531","1007409046","",""
"0","vo_mhp_2206","","","1007409","21","0","vo_mhp_1007409","1007409047","",""
"6","そう、これは医者と患者……\nいいえ、私とスズメさんの\nプライドを賭けた戦いなの。","0","0","1007409","11","1","117531","1007409048","0","0.5"
"","0","","","1007409","93","","1","1007409049","",""
"1","mhp_sit_idle_guts","","0.2","1007409","3","","117531","1007409050","",""
"","1","","","1007409","93","","4.5","1007409051","",""
"","","","","1007409","91","","1007409048","1007409052","",""
"1","mhp_sit_talk_sad","","0.2","1007409","3","","117631","1007409053","",""
"0","vo_mhp_2207","","","1007409","21","0","vo_mhp_1007409","1007409054","",""
"8","そんなにシリアスになる話かな、これ？","0","0","1007409","11","1","117631","1007409055","0","0.5"
"","","","","1007409","91","","0","1007409056","",""
"1","mhp_sit_idle","","0.2","1007409","3","","117631","1007409057","",""
"1","mhp_sit_talk_joy1","","0.2","1007409","3","","117531","1007409058","",""
"0","vo_mhp_2208","","","1007409","21","0","vo_mhp_1007409","1007409059","",""
"6","さあ、いまこそこの目を解放するわ！\n覚悟しなさい！","0","0","1007409","11","1","117531","1007409060","0","0.5"
"","","","","1007409","91","","0","1007409061","",""
"0","mhp_mitsuki_sit_kaihou_in","0.2","0.2","1007409","3","mhp_mitsuki_sit_kaihou_loop","117531","1007409062","1",""
"","0","","","1007409","93","","1.5","1007409063","",""
"","1","","1","1007409","32","","122","1007409064","1",""
"","se_10031400_flash","","","1007409","23","","se_10031400","1007409065","",""
"","0","","","1007409","93","","0.5","1007409066","",""
"1","mhp_sit_talk_thinking","","0.2","1007409","3","","117531","1007409067","",""
"1","mhp_sit_talk_surprise2","","0.2","1007409","3","","102511","1007409068","",""
"","0","","","1007409","93","","1.5","1007409069","",""
"0","vo_mhp_2209","","","1007409","21","0","vo_mhp_1007409","1007409070","",""
"4","きゃあ！\nど、どうでした、か……","0","0","1007409","11","1","102511","1007409071","0","0.5"
"","","","","1007409","91","","0","1007409072","",""
"1","mhp_sit_idle_sad","","0.2","1007409","3","","102511","1007409073","",""
"1","mhp_sit_talk_thinking","","0.2","1007409","3","","117531","1007409074","",""
"0","vo_mhp_2210","","","1007409","21","0","vo_mhp_1007409","1007409075","",""
"4","ふ、ふふ……この目であなたの全てを\n見通したわ。でも、体は極めて健康で\n身体能力に異常もない。\n全くドジの原因が分からないわ……","0","0","1007409","11","1","117531","1007409076","0","0.5"
"","","","","1007409","91","","0","1007409077","",""
"1","mhp_sit_talk_sad2","","0.2","1007409","3","","117531","1007409078","",""
"0","vo_mhp_2211","","","1007409","21","0","vo_mhp_1007409","1007409079","",""
"5","これ以上は医学が踏み込めない\n禁忌の領域だわ。\n悔しいけど、お手上げね……","0","0","1007409","11","1","117531","1007409080","0","0.5"
"","","","","1007409","91","","0","1007409081","",""
"1","mhp_sit_talk_worry","","0.2","1007409","3","","117531","1007409082","",""
"0","vo_mhp_2212","","","1007409","21","0","vo_mhp_1007409","1007409083","",""
"6","辛いと思うけど、ドジという業と\nしっかり向き合い、強く生きてね。","0","0","1007409","11","1","117531","1007409084","0","0.5"
"","","","","1007409","91","","0","1007409085","",""
"0","mhp_suzume_tohoho_in","0.2","0.2","1007409","3","mhp_suzume_tohoho_loop","102511","1007409086","1",""
"","0","","","1007409","93","","1","1007409087","",""
"","1","","","1007409","32","","110","1007409088","1",""
"-100","-205","","","1007409","33","0","110","1007409089","1",""
"-100","-205","","","1007409","33","0","114","1007409090","1",""
"","0","","","1007409","93","","0.8","1007409091","",""
"0","vo_mhp_2213","","","1007409","21","0","vo_mhp_1007409","1007409092","",""
"","10001","","","1007409","13","","102511","1007409093","",""
"4","えぇ～、そんな～！","0","0","1007409","11","1","102511","1007409094","0","0.5"
"","","","","1007409","91","","0","1007409095","",""
"","0","","","1007409","22","","0","1007409096","",""
"","0","","","1007409","93","","0.2","1007409097","",""
"","1","","","1007409","32","","114","1007409098","1",""
"","0","","","1007409","93","","1","1007409099","",""
"","1","","","1007409","32","","130","1007409100","",""
"","0","","","1007409","93","","4","1007409101","",""
"","0","","","1007409","32","","130","1007409102","",""
"100","104431","0","1.7","1007410","1","-1000","1","1007410001","-240","mhp_idle_normal"
"100","117631","1","1.7","1007410","1","365","1","1007410002","-200","mhp_sit_idle"
"100","117531","1","1.7","1007410","1","185","1","1007410003","-220","mhp_sit_idle"
"-240","1","","1","1007410","31","-154","1","1007410004","0.85",""
"110","11","0","1.7","1007410","5","-200","1","1007410005","-220","NoItem"
"105","12","0","1.7","1007410","5","-200","1","1007410006","-220","NoItem"
"110","21","1","1.7","1007410","5","185","1","1007410007","-220","NoItem"
"105","22","1","1.7","1007410","5","185","1","1007410008","-220","NoItem"
"1","1","0","0","1007410","6","1","11","1007410009","0",""
"1","1","0","0","1007410","6","1","12","1007410010","0",""
"1","1","0","0","1007410","6","1","21","1007410011","0",""
"1","1","0","0","1007410","6","1","22","1007410012","0",""
"","","","","1007410","91","","0","1007410013","",""
"1","mhp_sit_talk_normal","","0.2","1007410","3","","117531","1007410014","",""
"0","vo_mhp_5001","","","1007410","21","0","vo_mhp_1007410","1007410015","",""
"8","次の方どうぞー","0","0","1007410","11","0","117531","1007410016","0","0.5"
"","","","","1007410","91","","0","1007410017","",""
"1","mhp_sit_idle","","0.2","1007410","3","","117531","1007410018","",""
"1","mhp_walk","","0.2","1007410","3","","104431","1007410019","",""
"-220","-200","","","1007410","2","4","104431","1007410020","0",""
"","","","","1007410","91","","0","1007410021","",""
"0","mhp_sit_in","","0.2","1007410","3","","104431","1007410022","",""
"","","","","1007410","91","","0","1007410023","",""
"1","mhp_sit_idle","","0.2","1007410","3","","104431","1007410024","",""
"","0","","","1007410","93","","1","1007410025","",""
"1","mhp_sit_talk_normal","","0.2","1007410","3","","117531","1007410026","",""
"0","vo_mhp_5002","","","1007410","21","0","vo_mhp_1007410","1007410027","",""
"6","あら、これはまた\n只者じゃない人が来たわね。","0","0","1007410","11","1","117531","1007410028","0","0.5"
"","","","","1007410","91","","0","1007410029","",""
"1","mhp_sit_idle","","0.2","1007410","3","","117531","1007410030","",""
"0","mhp_ilya_doya_in","0","0.2","1007410","3","mhp_ilya_doya_talk_loop","104431","1007410031","1",""
"0","vo_mhp_5003","","","1007410","21","0","vo_mhp_1007410","1007410032","",""
"4","ほう、分かるか？　いかにも！\n我が名はイリヤ・オーンスタイン\n夜を総べる者であるぞ！","0","0","1007410","11","1","104431","1007410033","0","1.5"
"","","","","1007410","91","","0","1007410034","",""
"1","mhp_ilya_doya_loop","","0.2","1007410","3","","104431","1007410035","",""
"1","mhp_sit_talk_wish","","0.2","1007410","3","","117531","1007410036","",""
"0","vo_mhp_5004","","","1007410","21","0","vo_mhp_1007410","1007410037","",""
"5","ふーん、伝説の吸血鬼が復活したって\n噂では聞いたけど、もしかして\nあなたがそうなのかしら。","0","0","1007410","11","1","117531","1007410038","0","0.5"
"","","","","1007410","91","","0","1007410039","",""
"1","mhp_sit_idle_memory","","0.2","1007410","3","","117531","1007410040","",""
"1","mhp_sit_talk_normal","","0.2","1007410","3","","104431","1007410041","",""
"0","vo_mhp_5005","","","1007410","21","0","vo_mhp_1007410","1007410042","",""
"5","さすが名医、理解が早くて助かる……\nって、ど、どうした？　なんだか\n興奮しておるようじゃが……","0","0","1007410","11","1","104431","1007410043","0","0.5"
"","1","","","1007410","93","","5","1007410044","",""
"1","mhp_sit_talk_sad","","0.2","1007410","3","","104431","1007410045","",""
"","","","","1007410","91","","1007410043","1007410046","",""
"1","mhp_sit_idle_sad","","0.2","1007410","3","","104431","1007410047","",""
"1","mhp_mitsuki_sit_ecstatic_talk","","0.2","1007410","3","","117531","1007410048","",""
"0","vo_mhp_5006","","","1007410","21","0","vo_mhp_1007410","1007410049","",""
"5","当然よ。だって伝説の吸血鬼でしょ？\nこんな魅力的な研究対象を前にすれば\n誰だって興奮するわ。だから――","0","0","1007410","11","1","117531","1007410050","0","0.5"
"","","","","1007410","91","","0","1007410051","",""
"0","1007410055","","","1007410","103","","その体、解剖させてくれない？","1007410052","",""
"0","1007410066","","","1007410","103","","私の血を吸ってみる？","1007410053","",""
"0","1007410072","","","1007410","103","","私の目、使っちゃおうかしら？","1007410054","",""
"1","mhp_mitsuki_sit_ecstatic_idle","","0.2","1007410","3","","117531","1007410055","",""
"1","mhp_sit_talk_surprise2","","0.2","1007410","3","","104431","1007410056","",""
"0","vo_mhp_5007","","","1007410","21","0","vo_mhp_1007410","1007410057","",""
"6","怖い怖い！　急に何を言い出すんじゃ！\nいいわけないじゃろ！","0","0","1007410","11","1","104431","1007410058","0","0.5"
"","","","","1007410","91","","0","1007410059","",""
"1","mhp_sit_idle_surprise2","","0.2","1007410","3","","104431","1007410060","",""
"1","mhp_mitsuki_sit_ecstatic_talk","","0.2","1007410","3","","117531","1007410061","",""
"0","vo_mhp_5008","","","1007410","21","0","vo_mhp_1007410","1007410062","",""
"6","そこをなんとか。安心して？\n切られたことも気付かないうちに\n終わらせるから？","0","0","1007410","11","1","117531","1007410063","0","0.5"
"","","","","1007410","91","","0","1007410064","",""
"","","","","1007410","101","","1007410081","1007410065","",""
"1","mhp_mitsuki_sit_ecstatic_idle","","0.2","1007410","3","","117531","1007410066","",""
"1","mhp_sit_talk_sad","","0.2","1007410","3","","104431","1007410067","",""
"0","vo_mhp_5009","","","1007410","21","0","vo_mhp_1007410","1007410068","",""
"5","え、う、ううん……なんじゃろうか。\nありがたい申し出のはずなのに\n何か取り返しがつかなさそうだから\n遠慮させてもらおう……","0","0","1007410","11","1","104431","1007410069","0","0.5"
"","","","","1007410","91","","0","1007410070","",""
"","","","","1007410","101","","1007410081","1007410071","",""
"0","mhp_mitsuki_sit_kaihou_in","0","0.2","1007410","3","mhp_mitsuki_sit_kaihou_loop","117531","1007410072","1",""
"1","mhp_sit_talk_worry","","0.2","1007410","3","","104431","1007410073","",""
"0","vo_mhp_5010","","","1007410","21","0","vo_mhp_1007410","1007410074","",""
"5","ん？　お、お主何をするつもりじゃ？\nおそらくその眼帯\nあまり取っていいものではなかろう？","0","0","1007410","11","1","104431","1007410075","0","0.5"
"","","","","1007410","91","","0","1007410076","",""
"1","mhp_sit_idle_sad","","0.2","1007410","3","","104431","1007410077","",""
"1","mhp_sit_talk_joy1","","0.2","1007410","3","","117531","1007410078","",""
"0","vo_mhp_5011","","","1007410","21","0","vo_mhp_1007410","1007410079","",""
"6","そうね。でも、あなたになら特別に\n見せてあげてもいいかなって\n思ったのよ♪","0","0","1007410","11","1","117531","1007410080","0","0.5"
"","","","","1007410","91","","0","1007410081","",""
"","0.5","","","1007410","22","","0","1007410082","",""
"1","mhp_mitsuki_sit_ecstatic_idle","","0.2","1007410","3","","117531","1007410083","",""
"0","mhp_sit_out_sad","0.2","0.2","1007410","3","mhp_talk_anger2","104431","1007410084","1",""
"","1","","","1007410","93","","1","1007410085","",""
"0","vo_mhp_5012","","","1007410","21","0","vo_mhp_1007410","1007410086","",""
"6","こ、こんな危険なところにいられるか！\n退散、退散じゃ！","0","0","1007410","11","1","104431","1007410087","0","0.5"
"","1","","","1007410","93","","0.5","1007410088","",""
"","","","","1007410","91","","1007410087","1007410089","",""
"","1","","","1007410","4","","104431","1007410090","",""
"2","1","0","0","1007410","12","","104431","1007410091","",""
"1","mhp_run_sad","","0.2","1007410","3","","104431","1007410092","",""
"-220","-1000","","","1007410","2","2","104431","1007410093","0",""
"","0","","","1007410","93","","0.2","1007410094","",""
"0","mhp_sit_wavehand","0.2","0.2","1007410","3","mhp_sit_talk_normal","117531","1007410095","1",""
"0","vo_mhp_5013","","","1007410","21","0","vo_mhp_1007410","1007410096","",""
"6","そう、残念だわ。また来てね♪","0","0","1007410","11","1","117531","1007410097","0","0.5"
"","","","","1007410","91","","0","1007410098","",""
"","0.5","","","1007410","22","","0","1007410099","",""
"1","mhp_sit_idle","","0.2","1007410","3","","117531","1007410100","",""
"","0","","","1007410","93","","1.8","1007410101","",""
"","","","","1007410","91","","0","1007410102","",""
"100","104431","0","1.7","1007411","1","-1000","1","1007411001","-240","mhp_idle_normal"
"100","117631","1","1.7","1007411","1","365","1","1007411002","-200","mhp_sit_idle"
"120","117531","1","1.7","1007411","1","185","1","1007411003","-220","mhp_sit_idle"
"-240","1","","1","1007411","31","-154","1","1007411004","0.85",""
"110","11","1","1.7","1007411","5","365","1","1007411005","-200","NoItem"
"1","1","0","0","1007411","6","1","11","1007411006","1",""
"","","","","1007411","91","","0","1007411007","",""
"1","mhp_sit_talk_normal","","0.2","1007411","3","","117531","1007411008","",""
"0","vo_mhp_5101","","","1007411","21","0","vo_mhp_1007411","1007411009","",""
"8","イリヤさん、どうぞー","0","0","1007411","11","0","117531","1007411010","0","0.5"
"","","","","1007411","91","","0","1007411011","",""
"1","mhp_sit_idle","","0.2","1007411","3","","117531","1007411012","",""
"1","mhp_walk","","0.2","1007411","3","","104431","1007411013","",""
"-220","-200","","","1007411","2","4","104431","1007411014","0",""
"","","","","1007411","91","","0","1007411015","",""
"0","mhp_sit_in_sad","","0.2","1007411","3","","104431","1007411016","",""
"","","","","1007411","91","","0","1007411017","",""
"1","mhp_sit_idle_sad","","0.2","1007411","3","","104431","1007411018","",""
"","0","","","1007411","93","","1","1007411019","",""
"1","mhp_sit_talk_worry","","0.2","1007411","3","","104431","1007411020","",""
"0","vo_mhp_5102","","","1007411","21","0","vo_mhp_1007411","1007411021","",""
"5","……気は進まんかったが\n目的達成のため背に腹は代えられん。\n頼む、この姿を保つために\n協力をしてくれんか？","0","0","1007411","11","1","104431","1007411022","0","0.5"
"","","","","1007411","91","","0","1007411023","",""
"1","mhp_sit_idle_sad","","0.2","1007411","3","","104431","1007411024","",""
"1","mhp_sit_talk_normal","","0.2","1007411","3","","117631","1007411025","",""
"0","vo_mhp_5103","","","1007411","21","0","vo_mhp_1007411","1007411026","",""
"7","なんだか別の姿が\nあるみたいな言い方だね？","0","0","1007411","11","1","117631","1007411027","0","0.5"
"","","","","1007411","91","","0","1007411028","",""
"1","mhp_sit_idle","","0.2","1007411","3","","117631","1007411029","",""
"1","mhp_sit_talk_sad","","0.2","1007411","3","","104431","1007411030","",""
"0","vo_mhp_5104","","","1007411","21","0","vo_mhp_1007411","1007411031","",""
"5","実は魔力不足で子どもの姿に\nなってしまうのじゃ。\n今は相当無理しているが、とある条件下\nでなら本来の姿を保てるのだが……","0","0","1007411","11","1","104431","1007411032","0","1"
"","","","","1007411","91","","0","1007411033","",""
"1","mhp_sit_idle_sad","","0.2","1007411","3","","104431","1007411034","",""
"1","mhp_sit_talk_normal","","0.2","1007411","3","","117531","1007411035","",""
"0","vo_mhp_5105","","","1007411","21","0","vo_mhp_1007411","1007411036","",""
"6","そういうことなのね\nちなみにその条件というのは\nどういうものなのかしら？","0","0","1007411","11","1","117531","1007411037","0","0.5"
"","","","","1007411","91","","0","1007411038","",""
"1","mhp_sit_idle","","0.2","1007411","3","","117531","1007411039","",""
"1","mhp_sit_talk_wish","","0.2","1007411","3","","104431","1007411040","",""
"0","vo_mhp_5106","","","1007411","21","0","vo_mhp_1007411","1007411041","",""
"6","とある者がそばにいることじゃ。\nだからあやつがずっとわらわの側に\nおれば手っ取り早いのじゃが……","0","0","1007411","11","1","104431","1007411042","0","0.5"
"","","","","1007411","91","","0","1007411043","",""
"1","mhp_sit_talk_worry","","0.2","1007411","3","","104431","1007411044","",""
"0","vo_mhp_5107","","","1007411","21","0","vo_mhp_1007411","1007411045","",""
"6","わらわに遠慮しておるのか……\nとにかく、なかなか\nわらわの魅力が届かんのじゃ。","0","0","1007411","11","1","104431","1007411046","0","0.5"
"","","","","1007411","91","","0","1007411047","",""
"1","mhp_sit_idle_sad","","0.2","1007411","3","","104431","1007411048","",""
"1","mhp_sit_talk_thinking","","0.2","1007411","3","","117631","1007411049","",""
"0","vo_mhp_5108","","","1007411","21","0","vo_mhp_1007411","1007411050","",""
"5","うーん、ボクほどじゃないにしても\n十分魅力的だと思うけど……\nそれなら――","0","0","1007411","11","1","117631","1007411051","0","0.5"
"","1","","","1007411","93","","7.5","1007411052","",""
"1","mhp_sit_idle_thinking","","0.2","1007411","3","","117631","1007411053","",""
"","","","","1007411","91","","1007411051","1007411054","",""
"","0","","","1007411","22","","0","1007411055","",""
"0","1007411059","","","1007411","103","","かわいさで魅了しちゃおう！","1007411056","",""
"0","1007411076","","","1007411","103","","美しさで迫ろう！","1007411057","",""
"0","1007411093","","","1007411","103","","ボクがプロデュースしてあげるよ！","1007411058","",""
"1","mhp_sit_idle_memory","","0.2","1007411","3","","117631","1007411059","",""
"1","mhp_sit_talk_anger2","","0.2","1007411","3","","104431","1007411060","",""
"0","vo_mhp_5109","","","1007411","21","0","vo_mhp_1007411","1007411061","",""
"6","か、かわいい、じゃと？\nや、やめんかそういうのは。\n恥ずかしい、じゃろ……","0","0","1007411","11","1","104431","1007411062","0","0.5"
"","","","","1007411","91","","0","1007411063","",""
"1","mhp_sit_idle_anger2","","0.2","1007411","3","","104431","1007411064","",""
"0","mhp_sit_out","0.2","0.2","1007411","3","mhp_idle_normal","117631","1007411065","1",""
"","","","","1007411","93","","1","1007411066","",""
"0","mhp_yuki_pose","0.2","0.2","1007411","3","mhp_yuki_idle","117631","1007411067","1",""
"0","mhp_yuki_pose","0.2","0.2","1007411","3","mhp_yuki_idle","11","1007411068","1",""
"0","vo_mhp_5110","","","1007411","21","0","vo_mhp_1007411","1007411069","",""
"5","何言ってるのさ\nそこが最高の武器になるんだよ！\nもし自信がないならボクに任せてよ？","10","0","1007411","11","1","117631","1007411070","0","0.5"
"","1","","","1007411","93","","6.5","1007411071","",""
"0","mhp_yuki_pose_2","0.2","0.2","1007411","3","mhp_yuki_idle_2","117631","1007411072","1",""
"0","mhp_yuki_pose_2","0.2","0.2","1007411","3","mhp_yuki_idle_2","11","1007411073","1",""
"","","","","1007411","91","","1007411070","1007411074","",""
"","","","","1007411","101","","1007411109","1007411075","",""
"1","mhp_sit_idle_memory","","0.2","1007411","3","","117631","1007411076","",""
"1","mhp_sit_talk_thinking","","0.2","1007411","3","","104431","1007411077","",""
"0","vo_mhp_5111","","","1007411","21","0","vo_mhp_1007411","1007411078","",""
"5","美しさな。悪い手ではないが\nあやつは外見で人を判断するヤツでは\nないからのう……\nそこがいいところでもあるのじゃが。","0","0","1007411","11","1","104431","1007411079","0","0.5"
"","","","","1007411","91","","0","1007411080","",""
"1","mhp_sit_idle_thinking","","0.2","1007411","3","","104431","1007411081","",""
"0","mhp_sit_out","0.2","0.2","1007411","3","mhp_idle_normal","117631","1007411082","1",""
"","","","","1007411","93","","1","1007411083","",""
"0","mhp_yuki_pose","0.2","0.2","1007411","3","mhp_yuki_idle","117631","1007411084","1",""
"0","mhp_yuki_pose","0.2","0.2","1007411","3","mhp_yuki_idle","11","1007411085","1",""
"0","vo_mhp_5112","","","1007411","21","0","vo_mhp_1007411","1007411086","",""
"5","安心して、美の化身たるボクにかかれば\nどんな人間だって虜にできるよ。\nさあ、ボクと一緒に\n美の高みを目指そうね♪","0","0","1007411","11","1","117631","1007411087","0","0.5"
"","1","","","1007411","93","","7","1007411088","",""
"0","mhp_yuki_pose_2","0.2","0.2","1007411","3","mhp_yuki_idle_2","117631","1007411089","1",""
"0","mhp_yuki_pose_2","0.2","0.2","1007411","3","mhp_yuki_idle_2","11","1007411090","1",""
"","","","","1007411","91","","1007411087","1007411091","",""
"","","","","1007411","101","","1007411109","1007411092","",""
"1","mhp_sit_idle_memory","","0.2","1007411","3","","117631","1007411093","",""
"1","mhp_sit_talk_anger2","","0.2","1007411","3","","104431","1007411094","",""
"0","vo_mhp_5113","","","1007411","21","0","vo_mhp_1007411","1007411095","",""
"5","か、看護師が何を言っとるんじゃ？\nいや、そもそもお主本当に看護師か？\nわらわが言うのもなんだが\n色々怪しいぞ！","0","0","1007411","11","1","104431","1007411096","0","0.5"
"","","","","1007411","91","","0","1007411097","",""
"1","mhp_sit_idle_anger2","","0.2","1007411","3","","104431","1007411098","",""
"0","mhp_sit_out","0.2","0.2","1007411","3","mhp_idle_normal","117631","1007411099","1",""
"","","","","1007411","93","","1","1007411100","",""
"0","mhp_yuki_pose","0.2","0.2","1007411","3","mhp_yuki_idle","117631","1007411101","1",""
"0","mhp_yuki_pose","0.2","0.2","1007411","3","mhp_yuki_idle","11","1007411102","1",""
"0","vo_mhp_5114","","","1007411","21","0","vo_mhp_1007411","1007411103","",""
"5","大丈夫大丈夫、ぜーんぶボクに\n任せてくれれば問題なしだよ\nこれはボクの腕の見せ所だね♪","0","0","1007411","11","1","117631","1007411104","0","0.5"
"","1","","","1007411","93","","3.5","1007411105","",""
"0","mhp_yuki_pose_2","0.2","0.2","1007411","3","mhp_yuki_idle_2","117631","1007411106","1",""
"0","mhp_yuki_pose_2","0.2","0.2","1007411","3","mhp_yuki_idle_2","11","1007411107","1",""
"","","","","1007411","91","","1007411104","1007411108","",""
"","","","","1007411","91","","0","1007411109","",""
"0","mhp_sit_in","0.2","0","1007411","3","mhp_sit_idle","117631","1007411110","1",""
"1","NoItem","","0","1007411","3","","11","1007411111","",""
"1","mhp_sit_talk_worry","","0.2","1007411","3","","104431","1007411112","",""
"0","vo_mhp_5115","","","1007411","21","0","vo_mhp_1007411","1007411113","",""
"6","お、おい、お主こやつの主であろう。\n任せて大丈夫なのか？","0","0","1007411","11","1","104431","1007411114","0","0.5"
"","","","","1007411","91","","0","1007411115","",""
"1","mhp_sit_idle_sad","","0.2","1007411","3","","104431","1007411116","",""
"1","mhp_sit_talk_normal","","0.2","1007411","3","","117531","1007411117","",""
"0","vo_mhp_5116","","","1007411","21","0","vo_mhp_1007411","1007411118","",""
"6","この手のことに関しては私より\nユキの方が適任よ。\n私じゃあまり力になれそうにないから\n任せてみるのもアリかもね♪","0","","1007411","11","1","117531","1007411119","0","0.5"
"","","","","1007411","91","","0","1007411120","",""
"","0.5","","","1007411","22","","0","1007411121","",""
"","","","","1007411","93","","0.5","1007411122","",""
"1","mhp_sit_idle","","0.2","1007411","3","","117531","1007411123","",""
"0","mhp_sit_out_sad","0.2","0.2","1007411","3","mhp_idle_sad","104431","1007411124","1",""
"","","","","1007411","93","","0.5","1007411125","",""
"2","1","0","0","1007411","12","","104431","1007411126","",""
"","","","","1007411","93","","0.5","1007411127","",""
"1","mhp_walk_sad","","0.2","1007411","3","","104431","1007411128","",""
"","1","","","1007411","4","","104431","1007411129","",""
"-220","-1000","","","1007411","2","5","104431","1007411130","0",""
"","0","","","1007411","93","","4.1","1007411131","",""
"","0","","","1007411","91","","0","1007411132","",""
"100","104431","0","1.7","1007412","1","-1000","1","1007412001","-240","mhp_idle_normal"
"104","117631","1","1.7","1007412","1","185","1","1007412002","-220","mhp_sit_idle"
"100","117531","1","1.7","1007412","1","365","1","1007412003","-200","mhp_sit_idle"
"-240","1","","1","1007412","31","-154","1","1007412004","0.85",""
"173","120","","0","1007412","31","-237","24","1007412005","1",""
"0","130","","0","1007412","31","160","30","1007412006","1",""
"0","111","","0","1007412","31","0","11","1007412007","1",""
"110","11","0","1.7","1007412","5","-200","1","1007412008","-220","NoItem"
"105","12","0","1.7","1007412","5","-200","1","1007412009","-220","NoItem"
"110","21","1","1.7","1007412","5","185","1","1007412010","-220","NoItem"
"105","22","1","1.7","1007412","5","185","1","1007412011","-220","NoItem"
"1","1","0","0","1007412","6","1","11","1007412012","1",""
"1","1","0","0","1007412","6","1","12","1007412013","0",""
"1","1","0","0","1007412","6","1","21","1007412014","0",""
"1","1","0","0","1007412","6","1","22","1007412015","0",""
"","0","","","1007412","91","","0","1007412016","",""
"1","mhp_sit_talk_normal","","0.2","1007412","3","","117531","1007412017","",""
"0","vo_mhp_5201","","","1007412","21","0","vo_mhp_1007412","1007412018","",""
"8","イリヤさん、どうぞー","0","0","1007412","11","0","117531","1007412019","0","0.5"
"","","","","1007412","91","","0","1007412020","",""
"1","mhp_sit_idle","","0.2","1007412","3","","117531","1007412021","",""
"1","mhp_walk","","0.2","1007412","3","","104431","1007412022","",""
"-220","-200","","","1007412","2","4","104431","1007412023","0",""
"","","","","1007412","91","","0","1007412024","",""
"0","mhp_sit_in","","0.2","1007412","3","","104431","1007412025","",""
"","","","","1007412","91","","0","1007412026","",""
"1","mhp_sit_idle","","0.2","1007412","3","","104431","1007412027","",""
"","0","","","1007412","93","","1","1007412028","",""
"1","mhp_sit_talk_wish2","","0.2","1007412","3","","104431","1007412029","",""
"0","vo_mhp_5202","","","1007412","21","0","vo_mhp_1007412","1007412030","",""
"6","う、うむ。今日もよろしく頼むぞ。","0","0","1007412","11","1","104431","1007412031","0","0.5"
"","","","","1007412","91","","0","1007412032","",""
"1","mhp_sit_idle","","0.2","1007412","3","","104431","1007412033","",""
"1","mhp_sit_talk_normal","","0.2","1007412","3","","117631","1007412034","",""
"0","vo_mhp_5203","","","1007412","21","0","vo_mhp_1007412","1007412035","",""
"5","それじゃあさっそく始めようか。\nまずは煽情的に迫ってみて！","0","0","1007412","11","1","117631","1007412036","0","0.5"
"","","","","1007412","91","","0","1007412037","",""
"1","mhp_sit_idle","","0.2","1007412","3","","117631","1007412038","",""
"0","mhp_ilya_approach_in","0","0.2","1007412","3","mhp_ilya_approach_loop","104431","1007412039","1",""
"0","NoItem","0","0.2","1007412","3","mhp_ilya_approach_loop","11","1007412040","1",""
"0","vo_mhp_5204","","","1007412","21","0","vo_mhp_1007412","1007412041","",""
"5","ふふ、緊張しておるのか？\n愛いヤツじゃのう……","0","0","1007412","11","1","104431","1007412042","0","1"
"","","","","1007412","91","","0","1007412043","",""
"1","mhp_sit_talk_joy1","","0.2","1007412","3","","117631","1007412044","",""
"0","vo_mhp_5205","","","1007412","21","0","vo_mhp_1007412","1007412045","",""
"6","いいよいいよイリヤさん♪\n今度は上目遣いちょうだい！","0","0","1007412","11","1","117631","1007412046","0","0.5"
"","","","","1007412","91","","0","1007412047","",""
"1","mhp_sit_idle_joy1","","0.2","1007412","3","","117631","1007412048","",""
"0","mhp_ilya_uwame_in","0","0.2","1007412","3","mhp_ilya_uwame_loop","104431","1007412049","1",""
"0","mhp_ilya_uwame_in","0","0.2","1007412","3","mhp_ilya_uwame_loop","11","1007412050","1",""
"0","vo_mhp_5206","","","1007412","21","0","vo_mhp_1007412","1007412051","",""
"4","お主……\n目を、そらすでないぞ？","0","0","1007412","11","1","104431","1007412052","0","1"
"","","","","1007412","91","","0","1007412053","",""
"1","mhp_sit_talk_joy1","","0.2","1007412","3","","117631","1007412054","",""
"0","vo_mhp_5207","","","1007412","21","0","vo_mhp_1007412","1007412055","",""
"6","うーんあざとい！　でもそれがいい♪\n次は小悪魔ムーブで迫ってみてよ！","0","0","1007412","11","1","117631","1007412056","0","0.5"
"","","","","1007412","91","","0","1007412057","",""
"1","mhp_sit_idle_joy1","","0.2","1007412","3","","117631","1007412058","",""
"0","mhp_ilya_koakuma_in","0","0.2","1007412","3","mhp_ilya_koakuma_loop","104431","1007412059","1",""
"0","mhp_ilya_koakuma_in","0","0.2","1007412","3","NoItem","11","1007412060","1",""
"0","vo_mhp_5208","","","1007412","21","0","vo_mhp_1007412","1007412061","",""
"6","わらわだけを、見てほしいのじゃ……","0","0","1007412","11","1","104431","1007412062","0","1"
"","","","","1007412","91","","0","1007412063","",""
"1","mhp_sit_talk_joy2","","0.2","1007412","3","","117631","1007412064","",""
"0","vo_mhp_5209","","","1007412","21","0","vo_mhp_1007412","1007412065","",""
"7","エクセレント！\n最後は壁ドンで決めちゃおう！","0","0","1007412","11","1","117631","1007412066","0","0.5"
"","0","","","1007412","91","","0","1007412067","",""
"1","mhp_sit_idle_joy2","","0.2","1007412","3","","117631","1007412068","",""
"0","mhp_ilya_kabedon_in","0","0.2","1007412","3","mhp_ilya_kabedon_loop","104431","1007412069","1",""
"0","vo_mhp_5210","","","1007412","21","0","vo_mhp_1007412","1007412070","",""
"7","わらわのものに、なるのじゃ……","0","0","1007412","11","1","104431","1007412071","0","1"
"","","","","1007412","91","","0","1007412072","",""
"","","","","1007412","93","","1","1007412073","",""
"1","mhp_sit_talk_memory","","0.2","1007412","3","","117631","1007412074","",""
"0","vo_mhp_5211","","","1007412","21","0","vo_mhp_1007412","1007412075","",""
"5","完璧だよイリヤさん♪\n今のイリヤさんはキュートな堕天使！\nこれで落ちない人はいないね\nさっそく例の人に披露してみよう！","0","0","1007412","11","1","117631","1007412076","0","0.5"
"","","","","1007412","91","","0","1007412077","",""
"1","mhp_sit_idle","","0.2","1007412","3","","117631","1007412078","",""
"1","mhp_talk_memory","","0.2","1007412","3","","104431","1007412079","",""
"0","vo_mhp_5212","","","1007412","21","0","vo_mhp_1007412","1007412080","",""
"4","ふ、ふふ、これをあやつに\nあやつに…………\nって、できるかー！！","0","0","1007412","11","1","104431","1007412081","0","0.5"
"","1","","","1007412","93","","8","1007412082","",""
"0","mhp_ilya_panic_in","0","0.2","1007412","3","mhp_ilya_panic_loop","104431","1007412083","1",""
"0","mhp_ilya_panic_in","0","0.2","1007412","3","mhp_ilya_panic_loop","11","1007412084","1",""
"","","","","1007412","91","","1007412081","1007412085","",""
"0","vo_mhp_5213","","","1007412","21","0","vo_mhp_1007412","1007412086","",""
"6","なんなのじゃこの破廉恥な動きは！\nこんな姿、あやつに見せられる\nわけがなかろう！\n本当にどうかしていた、危機一髪じゃ。","0","0","1007412","11","1","104431","1007412087","0","0.5"
"","1","","","1007412","93","","8","1007412088","",""
"1","mhp_talk_sad2","","0.2","1007412","3","","104431","1007412089","",""
"1","NoItem_idle","","0.2","1007412","3","","11","1007412090","",""
"","","","","1007412","91","","1007412087","1007412091","",""
"","","","","1007412","93","","0.5","1007412092","",""
"1","mhp_talk_anger","","0.2","1007412","3","","104431","1007412093","",""
"0","vo_mhp_5214","","","1007412","21","0","vo_mhp_1007412","1007412094","",""
"6","そもそもあやつがこんなことで\nなびいたりするわけがないじゃろ！\n失礼する！","0","0","1007412","11","1","104431","1007412095","0","0.5"
"","","","","1007412","91","","0","1007412096","",""
"","0","","","1007412","22","","0","1007412097","",""
"1","mhp_idle_sad","","0.2","1007412","3","","104431","1007412098","",""
"1","NoItem_idle","","0.2","1007412","3","","11","1007412099","",""
"","","","","1007412","93","","0.2","1007412100","",""
"1","mhp_walk_sad","","0.2","1007412","3","","104431","1007412101","",""
"","1","","","1007412","4","","104431","1007412102","",""
"-220","-350","","","1007412","2","1","104431","1007412103","0",""
"","0","","","1007412","93","","1","1007412104","",""
"2","9","0","0","1007412","12","","104431","1007412105","",""
"1","mhp_ilya_idle_sad","","0.2","1007412","3","","104431","1007412106","",""
"","0","","","1007412","93","","1","1007412107","",""
"1","mhp_run_shy","","0.2","1007412","3","","104431","1007412108","",""
"-220","-1000","","","1007412","2","1.5","104431","1007412109","0",""
"","0","","","1007412","93","","2","1007412110","",""
"","","","","1007412","91","","0","1007412111","",""
"1","mhp_sit_talk_thinking","","0.2","1007412","3","","117531","1007412112","0",""
"0","vo_mhp_5215","","","1007412","21","0","vo_mhp_1007412","1007412113","",""
"5","残念だったわね。\nでも、はたから見てて彼女、\nすごく魅力的だったわよ。","0","0","1007412","11","1","117531","1007412114","0","0.5"
"","","","","1007412","91","","0","1007412115","",""
"1","mhp_sit_idle_thinking","","0.2","1007412","3","","117531","1007412116","",""
"1","mhp_sit_talk_thinking","","0.2","1007412","3","","117631","1007412117","",""
"0","vo_mhp_5216","","","1007412","21","0","vo_mhp_1007412","1007412118","",""
"6","そうだね。結構イケてたと思うけど\nあれで何も感じないなら\n相当鈍感な人だよね！","0","0","1007412","11","1","117631","1007412119","0","0.5"
"","","","","1007412","91","","0","1007412120","",""
"","0","","","1007412","22","","0","1007412121","",""
"","","","","1007412","93","","1","1007412122","",""
"1","mhp_sit_idle","","0.2","1007412","3","","117631","1007412123","",""
"0","mhp_sit_out","","0.2","1007412","3","","117631","1007412124","",""
"","1","","1","1007412","32","","111","1007412125","1",""
"0","mhp_mitsuki_kime","","0.2","1007412","3","","117631","1007412126","",""
"","1","","","1007412","32","","120","1007412127","",""
"","se_10031400_glitter","","","1007412","23","","se_10031400","1007412128","",""
"","","","","1007412","93","","1.2","1007412129","",""
"","1","","","1007412","32","","130","1007412130","",""
"","","","","1007412","93","","4","1007412131","",""
"","0","","","1007412","32","","130","1007412132","",""
"100","100931","0","1.7","1007413","1","-1000","1","1007413001","-220","mhp_idle_normal"
"100","117631","1","1.7","1007413","1","365","1","1007413002","-200","mhp_sit_idle"
"100","117531","1","1.7","1007413","1","185","1","1007413003","-220","mhp_sit_idle"
"-240","1","","1","1007413","31","-154","1","1007413004","0.85",""
"110","11","0","1.7","1007413","5","-200","1","1007413005","-220","NoItem"
"105","12","0","1.7","1007413","5","-200","1","1007413006","-220","NoItem"
"110","21","1","1.7","1007413","5","185","1","1007413007","-220","NoItem"
"105","22","1","1.7","1007413","5","185","1","1007413008","-220","NoItem"
"1","1","0","0","1007413","6","1","11","1007413009","0",""
"1","1","0","0","1007413","6","1","12","1007413010","0",""
"1","1","0","0","1007413","6","1","21","1007413011","0",""
"1","1","0","0","1007413","6","1","22","1007413012","0",""
"110","31","0","1.7","1007413","5","-1000","1","1007413013","-220","NoItem"
"","","","","1007413","91","","0","1007413014","",""
"1","mhp_sit_talk_normal","","0.2","1007413","3","","117531","1007413015","",""
"0","vo_mhp_3001","","","1007413","21","0","vo_mhp_1007413","1007413016","",""
"8","次の方どうぞー","0","0","1007413","11","0","117531","1007413017","0","0"
"","","","","1007413","91","","0","1007413018","",""
"1","mhp_sit_idle","","0.2","1007413","3","","117531","1007413019","",""
"1","mhp_anna_walk_sad","","0.2","1007413","3","","100931","1007413020","",""
"-220","-200","","","1007413","2","4","100931","1007413021","0",""
"1","NoItem","","0.2","1007413","3","","31","1007413022","",""
"-220","-200","","","1007413","2","4","31","1007413023","0",""
"","","","","1007413","91","","0","1007413024","",""
"0","mhp_sit_in_sad","","0.2","1007413","3","","100931","1007413025","",""
"","","","","1007413","91","","0","1007413026","",""
"0","mhp_anna_dark_in","0.2","0.2","1007413","3","mhp_anna_dark_loop","100931","1007413027","1",""
"0","mhp_anna_dark_in","0.2","0.2","1007413","3","mhp_anna_dark_loop","31","1007413028","1",""
"","0","","","1007413","93","","0","1007413029","",""
"0","vo_mhp_3002","","","1007413","21","0","vo_mhp_1007413","1007413030","",""
"4","……くっ、耐えるのだ我が肉体よ！\nこの程度の痛みに屈するほど\nやわではあるま痛っ！　いたた……　","0","0","1007413","11","1","100931","1007413031","0","0.5"
"","0","","","1007413","93","","1","1007413032","",""
"1","mhp_sit_idle_surprise1","","0.2","1007413","3","","117631","1007413033","",""
"","","","","1007413","91","","1007413031","1007413034","",""
"1","mhp_sit_idle","","0.2","1007413","3","","117631","1007413035","",""
"1","mhp_sit_talk_normal","","0.2","1007413","3","","117531","1007413036","",""
"0","vo_mhp_3003","","","1007413","21","0","vo_mhp_1007413","1007413037","",""
"6","あら、アンナちゃんじゃない\nなんだか体調悪そうだけど、\n魔竜との戦いで受けた傷でも\nうずくのかしら？","0","0","1007413","11","1","117531","1007413038","0","0.5"
"","","","","1007413","91","","0","1007413039","",""
"1","mhp_sit_idle","","0.2","1007413","3","","117531","1007413040","",""
"0","vo_mhp_3004","","","1007413","21","0","vo_mhp_1007413","1007413041","",""
"4","そうではない。我は現在\n何者かの攻撃を受けている。\n敵の名は……そう！\n「不可視の暗殺者」だ！","0","0","1007413","11","1","100931","1007413042","0","0.5"
"","","","","1007413","91","","0","1007413043","",""
"1","mhp_sit_talk_worry","","0.2","1007413","3","","117631","1007413044","",""
"0","vo_mhp_3005","","","1007413","21","0","vo_mhp_1007413","1007413045","",""
"5","あん、し……え、何？","0","0","1007413","11","1","117631","1007413046","0","0.5"
"","","","","1007413","91","","0","1007413047","",""
"1","mhp_sit_idle","","0.2","1007413","3","","117631","1007413048","",""
"1","mhp_sit_talk_normal","","0.2","1007413","3","","117531","1007413049","",""
"0","vo_mhp_3006","","","1007413","21","0","vo_mhp_1007413","1007413050","",""
"6","あなたも色々大変ね\nそれで、具体的にどんな症状が\n出てるのかしら？","0","0","1007413","11","1","117531","1007413051","0","0.5"
"","","","","1007413","91","","0","1007413052","",""
"1","mhp_sit_talk_sad","","0.2","1007413","3","","100931","1007413053","",""
"1","NoItem","","0.2","1007413","3","","31","1007413054","",""
"1","mhp_sit_idle","","0.2","1007413","3","","117531","1007413055","",""
"0","vo_mhp_3007","","","1007413","21","0","vo_mhp_1007413","1007413056","",""
"6","うむ、実はひどい頭痛に\n見舞われていてな……","0","0","1007413","11","1","100931","1007413057","0","0.5"
"","","","","1007413","91","","0","1007413058","",""
"1","mhp_sit_idle_sad","","0.2","1007413","3","","100931","1007413059","",""
"1","mhp_sit_talk_joy1","","0.2","1007413","3","","117531","1007413060","",""
"0","vo_mhp_3008","","","1007413","21","0","vo_mhp_1007413","1007413061","",""
"6","それはいけないわ。\nさっそく手術をはじめましょう。\nスパっとパカーンとやるわね。","0","0","1007413","11","1","117531","1007413062","0","0.5"
"","","","","1007413","91","","0","1007413063","",""
"1","mhp_sit_idle","","0.2","1007413","3","","117531","1007413064","",""
"1","mhp_sit_talk_surprise2","","0.2","1007413","3","","100931","1007413065","",""
"0","vo_mhp_3009","","","1007413","21","0","vo_mhp_1007413","1007413066","",""
"6","え！？　手術！？\nい、いや……そこまでするのは\nいささか早計では？","0","0","1007413","11","1","100931","1007413067","0","0.5"
"","","","","1007413","91","","0","1007413068","",""
"1","mhp_sit_talk_normal","","0.2","1007413","3","","117531","1007413069","",""
"1","mhp_sit_idle_sad","","0.2","1007413","3","","100931","1007413070","",""
"0","vo_mhp_3010","","","1007413","21","0","vo_mhp_1007413","1007413071","",""
"8","そう？　それじゃあ――","0","0","1007413","11","1","117531","1007413072","0","0.5"
"","","","","1007413","91","","0","1007413073","",""
"","0","","","1007413","22","","0","1007413074","",""
"0","1007413078","","","1007413","103","","トーゴクの霊薬、カンポーを処方するわ。","1007413075","",""
"0","1007413127","","","1007413","103","","頭痛に効くツボを押すわね。","1007413076","",""
"0","1007413158","","","1007413","103","","頭痛薬を出しておくわ。","1007413077","",""
"0","mhp_sit_out","0","0.2","1007413","3","mhp_idle_normal","117531","1007413078","1",""
"","0","","","1007413","93","","0.6","1007413079","",""
"0","mhp_sit_out","0","0.2","1007413","3","mhp_idle_normal","100931","1007413080","1",""
"","0","","","1007413","93","","0.2","1007413081","",""
"1","mhp_walk","","0.2","1007413","3","","100931","1007413082","0",""
"-220","35","","","1007413","2","1.5","100931","1007413083","0",""
"-220","35","","","1007413","2","1.5","31","1007413084","0",""
"-220","35","","","1007413","2","1.5","11","1007413085","0",""
"-220","35","","","1007413","2","1.5","12","1007413086","0",""
"","0","","","1007413","93","","0.3","1007413087","",""
"0","mhp_handover_in","0","0.2","1007413","3","mhp_handover_loop","117531","1007413088","1",""
"1","1","0","0","1007413","6","1","21","1007413089","1",""
"1","1","0","0","1007413","6","1","22","1007413090","1",""
"0","mhp_handover_in","0","0.2","1007413","3","mhp_handover_loop","21","1007413091","1",""
"0","mhp_item_EX0007_handover_in","0","0.2","1007413","3","mhp_item_EX0007_handover_loop","22","1007413092","1",""
"","0","","","1007413","93","","1.2","1007413093","",""
"0","mhp_handover_receive_in","0","0.2","1007413","3","mhp_handover_receive_loop","100931","1007413094","1",""
"1","1","0","0","1007413","6","1","11","1007413095","1",""
"1","1","0","0","1007413","6","1","12","1007413096","1",""
"0","mhp_receive_anna_in","0","0.2","1007413","3","mhp_receive_anna_loop","11","1007413097","1",""
"0","mhp_item_EX0007_receive_in","0","0.2","1007413","3","mhp_item_EX0007_receive_loop","12","1007413098","1",""
"","0","","","1007413","93","","0.6","1007413099","",""
"1","1","0","0.4","1007413","6","1","22","1007413100","1",""
"","0","","","1007413","93","","0.4","1007413101","",""
"0","mhp_handover_out","0","0.2","1007413","3","mhp_idle_normal","117531","1007413102","1",""
"0","mhp_handover_out","0","0.2","1007413","3","NoItem_idle","21","1007413103","1",""
"0","mhp_item_EX0007_handover_out","0","0.2","1007413","3","NoItem_idle","22","1007413104","1",""
"","0","","","1007413","93","","0.4","1007413105","",""
"0","mhp_handover_receive_out","0","0.2","1007413","3","mhp_idle_normal","100931","1007413106","1",""
"0","mhp_receive_anna_out","0","0.2","1007413","3","NoItem_idle","11","1007413107","1",""
"0","mhp_item_EX0007_receive_out","0","0.2","1007413","3","NoItem_idle","12","1007413108","1",""
"","","","","1007413","93","","2","1007413109","",""
"1","mhp_talk_sad","","0.2","1007413","3","","100931","1007413110","",""
"0","vo_mhp_3011","","","1007413","21","0","vo_mhp_1007413","1007413111","",""
"3","れ、霊薬、だと？\n霊薬とは心躍るよい響きだ……しかし、\nカンポーってすごく苦いんじゃ……","0","0","1007413","11","1","100931","1007413112","0","0.5"
"","","","","1007413","91","","0","1007413113","",""
"1","mhp_idle_sad","","0.2","1007413","3","","100931","1007413114","",""
"1","mhp_talk_thinking","","0.2","1007413","3","","117531","1007413115","",""
"0","vo_mhp_3012","","","1007413","21","0","vo_mhp_1007413","1007413116","",""
"6","「熾炎戦鬼煉獄血盟暗黒団」の団長とも\nあろうお方が、まさか薬に\n注文つけたりはしないわよね？","0","0","1007413","11","1","117531","1007413117","0","0.5"
"","","","","1007413","91","","0","1007413118","",""
"0","mhp_anna_huhuStand_in","0.2","0.2","1007413","3","mhp_anna_huhuStand_loop","100931","1007413119","1",""
"","0","","","1007413","93","","1","1007413120","",""
"1","mhp_idle_normal","","0.2","1007413","3","","117531","1007413121","",""
"1","mhp_talk_normal","","0.2","1007413","3","","100931","1007413122","",""
"0","vo_mhp_3017","","","1007413","21","0","vo_mhp_1007413","1007413123","",""
"5","世話になったな\nひとまず今日のところは退くとしよう。\nなに、心配は無用だ、明日には\n完治しているだろう。さらばだ！","0","0","1007413","11","1","100931","1007413124","0","0.5"
"","","","","1007413","91","","0","1007413125","",""
"","","","","1007413","101","","1007413204","1007413126","",""
"0","mhp_sit_out","0","0.2","1007413","3","mhp_idle_normal","117531","1007413127","1",""
"","0","","","1007413","93","","1","1007413128","",""
"1","mhp_walk","","0.2","1007413","3","","117531","1007413129","",""
"-220","-70","","","1007413","2","2","117531","1007413130","0",""
"-220","-70","","","1007413","2","2","11","1007413131","0",""
"-220","-70","","","1007413","2","2","12","1007413132","0",""
"","0","","","1007413","93","","2","1007413133","",""
"0","mhp_mitsuki_tsubo_in","","0.2","1007413","3","","117531","1007413134","",""
"1","mhp_anna_pain_in","","0.2","1007413","3","","100931","1007413135","",""
"","","","","1007413","93","","1","1007413136","",""
"1","mhp_mitsuki_tsubo_loop","","0.2","1007413","3","","117531","1007413137","",""
"1","mhp_anna_pain_loop","","0.2","1007413","3","","100931","1007413138","",""
"0","vo_mhp_3013","","","1007413","21","0","vo_mhp_1007413","1007413139","",""
"6","ひあー！　痛い、いたたた！\n無理、頭痛よりこっちの方が\nあぁー！　","0","0","1007413","11","1","100931","1007413140","0","0.5"
"","","","","1007413","91","","0","1007413141","",""
"1","mhp_sit_idle_sad","","0.2","1007413","3","","100931","1007413142","",""
"0","mhp_mitsuki_tsubo_out","0.2","0.2","1007413","3","mhp_talk_thinking","117531","1007413143","1",""
"0","vo_mhp_3014","","","1007413","21","0","vo_mhp_1007413","1007413144","",""
"8","痛いのは効いてる証拠よ♪","0","0","1007413","11","1","117531","1007413145","0","0.5"
"","","","","1007413","91","","0","1007413146","",""
"0","mhp_anna_huhu_in","0.2","0.2","1007413","3","mhp_anna_huhu_loop","100931","1007413147","1",""
"","0","","","1007413","93","","1","1007413148","",""
"1","mhp_idle_normal","","0.2","1007413","3","","117531","1007413149","",""
"1","mhp_sit_talk_normal","","0.2","1007413","3","","100931","1007413150","",""
"0","vo_mhp_3017","","","1007413","21","0","vo_mhp_1007413","1007413151","",""
"5","世話になったな\nひとまず今日のところは退くとしよう。\nなに、心配は無用だ、明日には\n完治しているだろう。さらばだ！","0","0","1007413","11","1","100931","1007413152","0","0.5"
"","","","","1007413","91","","0","1007413153","",""
"","0","","","1007413","22","","0","1007413154","",""
"0","mhp_sit_out","0","0.2","1007413","3","mhp_idle_normal","100931","1007413155","1",""
"","","","","1007413","91","","0","1007413156","",""
"","","","","1007413","101","","1007413204","1007413157","",""
"0","mhp_sit_out","0","0.2","1007413","3","mhp_idle_normal","117531","1007413158","1",""
"","0","","","1007413","93","","0.6","1007413159","",""
"0","mhp_sit_out","0","0.2","1007413","3","mhp_idle_normal","100931","1007413160","1",""
"","0","","","1007413","93","","0.2","1007413161","",""
"1","mhp_walk","","0.2","1007413","3","","100931","1007413162","0",""
"-220","35","","","1007413","2","1.5","100931","1007413163","0",""
"-220","35","","","1007413","2","1.5","31","1007413164","0",""
"-220","35","","","1007413","2","1.5","11","1007413165","0",""
"-220","35","","","1007413","2","1.5","12","1007413166","0",""
"","0","","","1007413","93","","0.3","1007413167","",""
"0","mhp_handover_in","0","0.2","1007413","3","mhp_handover_loop","117531","1007413168","1",""
"1","1","0","0","1007413","6","1","21","1007413169","1",""
"1","1","0","0","1007413","6","1","22","1007413170","1",""
"0","mhp_handover_in","0","0.2","1007413","3","mhp_handover_loop","21","1007413171","1",""
"0","mhp_item_EX0008_handover_in","0","0.2","1007413","3","mhp_item_EX0008_handover_loop","22","1007413172","1",""
"","0","","","1007413","93","","1.2","1007413173","",""
"0","mhp_handover_receive_in","0","0.2","1007413","3","mhp_handover_receive_loop","100931","1007413174","1",""
"1","1","0","0","1007413","6","1","11","1007413175","1",""
"1","1","0","0","1007413","6","1","12","1007413176","1",""
"0","mhp_receive_anna_in","0","0.2","1007413","3","mhp_receive_anna_loop","11","1007413177","1",""
"0","mhp_item_EX0008_receive_in","0","0.2","1007413","3","mhp_item_EX0008_receive_loop","12","1007413178","1",""
"","0","","","1007413","93","","0.6","1007413179","",""
"1","1","0","0.4","1007413","6","1","22","1007413180","1",""
"","0","","","1007413","93","","0.4","1007413181","",""
"0","mhp_handover_out","0","0.2","1007413","3","mhp_idle_normal","117531","1007413182","1",""
"0","mhp_handover_out","0","0.2","1007413","3","NoItem_idle","21","1007413183","1",""
"0","mhp_item_EX0008_handover_out","0","0.2","1007413","3","NoItem_idle","22","1007413184","1",""
"","0","","","1007413","93","","0.4","1007413185","",""
"0","mhp_handover_receive_out","0","0.2","1007413","3","mhp_idle_normal","100931","1007413186","1",""
"0","mhp_receive_anna_out","0","0.2","1007413","3","NoItem_idle","11","1007413187","1",""
"0","mhp_item_EX0008_receive_out","0","0.2","1007413","3","NoItem_idle","12","1007413188","1",""
"","","","","1007413","93","","2","1007413189","",""
"1","mhp_talk_worry","","0.2","1007413","3","","100931","1007413190","",""
"0","vo_mhp_3015","","","1007413","21","0","vo_mhp_1007413","1007413191","",""
"5","ん？　あれ、これって普通の錠剤？\nもっと劇薬みたいのが出てくるかと……","0","0","1007413","11","1","100931","1007413192","0","0.5"
"","","","","1007413","91","","0","1007413193","",""
"1","mhp_talk_thinking","","0.2","1007413","3","","117531","1007413194","",""
"0","vo_mhp_3016","","","1007413","21","0","vo_mhp_1007413","1007413195","",""
"8","そういうのがお好みなら\nそっちもあるわよ？","0","0","1007413","11","1","117531","1007413196","0","0.5"
"","","","","1007413","91","","0","1007413197","",""
"0","mhp_anna_huhuStand_in","0.2","0.2","1007413","3","mhp_anna_huhuStand_loop","100931","1007413198","1",""
"","0","","","1007413","93","","1","1007413199","",""
"1","mhp_idle_normal","","0.2","1007413","3","","117531","1007413200","",""
"1","mhp_talk_normal","","0.2","1007413","3","","100931","1007413201","",""
"0","vo_mhp_3017","","","1007413","21","0","vo_mhp_1007413","1007413202","",""
"5","世話になったな\nひとまず今日のところは退くとしよう。\nなに、心配は無用だ、明日には\n完治しているだろう。さらばだ！","0","0","1007413","11","1","100931","1007413203","0","0.5"
"","","","","1007413","91","","0","1007413204","",""
"","0","","","1007413","22","","0","1007413205","",""
"1","mhp_run","","0.2","1007413","3","","100931","1007413206","",""
"","1","","","1007413","4","","100931","1007413207","",""
"-220","-1000","","","1007413","2","3","100931","1007413208","0",""
"","0","","","1007413","93","","3","1007413209","",""
"","","","","1007413","91","","0","1007413210","",""
"100","100931","0","1.7","1007414","1","-1000","1","1007414001","-220","mhp_idle_normal"
"100","117631","1","1.7","1007414","1","365","1","1007414002","-200","mhp_sit_idle"
"100","117531","1","1.7","1007414","1","185","1","1007414003","-220","mhp_sit_idle"
"-240","1","","1","1007414","31","-154","1","1007414004","0.85",""
"110","11","0","1.7","1007414","5","-200","1","1007414005","-220","NoItem"
"105","12","0","1.7","1007414","5","-200","1","1007414006","-220","NoItem"
"110","21","1","1.7","1007414","5","185","1","1007414007","-220","NoItem"
"105","22","1","1.7","1007414","5","185","1","1007414008","-220","NoItem"
"1","1","0","0","1007414","6","1","11","1007414009","0",""
"1","1","0","0","1007414","6","1","12","1007414010","0",""
"1","1","0","0","1007414","6","1","21","1007414011","0",""
"1","1","0","0","1007414","6","1","22","1007414012","0",""
"110","31","0","1.7","1007414","5","-1000","1","1007414013","-220","NoItem"
"","","","","1007414","91","","0","1007414014","",""
"1","mhp_sit_talk_normal","","0.2","1007414","3","","117531","1007414015","",""
"0","vo_mhp_3101","","","1007414","21","0","vo_mhp_1007414","1007414016","",""
"8","アンナちゃん、どうぞー","0","0","1007414","11","0","117531","1007414017","0","0.5"
"","","","","1007414","91","","0","1007414018","",""
"1","mhp_sit_idle","","0.2","1007414","3","","117531","1007414019","",""
"1","mhp_anna_walk_sad","","0.2","1007414","3","","100931","1007414020","",""
"-220","-200","","","1007414","2","4","100931","1007414021","0",""
"1","NoItem","","0.2","1007414","3","","31","1007414022","",""
"-220","-200","","","1007414","2","4","31","1007414023","0",""
"","","","","1007414","91","","0","1007414024","",""
"0","mhp_sit_in_sad","","0.2","1007414","3","","100931","1007414025","",""
"","0","","","1007414","93","","0.2","1007414026","",""
"0","mhp_anna_dark_in","","0.2","1007414","3","mhp_anna_dark_loop","100931","1007414027","1",""
"0","mhp_anna_dark_in","","0.2","1007414","3","mhp_anna_dark_loop","31","1007414028","1",""
"","0","","","1007414","93","","1","1007414029","",""
"1","mhp_sit_talk_normal","","0.2","1007414","3","","117531","1007414030","",""
"0","vo_mhp_3102","","","1007414","21","0","vo_mhp_1007414","1007414031","",""
"6","あら、その様子だと\n「不可視の暗殺者」とやらの攻撃は\nまだ続いてるみたいね。","0","0","1007414","11","1","117531","1007414032","0","0.5"
"","","","","1007414","91","","0","1007414033","",""
"1","mhp_sit_idle","","0.2","1007414","3","","117531","1007414034","",""
"1","mhp_sit_talk_sad","","0.2","1007414","3","","100931","1007414035","",""
"1","NoItem","","0.2","1007414","3","","31","1007414036","",""
"0","vo_mhp_3103","","","1007414","21","0","vo_mhp_1007414","1007414037","",""
"4","う、うむ、前は頭の痛みで集中力を\n削ぎにきていたが、うぅ……\n今回は魔法を封じにきたようだ。","0","0","1007414","11","1","100931","1007414038","0","1"
"","","","","1007414","91","","0","1007414039","",""
"0","mhp_anna_huhu_in","0","0.2","1007414","3","mhp_anna_huhu_loop","100931","1007414040","1",""
"0","vo_mhp_3104","","","1007414","21","0","vo_mhp_1007414","1007414041","",""
"6","くくく、よほど我が魔法が\n恐ろしいらしい、あぅ……","0","0","1007414","11","1","100931","1007414042","0","0.5"
"","0","","","1007414","91","","0","1007414043","",""
"","0","","","1007414","93","","0.2","1007414044","",""
"2","15","0","0","1007414","12","","100931","1007414045","",""
"1","mhp_anna_huhu_loop2","","0.2","1007414","3","","100931","1007414046","",""
"","0","","","1007414","93","","2","1007414047","",""
"1","mhp_sit_talk_thinking","","0.2","1007414","3","","117531","1007414048","",""
"0","vo_mhp_3105","","","1007414","21","0","vo_mhp_1007414","1007414049","",""
"6","ふーん、つまりのどが痛くて\n詠唱が辛くて魔法が使えないと。","0","0","1007414","11","1","117531","1007414050","0","0.5"
"","","","","1007414","91","","0","1007414051","",""
"1","mhp_sit_idle","","0.2","1007414","3","","117531","1007414052","",""
"1","mhp_sit_talk_anger2","","0.2","1007414","3","","100931","1007414053","",""
"0","vo_mhp_3106","","","1007414","21","0","vo_mhp_1007414","1007414054","",""
"6","そ、そんな軽いものではない！\nこれは禁じられた封印術\n「魔殺しの痛刻」に違いな――","0","0","1007414","11","1","100931","1007414055","0","0.5"
"","","","","1007414","91","","0","1007414056","",""
"1","mhp_sit_talk_wish2","","0.2","1007414","3","","117531","1007414057","",""
"0","vo_mhp_3107","","","1007414","21","0","vo_mhp_1007414","1007414058","",""
"8","病院内ではお静かに。","0","0","1007414","11","1","117531","1007414059","0","0.5"
"","","","","1007414","91","","0","1007414060","",""
"1","mhp_sit_idle","","0.2","1007414","3","","117531","1007414061","",""
"1","mhp_sit_talk_sad","","0.2","1007414","3","","100931","1007414062","",""
"0","vo_mhp_3108","","","1007414","21","0","vo_mhp_1007414","1007414063","",""
"10","あ、はい……","0","0","1007414","11","1","100931","1007414064","0","0.5"
"","","","","1007414","91","","0","1007414065","",""
"1","mhp_sit_idle_sad","","0.2","1007414","3","","100931","1007414066","",""
"1","mhp_sit_talk_normal","","0.2","1007414","3","","117531","1007414067","",""
"0","vo_mhp_3109","","","1007414","21","0","vo_mhp_1007414","1007414068","",""
"7","でも、アンナちゃんが静かというのも\nなんだか気持ちが悪いわね。\n同じギルドのよしみ、\n悪いようにはしないわ。","0","0","1007414","11","1","117531","1007414069","0","0.5"
"","","","","1007414","91","","0","1007414070","",""
"","0","","","1007414","22","","0","1007414071","",""
"0","1007414075","","","1007414","103","","「金色の天露」を処方するわね。","1007414072","",""
"0","1007414128","","","1007414","103","","この聖杯でうがいしなさい。","1007414073","",""
"0","1007414180","","","1007414","103","","この封魔帯で乾燥を防ぎなさい。","1007414074","",""
"0","mhp_sit_out","0","0.2","1007414","3","mhp_idle_normal","117531","1007414075","1",""
"","0","","","1007414","93","","0.6","1007414076","",""
"0","mhp_sit_out","0","0.2","1007414","3","mhp_idle_normal","100931","1007414077","1",""
"","0","","","1007414","93","","0.2","1007414078","",""
"1","mhp_walk_sad","","0.2","1007414","3","","100931","1007414079","0",""
"-220","35","","","1007414","2","1.5","100931","1007414080","0",""
"-220","35","","","1007414","2","1.5","31","1007414081","0",""
"-220","35","","","1007414","2","1.5","11","1007414082","0",""
"-220","35","","","1007414","2","1.5","12","1007414083","0",""
"","0","","","1007414","93","","0.3","1007414084","",""
"0","mhp_handover_in","0","0.2","1007414","3","mhp_handover_loop","117531","1007414085","1",""
"1","1","0","0","1007414","6","1","21","1007414086","1",""
"1","1","0","0","1007414","6","1","22","1007414087","1",""
"0","mhp_handover_in","0","0.2","1007414","3","mhp_handover_loop","21","1007414088","1",""
"0","mhp_item_EX0005_handover_in","0","0.2","1007414","3","mhp_item_EX0005_handover_loop","22","1007414089","1",""
"","0","","","1007414","93","","1.2","1007414090","",""
"1","mhp_idle_sad","","0.2","1007414","3","","100931","1007414091","",""
"","0","","","1007414","93","","0.5","1007414092","",""
"0","mhp_surprise","0","0.2","1007414","3","mhp_talk_surprise1","100931","1007414093","1",""
"0","vo_mhp_3110","","","1007414","21","0","vo_mhp_1007414","1007414094","",""
"5","そ、それは霊峰に生息する花から\n採れる、伝説の蜜では！\nこれさえあればすぐにでも\n千の魔法を唱えられるであろう！","0","0","1007414","11","1","100931","1007414095","0","0.5"
"","1","","","1007414","93","","6","1007414096","",""
"0","mhp_anna_huhuStand_in","","0.2","1007414","3","","100931","1007414097","",""
"","","","","1007414","91","","0","1007414098","",""
"0","mhp_anna_ahahaStand_in","0.2","0.2","1007414","3","mhp_anna_ahahaStand_loop","100931","1007414099","1",""
"","1","","","1007414","93","","0","1007414100","",""
"","","","","1007414","91","","1007414095","1007414101","",""
"","0","","","1007414","22","","0","1007414102","",""
"","","","","1007414","93","","1","1007414103","",""
"0","mhp_handover_receive_in","0","0.2","1007414","3","mhp_handover_receive_loop","100931","1007414104","1",""
"1","1","0","0","1007414","6","1","11","1007414105","1",""
"1","1","0","0","1007414","6","1","12","1007414106","1",""
"0","mhp_receive_anna_in","0","0.2","1007414","3","mhp_receive_anna_loop","11","1007414107","1",""
"0","mhp_item_EX0005_receive_in","0","0.2","1007414","3","mhp_item_EX0005_receive_loop","12","1007414108","1",""
"","0","","","1007414","93","","0.6","1007414109","",""
"1","1","0","0.4","1007414","6","1","22","1007414110","1",""
"","0","","","1007414","93","","0.4","1007414111","",""
"0","mhp_handover_out","0","0.2","1007414","3","mhp_idle_normal","117531","1007414112","1",""
"0","mhp_handover_out","0","0.2","1007414","3","NoItem_idle","21","1007414113","1",""
"0","mhp_item_EX0005_handover_out","0","0.2","1007414","3","NoItem_idle","22","1007414114","1",""
"","0","","","1007414","93","","0.4","1007414115","",""
"0","mhp_handover_receive_out","0","0.2","1007414","3","mhp_idle_normal","100931","1007414116","1",""
"0","mhp_receive_anna_out","0","0.2","1007414","3","NoItem_idle","11","1007414117","1",""
"0","mhp_item_EX0005_receive_out","0","0.2","1007414","3","NoItem_idle","12","1007414118","1",""
"","","","","1007414","93","","2","1007414119","",""
"1","mhp_idle_memory","","0.2","1007414","3","","100931","1007414120","",""
"","0","","","1007414","93","","0.2","1007414121","",""
"1","mhp_sit_idle_sad","","0.2","1007414","3","","117631","1007414122","",""
"0","vo_mhp_3111","","","1007414","21","0","vo_mhp_1007414","1007414123","",""
"6","（あれ、どう見てもただの\nのど用シロップだよね？\n物は言いようってやつかな）","0","0","1007414","11","1","117631","1007414124","0","0.5"
"","","","","1007414","91","","0","1007414125","",""
"1","mhp_sit_idle","","0.2","1007414","3","","117631","1007414126","",""
"","","","","1007414","101","","1007414224","1007414127","",""
"0","mhp_sit_out","0","0.2","1007414","3","mhp_idle_normal","117531","1007414128","1",""
"","0","","","1007414","93","","0.6","1007414129","",""
"0","mhp_sit_out","0","0.2","1007414","3","mhp_idle_normal","100931","1007414130","1",""
"","0","","","1007414","93","","0.2","1007414131","",""
"1","mhp_walk_sad","","0.2","1007414","3","","100931","1007414132","0",""
"-220","35","","","1007414","2","1.5","100931","1007414133","0",""
"-220","35","","","1007414","2","1.5","31","1007414134","0",""
"-220","35","","","1007414","2","1.5","11","1007414135","0",""
"-220","35","","","1007414","2","1.5","12","1007414136","0",""
"","0","","","1007414","93","","0.3","1007414137","",""
"0","mhp_handover_in","0","0.2","1007414","3","mhp_handover_loop","117531","1007414138","1",""
"1","1","0","0","1007414","6","1","21","1007414139","1",""
"1","1","0","0","1007414","6","1","22","1007414140","1",""
"0","mhp_handover_in","0","0.2","1007414","3","mhp_handover_loop","21","1007414141","1",""
"0","mhp_item_EX0013_handover_in","0","0.2","1007414","3","mhp_item_EX0013_handover_loop","22","1007414142","1",""
"","0","","","1007414","93","","1.2","1007414143","",""
"1","mhp_idle_sad","","0.2","1007414","3","","100931","1007414144","",""
"","0","","","1007414","93","","0.5","1007414145","",""
"0","mhp_surprise","0","0.2","1007414","3","mhp_talk_surprise1","100931","1007414146","1",""
"0","vo_mhp_3112","","","1007414","21","0","vo_mhp_1007414","1007414147","",""
"5","こ、これがあの伝説の……！\nふふふ、これでわれはさらに至高の\n領域へと達するであろう！","0","0","1007414","11","1","100931","1007414148","0","0.5"
"","1","","","1007414","93","","3.5","1007414149","",""
"0","mhp_anna_huhuStand_in","","0.2","1007414","3","","100931","1007414150","",""
"","","","","1007414","91","","0","1007414151","",""
"0","mhp_anna_ahahaStand_in","0.2","0.2","1007414","3","mhp_anna_ahahaStand_loop","100931","1007414152","1",""
"","","","","1007414","91","","1007414148","1007414153","",""
"","0","","","1007414","22","","0","1007414154","",""
"","0","","","1007414","93","","1","1007414155","",""
"0","mhp_handover_receive_in","0","0.2","1007414","3","mhp_handover_receive_loop","100931","1007414156","1",""
"1","1","0","0","1007414","6","1","11","1007414157","1",""
"1","1","0","0","1007414","6","1","12","1007414158","1",""
"0","mhp_receive_anna_in","0","0.2","1007414","3","mhp_receive_anna_loop","11","1007414159","1",""
"0","mhp_item_EX0013_receive_in","0","0.2","1007414","3","mhp_item_EX0013_receive_loop","12","1007414160","1",""
"","0","","","1007414","93","","0.6","1007414161","",""
"1","1","0","0.4","1007414","6","1","22","1007414162","1",""
"","0","","","1007414","93","","0.4","1007414163","",""
"0","mhp_handover_out","0","0.2","1007414","3","mhp_idle_normal","117531","1007414164","1",""
"0","mhp_handover_out","0","0.2","1007414","3","NoItem_idle","21","1007414165","1",""
"0","mhp_item_EX0013_handover_out","0","0.2","1007414","3","NoItem_idle","22","1007414166","1",""
"","0","","","1007414","93","","0.4","1007414167","",""
"0","mhp_handover_receive_out","0","0.2","1007414","3","mhp_idle_normal","100931","1007414168","1",""
"0","mhp_receive_anna_out","0","0.2","1007414","3","NoItem_idle","11","1007414169","1",""
"0","mhp_item_EX0013_receive_out","0","0.2","1007414","3","NoItem_idle","12","1007414170","1",""
"","","","","1007414","93","","2","1007414171","",""
"1","mhp_idle_memory","","0.2","1007414","3","","100931","1007414172","",""
"","","","","1007414","93","","0.2","1007414173","",""
"1","mhp_idle_thinking","","0.2","1007414","3","","117531","1007414174","",""
"0","vo_mhp_3113","","","1007414","21","0","vo_mhp_1007414","1007414175","",""
"7","（ただのコップでこんなによろこんで\nくれるなら安いものだわ）","0","0","1007414","11","1","117531","1007414176","0","0.5"
"","","","","1007414","91","","0","1007414177","",""
"1","mhp_idle_normal","","0.2","1007414","3","","117531","1007414178","",""
"","","","","1007414","101","","1007414224","1007414179","",""
"0","mhp_sit_out","0","0.2","1007414","3","mhp_idle_normal","117531","1007414180","1",""
"","0","","","1007414","93","","0.6","1007414181","",""
"0","mhp_sit_out","0","0.2","1007414","3","mhp_idle_normal","100931","1007414182","1",""
"","0","","","1007414","93","","0.2","1007414183","",""
"1","mhp_walk_sad","","0.2","1007414","3","","100931","1007414184","0",""
"-220","35","","","1007414","2","1.5","100931","1007414185","0",""
"-220","35","","","1007414","2","1.5","31","1007414186","0",""
"-220","35","","","1007414","2","1.5","11","1007414187","0",""
"-220","35","","","1007414","2","1.5","12","1007414188","0",""
"","0","","","1007414","93","","0.3","1007414189","",""
"0","mhp_handover_in","0","0.2","1007414","3","mhp_handover_loop","117531","1007414190","1",""
"1","1","0","0","1007414","6","1","21","1007414191","1",""
"1","1","0","0","1007414","6","1","22","1007414192","1",""
"0","mhp_handover_in","0","0.2","1007414","3","mhp_handover_loop","21","1007414193","1",""
"0","mhp_item_EX0012_handover_in","0","0.2","1007414","3","mhp_item_EX0012_handover_loop","22","1007414194","1",""
"","0","","","1007414","93","","1.2","1007414195","",""
"0","mhp_handover_receive_sad_in","0","0.2","1007414","3","mhp_handover_receive_sad_loop","100931","1007414196","1",""
"1","1","0","0","1007414","6","1","11","1007414197","1",""
"1","1","0","0","1007414","6","1","12","1007414198","1",""
"0","mhp_receive_anna_in","0","0.2","1007414","3","mhp_receive_anna_loop","11","1007414199","1",""
"0","mhp_item_EX0012_receive_in","0","0.2","1007414","3","mhp_item_EX0012_receive_loop","12","1007414200","1",""
"","0","","","1007414","93","","0.6","1007414201","",""
"1","1","0","0.4","1007414","6","1","22","1007414202","1",""
"","0","","","1007414","93","","0.4","1007414203","",""
"0","mhp_handover_out","0","0.2","1007414","3","mhp_idle_normal","117531","1007414204","1",""
"0","mhp_handover_out","0","0.2","1007414","3","NoItem_idle","21","1007414205","1",""
"0","mhp_item_EX0012_handover_out","0","0.2","1007414","3","NoItem_idle","22","1007414206","1",""
"","0","","","1007414","93","","0.4","1007414207","",""
"0","mhp_handover_receive_sad_out","0","0.2","1007414","3","mhp_idle_normal_sad","100931","1007414208","1",""
"0","mhp_receive_anna_out","0","0.2","1007414","3","NoItem_idle","11","1007414209","1",""
"0","mhp_item_EX0012_receive_out","0","0.2","1007414","3","NoItem_idle","12","1007414210","1",""
"","","","","1007414","93","","2","1007414211","",""
"1","mhp_idle_worry","","0.2","1007414","3","","100931","1007414212","",""
"","0","","","1007414","93","","0.2","1007414213","",""
"1","mhp_talk_worry","","0.2","1007414","3","","100931","1007414214","",""
"0","vo_mhp_3114","","","1007414","21","0","vo_mhp_1007414","1007414215","",""
"4","くっ、つまりは戦略的休息ということか\n分かった、今は大人しく従おう……","0","0","1007414","11","1","100931","1007414216","0","0.5"
"","","","","1007414","91","","0","1007414217","",""
"1","mhp_idle_worry","","0.2","1007414","3","","100931","1007414218","",""
"1","mhp_idle_thinking","","0.2","1007414","3","","117531","1007414219","",""
"0","vo_mhp_3115","","","1007414","21","0","vo_mhp_1007414","1007414220","",""
"7","（市販のマスクをこんな呼び方して……\n私まで染められてきちゃったじゃない）","0","0","1007414","11","1","117531","1007414221","0","0.5"
"","","","","1007414","91","","0","1007414222","",""
"1","mhp_idle_normal","","0.2","1007414","3","","117531","1007414223","",""
"","","","","1007414","91","","0","1007414224","",""
"0","mhp_anna_darkStand_in","0.2","0.2","1007414","3","mhp_anna_darkStand_loop","100931","1007414225","1",""
"0","mhp_anna_darkStand_in","0.2","0.2","1007414","3","mhp_anna_darkStand_loop","31","1007414226","1",""
"","0","","","1007414","93","","0.1","1007414227","",""
"0","vo_mhp_3116","","","1007414","21","0","vo_mhp_1007414","1007414228","",""
"5","「不可視の暗殺者」……\n想像以上の難敵だ。\nだがやつらは\n後悔することになるだろう。","0","0","1007414","11","1","100931","1007414229","0","0.5"
"","","","","1007414","91","","0","1007414230","",""
"0","mhp_anna_ahahaStand_in","0.2","0.2","1007414","3","mhp_anna_ahahaStand_loop","100931","1007414231","1",""
"1","NoItem","","0.2","1007414","3","","31","1007414232","",""
"0","vo_mhp_3117","","","1007414","21","0","vo_mhp_1007414","1007414233","",""
"5","この危機を克服した私の\n新たなる力に戦慄するがいい！","0","0","1007414","11","1","100931","1007414234","0","0.5"
"","","","","1007414","91","","0","1007414235","",""
"1","mhp_talk_worry","","0.2","1007414","3","","117531","1007414236","",""
"0","vo_mhp_3118","","","1007414","21","0","vo_mhp_1007414","1007414237","",""
"8","だから、病院内では静かに。","0","0","1007414","11","1","117531","1007414238","0","0.5"
"","","","","1007414","91","","0","1007414239","",""
"1","mhp_idle_normal","","0.2","1007414","3","","117531","1007414240","",""
"1","mhp_talk_worry","","0.2","1007414","3","","100931","1007414241","",""
"1","NoItem","","0.2","1007414","3","","31","1007414242","",""
"0","vo_mhp_3119","","","1007414","21","0","vo_mhp_1007414","1007414243","",""
"8","は、はい……","0","0","1007414","11","1","100931","1007414244","0","0.5"
"","","","","1007414","91","","0","1007414245","",""
"","","","","1007414","93","","1","1007414246","",""
"1","mhp_run_sad","","0.2","1007414","3","","100931","1007414247","",""
"","1","","","1007414","4","","100931","1007414248","",""
"-220","-1000","","","1007414","2","3","100931","1007414249","0",""
"","0","","","1007414","93","","3","1007414250","",""
"","","","","1007414","91","","0","1007414251","",""
"100","100931","0","1.7","1007415","1","-1000","1","1007415001","-220","mhp_idle_normal"
"100","117631","1","1.7","1007415","1","365","1","1007415002","-200","mhp_sit_idle"
"104","117531","1","1.7","1007415","1","185","1","1007415003","-220","mhp_sit_idle"
"-240","1","","1","1007415","31","-154","1","1007415004","0.85",""
"-50","120","","0","1007415","31","-237","20","1007415005","1",""
"0","130","","0","1007415","31","160","30","1007415006","1",""
"0","111","","0","1007415","31","0","11","1007415007","1",""
"110","11","0","1.7","1007415","5","-200","1","1007415008","-220","NoItem"
"105","12","0","1.7","1007415","5","-200","1","1007415009","-220","NoItem"
"110","21","1","1.7","1007415","5","170","1","1007415010","-220","NoItem"
"105","22","1","1.7","1007415","5","170","1","1007415011","-220","NoItem"
"1","1","0","0","1007415","6","1","11","1007415012","0",""
"1","1","0","0","1007415","6","1","12","1007415013","0",""
"1","1","0","0","1007415","6","1","21","1007415014","0",""
"1","1","0","0","1007415","6","1","22","1007415015","0",""
"","","","","1007415","91","","0","1007415016","",""
"1","mhp_sit_talk_normal","","0.2","1007415","3","","117531","1007415017","",""
"0","vo_mhp_3201","","","1007415","21","0","vo_mhp_1007415","1007415018","",""
"8","アンナちゃん、どうぞー","0","0","1007415","11","0","117531","1007415019","0","0.5"
"","","","","1007415","91","","0","1007415020","",""
"1","mhp_sit_idle","","0.2","1007415","3","","117531","1007415021","",""
"1","mhp_anna_chill_walk","","0.2","1007415","3","","100931","1007415022","",""
"-220","-200","","","1007415","2","4","100931","1007415023","0",""
"","","","","1007415","91","","0","1007415024","",""
"0","mhp_anna_chill_sit_in","0.2","0.2","1007415","3","mhp_anna_chill_sit_idle","100931","1007415025","1",""
"","0","","","1007415","93","","2","1007415026","",""
"1","mhp_sit_talk_normal","","0.2","1007415","3","","117531","1007415027","",""
"0","vo_mhp_3202","","","1007415","21","0","vo_mhp_1007415","1007415028","",""
"6","って、……ずいぶん辛そうね\nそれも「不可視の暗殺者」の\n仕業かしら？","0","0","1007415","11","1","117531","1007415029","0","0.5"
"","","","","1007415","91","","0","1007415030","",""
"1","mhp_sit_idle","","0.2","1007415","3","","117531","1007415031","",""
"1","mhp_anna_chill_loop","","0.2","1007415","3","","100931","1007415032","",""
"0","vo_mhp_3203","","","1007415","21","0","vo_mhp_1007415","1007415033","",""
"4","分かんない……\nなんかもう、ぼうっとするし\nぐらぐらするし、ひたすらつらい……","0","0","1007415","11","1","100931","1007415034","0","0.5"
"","","","","1007415","91","","0","1007415035","",""
"1","mhp_sit_talk_normal","","0.2","1007415","3","","117531","1007415036","",""
"0","vo_mhp_3204","","","1007415","21","0","vo_mhp_1007415","1007415037","",""
"7","これまでの症状が治まったからって\nナナカちゃんと魔法合戦なんかして\n羽目を外し過ぎたせいね\nふふ、ダメな団長さん♪","0","0","1007415","11","1","117531","1007415038","0","0.5"
"","","","","1007415","91","","0","1007415039","",""
"1","mhp_sit_idle","","0.2","1007415","3","","117531","1007415040","",""
"1","mhp_anna_sit_talk_sad","","0.2","1007415","3","","100931","1007415041","",""
"0","vo_mhp_3205","","","1007415","21","0","vo_mhp_1007415","1007415042","",""
"5","ごめん、なさい……","0","0","1007415","11","1","100931","1007415043","0","0.5"
"","","","","1007415","91","","0","1007415044","",""
"1","mhp_anna_chill_sit_idle","","0.2","1007415","3","","100931","1007415045","",""
"1","mhp_sit_talk_normal","","0.2","1007415","3","","117531","1007415046","",""
"0","vo_mhp_3206","","","1007415","21","0","vo_mhp_1007415","1007415047","",""
"6","はぁ、こんな調子じゃ\nからかいがいもないわね\nそんなふがいないあなたには\n罰を与えなきゃ。","0","0","1007415","11","1","117531","1007415048","0","0.5"
"","","","","1007415","91","","0","1007415049","",""
"1","mhp_sit_idle","","0.2","1007415","3","","117531","1007415050","",""
"1","mhp_anna_sit_talk_worry","","0.2","1007415","3","","100931","1007415051","",""
"0","vo_mhp_3207","","","1007415","21","0","vo_mhp_1007415","1007415052","",""
"5","か、覚悟はしている……\nでも、痛いのはちょっと……","0","0","1007415","11","1","100931","1007415053","0","0.5"
"","","","","1007415","91","","0","1007415054","",""
"1","mhp_anna_chill_sit_idle","","0.2","1007415","3","","100931","1007415055","",""
"0","mhp_sit_out","0.2","0.2","1007415","3","mhp_anna_ahahaStand_loop","117531","1007415056","1",""
"0","vo_mhp_3208","","","1007415","21","0","vo_mhp_1007415","1007415057","",""
"6","大丈夫、どんな病も私の目からは\n逃れられないから！","0","0","1007415","11","1","117531","1007415058","0","0.5"
"","","","","1007415","91","","0","1007415059","",""
"","0","","","1007415","22","","0","1007415060","",""
"1","mhp_walk","","0.2","1007415","3","","117531","1007415061","0",""
"-220","-50","","","1007415","2","2","117531","1007415062","0",""
"-220","-50","","","1007415","2","2","21","1007415063","0",""
"-220","-50","","","1007415","2","2","22","1007415064","0",""
"","0","","","1007415","93","","2","1007415065","",""
"1","1","0","0","1007415","6","1","21","1007415066","1",""
"0","mhp_mitsuki_injection_in","0","0.2","1007415","3","mhp_mitsuki_injection_loop","117531","1007415067","1",""
"0","mhp_mitsuki_injection_in","0","0.2","1007415","3","mhp_mitsuki_injection_loop","21","1007415068","1",""
"1","mhp_anna_pain_in_blue","","0.2","1007415","3","","100931","1007415069","",""
"","","","","1007415","93","","1.2","1007415070","",""
"","se_10031400_syringe","","","1007415","23","","se_10031400","1007415071","",""
"","","","","1007415","93","","0.6","1007415072","",""
"0","mhp_mitsuki_injection_out","0","0.2","1007415","3","mhp_idle_normal","117531","1007415073","1",""
"0","mhp_mitsuki_injection_out","0","0.2","1007415","3","NoItem","21","1007415074","1",""
"","","","","1007415","93","","0.5","1007415075","",""
"0","mhp_anna_down","","0.2","1007415","3","","100931","1007415076","",""
"0","vo_mhp_3209","","","1007415","21","0","vo_mhp_1007415","1007415077","",""
"10","あっ……","0","0","1007415","11","1","100931","1007415078","0","0.5"
"","","","","1007415","93","","0.3","1007415079","",""
"","1","","","1007415","4","","100931","1007415080","",""
"","se_10031400_bodyfall","","","1007415","23","","se_10031400","1007415081","",""
"","","","","1007415","91","","1007415078","1007415082","",""
"1","mhp_sit_talk_surprise2","","0.2","1007415","3","","117631","1007415083","",""
"0","vo_mhp_3210","","","1007415","21","0","vo_mhp_1007415","1007415084","",""
"6","こ、この人どうなったの？\nもしかして、し、死んじゃった――","0","0","1007415","11","1","117631","1007415085","0","0.5"
"","","","","1007415","91","","0","1007415086","",""
"1","mhp_sit_idle_surprise1","","0.2","1007415","3","","117631","1007415087","",""
"1","mhp_talk_thinking","","0.2","1007415","3","","117531","1007415088","",""
"0","vo_mhp_3211","","","1007415","21","0","vo_mhp_1007415","1007415089","",""
"5","まさか。睡眠薬を打っただけよ。\n彼女に必要なのは余計なことをさせず\nゆっくり休ませることだからね。","0","0","1007415","11","1","117531","1007415090","0","0.5"
"","","","","1007415","91","","0","1007415091","",""
"1","mhp_talk_normal","","0.2","1007415","3","","117531","1007415092","",""
"0","vo_mhp_3212","","","1007415","21","0","vo_mhp_1007415","1007415093","",""
"7","アンナちゃんの弱ってる姿なんて\n面白いものじゃないもの。\nいつもみたいに大騒ぎしてもらわないと\nこっちまで調子が狂うわ。","0","0","1007415","11","1","117531","1007415094","0","0.5"
"","","","","1007415","91","","0","1007415095","",""
"1","mhp_idle_normal","","0.2","1007415","3","","117531","1007415096","",""
"1","mhp_sit_talk_joy2","","0.2","1007415","3","","117631","1007415097","",""
"0","vo_mhp_3213","","","1007415","21","0","vo_mhp_1007415","1007415098","",""
"5","もう、ビックリさせないでよね。\n何だかんだでやっぱり先生は優しいね♪","0","0","1007415","11","1","117631","1007415099","0","0.5"
"","","","","1007415","91","","0","1007415100","",""
"1","mhp_sit_idle_joy2","","0.2","1007415","3","","117631","1007415101","",""
"1","mhp_talk_thinking","","0.2","1007415","3","","117531","1007415102","",""
"0","vo_mhp_3214","","","1007415","21","0","vo_mhp_1007415","1007415103","",""
"6","まあ、よく効く睡眠薬だから\n一週間くらい寝てるかもしれないわね。","0","0","1007415","11","1","117531","1007415104","0","0.5"
"","","","","1007415","91","","0","1007415105","",""
"1","mhp_idle_thinking","","0.2","1007415","3","","117531","1007415106","",""
"1","mhp_sit_idle_surprise2","","0.2","1007415","3","","117631","1007415107","",""
"0","vo_mhp_3215","","","1007415","21","0","vo_mhp_1007415","1007415108","",""
"8","え？","0","0","1007415","11","1","117631","1007415109","0","0.5"
"","","","","1007415","91","","0","1007415110","",""
"","1","","1","1007415","32","","111","1007415111","1",""
"","1","","1","1007415","32","","120","1007415112","1",""
"","se_10031400_rose","","","1007415","23","","se_10031400","1007415113","",""
"0","mhp_mitsuki_kime","","0.2","1007415","3","","117531","1007415114","0",""
"","","","","1007415","93","","1","1007415115","",""
"","1","","1","1007415","32","","130","1007415116","1",""
"","","","","1007415","93","","4","1007415117","",""
"","0","","1","1007415","32","","130","1007415118","1",""
"","","","","1007415","91","","0","1007415119","",""
"100","103111","0","1.7","1007416","1","-1100","1","1007416001","-240","mhp_idle_normal"
"100","117631","1","1.7","1007416","1","365","1","1007416002","-200","mhp_sit_idle"
"100","117531","1","1.7","1007416","1","185","1","1007416003","-220","mhp_sit_idle"
"-240","1","","1","1007416","31","-154","1","1007416004","0.85",""
"110","11","0","1.7","1007416","5","-200","1","1007416005","-220","NoItem"
"105","12","0","1.7","1007416","5","-200","1","1007416006","-220","NoItem"
"110","21","1","1.7","1007416","5","185","1","1007416007","-220","NoItem"
"105","22","1","1.7","1007416","5","185","1","1007416008","-220","NoItem"
"1","1","0","0","1007416","6","1","11","1007416009","0",""
"1","1","0","0","1007416","6","1","12","1007416010","0",""
"1","1","0","0","1007416","6","1","21","1007416011","0",""
"1","1","0","0","1007416","6","1","22","1007416012","0",""
"110","31","0","1.7","1007416","5","-1000","1","1007416013","-240","mhp_skull_idle"
"","","","","1007416","91","","0","1007416014","",""
"1","mhp_sit_talk_normal","","0.2","1007416","3","","117531","1007416015","",""
"0","vo_mhp_6001","","","1007416","21","0","vo_mhp_1007416","1007416016","",""
"8","次の方どうぞー","0","0","1007416","11","1","117531","1007416017","0","0.5"
"","","","","1007416","91","","0","1007416018","",""
"1","mhp_sit_idle","","0.2","1007416","3","","117531","1007416019","",""
"1","mhp_walk","","0.2","1007416","3","","103111","1007416020","",""
"-220","-300","","","1007416","2","4","103111","1007416021","0",""
"-220","-200","","","1007416","2","4","31","1007416022","0",""
"","","","","1007416","91","","0","1007416023","",""
"0","mhp_idle_sad","","0.2","1007416","3","","103111","1007416024","0",""
"","","","","1007416","91","","0","1007416025","",""
"1","mhp_idle_sad","","0.2","1007416","3","","103111","1007416026","0",""
"","","","","1007416","91","","0","1007416027","",""
"1","mhp_skull_talk","","0.2","1007416","3","","31","1007416028","",""
"0","vo_mhp_6002","","","1007416","21","0","vo_mhp_1007416","1007416029","",""
"6","どうだシノブ、この部屋からすさまじい\n霊の気配を感じるだろう？","0","0","1007416","11","1","31","1007416030","0","0.5"
"","","","","1007416","91","","0","1007416031","",""
"1","mhp_skull_idle","","0.2","1007416","3","","31","1007416032","",""
"1","mhp_talk_sad","","0.2","1007416","3","","103111","1007416033","0",""
"0","vo_mhp_6003","","","1007416","21","0","vo_mhp_1007416","1007416034","",""
"6","お父さん本当なの？\n私には何も感じられないけど……","0","0","1007416","11","1","103111","1007416035","0","0.5"
"","","","","1007416","91","","0","1007416036","",""
"1","mhp_idle_sad","","0.2","1007416","3","","103111","1007416037","",""
"1","mhp_skull_talk","","0.2","1007416","3","","31","1007416038","",""
"0","vo_mhp_6004","","","1007416","21","0","vo_mhp_1007416","1007416039","",""
"6","見ろ！\nやはりオレ好みの超絶美人だ！\nくーっ、程よく熟れた感じがたまらん！","0","0","1007416","11","1","31","1007416040","0","1"
"","1","","","1007416","93","","3","1007416041","",""
"0","mhp_skull_excite_in","0","0.2","1007416","3","mhp_skull_excite_loop","31","1007416042","1",""
"","","","","1007416","91","","1007416040","1007416043","",""
"1","mhp_sit_talk_worry","","0.2","1007416","3","","117631","1007416044","0",""
"0","vo_mhp_6005","","","1007416","21","0","vo_mhp_1007416","1007416045","",""
"6","うわ、何？　ドクロが喋ってるの？\n気持ち悪いな……","0","0","1007416","11","1","117631","1007416046","0","0.5"
"","","","","1007416","91","","0","1007416047","",""
"1","mhp_sit_idle_sad","","0.2","1007416","3","","117631","1007416048","0",""
"1","mhp_talk_worry","","0.2","1007416","3","","103111","1007416049","0",""
"0","vo_mhp_6006","","","1007416","21","0","vo_mhp_1007416","1007416050","",""
"6","いきなりすみません\nすぐ帰りますので……","0","0","1007416","11","1","103111","1007416051","0","0.5"
"","","","","1007416","91","","0","1007416052","",""
"1","mhp_skull_talk","","0.2","1007416","3","","31","1007416053","",""
"1","mhp_idle_worry","","0.2","1007416","3","","103111","1007416054","",""
"0","vo_mhp_6007","","","1007416","21","0","vo_mhp_1007416","1007416055","",""
"6","ま、待てシノブ！　まだあの女医さんと\n話してないんだぞ！","0","0","1007416","11","1","31","1007416056","0","0.5"
"","","","","1007416","91","","0","1007416057","",""
"","0","","","1007416","22","","0","1007416058","",""
"0","1007416062","","","1007416","103","","燃えないゴミの日っていつだったかしら。","1007416059","",""
"0","1007416075","","","1007416","103","","しゃべるドクロ、切りがいがあるわね。","1007416060","",""
"0","1007416088","","","1007416","103","","無言で眼帯をとる。","1007416061","",""
"1","mhp_sit_idle_bitter2","","0.2","1007416","3","","117531","1007416062","",""
"","","","","1007416","93","","0.5","1007416063","",""
"0","mhp_skull_trouble_in","0","0.2","1007416","3","mhp_skull_trouble_loop","31","1007416064","1",""
"0","vo_mhp_6008","","","1007416","21","0","vo_mhp_1007416","1007416065","",""
"6","ひっ！　な、なんて冷たい目なんだ……\nで、でもサイコーにゾクゾクするぅ！","0","0","1007416","11","1","31","1007416066","0","0.5"
"","1","","","1007416","93","","6","1007416067","",""
"0","mhp_skull_excite_in","0","0.2","1007416","3","mhp_skull_excite_loop","31","1007416068","1",""
"","","","","1007416","91","","1007416066","1007416069","",""
"1","mhp_talk_sad2","","0.2","1007416","3","","103111","1007416070","",""
"0","vo_mhp_6009","","","1007416","21","0","vo_mhp_1007416","1007416071","",""
"7","お父さん、少し黙って。","0","0","1007416","11","1","103111","1007416072","0","0.5"
"","","","","1007416","91","","0","1007416073","",""
"","","","","1007416","101","","1007416097","1007416074","",""
"1","mhp_sit_idle_bitter2","","0.2","1007416","3","","117531","1007416075","",""
"","","","","1007416","93","","0.5","1007416076","",""
"0","mhp_skull_trouble_in","0","0.2","1007416","3","mhp_skull_trouble_loop","31","1007416077","1",""
"0","vo_mhp_6010","","","1007416","21","0","vo_mhp_1007416","1007416078","",""
"5","うひぃ！　解剖は勘弁……でも\nあの美しい手で触れられるのかと思うと\nなんだか興奮するな……！","0","0","1007416","11","1","31","1007416079","0","0.5"
"","1","","","1007416","93","","9","1007416080","",""
"0","mhp_skull_excite_in","0","0.2","1007416","3","mhp_skull_excite_loop","31","1007416081","1",""
"","","","","1007416","91","","1007416079","1007416082","",""
"1","mhp_talk_sad2","","0.2","1007416","3","","103111","1007416083","0",""
"0","vo_mhp_6011","","","1007416","21","0","vo_mhp_1007416","1007416084","",""
"7","お父さん、気持ち悪いよ。","0","0","1007416","11","1","103111","1007416085","0","0.5"
"","","","","1007416","91","","0","1007416086","",""
"","","","","1007416","101","","1007416097","1007416087","",""
"0","mhp_mitsuki_sit_kaihou_in","0","0.2","1007416","3","mhp_mitsuki_sit_kaihou_loop","117531","1007416088","1",""
"","","","","1007416","93","","1","1007416089","",""
"0","mhp_skull_trouble_in","0","0.2","1007416","3","mhp_skull_trouble_loop","31","1007416090","1",""
"0","vo_mhp_6012","","","1007416","21","0","vo_mhp_1007416","1007416091","",""
"6","ま、待て待て！　アレはダメだ\nオレの第六感が全力で逃げろと\n告げている！\nシノブ、退散だ！　たいさーん！","0","0","1007416","11","1","31","1007416092","0","0.5"
"","","","","1007416","91","","0","1007416093","",""
"1","mhp_talk_sad2","","0.2","1007416","3","","103111","1007416094","0",""
"0","vo_mhp_6013","","","1007416","21","0","vo_mhp_1007416","1007416095","",""
"6","そう？　少しくらい痛い目を見た方が\nいいと思うけど？","0","0","1007416","11","1","103111","1007416096","0","0.5"
"","","","","1007416","91","","0","1007416097","",""
"","","","","1007416","93","","1","1007416098","",""
"1","mhp_talk_sad","","0.2","1007416","3","","103111","1007416099","0",""
"0","vo_mhp_6014","","","1007416","21","0","vo_mhp_1007416","1007416100","",""
"6","お騒がせしました……\nこのお詫びは後日改めて\nさせていただきます。","0","0","1007416","11","1","103111","1007416101","0","0.5"
"","","","","1007416","91","","0","1007416102","",""
"","0","","","1007416","22","","0","1007416103","",""
"0","mhp_shinobu_bow","0.2","0.2","1007416","3","mhp_idle_normal","103111","1007416104","1",""
"","","","","1007416","93","","4","1007416105","",""
"1","mhp_walk","","0.2","1007416","3","","103111","1007416106","0",""
"","1","","","1007416","4","","103111","1007416107","",""
"","1","","","1007416","4","","31","1007416108","",""
"-220","-1100","","","1007416","2","5","103111","1007416109","0",""
"-220","-1000","","","1007416","2","2","31","1007416110","0",""
"","","","","1007416","93","","4","1007416111","",""
"","","","","1007416","91","","0","1007416112","",""
"1","mhp_sit_talk_worry","","0.2","1007416","3","","117631","1007416113","",""
"0","vo_mhp_6015","","","1007416","21","0","vo_mhp_1007416","1007416114","",""
"6","な、なんだったのアレ……","0","","1007416","11","1","117631","1007416115","0","0.5"
"","","","","1007416","91","","0","1007416116","",""
"","0","","","1007416","22","","0","1007416117","",""
"","","","","1007416","91","","0","1007416118","",""
"100","103111","0","1.7","1007417","1","-1000","1","1007417001","-240","mhp_idle_normal"
"100","117631","1","1.7","1007417","1","365","1","1007417002","-200","mhp_sit_idle"
"104","117531","1","1.7","1007417","1","185","1","1007417003","-220","mhp_sit_idle"
"-240","1","","1","1007417","31","-154","1","1007417004","0.85",""
"173","120","","0","1007417","31","-237","20","1007417005","1",""
"0","130","","0","1007417","31","160","30","1007417006","1",""
"0","111","","0","1007417","31","0","11","1007417007","1",""
"110","11","0","1.7","1007417","5","-200","1","1007417008","-220","NoItem"
"105","12","0","1.7","1007417","5","-200","1","1007417009","-220","NoItem"
"110","21","1","1.7","1007417","5","185","1","1007417010","-220","NoItem"
"105","22","1","1.7","1007417","5","185","1","1007417011","-220","NoItem"
"1","1","0","0","1007417","6","1","11","1007417012","0",""
"1","1","0","0","1007417","6","1","12","1007417013","0",""
"1","1","0","0","1007417","6","1","21","1007417014","0",""
"1","1","0","0","1007417","6","1","22","1007417015","0",""
"","","","","1007417","91","","0","1007417016","",""
"1","mhp_sit_talk_normal","","0.2","1007417","3","","117531","1007417017","",""
"0","vo_mhp_6101","","","1007417","21","0","vo_mhp_1007417","1007417018","",""
"8","シノブさん、どうぞー","0","0","1007417","11","1","117531","1007417019","0","0.5"
"","","","","1007417","91","","0","1007417020","",""
"1","mhp_sit_idle","","0.2","1007417","3","","117531","1007417021","",""
"1","mhp_walk","","0.2","1007417","3","","103111","1007417022","0",""
"-220","-200","","","1007417","2","4","103111","1007417023","0",""
"","","","","1007417","91","","0","1007417024","",""
"0","mhp_sit_in","","0.2","1007417","3","","103111","1007417025","0",""
"","","","","1007417","91","","0","1007417026","",""
"1","mhp_sit_idle_sad","","0.2","1007417","3","","103111","1007417027","0",""
"","","","","1007417","91","","0","1007417028","",""
"1","mhp_sit_talk_sad","","0.2","1007417","3","","103111","1007417029","0",""
"0","vo_mhp_6102","","","1007417","21","0","vo_mhp_1007417","1007417030","",""
"5","失礼します\n先日は父が本当に申し訳\nありませんでした\nお詫びにうかがったのですが……","0","0","1007417","11","1","103111","1007417031","0","1"
"","","","","1007417","91","","0","1007417032","",""
"1","mhp_sit_idle_sad","","0.2","1007417","3","","103111","1007417033","0",""
"1","mhp_sit_talk_normal","","0.2","1007417","3","","117531","1007417034","0",""
"0","vo_mhp_6103","","","1007417","21","0","vo_mhp_1007417","1007417035","",""
"7","あら、わざわざありがとう。\n気にしなくていいのに。","0","0","1007417","11","1","117531","1007417036","0","0.5"
"","","","","1007417","91","","0","1007417037","",""
"1","mhp_sit_idle","","0.2","1007417","3","","117531","1007417038","0",""
"1","mhp_sit_talk_wish2","","0.2","1007417","3","","103111","1007417039","0",""
"0","vo_mhp_6104","","","1007417","21","0","vo_mhp_1007417","1007417040","",""
"7","そういうわけにはいきません。","0","0","1007417","11","1","103111","1007417041","0","0.5"
"","","","","1007417","91","","0","1007417042","",""
"1","mhp_sit_idle_sad","","0.2","1007417","3","","103111","1007417043","0",""
"1","mhp_sit_talk_normal","","0.2","1007417","3","","117531","1007417044","0",""
"0","vo_mhp_6105","","","1007417","21","0","vo_mhp_1007417","1007417045","",""
"6","律儀なのはいいけど\nあなた気苦労が多そうだから\nもう少し気楽にしてた方がいいわね。","0","0","1007417","11","1","117531","1007417046","0","0.5"
"","","","","1007417","91","","0","1007417047","",""
"1","mhp_sit_idle","","0.2","1007417","3","","117531","1007417048","0",""
"1","mhp_sit_talk_sad","","0.2","1007417","3","","103111","1007417049","0",""
"0","vo_mhp_6106","","","1007417","21","0","vo_mhp_1007417","1007417050","",""
"5","そう、ですか……別に父のせいという\nわけではないですが、\n育った環境が特殊だったので……","0","0","1007417","11","1","103111","1007417051","0","1"
"","","","","1007417","91","","0","1007417052","",""
"1","mhp_sit_talk_sad2","","0.2","1007417","3","","103111","1007417053","0",""
"0","vo_mhp_6107","","","1007417","21","0","vo_mhp_1007417","1007417054","",""
"6","ギルドメンバーと一緒にいる時でも\nみんなのように\n楽しそうに笑えない、といいますか。","0","0","1007417","11","1","103111","1007417055","0","0.5"
"","","","","1007417","91","","0","1007417056","",""
"1","mhp_sit_talk_worry","","0.2","1007417","3","","103111","1007417057","0",""
"0","vo_mhp_6108","","","1007417","21","0","vo_mhp_1007417","1007417058","",""
"6","笑顔がきちんとできないと\nやはりよくないでしょうか。","0","0","1007417","11","1","103111","1007417059","0","0.5"
"","","","","1007417","91","","0","1007417060","",""
"1","mhp_sit_idle_sad","","0.2","1007417","3","","103111","1007417061","0",""
"1","mhp_sit_talk_normal","","0.2","1007417","3","","117531","1007417062","0",""
"0","vo_mhp_6109","","","1007417","21","0","vo_mhp_1007417","1007417063","",""
"6","そんなことないわ。\n笑顔ができるからって\nまともな人間とは限らないもの。","0","0","1007417","11","1","117531","1007417064","0","0.5"
"","","","","1007417","91","","0","1007417065","",""
"1","mhp_sit_talk_joy1","","0.2","1007417","3","","117531","1007417066","0",""
"0","vo_mhp_6110","","","1007417","21","0","vo_mhp_1007417","1007417067","",""
"6","ウチのギルドなんてみんな\nニコニコしてるけど、基本ヤバめの\n子たちばかりよ。私を含めて、ね♪","0","0","1007417","11","1","117531","1007417068","0","0.5"
"","","","","1007417","91","","0","1007417069","",""
"1","mhp_sit_talk_normal","","0.2","1007417","3","","117531","1007417070","0",""
"0","vo_mhp_6111","","","1007417","21","0","vo_mhp_1007417","1007417071","",""
"6","それでもみんなすごく魅力的よ\n表情一つじゃ人の良さは判断できないし\nすべきではないわ。","0","0","1007417","11","1","117531","1007417072","0","0.5"
"","","","","1007417","91","","0","1007417073","",""
"1","mhp_sit_talk_wish","","0.2","1007417","3","","117531","1007417074","0",""
"0","vo_mhp_6112","","","1007417","21","0","vo_mhp_1007417","1007417075","",""
"7","あなたのことはまだよく知らないけれど\n笑顔ができないからって\n誤解されるような\n子じゃないってのは分かるわ。","0","0","1007417","11","1","117531","1007417076","0","0.5"
"","","","","1007417","91","","0","1007417077","",""
"1","mhp_sit_talk_bitter","","0.2","1007417","3","","117531","1007417078","0",""
"0","vo_mhp_6113","","","1007417","21","0","vo_mhp_1007417","1007417079","",""
"6","私は医者だから\n人を見る目はあるのよ♪","0","0","1007417","11","1","117531","1007417080","0","0.5"
"","","","","1007417","91","","0","1007417081","",""
"1","mhp_sit_idle","","0.2","1007417","3","","117531","1007417082","0",""
"1","mhp_sit_talk_wish","","0.2","1007417","3","","103111","1007417083","0",""
"0","vo_mhp_6114","","","1007417","21","0","vo_mhp_1007417","1007417084","",""
"6","……お医者さんって\n人生相談もするんですね。","0","0","1007417","11","1","103111","1007417085","0","0.5"
"","","","","1007417","91","","0","1007417086","",""
"1","mhp_sit_idle_wish","","0.2","1007417","3","","103111","1007417087","0",""
"1","mhp_sit_talk_normal","","0.2","1007417","3","","117531","1007417088","0",""
"0","vo_mhp_6115","","","1007417","21","0","vo_mhp_1007417","1007417089","",""
"6","本当は専門外だけど、迷える少年少女の\nカウンセリングくらいはできるわよ。","0","0","1007417","11","1","117531","1007417090","0","0.5"
"","","","","1007417","91","","0","1007417091","",""
"1","mhp_sit_idle","","0.2","1007417","3","","117531","1007417092","0",""
"1","mhp_sit_talk_normal","","0.2","1007417","3","","103111","1007417093","0",""
"0","vo_mhp_6116","","","1007417","21","0","vo_mhp_1007417","1007417094","",""
"6","……ありがとうございます。\nなんだか心が軽くなった気がします。","0","0","1007417","11","1","103111","1007417095","0","1"
"","","","","1007417","91","","0","1007417096","",""
"","0","","","1007417","22","","0","1007417097","",""
"1","mhp_sit_idle","","0.2","1007417","3","","103111","1007417098","0",""
"0","mhp_sit_out","0","0.2","1007417","3","mhp_idle_normal","117531","1007417099","1",""
"","","","","1007417","93","","1","1007417100","",""
"","1","","1","1007417","32","","111","1007417101","1",""
"","1","","1","1007417","32","","120","1007417102","1",""
"","se_10031400_rose","","","1007417","23","","se_10031400","1007417103","",""
"0","mhp_mitsuki_kime","","0.2","1007417","3","","117531","1007417104","0",""
"","","","","1007417","93","","1","1007417105","",""
"","1","","1","1007417","32","","130","1007417106","1",""
"","","","","1007417","93","","4","1007417107","",""
"","0","","1","1007417","32","","130","1007417108","1",""
"","","","","1007417","93","","1.2","1007417109","",""
"0","mhp_sit_in","0","0.2","1007417","3","mhp_sit_idle","117531","1007417110","1",""
"","","","","1007417","93","","2","1007417111","",""
"1","mhp_sit_talk_normal","","0.2","1007417","3","","117531","1007417112","0",""
"0","vo_mhp_6117","","","1007417","21","0","vo_mhp_1007417","1007417113","",""
"5","それはよかったわ。それよりあなた\n占いが得意なんでしょう？\nあなたのこと、もっとよく知りたいし\nひとつ占ってくれるかしら？","0","0","1007417","11","1","117531","1007417114","0","0.5"
"","","","","1007417","91","","0","1007417115","",""
"1","mhp_sit_idle","","0.2","1007417","3","","117531","1007417116","0",""
"1","mhp_sit_talk_wish","","0.2","1007417","3","","103111","1007417117","0",""
"0","vo_mhp_6118","","","1007417","21","0","vo_mhp_1007417","1007417118","",""
"5","はい、私も先生のことが知りたいですし\n本気で占わせてもらいますね。","0","0","1007417","11","1","103111","1007417119","0","0.5"
"","","","","1007417","91","","0","1007417120","",""
"1","mhp_sit_idle_wish","","0.2","1007417","3","","103111","1007417121","0",""
"1","mhp_sit_talk_normal","","0.2","1007417","3","","117531","1007417122","0",""
"0","vo_mhp_6119","","","1007417","21","0","vo_mhp_1007417","1007417123","",""
"4","それはうれしいわね。それならその……\nこの先良縁に恵まれるか、とか\nわ、分かったりするかしら？","0","0","1007417","11","1","117531","1007417124","0","1.5"
"","1","","","1007417","93","","3","1007417125","",""
"1","mhp_mitsuki_sit_shy","","0.2","1007417","3","","117531","1007417126","0",""
"","","","","1007417","91","","1007417124","1007417127","",""
"","0","","","1007417","22","","0","1007417128","",""
"","0","","","1007417","93","","0.5","1007417129","",""
"0","mhp_yuki_sit_yareyare_in","0","0.2","1007417","3","mhp_yuki_sit_yareyare_loop","117631","1007417130","1",""
"","0","","","1007417","93","","2","1007417131","",""
"","","","","1007417","91","","0","1007417132","",""
"100","100931","0","1.7","1009011","1","0","1","1009011001","0","mhp_sit_idle_sad"
"101","31","0","1.7","1009011","5","0","1","1009011002","0","NoItem_sit_idle"
"1","mhp_anna_dark_loop","","0.2","1009011","3","","100931","1009011003","",""
"1","mhp_anna_dark_loop","","0.2","1009011","3","","31","1009011004","",""
"0","vo_mhp_0301","","","1009011","21","0","vo_mhp","1009011005","",""
"3","くっ、頭が…鎮まれ！\nおのれ、また\nどこからか攻撃が…！","0","0","1009011","11","0","100931","1009011006","0","0"
"","","","","1009011","91","","0","1009011007","",""
"100","100931","0","1.7","1009012","1","0","1","1009012001","0","mhp_sit_idle"
"1","mhp_anna_huhu_loop","","0.2","1009012","3","","100931","1009012002","",""
"1","NoItem","","0.2","1009012","3","","31","1009012003","",""
"0","vo_mhp_0302","","","1009012","21","0","vo_mhp","1009012004","",""
"4","一難去ってまた一難\n強者とは常に狙われる\nものだな","0","0","1009012","11","0","100931","1009012005","0","0"
"","","","","1009012","91","","0","1009012006","",""
"100","100931","0","1.7","1009013","1","0","1","1009013001","0","mhp_sit_idle"
"1","mhp_anna_chill_loop","","0.2","1009013","3","","100931","1009013002","",""
"1","NoItem","","0.2","1009013","3","","31","1009013003","",""
"0","vo_mhp_0303","","","1009013","21","0","vo_mhp","1009013004","",""
"5","うぅ、つらい…","0","0","1009013","11","0","100931","1009013005","0","0"
"","","","","1009013","91","","0","1009013006","",""
"100","102511","0","1.7","1025011","1","0","1","1025011001","0","mhp_sit_idle_sad"
"1","mhp_sit_talk_sad","","0.2","1025011","3","","102511","1025011002","",""
"0","vo_mhp_0201","","","1025011","21","0","vo_mhp","1025011003","",""
"5","こんなことで\n診てもらうの\nやっぱり失礼かな…","0","0","1025011","11","0","102511","1025011004","0","0"
"","","","","1025011","91","","0","1025011005","",""
"1","mhp_sit_idle_sad","","0.2","1025011","3","","102511","1025011006","",""
"100","102511","0","1.7","1025012","1","0","1","1025012001","0","mhp_sit_idle"
"1","mhp_sit_talk_joy2","","0.2","1025012","3","","102511","1025012002","",""
"0","vo_mhp_0202","","","1025012","21","0","vo_mhp","1025012003","",""
"5","ミツキ先生すごいなぁ\nあの人ならきっと…！","0","0","1025012","11","0","102511","1025012004","0","0"
"","","","","1025012","91","","0","1025012005","",""
"1","mhp_sit_idle_joy2","","0.2","1025012","3","","102511","1025012006","",""
"100","102511","0","1.7","1025013","1","0","1","1025013001","0","mhp_sit_idle"
"1","mhp_sit_talk_sad2","","0.2","1025013","3","","102511","1025013002","",""
"0","vo_mhp_0203","","","1025013","21","0","vo_mhp","1025013003","",""
"4","今日が最後の診察…\nドジ、治るといいなぁ","0","0","1025013","11","0","102511","1025013004","0","0"
"","","","","1025013","91","","0","1025013005","",""
"1","mhp_sit_idle_sad2","","0.2","1025013","3","","102511","1025013006","",""
"100","103111","0","1.7","1031011","1","0","1","1031011001","0","mhp_sit_idle"
"1","mhp_sit_talk_sad","","0.2","1031011","3","","103111","1031011002","",""
"0","vo_mhp_0601","","","1031011","21","0","vo_mhp","1031011003","",""
"5","イヤな予感がする…\nお父さん、迷惑\nかけなければいいけど","0","0","1031011","11","0","103111","1031011004","0","0"
"","","","","1031011","91","","0","1031011005","",""
"1","mhp_sit_idle_sad","","0.2","1031011","3","","103111","1031011006","",""
"100","103111","0","1.7","1031012","1","0","1","1031012001","0","mhp_sit_idle"
"1","mhp_sit_talk_wish","","0.2","1031012","3","","103111","1031012002","",""
"0","vo_mhp_0602","","","1031012","21","0","vo_mhp","1031012003","",""
"4","あの先生、素敵な\n人だった…\n少し話してみたいかも","0","0","1031012","11","0","103111","1031012004","0","0"
"","","","","1031012","91","","0","1031012005","",""
"1","mhp_sit_idle_wish","","0.2","1031012","3","","103111","1031012006","",""
"100","104431","0","1.7","1044011","1","0","1","1044011001","0","mhp_sit_idle"
"1","mhp_sit_talk_thinking","","0.2","1044011","3","","104431","1044011002","",""
"0","vo_mhp_0501","","","1044011","21","0","vo_mhp","1044011003","",""
"5","さて、名医とやらの\nお手並み拝見じゃ！","0","0","1044011","11","0","104431","1044011004","0","0"
"","","","","1044011","91","","0","1044011005","",""
"1","mhp_sit_idle_thinking","","0.2","1044011","3","","104431","1044011006","",""
"100","104431","0","1.7","1044012","1","0","1","1044012001","0","mhp_sit_idle"
"1","mhp_sit_talk_sad","","0.2","1044012","3","","104431","1044012002","",""
"0","vo_mhp_0502","","","1044012","21","0","vo_mhp","1044012003","",""
"6","落ち着け…\n気をしっかり\n保つのじゃ…","0","0","1044012","11","0","104431","1044012004","0","0"
"","","","","1044012","91","","0","1044012005","",""
"1","mhp_sit_idle_sad","","0.2","1044012","3","","104431","1044012006","",""
"100","104431","0","1.7","1044013","1","0","1","1044013001","0","mhp_sit_idle"
"1","mhp_sit_talk_memory","","0.2","1044013","3","","104431","1044013002","",""
"0","vo_mhp_0503","","","1044013","21","0","vo_mhp","1044013003","",""
"4","もうすぐあやつが\n我がものに…くくく\n待っておれよ！","0","0","1044013","11","0","104431","1044013004","0","0"
"","","","","1044013","91","","0","1044013005","",""
"1","mhp_sit_idle_memory","","0.2","1044013","3","","104431","1044013006","",""
"100","111031","0","1.7","1110011","1","0","1","1110011001","0","mhp_sit_idle_thinking2"
"1","mhp_sit_talk_wish","","0.2","1110011","3","","111031","1110011002","",""
"0","vo_mhp_0101","","","1110011","21","0","vo_mhp","1110011003","",""
"4","隻眼の名医か……\n彼女のことに相違ない\nぼくは詳しいんだ","0","0","1110011","11","0","111031","1110011004","0","0"
"","","","","1110011","91","","0","1110011005","",""
"1","mhp_sit_idle_wish","","0.2","1110011","3","","111031","1110011006","",""
"100","111031","0","1.7","1110012","1","0","1","1110012001","0","mhp_sit_idle2"
"1","mhp_sit_talk_thinking2","","0.2","1110012","3","","111031","1110012002","",""
"0","vo_mhp_0102","","","1110012","21","0","vo_mhp","1110012003","",""
"4","今日は気まずいな……\nちぇるーん☆\nううむ、これで行くか","0","0","1110012","11","0","111031","1110012004","0","0"
"","","","","1110012","91","","0","1110012005","",""
"1","mhp_sit_idle_thinking2","","0.2","1110012","3","","111031","1110012006","",""
"100","111031","0","1.7","1110013","1","0","1","1110013001","0","mhp_sit_idle2"
"1","mhp_sit_talk_anger2","","0.2","1110013","3","","111031","1110013002","",""
"0","vo_mhp_0103","","","1110013","21","0","vo_mhp","1110013003","",""
"5","ぐぬぬ、ミツキ師め\n近ごろアレを\n出し渋ってるな……","0","0","1110013","11","0","111031","1110013004","0","0"
"","","","","1110013","91","","0","1110013005","",""
"1","mhp_sit_idle_anger2","","0.2","1110013","3","","111031","1110013006","",""