d99e36e1d2a06a53597cdf465d6d42a379e2f7bb015b6b791a7380dd5e8eb611,83e013849cfa4972faff20839fc012a89c637469dd957395857790730ccc79aa,2aaaba0d0fb410029bb00be19dc495f847ec51e596cdc590c2b0f001881e977c,9f35bde421f2bd813f8118d35f79ddb1ea98e9a2b78f4f1c5c396e83d8f44cdd,72b2accc96e4d0a3cf7ce90fe306da25e0997d0a538bb09d5080f21a90abed97,86e3136aad5792fddf2afc00c0540a02bc44ab1197b8e7e783566b9e01fcba54,f1be606831243682e8503ee69d46db763320d7be5be6e215bc584a034f0a052b,7774025341c67628b1b6848b64adc2fb6bb05e9dfce54a437ab608553372a788,ca1e55060ab8ac8b182acb251616c1c17562c19ef872a2af9fae9b3762646c51,59eca8df1474c71cb77150b73f16c838ee96be8dd089c3032bc132f50caa93b5,fe5bc6d9d069dac94d9959db98deaa2648e38cf28c05870db8d119644c09b358
"1","111831","1.5","101","115","-150","nop_idle_joy1","1","0","-100","101001"
"1","120731","1.5","101","114","-150","nop_idle_normal_joy","1","1","100","101002"
"1","120831","1.5","101","111","-127","nop_idle_arm_crossed","1","0","-215","101003"
"1","111931","1.5","101","110","-127","nop_idle_normal","1","1","215","101004"
"1","120931","1.5","101","113","-150","nop_idle_thinking","1","0","-330","101005"
"1","112031","1.5","101","112","-150","nop_idle_normal","1","1","330","101006"
"1","108731","1.5","102","115","-150","nop_idle_joy1","1","0","-100","102001"
"1","108831","1.5","102","114","-150","nop_idle_joy_normal","1","1","100","102002"
"1","108931","1.5","102","111","-127","nop_idle_normal","1","0","-215","102003"
"1","102011","1.5","103","113","-135","nop_idle_joy1","1","0","-100","103001"
"1","100411","1.5","103","115","-150","nop_idle_normal","1","0","-215","103002"
"1","103631","1.5","103","114","-143","nop_idle_wish","1","1","100","103003"
"1","101231","1.5","104","115","-150","nop_idle_normal","1","0","-100","104001"
"1","104011","1.5","104","114","-150","nop_idle_normal","1","1","100","104002"
"1","101511","1.5","104","111","-127","nop_idle_normal","1","0","-215","104003"
"1","103111","1.5","105","113","-135","nop_idle_normal","1","0","-100","105001"
"1","102211","1.5","105","111","-135","nop_idle_sad","1","1","100","105002"
"1","100711","1.5","105","115","-150","nop_05_miyako_idle_normal","1","0","-215","105003"
"1","100611","1.5","105","112","-150","nop_idle_joy1","1","1","215","105004"
"5","2051","1.5","105","114","-135","nop_skull_idle","1","1","-25","105005"
"1","104731","1.5","106","115","-150","nop_idle_arm_crossed","1","0","-215","106001"
"1","107131","1.5","106","114","-150","nop_idle_arm_crossed","1","1","215","106002"
"1","103731","1.5","106","111","-135","nop_idle_normal","1","0","-100","106003"
"1","100511","1.5","106","110","-135","nop_idle_joy1","1","1","100","106004"
"1","102831","1.5","107","115","-150","nop_idle_normal","1","0","-100","107001"
"1","102111","1.5","107","114","-150","nop_idle_normal","1","1","100","107002"
"1","102511","1.5","107","111","-127","nop_idle_normal","1","0","-215","107003"
"1","102311","1.5","107","110","-127","nop_idle_normal","1","1","215","107004"
"1","101011","1.5","108","115","-150","nop_idle_joy_normal","1","0","-100","108001"
"1","104331","1.5","108","114","-150","nop_idle_arm_crossed","1","1","100","108002"
"1","101711","1.5","108","111","-127","nop_idle_joy1","1","0","-215","108003"
"1","101431","1.5","108","110","-127","nop_idle_normal","1","1","215","108004"
"1","103311","1.5","109","115","-150","nop_idle_joy1","1","0","-100","109001"
"1","105211","1.5","109","111","-127","nop_idle_joy_normal","1","0","-215","109002"
"1","102611","1.5","109","114","-150","nop_idle_sad2","1","1","100","109003"
"1","103811","1.5","109","110","-127","nop_idle_normal","1","1","215","109004"
"1","103231","1.5","110","115","-150","nop_idle_joy1","1","0","-100","110001"
"1","103411","1.5","110","110","-127","nop_10_yukari_02","1","1","215","110002"
"5","11","1.5","110","111","-127","nop_10_yukari_02","1","1","215","110003"
"1","104811","1.5","110","114","-150","nop_idle_doya","1","1","100","110004"
"1","104611","1.5","110","111","-127","nop_idle_joy_normal","1","0","-215","110005"
"1","100911","1.5","111","115","-150","nop_11_anna_idle_arm_crossed","1","0","-100","111001"
"1","101311","1.5","111","114","-150","nop_idle_joy_normal","1","1","100","111002"
"1","102711","1.5","111","111","-127","nop_11_eriko_idle_wish","1","0","-215","111003"
"1","105111","1.5","111","110","-127","nop_idle_normal","1","1","215","111004"
"1","101831","1.5","112","115","-143","nop_idle_joy1","1","1","100","112001"
"1","101611","1.5","112","110","-135","nop_idle_joy_normal","1","0","-100","112002"
"1","105011","1.5","112","114","-150","nop_idle_joy_normal","1","0","-215","112003"
"1","105331","1.5","113","113","-150","nop_idle_normal_joy","1","1","100","113001"
"1","104511","1.5","113","114","-150","nop_13_kuka_idle_memory2","1","0","-100","113002"
"1","103031","1.5","113","110","-127","nop_idle_joy1","1","0","-215","113003"
"1","100811","1.5","113","111","-150","nop_idle_thinking","1","0","-330","113004"
"1","105511","1.5","113","115","-150","nop_idle_sad","1","1","240","113005"
"1","106831","1.5","114","115","-150","nop_idle_normal","1","1","100","114001"
"1","101131","1.5","114","114","-150","nop_idle_normal","1","0","-100","114002"
"1","104931","1.5","114","110","-127","nop_idle_normal","1","0","-215","114003"
"1","102931","1.5","115","115","-143","nop_idle_joy1","1","1","100","115001"
"1","104211","1.5","115","110","-135","nop_idle_wish","1","0","-100","115002"
"1","105411","1.5","115","114","-150","nop_idle_normal","1","0","-215","115003"
"1","106731","1.5","116","115","-150","nop_idle_normal","1","1","100","116001"
"1","106631","1.5","116","114","-150","nop_idle_joy1","1","0","-100","116002"
"1","106531","1.5","116","110","-127","nop_16_kaya_idle_normal2","1","0","-215","116003"
"5","2","1.5","116","116","-150","nop_rago_idle","1","1","180","116004"
"1","111031","1.5","117","115","-150","nop_idle_normal","1","1","100","117001"
"1","110931","1.5","117","114","-150","nop_idle_joy2","1","0","-100","117002"
"1","110831","1.5","117","110","-127","nop_17_chloe_idle_normal2","1","0","-215","117003"
"5","1","1.5","117","115","-150","NoItem_idle","1","0","-100","117004"
"1","114711","1.5","118","115","-150","nop_18_muimi_idle_joy_normal","1","1","-100","118001"
"1","118511","1.5","118","114","-150","nop_18_karin_idle_normal","1","0","100","118002"
"1","115031","1.5","118","111","-127","nop_idle_normal","1","0","-215","118003"
"1","118031","1.5","118","110","-127","nop_idle_joy1","1","1","215","118004"
"1","111831","1.2","201","100","0","nop_idle_joy1","1","0","-60","201001"
"1","120731","1.2","201","101","0","nop_idle_normal_joy","1","1","60","201002"
"1","120831","1.2","201","102","-5","nop_idle_arm_crossed","1","0","-130","201003"
"1","111931","1.2","201","103","-5","nop_idle_normal","1","1","130","201004"
"1","120931","1.2","201","104","-20","nop_idle_thinking","1","0","-200","201005"
"1","112031","1.2","201","105","-20","nop_idle_normal","1","1","200","201006"
"1","108731","1.2","202","100","0","nop_idle_joy1","1","0","-60","202001"
"1","108831","1.2","202","101","0","nop_idle_joy_normal","1","1","60","202002"
"1","108931","1.2","202","102","-5","nop_idle_normal","1","0","-130","202003"
"1","102011","1.2","203","100","0","nop_idle_joy1","1","0","-60","203001"
"1","100411","1.2","203","101","-5","nop_idle_normal","1","0","-130","203002"
"1","103631","1.2","203","102","-5","nop_idle_wish","1","1","60","203003"
"1","101231","1.2","204","100","0","nop_idle_normal","1","0","-60","204001"
"1","104011","1.2","204","101","0","nop_idle_normal","1","1","60","204002"
"1","101511","1.2","204","102","-5","nop_idle_normal","1","0","-130","204003"
"1","103111","1.2","205","100","0","nop_idle_normal","1","0","-80","205001"
"1","102211","1.2","205","101","0","nop_idle_sad","1","1","60","205002"
"1","100711","1.2","205","104","-5","nop_05_miyako_idle_normal","1","0","-150","205003"
"1","100611","1.2","205","103","-5","nop_idle_joy1","1","1","130","205004"
"5","2051","1.2","205","102","0","nop_skull_idle","1","1","-20","205005"
"1","104731","1.2","206","102","-5","nop_idle_arm_crossed","1","0","-130","206001"
"1","107131","1.2","206","103","-5","nop_idle_arm_crossed","1","1","130","206002"
"1","103731","1.2","206","100","0","nop_idle_normal","1","0","-60","206003"
"1","100511","1.2","206","101","0","nop_idle_joy1","1","1","60","206004"
"1","102831","1.2","207","100","0","nop_idle_normal","1","0","-60","207001"
"1","102111","1.2","207","101","0","nop_idle_normal","1","1","60","207002"
"1","102511","1.2","207","102","-5","nop_idle_normal","1","0","-130","207003"
"1","102311","1.2","207","103","-5","nop_idle_normal","1","1","130","207004"
"1","101011","1.2","208","100","0","nop_idle_joy_normal","1","0","-60","208001"
"1","104331","1.2","208","101","0","nop_idle_arm_crossed","1","1","60","208002"
"1","101711","1.2","208","102","-5","nop_idle_joy1","1","0","-130","208003"
"1","101431","1.2","208","103","-5","nop_idle_normal","1","1","130","208004"
"1","103311","1.2","209","100","0","nop_idle_joy1","1","0","-60","209001"
"1","105211","1.2","209","102","-5","nop_idle_joy_normal","1","0","-130","209002"
"1","102611","1.2","209","101","0","nop_idle_sad2","1","1","60","209003"
"1","103811","1.2","209","103","-5","nop_idle_normal","1","1","130","209004"
"1","103231","1.2","210","100","0","nop_idle_joy1","1","0","-60","210001"
"1","103411","1.2","210","103","-5","nop_10_yukari_02","1","1","130","210002"
"5","11","1.2","210","104","-5","nop_10_yukari_02","1","1","130","210003"
"1","104811","1.2","210","101","0","nop_idle_doya","1","1","60","210004"
"1","104611","1.2","210","102","-5","nop_idle_joy_normal","1","0","-130","210005"
"1","100911","1.2","211","100","0","nop_11_anna_idle_arm_crossed","1","0","-60","211001"
"1","101311","1.2","211","101","0","nop_idle_joy_normal","1","1","60","211002"
"1","102711","1.2","211","102","-5","nop_11_eriko_idle_wish","1","0","-130","211003"
"1","105111","1.2","211","103","-5","nop_idle_normal","1","1","130","211004"
"1","101831","1.2","212","100","0","nop_idle_joy1","1","1","60","212001"
"1","101611","1.2","212","101","0","nop_idle_joy_normal","1","0","-60","212002"
"1","105011","1.2","212","102","-5","nop_idle_joy_normal","1","0","-130","212003"
"1","105331","1.2","213","100","0","nop_idle_normal_joy","1","1","60","213001"
"1","104511","1.2","213","101","0","nop_13_kuka_idle_memory2","1","0","-60","213002"
"1","103031","1.2","213","102","-5","nop_idle_joy1","1","0","-130","213003"
"1","100811","1.2","213","103","-20","nop_idle_thinking","1","0","-200","213004"
"1","105511","1.2","213","104","-20","nop_idle_sad","1","1","130","213005"
"1","106831","1.2","214","100","0","nop_idle_normal","1","1","60","214001"
"1","101131","1.2","214","101","0","nop_idle_normal","1","0","-60","214002"
"1","104931","1.2","214","103","-5","nop_idle_normal","1","0","-130","214003"
"1","102931","1.2","215","100","0","nop_idle_joy1","1","1","60","215001"
"1","104211","1.2","215","101","0","nop_idle_wish","1","0","-60","215002"
"1","105411","1.2","215","102","-5","nop_idle_normal","1","0","-130","215003"
"1","106731","1.2","216","100","0","nop_idle_normal","1","1","60","216001"
"1","106631","1.2","216","101","0","nop_idle_joy1","1","0","-60","216002"
"1","106531","1.2","216","103","-5","nop_16_kaya_idle_normal2","1","0","-130","216003"
"5","2","1.2","216","101","0","nop_rago_idle","1","1","140","216004"
"1","111031","1.2","217","100","0","nop_idle_normal","1","1","60","217001"
"1","110931","1.2","217","101","0","nop_idle_joy2","1","0","-60","217002"
"1","110831","1.2","217","103","-5","nop_17_chloe_idle_normal2","1","0","-130","217003"
"5","1","1.2","217","102","0","NoItem_idle","1","0","-60","217004"
"1","114711","1.2","218","100","0","nop_18_muimi_idle_joy_normal","1","1","-40","218001"
"1","118511","1.2","218","101","0","nop_18_karin_idle_normal","1","0","40","218002"
"1","115031","1.2","218","102","-5","nop_idle_normal","1","0","-130","218003"
"1","118031","1.2","218","103","-5","nop_idle_joy1","1","1","130","218004"
"3","nop_talk_joy1","0.2","301","1","","","111831","","","301001"
"11","次は何を食べましょうか。\nキャルちゃんは何がいいです？","0","301","8","0","0.5","111831","0","0","301002"
"91","","","301","","","","301002","","","301003"
"3","nop_idle_joy_normal","0.2","301","1","","","111831","","","301004"
"3","nop_18_neneka_humu","0.2","301","0","1","","112031","0.3","nop_idle_doya","301005"
"11","そうねー\n普段は食べられない珍しい物とかどう？","0","301","8","0","0.5","112031","0","0","301006"
"91","","","301","","","","301006","","","301007"
"3","nop_talk_arm_crossed","0.2","301","0","1","","120831","0","nop_talk_arm_crossed_loop","301008"
"11","ならこいつはどうだい？\nトーゴクでも\n滅多にお目にかかれない逸品だよ。","0","301","8","0","0.5","120831","0","0","301009"
"91","","","301","","","","301009","","","301010"
"3","nop_idle_arm_crossed","0.2","301","1","","","120831","","","301011"
"3","nop_11_anna_huhuStand_in","0.2","301","0","1","","120931","0","nop_11_anna_huhuStand_loop","301012"
"11","ふふふ、力が満ち溢れるぞ。\nこれがおせち料理の力か！","0","301","8","0","0.5","120931","0","0","301013"
"93","0","","301","","","","1","","","301014"
"3","nop_11_anna_ahahaStand_in","0.2","301","0","1","","120931","0","nop_11_anna_ahahaStand_loop","301015"
"91","","","301","","","","301013","","","301016"
"3","nop_11_anna_ahahaStand_loop","0.2","301","1","1","","120931","","","301017"
"3","nop_01_coccoro_an_in","0.2","301","0","1","","111931","0","nop_01_coccoro_an_loop","301018"
"11","シェフィさま。こちらをどうぞ。\nはい、あーん。","0","301","8","0","0.5","111931","0","0","301019"
"93","0","","301","","","","0.2","","","301020"
"4","0","","301","","","","120731","","","301021"
"93","0","","301","","","","0.8","","","301022"
"3","nop_surprise","0.2","301","0","1","","120731","0.2","nop_idle_shy","301023"
"91","","","301","","","","301019","","","301024"
"3","nop_talk_shy","0.2","301","1","","","120731","","","301025"
"11","コ、コッコロさん……\n恥ずかしいわ……","0","301","8","0","0.5","120731","0","0","301026"
"91","","","301","","","","301026","","","301027"
"3","nop_idle_shy","0.2","301","1","","","120731","","","301028"
"93","0","","301","","","","0.5","","","301029"
"3","nop_01_coccoro_an_out","0.2","301","0","1","","111931","0","nop_idle_normal","301030"
"93","0","","301","","","","1","","","301031"
"4","1","","301","","","","120731","","","301032"
"3","nop_idle_joy1","0.2","301","1","","","120731","","","301033"
"11","せっかく騎士クンが\n呼んでくれたんだもの。\n楽しまなくっちゃ！","0","302","8","0","0.5","108831","0","0","302001"
"3","nop_talk_joy3_blink","0.2","302","1","","","108831","","","302002"
"93","1","","302","","","","2.75","","","302003"
"3","nop_talk_joy1_normal","0.2","302","1","","","108831","","","302004"
"91","","","302","","","","302001","","","302005"
"3","nop_idle_joy_normal","0.2","302","1","1","","108831","","","302006"
"11","今年もいい年にしないとね。","0","302","8","0","0.5","108931","0","0","302007"
"3","nop_talk_joy1_normal","0.2","302","1","","","108931","","","302008"
"91","","","302","","","","302007","","","302009"
"3","nop_idle_normal","0.2","302","1","","","108931","","","302010"
"11","みんながいればきっと大丈夫だよ！","0","302","8","0","0.5","108731","0","0","302011"
"3","nop_talk_joy2","0.2","302","1","","","108731","","","302012"
"91","","","302","","","","302011","","","302013"
"3","nop_idle_joy1","0.2","302","1","1","","108731","","","302014"
"91","","","302","","","","0","","","302015"
"11","わあ！　おっきい会場だね！\nお料理もたくさん！","0","303","8","0","0.5","102011","0","0","303001"
"3","nop_talk_joy2","0.2","303","1","","","102011","","","303002"
"91","","","303","","","","303001","","","303003"
"3","nop_idle_joy1","0.2","303","1","1","","102011","","","303004"
"11","えっへっへ、これは\nイタズラしがいがあるねー","0","303","8","0","0.5","100411","0","0","303005"
"3","nop_talk_joy2","0.2","303","1","","","100411","","","303006"
"91","","","303","","","","303005","","","303007"
"3","nop_idle_normal","0.2","303","1","1","","100411","","","303008"
"11","へんたいふしんしゃさん……\nじゃなくて、あの人はどこかな？","0","303","8","0","0.5","103631","0","0","303009"
"3","nop_talk_wish","0.2","303","1","","","103631","","","303010"
"91","","","303","","","","303009","","","303011"
"3","nop_idle_wish","0.2","303","1","","","103631","","","303012"
"11","立派な新年会ね。\nみんな笑顔で素敵だわ。","0","304","8","0","0.5","101511","0","0","304001"
"3","nop_talk_normal","0.2","304","1","","","101511","","","304002"
"93","0","","304","","","","1.5","","","304003"
"3","nop_talk_joy3","0.2","304","1","","","101511","","","304004"
"91","","","304","","","","304001","","","304005"
"3","nop_idle_joy1","0.2","304","1","","","101511","","","304006"
"11","あのお料理美味しそう！\nシオリンにも教えてあげよっと。","0","304","8","0","0.5","101231","0","0","304007"
"3","nop_idle_surprise_kira","0.2","304","1","","","101231","","","304008"
"93","0","","304","","","","1.5","","","304009"
"3","nop_talk_joy2","0.2","304","1","","","101231","","","304010"
"91","","","304","","","","304007","","","304011"
"3","nop_idle_joy_normal","0.2","304","1","","","101231","","","304012"
"11","はわわ……キラキラした人が\nいっぱいいます～！","0","304","8","0","0.5","104011","0","0","304013"
"3","nop_idle_surprise2","0.2","304","1","","","104011","","","304014"
"91","","","304","","","","304013","","","304015"
"3","nop_idle_normal","0.2","304","1","1","","104011","","","304016"
"3","nop_idle_normal","0.2","304","1","","","101511","","","304017"
"3","nop_idle_normal","0.2","304","1","","","101231","","","304018"
"11","プリンプリン……プリンはどこなの？\nプリンをよこすのー！","0","305","8","0","0.5","100711","0","0","305001"
"3","nop_05_miyako_talk_anger","0.2","305","1","","","100711","","","305002"
"91","","","305","","","","305001","","","305003"
"3","nop_05_miyako_idle_anger","0.2","305","1","1","","100711","","","305004"
"11","お父さん。きれいな女性が多いからって\n他の人に迷惑かけないでね。","0","305","8","0","0.5","103111","0","0","305005"
"3","nop_talk_worry","0.2","305","1","","","103111","","","305006"
"91","","","305","","","","305005","","","305007"
"3","nop_idle_worry","0.2","305","1","1","","103111","","","305008"
"11","わあ、すごい量のおせち料理♪\nアカリ、お腹いっぱいになっちゃう～","0","305","8","0","0.5","100611","0","0","305009"
"3","nop_talk_surprise_kira","0.2","305","1","","","100611","","","305010"
"93","0","","305","","","","2","","","305011"
"3","nop_talk_memory","0.2","305","1","","","100611","","","305012"
"91","","","305","","","","305009","","","305013"
"3","nop_idle_memory2","0.2","305","1","","","100611","","","305014"
"11","アイツの作った料理って、どれだろ……\nべ、別に食べたいから探してるって\nわけじゃないからね？","0","305","8","0","0.5","102211","0","0","305015"
"3","nop_talk_sad","0.2","305","1","","","102211","","","305016"
"93","0","","305","","","","2.8","","","305017"
"3","nop_talk_anger2","0.2","305","1","","","102211","","","305018"
"91","","","305","","","","305015","","","305019"
"3","nop_idle_anger2","0.2","305","1","1","","102211","","","305020"
"11","はーっはっはっは！\nこういう華やかな場所こそ\nクリスティーナさんに相応しいな。","0","306","8","0","0.5","107131","0","0","306001"
"3","nop_06_cris_ahaha_in","0.2","306","0","1","","107131","0","nop_06_cris_ahaha_loop","306002"
"93","0","","306","","","","1.5","","","306003"
"3","nop_talk_arm_crossed","0.2","306","0","1","","107131","0.2","nop_talk_arm_crossed_loop","306004"
"91","","","306","","","","306001","","","306005"
"3","nop_idle_arm_crossed","0.2","306","1","1","","107131","","","306006"
"11","美味しそうな料理がいっぱいッス！\nトモねーちゃん、\n次はあれを食べるッスよ！","0","306","8","0","0.5","100511","0","0","306007"
"3","nop_talk_surprise_kira","0.2","306","1","","","100511","","","306008"
"93","0","","306","","","","4.5","","","306009"
"3","nop_talk_joy2","0.2","306","1","","","100511","","","306010"
"91","","","306","","","","306007","","","306011"
"3","nop_idle_normal","0.2","306","1","","","100511","","","306012"
"11","マツリちゃん、少し落ち着こう？\n料理は逃げないからね。","0","306","8","0","0.5","103731","0","0","306013"
"3","nop_talk_worry","0.2","306","1","","","103731","","","306014"
"91","","","306","","","","306013","","","306015"
"3","nop_idle_worry","0.2","306","1","1","","103731","","","306016"
"11","みんな楽しんでいるようだね。\nやっぱり平和が何よりだよ。","0","306","8","0","0.5","104731","0","0","306017"
"3","nop_talk_arm_crossed_loop","0.2","306","1","","","104731","","","306018"
"91","","","306","","","","306017","","","306019"
"3","nop_idle_arm_crossed","0.2","306","1","1","","104731","","","306020"
"11","すごい人数ね。\n会場は広いから、みんな\n迷子にならないようにね？","0","307","8","0","0.5","102831","0","0","307001"
"3","nop_talk_surprise1","0.2","307","1","","","102831","","","307002"
"93","0","","307","","","","1.2","","","307003"
"3","nop_talk_joy1_normal","0.2","307","1","","","102831","","","307004"
"91","","","307","","","","307001","","","307005"
"3","nop_idle_normal","0.2","307","1","1","","102831","","","307006"
"11","はーい、ママ・サレン！\nみんないい子にしてるよ。","0","307","8","0","0.5","102111","0","0","307007"
"3","nop_talk_joy3_dere","0.2","307","1","","","102111","","","307008"
"93","0","","307","","","","1.7","","","307009"
"3","nop_talk_wish","0.2","307","1","","","102111","","","307010"
"91","","","307","","","","307007","","","307011"
"11","お嬢様！\nわ、私も一緒ですから\n大丈夫です！","0","307","8","0","0.5","102511","0","0","307012"
"3","nop_talk_guts3_NoBlink","0.2","307","0","1","","102511","0","nop_talk_guts3_loop","307013"
"91","","","307","","","","307012","","","307014"
"11","そう言いながら、\nスズメが一番迷子に\nなりそうなんだけど……","0","307","8","0","0.5","102311","0","0","307015"
"3","nop_talk_worry","0.2","307","1","","","102311","","","307016"
"91","","","307","","","","307015","","","307017"
"3","nop_idle_normal","0.2","307","1","","","102311","","","307018"
"3","nop_idle_normal","0.2","307","1","1","","102111","","","307019"
"3","nop_idle_normal","0.2","307","1","1","","102511","","","307020"
"11","立派な新年会ですなあ。\n美味しそうなお料理ばかりで\n目移りしそうやわ～","0","308","8","0","0.5","101011","0","0","308001"
"3","nop_talk_joy3_blink2","0.2","308","1","","","101011","","","308002"
"93","1","","308","1","","","1.5","","","308003"
"3","nop_talk_joy1","0.2","308","1","","","101011","","","308004"
"91","","","308","","","","308001","","","308005"
"3","nop_idle_joy_normal","0.2","308","1","1","","101011","","","308006"
"11","お、あの料理、\nうちの店でも出せないかな？\nもうちょっと食べてみるか……","0","308","8","0","0.5","104331","0","0","308007"
"3","nop_talk_arm_crossed2","0.2","308","0","1","","104331","0.2","nop_talk_arm_crossed_loop2","308008"
"93","1","","308","1","","","3","","","308009"
"3","nop_talk_thinking","0.2","308","1","","","104331","","","308010"
"91","","","308","","","","308007","","","308011"
"3","nop_idle_thinking","0.2","308","1","1","","104331","","","308012"
"11","賑やかで楽しい雰囲気の新年会だね～\nなんだか踊りたくなってきたさ～","0","308","8","0","0.5","101711","0","0","308013"
"3","nop_talk_joy1_wink","0.2","308","1","","","101711","","","308014"
"93","1","","308","1","","","2.5","","","308015"
"3","nop_talk_joy2","0.2","308","1","","","101711","","","308016"
"91","","","308","","","","308013","","","308017"
"3","nop_idle_joy1","0.2","308","1","1","","101711","","","308018"
"11","事件の匂い……はしないようだね。\nふうむ、少しだけ残念だよ。","0","308","8","0","0.5","101431","0","0","308019"
"3","nop_talk_joy3_blink2","0.2","308","1","","","101431","","","308020"
"93","1","","308","1","","","3","","","308021"
"3","nop_talk_arm_crossed","0.2","308","0","1","","101431","0.2","nop_talk_arm_crossed_loop","308022"
"91","","","308","","","","308019","","","308023"
"3","nop_idle_arm_crossed","0.2","308","1","","","101431","","","308024"
"91","","","308","1","","","0","","","308025"
"11","新春初笑いのネタをつくってきたべ！\n誰か聞いていかねえか？","0","309","8","0","0.5","103311","0","0","309001"
"3","nop_talk_guts2","0.2","309","0","1","","103311","0.2","nop_talk_guts2_loop","309002"
"93","1","","309","","","","2.5","","","309003"
"3","nop_talk_joy2","0.2","309","1","","","103311","","","309004"
"91","","","309","","","","309001","","","309005"
"3","nop_idle_joy1","0.2","309","1","1","","103311","","","309006"
"11","舞踏会が開けそうな会場ね。\n素敵だわ。","0","309","8","0","0.5","105211","0","0","309007"
"3","nop_talk_joy1_normal","0.2","309","1","","","105211","","","309008"
"93","1","","309","","","","2","","","309009"
"3","nop_talk_memory","0.2","309","1","","","105211","","","309010"
"91","","","309","","","","309007","","","309011"
"3","nop_idle_memory","0.2","309","1","1","","105211","","","309012"
"11","人が多くて疲れたよ～\nリマ～、おんぶしてよ～","0","309","8","0","0.5","102611","0","0","309013"
"3","nop_talk_sad2","0.2","309","1","","","102611","","","309014"
"93","1","","309","","","","1.5","","","309015"
"3","nop_talk_worry","0.2","309","1","","","102611","","","309016"
"91","","","309","","","","309013","","","309017"
"3","nop_idle_worry","0.2","309","1","1","","102611","","","309018"
"11","あのお料理美味しそう……\nお姉ちゃんにも教えてあげなくちゃ。","0","309","8","0","0.5","103811","0","0","309019"
"3","nop_talk_joy3_blink","0.2","309","1","","","103811","","","309020"
"91","","","309","","","","309019","","","309021"
"3","nop_idle_normal_joy","0.2","309","1","","","103811","","","309022"
"91","","","309","","","","0","","","309023"
"11","こうして大勢のみなさまと過ごすお正月\n賑やかで最高ですわね！","0","310","8","0","0.5","103231","0","0","310001"
"3","nop_talk_joy1","0.2","310","1","","","103231","","","310002"
"91","","","310","","","","310001","","","310003"
"3","nop_idle_joy1","0.2","310","1","1","","103231","","","310004"
"11","珍しいおせち料理がいっぱいにゃ。\nたいやきの新メニューのヒントに\nなるかにゃ？","0","310","8","0","0.5","104611","0","0","310005"
"3","nop_talk_joy2","0.2","310","1","","","104611","","","310006"
"93","1","","310","","","","2.5","","","310007"
"3","nop_talk_thinking","0.2","310","1","","","104611","","","310008"
"91","","","310","","","","310005","","","310009"
"3","nop_idle_thinking","0.2","310","1","","","104611","","","310010"
"11","みんな～、あけおめ～！\nなんちゃって。ヒック。","0","310","8","0","0.5","103411","0","0","310011"
"3","nop_10_yukari_04","0.2","310","1","","","103411","","","310012"
"3","nop_10_yukari_04","0.2","310","1","","","11","","","310013"
"93","1","","310","","","","2.5","","","310014"
"3","nop_10_yukari_06","0.2","310","0","1","","103411","0.5","nop_10_yukari_02","310015"
"3","nop_10_yukari_06","0.2","310","0","1","","11","0.5","nop_10_yukari_02","310016"
"91","","","310","","","","310011","","","310017"
"11","え？　ユカリさん？\nもう酔っぱらっちゃってる……","0","310","8","0","0.5","104811","0","0","310018"
"3","nop_talk_surprise1","0.2","310","1","","","104811","","","310019"
"4","0","","310","","","","104811","","","310020"
"93","1","","310","","","","1","","","310021"
"3","nop_talk_worry","0.2","310","1","","","104811","","","310022"
"91","","","310","","","","310018","","","310023"
"3","nop_idle_worry","0.2","310","1","1","","104811","","","310024"
"91","","","310","","","","0","","","310025"
"3","nop_talk_wish","0.2","311","1","","","102711","","","311001"
"11","この広い会場のどこかに\nあのおかたの存在を感じますわ……","0","311","8","0","0.5","102711","0","0","311002"
"91","","","311","","","","311002","","","311003"
"3","nop_idle_wish","0.2","311","1","","","102711","","","311004"
"3","nop_11_anna_huhuStand_in","0.2","311","0","1","","100911","0","nop_11_anna_huhuStand_loop","311005"
"11","疼く……疼くぞ！\n我が魔眼が新たなる年を祝えと……！","0","311","8","0","0.5","100911","0","0","311006"
"91","","","311","","","","311006","","","311007"
"3","nop_11_anna_huhuStand_loop","0.2","311","1","","","100911","","","311008"
"3","nop_talk_joy2","0.2","311","1","","","101311","","","311009"
"11","アンナたそアンナたそ！\nおせち料理、美味しそうですぞ！\nさあ、おあがりよ！！","0","311","8","0","0.5","101311","0","0","311010"
"91","","","311","","","","311010","","","311011"
"3","nop_idle_joy_normal","0.2","311","1","","","101311","","","311012"
"3","nop_talk_thinking","0.2","311","1","","","105111","","","311013"
"11","医食同源……って知ってるかしら？\n長寿を願う料理には、なにかしらの\n効能があるものも多いのよ。","0","311","8","0","0.5","105111","0","0","311014"
"91","","","311","","","","311014","","","311015"
"3","nop_idle_thinking","0.2","311","1","","","105111","","","311016"
"11","素敵な新年会ね～\n他の学校の人たちも来ているようだし\nお話を伺いに行こうかしら？","0","312","8","0","0.5","101831","0","0","312001"
"3","nop_talk_joy1","0.2","312","1","","","101831","","","312002"
"91","","","312","","","","312001","","","312003"
"3","nop_idle_joy1","0.2","312","1","1","","101831","","","312004"
"11","見て見てミサキっち！\nあそこの料理すっごく美味しそう！","0","312","8","0","0.5","101611","0","0","312005"
"3","nop_talk_surprise_kira","0.2","312","1","","","101611","","","312006"
"91","","","312","","","","312005","","","312007"
"3","nop_idle_surprise_kira","0.2","312","1","1","","101611","","","312008"
"11","えー？　でもあれって野菜じゃない？\n別に、大人のレディだから\n食べられないわけじゃないけど？","0","312","8","0","0.5","105011","0","0","312009"
"3","nop_talk_sad","0.2","312","1","","","105011","","","312010"
"93","0","","312","","","","2.5","","","312011"
"3","nop_talk_tsun_pain","0.2","312","1","","","105011","","","312012"
"91","","","312","","","","312009","","","312013"
"3","nop_idle_sad","0.2","312","1","1","","105011","","","312014"
"11","立派な新年会ではないか。\n我々もこの場に相応しく\n振る舞わなければな！","0","313","8","0","0.5","105331","0","0","313001"
"3","nop_13_monica_talk_doya","0.2","313","0","1","","105331","0.2","nop_13_monica_talk_doya_loop","313002"
"91","","","313","","","","313001","","","313003"
"3","nop_idle_doya","0.2","313","1","1","","105331","","","313004"
"11","おせちといえばトーゴクデース！\nオーエド町のみなさんにも\n新年のゴアイサツしないとデスね！","0","313","8","0","0.5","103031","0","0","313005"
"3","nop_talk_joy1","0.2","313","1","","","103031","","","313006"
"91","","","313","","","","313005","","","313007"
"3","nop_idle_joy1","0.2","313","1","1","","103031","","","313008"
"11","新年会でもボクは美しいね。\nああ、会場中の視線が\n集まってるようだよ。","0","313","8","0","0.5","100811","0","0","313009"
"3","nop_talk_thinking","0.2","313","1","","","100811","","","313010"
"91","","","313","","","","313009","","","313011"
"3","nop_idle_thinking","0.2","313","1","1","","100811","","","313012"
"11","会場中の視線……\nああ、蔑みの視線がクウカに……\nぐふふふ……","0","313","8","0","0.5","104511","0","0","313013"
"3","nop_13_kuka_talk_memory1","0.2","313","1","","","104511","","","313014"
"91","","","313","","","","313013","","","313015"
"3","nop_13_kuka_idle_memory1","0.2","313","1","1","","104511","","","313016"
"11","大きな会場……\n先輩はどこにいるのかな？","0","313","8","0","0.5","105511","0","0","313017"
"3","nop_talk_sad","0.2","313","1","","","105511","","","313018"
"91","","","313","","","","313017","","","313019"
"3","nop_idle_sad","0.2","313","1","1","","105511","","","313020"
"11","むむむ……弟くんの気配！\n近くにいるよ、リノちゃん！","0","314","8","0","0.5","104931","0","0","314001"
"3","nop_14_shizuru_talk_thinking","0.2","314","1","","","104931","","","314002"
"93","0","","314","","","","2","","","314003"
"3","nop_talk_guts3","0.2","314","0","1","","104931","0","nop_talk_guts3_loop","314004"
"91","","","314","","","","314001","","","314005"
"11","はい！　私にも分かりますよ！\nあ、あそこです！　たぶん！","0","314","8","0","0.5","101131","0","0","314006"
"3","nop_talk_arm_crossed","0.2","314","0","1","","101131","","nop_talk_arm_crossed_loop","314007"
"93","0","","314","","","","2","","","314008"
"3","nop_talk_joy1","0.2","314","1","","","101131","","","314009"
"91","","","314","","","","314006","","","314010"
"3","nop_idle_joy_normal","0.2","314","1","1","","101131","","","314011"
"11","ははっ、相変わらずの\nお姉ちゃんパワーと妹パワーだね。","0","314","8","0","0.5","106831","0","0","314012"
"3","nop_talk_arm_crossed_joy","0.2","314","0","1","","106831","0","nop_talk_arm_crossed_loop_joy","314013"
"91","","","314","","","","314012","","","314014"
"3","nop_idle_normal","0.2","314","1","1","","106831","","","314015"
"3","nop_idle_normal","0.2","314","1","","","104931","","","314016"
"3","nop_idle_normal","0.2","314","1","1","","101131","","","314017"
"11","素敵な新年会ですね。\nみんなが楽しそうなおかげで\n精霊も喜んでいます。","0","315","8","0","0.5","104211","0","0","315001"
"3","nop_talk_wish","0.2","315","1","","","104211","","","315002"
"91","","","315","","","","315001","","","315003"
"3","nop_idle_wish","0.2","315","1","1","","104211","","","315004"
"11","トーゴクの晴れ着、きれいですね……\nステージ衣装の参考にできないかな？","0","315","8","0","0.5","105411","0","0","315005"
"3","nop_talk_normal","0.2","315","1","","","105411","","","315006"
"93","0","","315","","","","2.5","","","315007"
"3","nop_talk_thinking","0.2","315","1","","","105411","","","315008"
"91","","","315","","","","315005","","","315009"
"3","nop_idle_thinking","0.2","315","1","","","105411","","","315010"
"11","おせち料理もすごく美味しいよ。\n元気、もらっちゃったな♪","0","315","8","0","0.5","102931","0","0","315011"
"3","nop_talk_joy1","0.2","315","1","","","102931","","","315012"
"91","","","315","","","","315011","","","315013"
"3","nop_idle_joy1","0.2","315","1","1","","102931","","","315014"
"3","nop_16_inori_talk_doya","0.2","316","0","1","","106631","0","nop_16_inori_talk_doya_loop","316001"
"11","ビッグなあたしにふさわしい会場です！\n気に入ったですよ！","0","316","8","0","0.5","106631","0","0","316002"
"91","","","316","","","","316002","","","316003"
"3","nop_16_inori_idle_doya","0.2","316","1","","","106631","","","316004"
"3","nop_talk_joy1","0.2","316","1","","","106531","","","316005"
"11","楽しいケンカが出来そうな\n顔もチラホラいるな……\nなんだかたぎってきたぜ。","0","316","8","0","0.5","106531","0","0","316006"
"93","1","","316","","","","3.5","","","316007"
"3","nop_talk_arm_crossed","0.2","316","0","1","","106531","0","nop_talk_arm_crossed_loop","316008"
"91","","","316","","","","316006","","","316009"
"3","nop_idle_arm_crossed","0.2","316","1","","","106531","","","316010"
"3","nop_talk_normal","0.2","316","1","","","106731","","","316011"
"11","二人とも、問題起こしちゃダメだよ～？\nこの会場には怒ったら怖い人たちが\nい～っぱいいるからね～？","0","316","8","0","0.5","106731","0","0","316012"
"91","","","316","","","","316012","","","316013"
"3","nop_idle_normal","0.2","316","1","","","106731","","","316014"
"11","わぁ～！　美味しそうなお料理が\n所狭しと山盛り子ちゃんですね！\nちぇる～ん☆","0","317","8","0","0.5","110931","0","0","317001"
"3","nop_17_chieru_talk_memory","0.2","317","1","","","110931","","","317002"
"93","0","","317","","","","4.2","","","317003"
"3","nop_17_chieru_01","0.2","317","0","1","","110931","0","nop_17_chieru_loop","317004"
"3","nop_17_chieru_01","0.2","317","0","1","","1","0","nop_17_chieru_loop","317005"
"91","","","317","","","","317001","","","317006"
"3","nop_idle_joy1","0.2","317","1","","","110931","","","317007"
"3","NoItem_idle","0.2","317","1","","","1","","","317008"
"11","夥しい数の固形食物……うぇっぷ！\nこれは見ているだけで嫌になるな……","0","317","8","0","0.5","111031","0","0","317009"
"3","nop_talk_normal_sad","0.2","317","1","","","111031","","","317010"
"93","0","","317","","","","1.5","","","317011"
"3","nop_17_yuni_weppu","0.2","317","0","1","","111031","0","nop_17_yuni_weppu_loop","317012"
"91","","","317","","","","317009","","","317013"
"11","パイセン。\nうちらまでカンジ悪いと思われンで、\n二度と口開かないでもらっていいすか。","0","317","8","0","0.5","110831","0","0","317014"
"3","nop_17_chloe_talk_normal_anger","0.2","317","0","1","","110831","0","nop_17_chloe_talk_normal_anger_loop","317015"
"3","nop_idle_sad","0.2","317","1","","","110931","","","317016"
"91","","","317","","","","317014","","","317017"
"3","nop_17_chloe_idle_normal2","0.2","317","1","","","110831","","","317018"
"3","nop_idle_normal","0.2","317","1","1","","111031","","","317019"
"3","nop_talk_joy1","0.2","318","1","","","114711","","","318001"
"11","おせち料理、どれも美味しそうだな！\n……アイツも、ちゃんと\n正月楽しんでるのかな……","0","318","8","0","0.5","114711","0","0","318002"
"93","0","","318","","","","2.5","","","318003"
"3","nop_18_muimi_talk_thinking","0.2","318","1","","","114711","","","318004"
"91","","","318","","","","318002","","","318005"
"3","nop_18_muimi_idle_thinking","0.2","318","1","1","","114711","","","318006"
"3","nop_18_neneka_humu","0.2","318","0","1","","115031","0","nop_idle_normal","318007"
"11","正月くらいは少しゆっくり\nさせてもらいましょうか。","0","318","8","0","0.5","115031","0","0","318008"
"91","","","318","","","","318008","","","318009"
"3","nop_talk_arm_crossed","0.2","318","0","1","","118031","0","nop_talk_arm_crossed_loop","318010"
"11","む……この規模の会場を\nその価格で？　あなた、\nなかなかのやり手ですわね……！","0","318","8","0","0.5","118031","0","0","318011"
"93","0","","318","","","","2.5","","","318012"
"3","nop_talk_doya","0.2","318","0","1","","118031","0","nop_talk_doya_loop","318013"
"91","","","318","","","","318011","","","318014"
"3","nop_idle_doya","0.2","318","1","","","118031","","","318015"
"3","nop_18_karin_talk_normal","0.2","318","1","","","118511","","","318016"
"11","いえいえ。それほどでもー","0","318","8","0","0.5","118511","0","0","318017"
"91","","","318","","","","318017","","","318018"
"3","nop_18_karin_idle_normal","0.2","318","1","1","","118511","","","318019"
"3","nop_talk_joy2","0.2","401","1","","","111831","","","401001"
"93","0","","401","","","","2","","","401002"
"3","nop_idle_joy_normal","0.2","401","1","","","111831","","","401003"
"3","nop_18_neneka_humu","0.2","401","0","1","","112031","0","nop_idle_normal","401004"
"93","0","","401","","","","2","","","401005"
"3","nop_16_kaya_talk_normal2_loop","0.2","401","1","","","120831","","","401006"
"93","0","","401","","","","2","","","401007"
"3","nop_16_kaya_idle_normal2","0.2","401","1","","","120831","","","401008"
"3","nop_talk_surprise1","0.2","401","1","","","120931","","","401009"
"93","0","","401","","","","2","","","401010"
"3","nop_idle_normal_joy","0.2","401","1","","","120931","","","401011"
"3","nop_talk_normal","0.2","401","1","","","111931","","","401012"
"93","0","","401","","","","2","","","401013"
"3","nop_idle_normal","0.2","401","1","","","111931","","","401014"
"3","nop_talk_joy1","0.2","401","1","","","120731","","","401015"
"93","0","","401","","","","2","","","401016"
"3","nop_idle_normal_joy","0.2","401","1","","","120731","","","401017"
"3","nop_talk_joy2","0.2","402","1","","","108731","","","402001"
"93","0","","402","","","","2","","","402002"
"3","nop_idle_joy1","0.2","402","1","","","108731","","","402003"
"3","nop_talk_joy3_blink","0.2","402","1","","","108831","","","402004"
"93","0","","402","","","","2","","","402005"
"3","nop_idle_joy_normal","0.2","402","1","","","108831","","","402006"
"3","nop_talk_normal","0.2","402","1","","","108931","","","402007"
"93","0","","402","","","","2","","","402008"
"3","nop_idle_normal","0.2","402","1","","","108931","","","402009"
"3","nop_talk_surprise_kira","0.2","403","1","","","102011","","","403001"
"93","0","","403","","","","2","","","403002"
"3","nop_idle_joy1","0.2","403","1","","","102011","","","403003"
"3","nop_talk_joy2","0.2","403","1","","","100411","","","403004"
"93","0","","403","","","","2","","","403005"
"3","nop_idle_normal","0.2","403","1","","","100411","","","403006"
"3","nop_talk_wish","0.2","403","1","","","103631","","","403007"
"93","0","","403","","","","2","","","403008"
"3","nop_idle_wish","0.2","403","1","","","103631","","","403009"
"3","nop_talk_wish_joy","0.2","404","1","","","101511","","","404001"
"93","0","","404","","","","2","","","404002"
"3","nop_idle_normal","0.2","404","1","","","101511","","","404003"
"3","nop_talk_joy2","0.2","404","1","","","101231","","","404004"
"93","0","","404","","","","2","","","404005"
"3","nop_idle_normal","0.2","404","1","","","101231","","","404006"
"3","nop_talk_surprise_kira","0.2","404","1","","","104011","","","404007"
"93","0","","404","","","","2","","","404008"
"3","nop_idle_normal","0.2","404","1","","","104011","","","404009"
"3","nop_talk_normal","0.2","405","1","","","103111","","","405001"
"93","0","","405","","","","2","","","405002"
"3","nop_idle_normal","0.2","405","1","","","103111","","","405003"
"3","nop_talk_worry","0.2","405","1","","","102211","","","405004"
"93","0","","405","","","","2","","","405005"
"3","nop_idle_worry","0.2","405","1","","","102211","","","405006"
"3","nop_05_miyako_talk_joy1","0.2","405","1","","","100711","","","405007"
"93","0","","405","","","","2","","","405008"
"3","nop_05_miyako_idle_joy1","0.2","405","1","","","100711","","","405009"
"3","nop_talk_joy1","0.2","405","1","","","100611","","","405010"
"93","0","","405","","","","2","","","405011"
"3","nop_idle_joy1","0.2","405","1","","","100611","","","405012"
"3","nop_talk_thinking","0.2","406","1","","","107131","","","406001"
"93","0","","406","","","","2","","","406002"
"3","nop_idle_arm_crossed","0.2","406","1","","","107131","","","406003"
"3","nop_talk_sad","0.2","406","1","","","103731","","","406004"
"93","0","","406","","","","2","","","406005"
"3","nop_idle_sad","0.2","406","1","","","103731","","","406006"
"3","nop_talk_joy2","0.2","406","1","","","100511","","","406007"
"93","0","","406","","","","2","","","406008"
"3","nop_idle_normal","0.2","406","1","","","100511","","","406009"
"3","nop_talk_normal","0.2","406","1","","","104731","","","406010"
"93","0","","406","","","","2","","","406011"
"3","nop_idle_normal","0.2","406","1","","","104731","","","406012"
"3","nop_talk_joy3","0.2","407","1","","","102831","","","407001"
"93","0","","407","","","","2","","","407002"
"3","nop_idle_normal","0.2","407","1","","","102831","","","407003"
"3","nop_07_kurumi_idle_bitter","0.2","407","1","","","102111","","","407004"
"93","0","","407","","","","2","","","407005"
"3","nop_idle_normal","0.2","407","1","","","102111","","","407006"
"3","nop_talk_joy2","0.2","407","1","","","102511","","","407007"
"93","0","","407","","","","2","","","407008"
"3","nop_idle_normal","0.2","407","1","","","102511","","","407009"
"3","nop_talk_joy1","0.2","407","1","","","102311","","","407010"
"93","0","","407","","","","2","","","407011"
"3","nop_idle_normal","0.2","407","1","","","102311","","","407012"
"3","nop_talk_joy1","0.2","408","1","","","101011","","","408001"
"93","0","","408","","","","2","","","408002"
"3","nop_idle_joy_normal","0.2","408","1","","","101011","","","408003"
"3","nop_talk_arm_crossed_loop","0.2","408","1","","","104331","","","408004"
"93","0","","408","","","","2","","","408005"
"3","nop_idle_arm_crossed","0.2","408","1","","","104331","","","408006"
"3","nop_talk_joy2","0.2","408","1","","","101711","","","408007"
"93","0","","408","","","","2","","","408008"
"3","nop_idle_joy1","0.2","408","1","","","101711","","","408009"
"3","nop_talk_normal","0.2","408","1","","","101431","","","408010"
"93","0","","408","","","","2","","","408011"
"3","nop_idle_normal","0.2","408","1","","","101431","","","408012"
"3","nop_talk_joy1","0.2","409","1","","","103311","","","409001"
"93","0","","409","","","","2","","","409002"
"3","nop_idle_joy1","0.2","409","1","","","103311","","","409003"
"3","nop_talk_joy1","0.2","409","1","","","105211","","","409004"
"93","0","","409","","","","2","","","409005"
"3","nop_idle_joy_normal","0.2","409","1","","","105211","","","409006"
"3","nop_talk_sad2","0.2","409","1","","","102611","","","409007"
"93","0","","409","","","","2","","","409008"
"3","nop_idle_sad2","0.2","409","1","","","102611","","","409009"
"3","nop_talk_normal","0.2","409","1","","","103811","","","409010"
"93","0","","409","","","","2","","","409011"
"3","nop_idle_normal","0.2","409","1","","","103811","","","409012"
"3","nop_talk_joy1","0.2","410","1","","","103231","","","410001"
"93","0","","410","","","","2","","","410002"
"3","nop_idle_joy1","0.2","410","1","","","103231","","","410003"
"3","nop_10_yukari_01","0.2","410","1","","","103411","","","410004"
"3","nop_10_yukari_01","0.2","410","1","","","11","","","410005"
"93","0","","410","","","","2","","","410006"
"3","nop_10_yukari_02","0.2","410","1","","","103411","","","410007"
"3","nop_10_yukari_02","0.2","410","1","","","11","","","410008"
"3","nop_talk_doya_loop","0.2","410","1","","","104811","","","410009"
"4","1","","410","","","","104811","","","410010"
"93","0","","410","","","","2","","","410011"
"3","nop_idle_doya","0.2","410","1","","","104811","","","410012"
"3","nop_talk_joy2","0.2","410","1","","","104611","","","410013"
"93","0","","410","","","","2","","","410014"
"3","nop_idle_joy_normal","0.2","410","1","","","104611","","","410015"
"3","nop_talk_wish2","0.2","411","1","","","102711","","","411001"
"93","0","","411","","","","2","","","411002"
"3","nop_idle_memory","0.2","411","1","","","102711","","","411003"
"3","nop_talk_normal","0.2","411","1","","","100911","","","411004"
"93","0","","411","","","","2","","","411005"
"3","nop_idle_arm_crossed","0.2","411","1","","","100911","","","411006"
"3","nop_talk_joy2","0.2","411","1","","","101311","","","411007"
"93","0","","411","","","","2","","","411008"
"3","nop_idle_joy_normal","0.2","411","1","","","101311","","","411009"
"3","nop_talk_normal","0.2","411","1","","","105111","","","411010"
"93","0","","411","","","","2","","","411011"
"3","nop_idle_normal","0.2","411","1","","","105111","","","411012"
"3","nop_talk_joy1","0.2","412","1","","","101831","","","412001"
"93","0","","412","","","","2","","","412002"
"3","nop_idle_joy1","0.2","412","1","","","101831","","","412003"
"3","nop_talk_joy2","0.2","412","1","","","101611","","","412004"
"93","0","","412","","","","2","","","412005"
"3","nop_idle_joy_normal","0.2","412","1","","","101611","","","412006"
"3","nop_talk_joy1","0.2","412","1","","","105011","","","412007"
"93","0","","412","","","","2","","","412008"
"3","nop_idle_joy_normal","0.2","412","1","","","105011","","","412009"
"3","nop_talk_normal","0.2","413","1","","","105331","","","413001"
"93","0","","413","","","","2","","","413002"
"3","nop_idle_normal","0.2","413","1","","","105331","","","413003"
"3","nop_talk_memory","0.2","413","1","","","104511","","","413004"
"93","0","","413","","","","2","","","413005"
"3","nop_idle_memory","0.2","413","1","","","104511","","","413006"
"3","nop_talk_joy1","0.2","413","1","","","103031","","","413007"
"93","0","","413","","","","2","","","413008"
"3","nop_idle_joy1","0.2","413","1","","","103031","","","413009"
"3","nop_talk_wish","0.2","413","1","","","100811","","","413010"
"93","0","","413","","","","2","","","413011"
"3","nop_idle_wish","0.2","413","1","","","100811","","","413012"
"3","nop_talk_sad","0.2","413","1","","","105511","","","413013"
"93","0","","413","","","","2","","","413014"
"3","nop_idle_sad","0.2","413","1","","","105511","","","413015"
"3","nop_talk_guts2","0.2","414","0","1","","101131","0","nop_talk_guts2_loop","414001"
"93","0","","414","","","","2","","","414002"
"3","nop_idle_normal","0.2","414","1","","","101131","","","414003"
"3","nop_talk_wish","0.2","414","1","","","104931","","","414004"
"93","0","","414","","","","2","","","414005"
"3","nop_idle_normal","0.2","414","1","","","104931","","","414006"
"3","nop_talk_thinking","0.2","414","1","","","106831","","","414007"
"93","0","","414","","","","2","","","414008"
"3","nop_idle_normal","0.2","414","1","","","106831","","","414009"
"3","nop_talk_wish","0.2","415","1","","","104211","","","415001"
"93","0","","415","","","","2","","","415002"
"3","nop_idle_wish","0.2","415","1","","","104211","","","415003"
"3","nop_talk_joy1","0.2","415","1","","","102931","","","415004"
"93","0","","415","","","","2","","","415005"
"3","nop_idle_joy1","0.2","415","1","","","102931","","","415006"
"3","nop_talk_normal","0.2","415","1","","","105411","","","415007"
"93","0","","415","","","","2","","","415008"
"3","nop_idle_normal","0.2","415","1","","","105411","","","415009"
"3","nop_talk_normal","0.2","416","1","","","106731","","","416001"
"93","0","","416","","","","2","","","416002"
"3","nop_idle_normal","0.2","416","1","","","106731","","","416003"
"3","nop_talk_joy2","0.2","416","1","","","106631","","","416004"
"93","0","","416","","","","2","","","416005"
"3","nop_idle_joy1","0.2","416","1","","","106631","","","416006"
"3","nop_16_kaya_talk_normal2_loop","0.2","416","1","","","106531","","","416007"
"93","0","","416","","","","2","","","416008"
"3","nop_16_kaya_idle_normal2","0.2","416","1","","","106531","","","416009"
"3","nop_talk_arm_crossed2","0.2","417","0","1","","111031","0","nop_talk_arm_crossed_loop2","417001"
"93","0","","417","","","","2","","","417002"
"3","nop_idle_normal","0.2","417","1","","","111031","","","417003"
"3","nop_talk_joy2","0.2","417","1","","","110931","","","417004"
"93","0","","417","","","","2","","","417005"
"3","nop_idle_joy_normal","0.2","417","1","","","110931","","","417006"
"3","nop_17_chloe_talk_normal2_loop","0.2","417","1","","","110831","","","417007"
"93","0","","417","","","","2","","","417008"
"3","nop_17_chloe_idle_normal2","0.2","417","1","","","110831","","","417009"
"3","nop_18_neneka_humu","0.2","418","0","1","","115031","0.2","nop_idle_normal","418001"
"93","0","","418","","","","2","","","418002"
"3","nop_talk_joy1_normal","0.2","418","1","","","114711","","","418003"
"93","0","","418","","","","2","","","418004"
"3","nop_idle_joy1","0.2","418","1","","","114711","","","418005"
"3","nop_18_karin_talk_normal","0.2","418","1","","","118511","","","418006"
"93","0","","418","","","","2","","","418007"
"3","nop_18_karin_idle_normal","0.2","418","1","","","118511","","","418008"
"3","nop_talk_doya","0.2","418","0","1","","118031","0","nop_talk_doya_loop","418009"
"93","0","","418","","","","2","","","418010"
"3","nop_idle_doya","0.2","418","1","","","118031","","","418011"
"1","111831","1.95","501","101","-255","nop_idle_joy2","1","0","-150","501001"
"1","120731","1.95","501","100","-255","nop_idle_normal","1","1","150","501002"
"1","120831","1.95","501","103","-265","nop_idle_arm_crossed","1","0","-320","501003"
"1","111931","1.95","501","102","-265","nop_idle_normal","1","1","320","501004"
"1","120931","1.95","501","105","-300","nop_idle_thinking","1","0","-450","501005"
"1","112031","1.95","501","104","-300","nop_idle_doya","1","1","450","501006"
"93","0","","501","","","","0.5","","","501007"
"3","nop_01_peko_oissu","0.2","501","0","1","","111831","0.2","nop_talk_joy1","501008"
"21","vo_drama_10082001_001","","501","0","","","vo_drama_10082001","","0","501009"
"11","おいっすー！\n新年会、楽しんでますか？","0","501","5","0","0.5","111831","0","1","501010"
"91","","","501","","","","501010","","","501011"
"93","0","","501","","","","0.2","","","501012"
"12","6","0","501","1","0","0","120731","0","0","501013"
"12","8","0","501","1","0","0","111931","0","0","501014"
"12","10","0","501","1","0","0","112031","0","0","501015"
"12","7","0","501","1","0","0","120931","0","0","501016"
"12","13","0","501","1","0","0","120831","0","0","501017"
"3","nop_talk_joy1","0.2","501","1","","","120731","","","501018"
"3","nop_talk_wish3","0.2","501","1","","","111931","","","501019"
"3","nop_talk_doya","0.2","501","0","1","","112031","0","nop_talk_doya_loop","501020"
"3","nop_talk_arm_crossed","0.2","501","0","1","","120931","0","nop_talk_arm_crossed_loop","501021"
"3","nop_01_ruka_hello_long","0.2","501","1","","","120831","","","501022"
"93","0","","501","","","","2","","","501023"
"3","nop_idle_joy1","0.2","501","1","","","111831","","","501024"
"3","nop_idle_normal_joy","0.3","501","1","","","120731","","","501025"
"3","nop_idle_doya","0.3","501","1","","","112031","","","501026"
"3","nop_idle_arm_crossed","0.3","501","1","","","120931","","","501027"
"3","nop_idle_normal","0.3","501","1","","","120831","","","501028"
"3","nop_talk_normal","0.2","501","1","","","111931","","","501029"
"21","vo_drama_10082001_002","","501","0","","","vo_drama_10082001","","0","501030"
"11","はい、とても楽しんでおります。\nお料理もとても美味しいですし、\n皆さまも楽しんでいただけているようで\nわたくしもうれしいです。","0","501","6","0","0.5","111931","0","1","501031"
"93","1","","501","","","","3","","","501032"
"3","nop_talk_joy3_dere","0.2","501","1","","","111931","","","501033"
"91","","","501","","","","501031","","","501034"
"3","nop_idle_normal_joy","0.2","501","1","","","111931","","","501035"
"3","nop_talk_sad","0.2","501","1","","","112031","","","501036"
"21","vo_drama_10082001_003","","501","0","","","vo_drama_10082001","","0","501037"
"11","と言ってもあんたほどじゃないけどね。\nそれ、いったい何皿目よ……","0","501","5","0","0.5","112031","0","1","501038"
"93","1","","501","","","","5","","","501039"
"12","8","0","501","1","0","0","111831","0","0","501040"
"3","nop_17_chieru_swing","0.2","501","0","1","","111831","0.2","nop_idle_joy_normal","501041"
"91","","","501","","","","501038","","","501042"
"3","nop_idle_sad","0.2","501","1","","","112031","","","501043"
"93","","","501","","","","0.1","","","501044"
"4","0","","501","","","","120731","","","501045"
"3","nop_talk_normal","0.2","501","1","","","120731","","","501046"
"21","vo_drama_10082001_004","","501","0","","","vo_drama_10082001","","0","501047"
"11","食べつくしちゃえ、って言ったのは\nキャルじゃない。\n美味しそうに食べてるのは\nペコリーヌさんらしくていいわね。","0","501","6","0","0.5","120731","0","1","501048"
"93","1","","501","","","","2.5","","","501049"
"12","4","0","501","1","0","0","112031","0","0","501050"
"3","nop_surprise","0.2","501","0","1","","112031","0.3","nop_idle_surprise1","501051"
"93","1","","501","","","","2","","","501052"
"4","1","","501","","","","120731","","","501053"
"3","nop_talk_joy1","0.2","501","1","","","120731","","","501054"
"3","nop_idle_arm_crossed","0.2","501","1","","","112031","","","501055"
"91","","","501","","","","501048","","","501056"
"3","nop_idle_joy1","0.2","501","1","","","120731","","","501057"
"3","nop_talk_joy1","0.2","501","1","","","111831","","","501058"
"21","vo_drama_10082001_005","","501","0","","","vo_drama_10082001","","0","501059"
"11","わたしたちが作ったおせちも\nみなさんに好評みたいですよ！","0","501","6","0","0.5","111831","0","1","501060"
"91","","","501","","","","501060","","","501061"
"3","nop_idle_joy_normal","0.2","501","1","","","111831","","","501062"
"3","nop_talk_normal","0.2","501","1","","","120831","","","501063"
"21","vo_drama_10082001_006","","501","0","","","vo_drama_10082001","","0","501064"
"11","ああ、美味しくいただいてるよ。\nトーゴクでもこれだけ豪華なものは\nそうそう食べられないんじゃないかい？","0","501","6","0","0.5","120831","0","1","501065"
"93","1","","501","","","","3","","","501066"
"3","nop_talk_arm_crossed","0.2","501","0","1","","120831","0.2","nop_talk_arm_crossed_loop","501067"
"91","","","501","","","","501065","","","501068"
"3","nop_idle_arm_crossed","0.2","501","1","","","120831","","","501069"
"3","nop_talk_doya","0.2","501","0","1","","120931","0.2","nop_talk_doya_loop","501070"
"21","vo_drama_10082001_007","","501","0","","","vo_drama_10082001","","0","501071"
"11","うむ！　わらわも真の力を取り戻して\nしまうほどの料理、さすがじゃ。\nシェフィが頑張ったおかげじゃな。","0","501","5","0","0.5","120931","0","1","501072"
"93","1","","501","","","","5","","","501073"
"3","nop_talk_normal","0.2","501","1","","","120931","","","501074"
"91","","","501","","","","501072","","","501075"
"3","nop_idle_normal","0.2","501","1","","","120931","","","501076"
"3","nop_talk_normal","0.2","501","1","","","120731","","","501077"
"21","vo_drama_10082001_008","","501","0","","","vo_drama_10082001","","0","501078"
"11","それはみんなが手伝ってくれたからよ。\n二人とも、去年は本当にありがとう。","0","501","4","0","0.5","120731","0","1","501079"
"93","1","","501","","","","6.5","","","501080"
"3","nop_bow","0.2","501","0","1","","120731","0.2","nop_idle_normal_joy","501081"
"91","","","501","","","","501079","","","501082"
"3","nop_idle_normal_joy","0.2","501","1","","","120731","","","501083"
"3","nop_talk_normal","0.2","501","1","","","120831","","","501084"
"21","vo_drama_10082001_009","","501","0","","","vo_drama_10082001","","0","501085"
"11","水臭いこと言わないでおくれよ。\nアタシらが好きでやったことさ。","0","501","6","0","0.5","120831","0","1","501086"
"93","1","","501","","","","3","","","501087"
"3","nop_talk_doya","0.2","501","0","1","","120831","0.2","nop_talk_doya_loop","501088"
"91","","","501","","","","501086","","","501089"
"3","nop_idle_doya","0.2","501","1","","","120831","","","501090"
"3","nop_talk_thinking","0.2","501","1","","","120931","","","501091"
"21","vo_drama_10082001_010","","501","0","","","vo_drama_10082001","","0","501092"
"11","まるで幼子の成長を見守るようで\nなかなか楽しかったからのう。","0","501","5","0","0.5","120931","0","1","501093"
"91","","","501","","","","501093","","","501094"
"3","nop_idle_thinking","0.2","501","1","","","120931","","","501095"
"3","nop_talk_wish3","0.2","501","1","","","111931","","","501096"
"21","vo_drama_10082001_011","","501","0","","","vo_drama_10082001","","0","501097"
"11","イリヤさま……\nそのお気持ち、とてもよく分かります。","0","501","5","0","0.5","111931","0","1","501098"
"91","","","501","","","","501098","","","501099"
"3","nop_idle_wish3","0.2","501","1","","","111931","","","501100"
"4","0","","501","","","","120731","","","501101"
"3","nop_talk_shy","0.2","501","1","","","120731","","","501102"
"21","vo_drama_10082001_012","","501","0","","","vo_drama_10082001","","0","501103"
"11","コッコロさん……","0","501","5","0","0.5","120731","0","1","501104"
"91","","","501","","","","501104","","","501105"
"3","nop_smile2","0.2","501","0","","","111831","0.2","nop_idle_joy1","501106"
"3","nop_smile2","0.2","501","0","","","112031","0","nop_idle_normal","501107"
"93","1","","501","","","","1","","","501108"
"3","nop_idle_shy2","0.2","501","1","","","120731","","","501109"
"3","nop_talk_bitter","0.2","501","1","","","112031","","","501110"
"21","vo_drama_10082001_013","","501","0","","","vo_drama_10082001","","0","501111"
"11","ほらほら、シェフィも照れてるから。\nそれくらいにしておきなさい。\nなんにせよ、シェフィはよくやったわ。\n胸を張りなさい。","0","501","7","0","0.5","112031","0","1","501112"
"93","1","","501","","","","6","","","501113"
"3","nop_talk_doya","0.2","501","0","1","","112031","0.2","nop_talk_doya_loop","501114"
"91","","","501","","","","501112","","","501115"
"3","nop_idle_doya","0.2","501","1","","","112031","","","501116"
"93","1","","501","","","","0.5","","","501117"
"3","nop_talk_joy2","0.2","501","1","","","111831","","","501118"
"21","vo_drama_10082001_014","","501","0","","","vo_drama_10082001","","0","501119"
"11","はい！\nこの新年会に来てくれたみんなの笑顔は\nシェフィちゃんが作ったんです。\n今年もいっぱい、笑顔を作りましょうね！","0","501","6","0","0.5","111831","0","1","501120"
"93","1","","501","","","","8","","","501121"
"3","nop_talk_guts2","0.2","501","0","1","","111831","","nop_talk_guts2_loop","501122"
"91","","","501","","","","501120","","","501123"
"3","nop_idle_guts2","0.2","501","1","","","111831","","","501124"
"4","1","","501","","","","120731","","","501125"
"3","nop_talk_normal","0.2","501","0","1","","120731","0.2","nop_talk_wish","501126"
"21","vo_drama_10082001_015","","501","0","","","vo_drama_10082001","","0","501127"
"11","ええ。【美食殿】にとっても\nみんなにとっても\n最高の一年にしたいわ。\nだから、今年もよろしくね。","0","501","5","0","1","120731","0","1","501128"
"93","1","","501","","","","8.5","","","501129"
"3","nop_01_shephy_pose","0.2","501","0","1","","120731","0","nop_01_shephy_pose_loop","501130"
"93","0","","501","","","","2.5","","","501131"
"3","nop_handclap_long","0.2","501","1","","","111831","","","501132"
"3","nop_talk_wish3","0.2","501","1","","","111931","","","501133"
"3","nop_talk_doya","0.2","501","0","1","","112031","0","nop_talk_doya_loop","501134"
"3","nop_talk_arm_crossed","0.2","501","0","1","","120931","0","nop_talk_arm_crossed_loop","501135"
"3","nop_01_ruka_hello_long","0.2","501","1","","","120831","","","501136"
"91","","","501","","","","501128","","","501137"
"93","0","","501","","","","0.5","","","501138"
"93","0","","501","","","","0.5","","","501139"
"1","108731","1.95","502","105","-255","nop_idle_joy_normal","1","0","-150","502001"
"1","108831","1.95","502","104","-255","nop_idle_joy1","1","1","150","502002"
"1","108931","1.95","502","101","-225","nop_idle_normal","1","0","-300","502003"
"93","0","","502","","","","0.5","","","502004"
"21","vo_drama_10082002_001","","502","0","","","vo_drama_10082002","","0","502005"
"11","騎士クン、\nあけましておめでとうございます。","0","502","7","0","0.5","108831","0","1","502006"
"3","nop_talk_joy3_blink","0.2","502","1","","","108831","","","502007"
"93","1","","502","","","","1","","","502008"
"3","nop_bow","0.2","502","1","","","108831","","","502009"
"93","1","","502","","","","2.25","","","502010"
"3","nop_idle_normal_joy","0.2","502","1","","","108831","","","502011"
"91","","","502","","","","502006","","","502012"
"21","vo_drama_10082002_002","","502","0","","","vo_drama_10082002","","0","502013"
"11","招待してくれてありがとう！\nみんな楽しそうで素敵な新年会だね！","0","502","5","0","0.5","108731","0","1","502014"
"3","nop_talk_joy2","0.2","502","1","","","108731","","","502015"
"91","","","502","","","","502014","","","502016"
"3","nop_idle_joy1","0.2","502","1","","","108731","","","502017"
"21","vo_drama_10082002_003","","502","0","","","vo_drama_10082002","","0","502018"
"11","ヒヨリの言うとおりだね。\n晴れやかでいて落ち着ける、\nとてもいい雰囲気だ。","0","502","6","0","0.5","108931","0","1","502019"
"3","nop_talk_thinking","0.2","502","1","","","108931","","","502020"
"91","","","502","","","","502019","","","502021"
"3","nop_idle_thinking","0.2","502","1","","","108931","","","502022"
"21","vo_drama_10082002_004","","502","0","","","vo_drama_10082002","","0","502023"
"11","お正月といえば、騎士くんと一緒に\n神殿でガミーと戦ったのを思い出すね。","0","502","7","0","0.5","108731","0","1","502024"
"3","nop_talk_joy3_blink2","0.2","502","1","","","108731","","","502025"
"93","1","","502","","","","1.5","","","502026"
"3","nop_talk_joy1_normal","0.2","502","1","","","108731","","","502027"
"91","","","502","","","","502024","","","502028"
"3","nop_idle_joy_normal","0.2","502","1","","","108731","","","502029"
"21","vo_drama_10082002_005","","502","0","","","vo_drama_10082002","","0","502030"
"11","うん、大変な事件だったね。\nキミの助けがなければ\n解決できなかったはずだ。\n改めて礼を言うよ。","0","502","5","0","0.5","108931","0","1","502031"
"3","nop_talk_joy3_blink2","0.2","502","1","","","108931","","","502032"
"93","1","","502","","","","8","","","502033"
"3","nop_talk_joy3_blink","0.2","502","1","","","108931","","","502034"
"91","","","502","","","","502031","","","502035"
"3","nop_idle_thinking","0.2","502","1","","","108931","","","502036"
"21","vo_drama_10082002_006","","502","0","","","vo_drama_10082002","","0","502037"
"11","あの時の騎士クン、\nとっても頼もしかったな……\nって、ええと、そうじゃなくて！\nそうだ、今年はお年玉、あげられた？","0","502","5","0","0.5","108831","0","1","502038"
"3","nop_talk_memory","0.2","502","1","","","108831","","","502039"
"93","1","","502","","","","4.75","","","502040"
"3","nop_talk_anger2","0.2","502","1","","","108831","","","502041"
"93","1","","502","","","","3.5","","","502042"
"3","nop_talk_normal_dere2","0.2","502","1","","","108831","","","502043"
"91","","","502","","","","502038","","","502044"
"93","1","","502","","","","0.1","","","502045"
"3","nop_idle_normal","0.2","502","1","","","108831","","","502046"
"21","vo_drama_10082002_007","","502","0","","","vo_drama_10082002","","0","502047"
"11","あの頃はコッコロちゃんへの\nお年玉のために頑張ってたんだもんね。\nえ？　今年はシェフィちゃんにも\nあげたんだ～！","0","502","6","0","0.5","108731","0","1","502048"
"3","nop_talk_joy3_blink","0.2","502","1","","","108731","","","502049"
"93","1","","502","","","","5.5","","","502050"
"3","nop_look_talk_sad","0.2","502","1","","","108731","","","502051"
"93","1","","502","","","","1","","","502052"
"3","nop_talk_joy2","0.2","502","1","","","108731","","","502053"
"91","","","502","","","","502048","","","502054"
"3","nop_idle_joy1","0.2","502","1","","","108731","","","502055"
"21","vo_drama_10082002_008","","502","0","","","vo_drama_10082002","","0","502056"
"11","ふふ、きっと喜んでいるはずだよ。\nキミは本当に優しいな。\n今回の冒険もきっとその優しさの\nおかげで乗り越えられたんだろう。","0","502","5","0","0.5","108931","0","1","502057"
"3","nop_talk_joy1_normal","0.2","502","1","","","108931","","","502058"
"93","1","","502","","","","3.5","","","502059"
"3","nop_talk_joy3_blink","0.2","502","1","","","108931","","","502060"
"93","1","","502","","","","8.5","","","502061"
"3","nop_talk_arm_crossed","0.2","502","0","","","108931","","","502062"
"93","1","","502","","","","1","","","502063"
"3","nop_idle_arm_crossed","0.2","502","1","","","108931","","","502064"
"91","","","502","","","","502057","","","502065"
"21","vo_drama_10082002_009","","502","0","","","vo_drama_10082002","","0","502066"
"11","そうそう、聞いたよ！\nこのおせち料理って\n【美食殿】のみんなが作ったんだよね。\nすごく美味しくてびっくりしちゃった！","0","502","7","0","0.5","108731","0","1","502067"
"3","nop_talk_joy3_blink","0.2","502","1","","","108731","","","502068"
"93","1","","502","","","","6","","","502069"
"3","nop_talk_joy2","0.2","502","1","","","108731","","","502070"
"91","","","502","","","","502067","","","502071"
"3","nop_idle_joy1","0.2","502","1","","","108731","","","502072"
"21","vo_drama_10082002_010","","502","0","","","vo_drama_10082002","","0","502073"
"11","うん、とても美味しいね。\nどの料理も丁寧に\n作られているのがわかるよ。\n……どうしたの？　ユイ。","0","502","5","0","0.5","108931","0","1","502074"
"3","nop_talk_joy3_blink2","0.2","502","1","","","108931","","","502075"
"93","1","","502","","","","7.5","","","502076"
"3","nop_idle_sad","0.2","502","1","","","108831","","","502077"
"12","1","0","502","1.5","0","0","108831","0","1","502078"
"3","nop_talk_worry","0.2","502","1","","","108931","","","502079"
"3","nop_idle_normal_suprise1","0.2","502","1","","","108731","","","502080"
"91","","","502","","","","502074","","","502081"
"91","","","502","","","","502078","","","502082"
"3","nop_idle_worry","0.2","502","1","","","108931","","","502083"
"21","vo_drama_10082002_011","","502","0","","","vo_drama_10082002","","0","502084"
"11","うう～……\nほどほどにしておこうと思ったのに、\n美味しくてつい……\n食べ過ぎちゃったらどうしよう。","0","502","5","0","0.5","108831","0","1","502085"
"3","nop_talk_joy1_sad","0.2","502","1","","","108831","","","502086"
"93","1","","502","","","","7","","","502087"
"3","nop_talk_sad3","0.2","502","1","","","108831","","","502088"
"91","","","502","","","","502085","","","502089"
"3","nop_idle_sad3","0.2","502","1","","","108831","","","502090"
"21","vo_drama_10082002_012","","502","0","","","vo_drama_10082002","","0","502091"
"11","あとで身体を動かせば大丈夫！\n今度みんなで冒険に行こうよ。\n騎士くんも一緒にね♪","0","502","6","0","0.5","108731","0","1","502092"
"3","nop_talk_joy2","0.2","502","1","","","108731","","","502093"
"93","1","","502","","","","6","","","502094"
"3","nop_talk_guts5","0.2","502","0","1","","108731","0.2","nop_idle_guts5","502095"
"91","","","502","","","","502092","","","502096"
"3","nop_idle_guts5","0.2","502","1","","","108731","","","502097"
"21","vo_drama_10082002_013","","502","0","","","vo_drama_10082002","","0","502098"
"11","それは名案だ。\n年明けからさっそく\n今年の楽しみができたよ。","0","502","6","0","0.5","108931","0","1","502099"
"3","nop_talk_arm_crossed","0.2","502","0","","","108931","","","502100"
"93","1","","502","","","","1","","","502101"
"3","nop_talk_arm_crossed_loop","0.2","502","0","","","108931","","","502102"
"93","1","","502","","","","1","","","502103"
"3","nop_talk_normal","0.2","502","1","","","108931","","","502104"
"91","","","502","","","","502099","","","502105"
"3","nop_idle_normal","0.2","502","1","","","108931","","","502106"
"21","vo_drama_10082002_014","","502","0","","","vo_drama_10082002","","0","502107"
"11","えへへ、\nいっぱい食べて元気になって、\n最高の一年にしなくちゃね！","0","502","5","0","0.5","108731","0","1","502108"
"3","nop_talk_joy2","0.2","502","1","","","108731","","","502109"
"91","","","502","","","","502108","","","502110"
"3","nop_idle_joy_normal","0.2","502","1","","","108731","","","502111"
"21","vo_drama_10082002_015","","502","0","","","vo_drama_10082002","","0","502112"
"11","ふふ、そうだね。\n騎士クン、\n今年もよろしくお願いします……♪","0","502","6","0","0.5","108831","0","1","502113"
"3","nop_talk_joy1_normal","0.2","502","1","","","108831","","","502114"
"93","1","","502","","","","2","","","502115"
"3","nop_look_talk_wish","0.2","502","1","","","108831","","","502116"
"93","1","","502","","","","1","","","502117"
"3","nop_bow","0.2","502","0","1","","108831","0.2","nop_idle_joy1","502118"
"93","1","","502","","","","0.2","","","502119"
"3","nop_bow","0.2","502","0","1","","108731","0.2","nop_idle_joy2","502120"
"3","nop_bow","0.2","502","0","1","","108931","0.2","nop_idle_joy1","502121"
"93","1","","502","","","","3","","","502122"
"91","","","502","","","","502113","","","502123"
"93","0","","502","","","","0.5","","","502124"
"1","102011","1.95","503","104","-300","nop_idle_joy2","1","1","1000","503001"
"1","100411","1.95","503","105","-270","nop_idle_normal","1","1","1000","503002"
"1","103631","1.95","503","101","-235","nop_idle_normal","1","1","1000","503003"
"5","1","1.95","503","106","-255","NoItem_idle","1","0","-275","503004"
"31","11","0","503","-215","1","","1","","-105","503005"
"93","0","","503","","","","0","","","503006"
"3","nop_run","0.2","503","1","","","100411","","","503007"
"2","-275","","503","-255","","","100411","","5","503008"
"93","","","503","","","","0.5","","","503009"
"3","nop_run","0.2","503","1","","","102011","","","503010"
"2","-140","","503","-230","","","102011","","5","503011"
"93","","","503","","","","1","","","503012"
"3","nop_run","0.2","503","1","","","103631","","","503013"
"2","150","","503","-235","","","103631","","4.5","503014"
"93","","","503","","","","3.4","","","503015"
"4","0","","503","","","","100411","","","503016"
"3","nop_idle_normal","0.2","503","1","","","100411","","","503017"
"93","","","503","","","","0.1","","","503018"
"3","nop_03_misogi_hello_long","0.2","503","0","1","","100411","0.2","nop_idle_joy1","503019"
"12","4","","503","0","","","100411","","","503020"
"93","","","503","","","","0.4","","","503021"
"4","0","","503","","","","102011","","","503022"
"3","nop_idle_normal","0.2","503","1","","","102011","","","503023"
"93","","","503","","","","0.1","","","503024"
"3","nop_03_mimi_swing","0.2","503","0","1","","102011","0.2","nop_idle_joy1","503025"
"12","4","","503","0","","","102011","","","503026"
"93","","","503","","","","0.5","","","503027"
"3","nop_03_kyoka_talk_doya","0.2","503","0","1","","103631","0","nop_03_kyoka_idle_doya","503028"
"12","4","-40","503","0","","","103631","","","503029"
"93","0","","503","","","","1.5","","","503030"
"3","nop_talk_joy2","0.2","503","1","","","102011","","","503031"
"21","vo_drama_10082003_001","","503","0","","","vo_drama_10082003","","0","503032"
"11","あ、おにいちゃん！\nよかった、見つけた～！\n会場が広くて、\n迷子になっちゃいそうだよ～","0","503","5","0","0.5","102011","0","1","503033"
"91","","","503","","","","503033","","","503034"
"3","nop_idle_joy1","0.2","503","1","","","102011","","","503035"
"21","vo_drama_10082003_002","","503","0","","","vo_drama_10082003","","0","503036"
"11","えっへっへ、にいちゃん、\nあけましておめでとー\nはいこれ、お年玉……なーんてね！\n驚いた？　驚いた？","0","503","6","0","1","100411","0","1","503037"
"3","nop_talk_joy2","0.2","503","1","","","100411","","","503038"
"93","1","","503","","","","4","","","503039"
"3","nop_03_misogi_trick_in","0.2","503","0","1","","1","0","nop_03_misogi_trick_loop","503040"
"3","nop_03_misogi_trick_in","0.2","503","0","1","","100411","0","nop_03_misogi_trick_loop","503041"
"93","1","","503","","","","2","","","503042"
"32","1","","503","","","","11","","","503043"
"3","nop_03_misogi_trick_out","0.2","503","0","1","","1","0.2","NoItem_idle","503044"
"3","nop_03_misogi_trick_out","0.2","503","0","1","","100411","0.2","nop_talk_joy2","503045"
"93","1","","503","","","","0.1","","","503046"
"4","1","","503","","","","102011","","","503047"
"3","nop_03_mimi_surprise","0.2","503","0","1","","102011","0","nop_03_mimi_surprise_loop","503048"
"3","nop_03_kyoka_surprise","0.2","503","0","1","","103631","0","nop_03_kyoka_surprise_loop","503049"
"91","","","503","","","","503037","","","503050"
"3","nop_idle_joy2","0.2","503","1","","","100411","","","503051"
"21","vo_drama_10082003_003","","503","0","","","vo_drama_10082003","","0","503052"
"11","もう、ミソギってば！\nいきなりイタズラしちゃダメでしょ。\nあなたもしっかりしてください。","0","503","8","0","0.5","103631","0","1","503053"
"3","nop_talk_anger","0.2","503","1","","","103631","","","503054"
"93","1","","503","","","","4","","","503055"
"3","nop_talk_arm_crossed_anger","0.2","503","0","1","","103631","0","nop_talk_arm_crossed_loop_anger","503056"
"91","","","503","","","","503053","","","503057"
"3","nop_idle_normal","0.2","503","1","","","100411","","","503058"
"3","nop_idle_arm_crossed_anger","0.2","503","1","","","103631","","","503059"
"4","0","","503","","","","102011","","","503060"
"21","vo_drama_10082003_004","","503","0","","","vo_drama_10082003","","0","503061"
"11","ねえねえ見て見て！\nおいしそうなお料理が\nいーっぱいだよ！","0","503","5","0","0.5","102011","0","1","503062"
"3","nop_talk_surprise_kira","0.2","503","1","","","102011","","","503063"
"93","1","","503","","","","4","","","503064"
"3","nop_surprise","0.2","503","0","1","","103631","0","nop_idle_surprise1","503065"
"91","","","503","","","","503062","","","503066"
"3","nop_idle_surprise_kira","0.2","503","1","","","102011","","","503067"
"21","vo_drama_10082003_005","","503","0","","","vo_drama_10082003","","0","503068"
"11","じー……\nよかったぁ。おせち料理には\nピーマンは入ってなさそう……","0","503","6","0","0.5","103631","0","1","503069"
"3","nop_talk_jitome","0.2","503","1","","","103631","","","503070"
"93","1","","503","","","","1.5","","","503071"
"3","nop_talk_sad3","0.2","503","1","","","103631","","","503072"
"91","","","503","","","","503069","","","503073"
"3","nop_idle_sad3","0.2","503","1","","","103631","","","503074"
"3","nop_idle_joy1","0.2","503","1","","","102011","","","503075"
"21","vo_drama_10082003_006","","503","0","","","vo_drama_10082003","","0","503076"
"11","あはは！\n今の聞いた？　にいちゃん！\nキョウカはピーマン苦手だもんねー？","0","503","7","0","0","100411","0","1","503077"
"3","nop_talk_joy2","0.2","503","1","","","100411","","","503078"
"91","","","503","","","","503077","","","503079"
"3","nop_idle_normal","0.2","503","1","","","100411","","","503080"
"21","vo_drama_10082003_007","","503","0","","","vo_drama_10082003","","0","503081"
"11","ち、違います！苦くて嫌いだから\nとかじゃないですからね！\nおせち料理にはどんなものが入ってるか\n調べてただけですから！","0","503","6","0","0","103631","0","1","503082"
"3","nop_talk_anger2","0.2","503","1","","","103631","","","503083"
"91","","","503","","","","503082","","","503084"
"3","nop_idle_sad","0.2","503","1","","","103631","","","503085"
"21","vo_drama_10082003_008","","503","0","","","vo_drama_10082003","","0","503086"
"11","お料理だけじゃなくて\n人もいっぱいだね。\n全部おにいちゃんのお友達だなんて\nすごいなあ。","0","503","5","0","0.5","102011","0","1","503087"
"3","nop_talk_surprise1","0.2","503","1","","","102011","","","503088"
"93","1","","503","","","","4","","","503089"
"3","nop_talk_normal","0.2","503","1","","","102011","","","503090"
"91","","","503","","","","503087","","","503091"
"3","nop_idle_normal","0.2","503","1","","","102011","","","503092"
"21","vo_drama_10082003_009","","503","0","","","vo_drama_10082003","","0","503093"
"11","こんなに人がいると\nなんだかギルドレースのときを\n思い出しちゃうね！","0","503","7","0","0.5","100411","0","1","503094"
"3","nop_talk_thinking","0.2","503","1","","","100411","","","503095"
"91","","","503","","","","503094","","","503096"
"3","nop_idle_thinking","0.2","503","1","","","100411","","","503097"
"3","nop_idle_thinking","0.2","503","1","","","103631","","","503098"
"21","vo_drama_10082003_010","","503","0","","","vo_drama_10082003","","0","503099"
"11","うん！\nクルミちゃんも一緒で楽しかったなあ。\nまたみんなで一緒にかけっこしたいね♪","0","503","6","0","0.5","102011","0","1","503100"
"3","nop_talk_wish","0.2","503","1","","","102011","","","503101"
"93","1","","503","","","","4","","","503102"
"3","nop_talk_joy2","0.2","503","1","","","102011","","","503103"
"91","","","503","","","","503100","","","503104"
"3","nop_idle_joy1","0.2","503","1","","","102011","","","503105"
"21","vo_drama_10082003_011","","503","0","","","vo_drama_10082003","","0","503106"
"11","もし次回があったら負けませんからね！\n私たち【リトルリリカル】は\nどんどん成長してるんですから！","0","503","7","0","0.5","103631","0","1","503107"
"3","nop_talk_guts2","0.2","503","0","1","","103631","0.2","nop_talk_guts2_loop","503108"
"93","1","","503","","","","5.5","","","503109"
"3","nop_03_kyoka_talk_doya","0.2","503","0","1","","103631","0.2","nop_03_kyoka_talk_doya_loop","503110"
"91","","","503","","","","503107","","","503111"
"3","nop_03_kyoka_idle_doya","0.2","503","1","","","103631","","","503112"
"21","vo_drama_10082003_012","","503","0","","","vo_drama_10082003","","0","503113"
"11","ミソギは今年もすーっごい\nイタズラ考えておくから\n楽しみにしててね、にいちゃん！","0","503","7","0","0.5","100411","0","1","503114"
"3","nop_talk_joy2","0.2","503","1","","","100411","","","503115"
"91","","","503","","","","503114","","","503116"
"3","nop_idle_joy2","0.2","503","1","","","100411","","","503117"
"21","vo_drama_10082003_013","","503","0","","","vo_drama_10082003","","0","503118"
"11","もう、ミソギってば！\nイタズラばっかりしてちゃ\nだめなんだからね！","0","503","8","0","0.5","103631","0","1","503119"
"3","nop_talk_anger","0.2","503","1","","","103631","","","503120"
"91","","","503","","","","503119","","","503121"
"3","nop_idle_anger","0.2","503","1","","","103631","","","503122"
"21","vo_drama_10082003_014","","503","0","","","vo_drama_10082003","","0","503123"
"11","おにいちゃん！\n今年もミミたち【リトルリリカル】と\nいーっぱい遊んでね！","0","503","6","0","0","102011","0","1","503124"
"3","nop_talk_joy1","0.2","503","1","","","102011","","","503125"
"91","","","503","","","","503124","","","503126"
"3","nop_03_cmn_eieio","0.2","503","0","1","","102011","0.2","nop_03_cmn_eieio_loop","503127"
"93","","","503","","","","0.1","","","503128"
"3","nop_03_cmn_eieio","0.2","503","0","1","","103631","0.2","nop_03_cmn_eieio_loop","503129"
"93","","","503","","","","0.1","","","503130"
"3","nop_03_cmn_eieio","0.2","503","0","1","","100411","0.2","nop_03_cmn_eieio_loop","503131"
"93","0","","503","","","","1.3","","","503132"
"1","101231","1.95","504","101","-225","nop_idle_normal","1","0","-150","504001"
"1","104011","1.95","504","104","-255","nop_idle_normal","1","1","150","504002"
"1","101511","1.95","504","105","-255","nop_idle_normal","1","0","-300","504003"
"93","0","","504","","","","0.5","","","504004"
"21","vo_drama_10082004_001","","504","0","","","vo_drama_10082004","","0","504005"
"11","あけましておめでとうございます。\n元気なみんなに会えて、\n先生とってもうれしいわ。","0","504","8","0","0.5","101511","0","1","504006"
"3","nop_bow","0.2","504","0","1","","101511","0.2","nop_talk_joy3","504007"
"3","nop_bow","0.2","504","0","1","","101231","0.2","nop_idle_normal","504008"
"3","nop_bow","0.2","504","0","1","","104011","0.2","nop_idle_normal","504009"
"91","","","504","","","","504006","","","504010"
"3","nop_idle_normal","0.2","504","1","","","101511","","","504011"
"21","vo_drama_10082004_002","","504","0","","","vo_drama_10082004","","0","504012"
"11","招待してくれてありがと～！\nシオリンも喜んでたよ！","0","504","8","0","0.5","101231","0","1","504013"
"3","nop_look_smile","0.2","504","0","1","","101231","0.2","nop_talk_joy1","504014"
"91","","","504","","","","504013","","","504015"
"3","nop_idle_normal","0.2","504","1","","","101231","","","504016"
"21","vo_drama_10082004_003","","504","0","","","vo_drama_10082004","","0","504017"
"11","ひええええ！\nこんなにたくさん人が……！\nこんなめでたい場所に私のような\nぼっちがいてもいいんでしょうか？","0","504","8","0","0.5","104011","0","1","504018"
"3","nop_shock_in","0.2","504","0","1","","104011","0","nop_shock_loop","504019"
"93","1","","504","","","","3","","","504020"
"3","nop_04_aoi_tohoho","0.2","504","1","","","104011","","","504021"
"91","","","504","","","","504018","","","504022"
"21","vo_drama_10082004_004","","504","0","","","vo_drama_10082004","","0","504023"
"11","いいに決まってるよー\nそれに、この会場にも\nアオイちゃんのお友達、\nたくさんいるんじゃないかな？","0","504","8","0","0.5","101231","0","1","504024"
"3","nop_talk_guts2","0.2","504","0","1","","101231","0","nop_talk_guts2_loop","504025"
"93","1","","504","","","","1.8","","","504026"
"3","nop_talk_joy1","0.2","504","1","","","101231","","","504027"
"91","","","504","","","","504024","","","504028"
"3","nop_idle_normal","0.2","504","1","","","101231","","","504029"
"21","vo_drama_10082004_005","","504","0","","","vo_drama_10082004","","0","504030"
"11","そ、そそそ、そんな、\nトトトトト、トモダチだなんてぇ！\n恐れ多くてとても言えませええん！","0","504","8","0","0.5","104011","0","1","504031"
"3","nop_04_aoi_panic","0.2","504","1","","","104011","","","504032"
"93","1","","504","","","","4.4","","","504033"
"3","nop_talk_tsun_pain","0.2","504","1","","","104011","","","504034"
"3","nop_idle_bitter","0.2","504","1","","","101511","","","504035"
"3","nop_idle_bitter","0.2","504","1","","","101231","","","504036"
"91","","","504","","","","504031","","","504037"
"21","vo_drama_10082004_006","","504","0","","","vo_drama_10082004","","0","504038"
"11","でも、仲良しさんなんでしょう？\nそうだ、よかったら\n先生も紹介してもらえるかしら？","0","504","8","0","0.5","101511","0","1","504039"
"3","nop_talk_normal","0.2","504","1","","","101511","","","504040"
"93","1","","504","","","","2.4","","","504041"
"3","nop_talk_wish_joy","0.2","504","1","","","101511","","","504042"
"91","","","504","","","","504039","","","504043"
"21","vo_drama_10082004_007","","504","0","","","vo_drama_10082004","","0","504044"
"11","あ！　私も私もー！\nそうだ！\nシオリンのことも紹介してあげるね☆","0","504","8","0","0.5","101231","0","1","504045"
"3","nop_04_hatsune_swing","0.2","504","0","1","","101231","0.2","nop_idle_normal","504046"
"93","1","","504","","","","3","","","504047"
"3","nop_04_hatsune_kiran","0.2","504","0","","","101231","","","504048"
"91","","","504","","","","504045","","","504049"
"3","nop_idle_normal","0.2","504","1","","","101231","","","504050"
"21","vo_drama_10082004_008","","504","0","","","vo_drama_10082004","","0","504051"
"11","はうあっ！\nお二人ともリア充オーラで輝いて\nまぶしいですっ！","0","504","8","0","0.5","104011","0","1","504052"
"3","nop_04_aoi_haua_in","0.2","504","0","1","","104011","0","nop_04_aoi_haua_loop","504053"
"93","1","","504","","","","3","","","504054"
"3","nop_talk_joy3_blink","0.2","504","1","","","101511","","","504055"
"3","nop_idle_surprise1","0.2","504","1","","","101231","","","504056"
"91","","","504","","","","504052","","","504057"
"93","0","","504","","","","0.5","","","504058"
"1","103111","1.95","505","103","-250","nop_05_shinobu_idle_normal","1","1","-150","505001"
"1","102211","1.95","505","101","-230","nop_idle_sad","1","1","150","505002"
"1","100711","1.95","505","101","-240","nop_05_miyako_idle_joy1","1","0","-360","505003"
"1","100611","1.95","505","105","-260","nop_idle_joy1","1","1","275","505004"
"5","2051","1.95","505","102","-225","nop_skull_idle","1","1","-50","505005"
"93","0","","505","","","","0.5","","","505006"
"21","vo_drama_10082005_001","","505","0","","","vo_drama_10082005","","0","505007"
"11","あけましてプリンなの～！\nプリン、プリン！　プリンを持ってくるの！","0","505","6","0","0.5","100711","0","1","505008"
"3","nop_05_miyako_talk_joy2","0.2","505","1","","","100711","","","505009"
"91","","","505","","","","505008","","","505010"
"3","nop_05_miyako_idle_joy2","0.2","505","1","","","100711","","","505011"
"21","vo_drama_10082005_002","","505","0","","","vo_drama_10082005","","0","505012"
"11","ミヤコさん、クリスマスにたくさん\n食べたじゃありませんか……","0","505","6","0","0.5","103111","0","1","505013"
"3","nop_05_shinobu_talk_worry","0.2","505","1","","","103111","","","505014"
"91","","","505","","","","505013","","","505015"
"3","nop_05_shinobu_idle_worry","0.2","505","1","","","103111","","","505016"
"21","vo_drama_10082005_003","","505","0","","","vo_drama_10082005","","0","505017"
"11","クリスマスと新年は別腹なの！\nプリンはいくらあってもいいの！","0","505","6","0","0.5","100711","0","1","505018"
"3","nop_05_miyako_talk_anger","0.2","505","1","","","100711","","","505019"
"91","","","505","","","","505018","","","505020"
"3","nop_05_miyako_idle_anger","0.2","505","1","","","100711","","","505021"
"21","vo_drama_10082005_004","","505","0","","","vo_drama_10082005","","0","505022"
"11","それって結局いつもと変わってない\n気がするけど……","0","505","6","0","0.5","102211","0","1","505023"
"3","nop_talk_bitter","0.2","505","1","","","102211","","","505024"
"91","","","505","","","","505023","","","505025"
"3","nop_idle_bitter","0.2","505","1","","","102211","","","505026"
"21","vo_drama_10082005_005","","505","0","","","vo_drama_10082005","","0","505027"
"11","それにしても新年会って\n華やかでアカリ、ドキドキしちゃう♪\nお料理もとっても美味しい♪","0","505","5","0","0.5","100611","0","1","505028"
"3","nop_talk_wish","0.2","505","1","","","100611","","","505029"
"93","1","","505","","","","3.5","","","505030"
"3","nop_talk_joy1","0.2","505","1","","","100611","","","505031"
"3","nop_05_miyako_idle_normal","0.2","505","1","","","100711","","","505032"
"91","","","505","","","","505028","","","505033"
"3","nop_idle_joy1","0.2","505","1","","","100611","","","505034"
"21","vo_drama_10082005_006","","505","0","","","vo_drama_10082005","","0","505035"
"11","ここに並んでいるおせち料理の素材が\n特別なもののようですね。\nイリヤさんがシェフィさんたちと\n頑張ってくれたおかげだそうですよ。","0","505","6","0","0.5","103111","0","1","505036"
"4","0","","505","","","","103111","","","505037"
"3","nop_05_shinobu_talk_wish","0.2","505","1","","","103111","","","505038"
"4","0","","505","","","","2051","","","505039"
"93","1","","505","","","","6","","","505040"
"3","nop_05_shinobu_talk_normal","0.2","505","1","","","103111","","","505041"
"91","","","505","","","","505036","","","505042"
"3","nop_05_shinobu_idle_normal","0.2","505","1","","","103111","","","505043"
"21","vo_drama_10082005_007","","505","0","","","vo_drama_10082005","","0","505044"
"11","お正月を制する！\nって言って出かけていった時は\nどうなるかと思ったけど……","0","505","7","0","0.5","102211","0","1","505045"
"3","nop_talk_surprise1","0.2","505","1","","","102211","","","505046"
"91","","","505","","","","505045","","","505047"
"3","nop_idle_surprise1","0.2","505","1","","","102211","","","505048"
"21","vo_drama_10082005_008","","505","0","","","vo_drama_10082005","","0","505049"
"11","本当にお正月を制しちゃったんだもん。\nイリヤさんってば、すごいよね！\n晴れ着もとっても素敵だし。","0","505","6","0","0.5","100611","0","1","505050"
"3","nop_talk_surprise1","0.2","505","1","","","100611","","","505051"
"93","1","","505","","","","3","","","505052"
"3","nop_talk_memory","0.2","505","1","","","100611","","","505053"
"93","1","","505","","","","1","","","505054"
"4","1","","505","","","","100711","","","505055"
"3","nop_05_miyako_talk_arm_crossed","0.2","505","0","1","","100711","0","nop_05_miyako_idle_arm_crossed","505056"
"12","17","","505","2","","","100711","","","505057"
"91","","","505","","","","505050","","","505058"
"3","nop_idle_memory2","0.2","505","1","","","100611","","","505059"
"21","vo_drama_10082005_009","","505","0","","","vo_drama_10082005","","0","505060"
"11","私たちにも何回も見せに来てたし\nよっぽど気に入ったのね。\nナナカさんにお願いして\nルカさんを紹介してもらってよかったわ。","0","505","7","0","0.5","102211","0","1","505061"
"3","nop_talk_wish","0.2","505","1","","","102211","","","505062"
"91","","","505","","","","505061","","","505063"
"3","nop_idle_wish","0.2","505","1","","","102211","","","505064"
"21","vo_drama_10082005_010","","505","0","","","vo_drama_10082005","","0","505065"
"11","そうだ、シノブさん！\nアカリたちの今年の運勢、\n占ってほしいな。","0","505","6","0","0.5","100611","0","1","505066"
"3","nop_talk_joy1","0.2","505","1","","","100611","","","505067"
"91","","","505","","","","505066","","","505068"
"3","nop_idle_joy1","0.2","505","1","","","100611","","","505069"
"21","vo_drama_10082005_011","","505","0","","","vo_drama_10082005","","0","505070"
"11","あ、それは私も気になるかも。\nシノブさん、お願いできます？","0","505","6","0","0.5","102211","0","1","505071"
"3","nop_talk_normal","0.2","505","1","","","102211","","","505072"
"91","","","505","","","","505071","","","505073"
"93","","","505","","","","0.3","","","505074"
"3","nop_idle_normal","0.2","505","1","","","102211","","","505075"
"21","vo_drama_10082005_012","","505","0","","","vo_drama_10082005","","0","505076"
"11","はい、いいですよ。\nでは……むっ……\n今年も波乱の予感、と出ています。","0","505","3","0","0.5","103111","0","1","505077"
"3","nop_05_shinobu_talk_wish","0.2","505","1","","","103111","","","505078"
"3","nop_05_miyako_run_angry","0.2","505","1","","","100711","","","505079"
"2","-1000","","505","-240","","","100711","","3","505080"
"93","1","","505","","","","6","","","505081"
"3","nop_05_shinobu_talk_thinking","0.2","505","1","","","103111","","","505082"
"3","nop_idle_bitter2","0.2","505","1","","","102211","","","505083"
"12","4","","505","1","","","102211","","","505084"
"93","1","","505","","","","0.2","","","505085"
"3","nop_idle_surprise1","0.2","505","1","","","100611","","","505086"
"12","4","","505","0.8","","","100611","","","505087"
"93","1","","505","","","","2.1","","","505088"
"91","","","505","","","","505077","","","505089"
"3","nop_05_shinobu_idle_thinking","0.2","505","1","","","103111","","","505090"
"21","vo_drama_10082005_013","","505","0","","","vo_drama_10082005","","0","505091"
"11","波乱って、そんな……あ！\nちょっと！　デザートコーナーで\nミヤコさんがプリンを出せって\n暴れてるわ！","0","505","5","0","0.5","102211","0","1","505092"
"3","nop_talk_sad","0.2","505","1","","","102211","","","505093"
"93","1","","505","","","","4.5","","","505094"
"3","nop_talk_surprise1","0.2","505","1","","","102211","","","505095"
"91","","","505","","","","505092","","","505096"
"3","nop_05_shinobu_idle_surprise","0.2","505","1","","","103111","","","505097"
"12","4","","505","1.8","","","103111","","","505098"
"3","nop_run_sad","0.2","505","1","","","102211","","","505099"
"2","-1000","","505","-230","","","102211","","4","505100"
"93","0","","505","","","","1","","","505101"
"21","vo_drama_10082005_014","","505","0","","","vo_drama_10082005","","0","505102"
"11","大変！　止めないと！\nシノブさんも早く～！","0","505","6","0","0.5","100611","0","1","505103"
"3","nop_talk_surprise2","0.2","505","1","","","100611","","","505104"
"93","1","","505","","","","4.5","","","505105"
"91","","","505","","","","505103","","","505106"
"3","nop_run_sad","0.2","505","1","","","100611","","","505107"
"2","-1000","","505","-260","0","","100611","","4","505108"
"93","","","505","","","","2","","","505109"
"4","1","","505","","","","103111","","","505110"
"4","1","","505","","","","2051","","","505111"
"93","","","505","","","","0.5","","","505112"
"91","","","505","","","","505108","","","505113"
"3","nop_idle_normal","0.2","505","1","","","100611","","","505114"
"21","vo_drama_10082005_015","","505","0","","","vo_drama_10082005","","0","505115"
"11","はい、すぐに向かいましょう。\n今年もいろいろとご迷惑を\nおかけするかもしれませんが……\nどうぞよろしくお願いしますね。","0","505","5","0","1","103111","0","1","505116"
"3","nop_05_shinobu_talk_wish","0.2","505","1","","","103111","","","505117"
"93","1","","505","","","","3.2","","","505118"
"4","0","","505","","","","103111","","","505119"
"4","0","","505","","","","2051","","","505120"
"3","nop_05_shinobu_look_talk_wish_blink","0.2","505","1","","","103111","","","505121"
"93","1","","505","","","","6","","","505122"
"3","nop_05_shinobu_bow","0.2","505","0","1","","103111","0.2","nop_05_shinobu_look_talk_wish","505123"
"91","","","505","","","","505116","","","505124"
"4","1","","505","","","","103111","","","505125"
"4","1","","505","","","","2051","","","505126"
"3","nop_05_shinobu_idle_normal","0.2","505","1","","","103111","","","505127"
"93","1","","505","","","","0.4","","","505128"
"3","nop_05_shinobu_run","0.2","505","1","","","103111","","","505129"
"2","-1000","","505","-250","","","103111","","4","505130"
"2","-1000","","505","-225","","","2051","","4","505131"
"93","0","","505","","","","0.5","","","505132"
"1","104731","1.95","506","105","-275","nop_idle_arm_crossed","1","0","-300","506001"
"1","107131","1.95","506","104","-275","nop_idle_thinking","1","1","300","506002"
"1","103731","1.95","506","102","-255","nop_idle_normal","1","0","-150","506003"
"1","100511","1.95","506","103","-255","nop_idle_surprise_kira","1","1","150","506004"
"93","0","","506","","","","0.5","","","506005"
"21","vo_drama_10082006_001","","506","0","","","vo_drama_10082006","","0","506006"
"11","はーっはっはっは！\nめでたいじゃあないか。\nなあ諸君！","0","506","8","0","0.5","107131","0","1","506007"
"3","nop_06_cris_ahaha_in","0.2","506","0","1","","107131","0.2","nop_06_cris_ahaha_loop","506008"
"93","1","","506","","","","2","","","506009"
"3","nop_talk_doya","0.2","506","0","1","","107131","0.2","nop_talk_doya_loop","506010"
"91","","","506","","","","506007","","","506011"
"21","vo_drama_10082006_002","","506","0","","","vo_drama_10082006","","0","506012"
"11","クリスティーナ！\nあなたはいったいどの面下げて\n私たちの前に……","0","506","8","0","0.5","103731","0","1","506013"
"3","nop_06_tomo_talk_anger","0.2","506","1","","","103731","","","506014"
"91","","","506","","","","506013","","","506015"
"3","nop_06_tomo_idle_anger","0.2","506","1","","","103731","","","506016"
"21","vo_drama_10082006_003","","506","0","","","vo_drama_10082006","","0","506017"
"11","まあまあ、\nトモちゃんもクリスちゃんも。\nせっかくの新年会なんだから……","0","506","8","0","0.5","104731","0","1","506018"
"3","nop_talk_normal","0.2","506","1","","","104731","","","506019"
"91","","","506","","","","506018","","","506020"
"3","nop_idle_normal","0.2","506","1","","","104731","","","506021"
"21","vo_drama_10082006_004","","506","0","","","vo_drama_10082006","","0","506022"
"11","そうッス！\n美味しい料理もいっぱいだし、\n楽しまなくっちゃ損ッスよ！","0","506","8","0","0.5","100511","0","1","506023"
"3","nop_talk_guts2","0.2","506","0","1","","100511","0.2","nop_talk_guts2_loop","506024"
"91","","","506","","","","506023","","","506025"
"3","nop_idle_guts2","0.2","506","1","","","100511","","","506026"
"21","vo_drama_10082006_005","","506","0","","","vo_drama_10082006","","0","506027"
"11","ジュンさんもマツリちゃんも\n甘いんだから……\nクリスティーナ、あなたは\nいったいなにを企んでいるんだ？","0","506","8","0","0.5","103731","0","1","506028"
"3","nop_talk_worry","0.2","506","1","","","103731","","","506029"
"93","1","","506","","","","3","","","506030"
"3","nop_06_tomo_talk_arm_crossed","0.2","506","0","1","","103731","0.2","nop_06_tomo_talk_arm_crossed_loop","506031"
"91","","","506","","","","506028","","","506032"
"3","nop_06_tomo_idle_arm_crossed","0.2","506","1","","","103731","","","506033"
"21","vo_drama_10082006_006","","506","0","","","vo_drama_10082006","","0","506034"
"11","クリスティーナさんの企み？\nふっ……決まっているだろう。\nカルミナをランドソルの\nトップアイドルにすることさ。","0","506","8","0","0.5","107131","0","1","506035"
"3","nop_talk_thinking","0.2","506","1","","","107131","","","506036"
"93","1","","506","","","","2","","","506037"
"3","nop_16_kaya_talk_normal2","0.2","506","0","1","","107131","0.2","nop_16_kaya_talk_normal2_loop","506038"
"91","","","506","","","","506035","","","506039"
"3","nop_16_kaya_idle_normal2","0.2","506","1","","","107131","","","506040"
"21","vo_drama_10082006_007","","506","0","","","vo_drama_10082006","","0","506041"
"11","副団長時代より楽しそうなのが\n少し寂しいけど……\n今の方がクリスちゃんらしくて\nいいんじゃないかな。","0","506","8","0","0.5","104731","0","1","506042"
"3","nop_talk_thinking","0.2","506","1","","","104731","","","506043"
"93","1","","506","","","","3.5","","","506044"
"3","nop_talk_normal","0.2","506","1","","","104731","","","506045"
"91","","","506","","","","506042","","","506046"
"3","nop_idle_normal","0.2","506","1","","","104731","","","506047"
"21","vo_drama_10082006_008","","506","0","","","vo_drama_10082006","","0","506048"
"11","でも、しっかり見張っておかないと。\n魔法剣……じゃなくて、\n【王宮騎士団（NIGHTMARE）】\nの一員として。","0","506","8","0","0.5","103731","0","1","506049"
"3","nop_talk_worry","0.2","506","1","","","103731","","","506050"
"93","1","","506","","","","3","","","506051"
"3","nop_06_tomo_talk_tsun_pain","0.2","506","1","","","103731","","","506052"
"93","1","","506","","","","1","","","506053"
"3","nop_06_tomo_talk_guts2","0.2","506","0","1","","103731","0.2","nop_06_tomo_idle_guts2","506054"
"91","","","506","","","","506049","","","506055"
"21","vo_drama_10082006_009","","506","0","","","vo_drama_10082006","","0","506056"
"11","そうッスね！\n今年もランドソルの平和は\n自分たちが守るッスよ！","0","506","8","0","0.5","100511","0","1","506057"
"3","nop_talk_normal","0.2","506","1","","","100511","","","506058"
"93","1","","506","","","","2","","","506059"
"3","nop_06_matsuri_pose","0.2","506","0","1","","100511","0.2","nop_06_matsuri_pose_loop","506060"
"91","","","506","","","","506057","","","506061"
"93","0","","506","","","","0.5","","","506062"
"1","102831","1.95","507","101","-225","nop_idle_normal","1","0","-150","507001"
"1","102111","1.95","507","100","-225","nop_idle_joy1","1","1","150","507002"
"1","102511","1.95","507","105","-255","nop_idle_normal","1","0","-300","507003"
"1","102311","1.95","507","104","-255","nop_idle_joy1","1","1","300","507004"
"93","0","","507","","","","0.5","","","507005"
"21","vo_drama_10082007_001","","507","0","","","vo_drama_10082007","","0","507006"
"11","今日はお招きありがとう。\nみんな楽しませてもらってるわ。","0","507","8","0","0.5","102831","0","1","507007"
"3","nop_talk_joy3","0.2","507","1","","","102831","","","507008"
"91","","","507","","","","507007","","","507009"
"3","nop_idle_normal","0.2","507","1","","","102831","","","507010"
"21","vo_drama_10082007_002","","507","0","","","vo_drama_10082007","","0","507011"
"11","救護院の子供たちも\n一緒に呼んでいただいて……\n本当にありがとうございます。","0","507","8","0","0.5","102511","0","1","507012"
"3","nop_talk_joy3_dere","0.2","507","1","","","102511","","","507013"
"93","1","","507","","","","3","","","507014"
"3","nop_talk_joy1","0.2","507","1","","","102511","","","507015"
"91","","","507","","","","507012","","","507016"
"3","nop_idle_normal","0.2","507","1","","","102511","","","507017"
"21","vo_drama_10082007_003","","507","0","","","vo_drama_10082007","","0","507018"
"11","いっぱい人がいるね。\nえ？　みんなお兄ちゃんのお友達なの？","0","507","8","0","0.5","102311","0","1","507019"
"3","nop_talk_joy1_normal","0.2","507","1","","","102311","","","507020"
"93","1","","507","","","","1.9","","","507021"
"3","nop_talk_wish_surprise","0.2","507","1","","","102311","","","507022"
"91","","","507","","","","507019","","","507023"
"21","vo_drama_10082007_004","","507","0","","","vo_drama_10082007","","0","507024"
"11","なんだかギルドレースの時みたい。\nあ……！","0","507","8","0","0.5","102111","0","1","507025"
"3","nop_talk_wish","0.2","507","1","","","102111","","","507026"
"93","1","","507","","","","2.5","","","507027"
"3","nop_07_kurumi_talk_memory","0.2","507","1","","","102111","","","507028"
"91","","","507","","","","507025","","","507029"
"21","vo_drama_10082007_005","","507","0","","","vo_drama_10082007","","0","507030"
"11","ふふ、あたしたちはいいから\n【リトルリリカル】の子たちの\nところへ行ってきたら？","0","507","8","0","0.5","102831","0","1","507031"
"3","nop_talk_bitter","0.2","507","1","","","102831","","","507032"
"93","1","","507","","","","4.3","","","507033"
"3","nop_idle_joy_dere","0.2","507","1","","","102111","","","507034"
"3","nop_talk_guts2","0.2","507","0","1","","102311","0","nop_talk_guts2_loop","507035"
"91","","","507","","","","507031","","","507036"
"3","nop_idle_normal","0.2","507","1","","","102831","","","507037"
"21","vo_drama_10082007_006","","507","0","","","vo_drama_10082007","","0","507038"
"11","サレンお嬢さまのお世話は今年も\n私がしっかりやりますから\n大丈夫ですよ。","0","507","8","0","0.5","102511","0","1","507039"
"3","nop_talk_guts","0.2","507","0","1","","102511","0","nop_talk_guts_loop","507040"
"91","","","507","","","","507039","","","507041"
"21","vo_drama_10082007_007","","507","0","","","vo_drama_10082007","","0","507042"
"11","スズメにそう言われると\n逆に心配になっちゃうんだけど……","0","507","8","0","0.5","102311","0","1","507043"
"3","nop_talk_jitome","0.2","507","1","","","102311","","","507044"
"3","nop_07_kurumi_idle_bitter","0.2","507","1","","","102111","","","507045"
"91","","","507","","","","507043","","","507046"
"21","vo_drama_10082007_008","","507","0","","","vo_drama_10082007","","0","507047"
"11","ええー？　そ、そんな～！","0","507","8","0","0.5","102511","0","1","507048"
"3","nop_07_suzume_tohoho_in","0","507","0","1","","102511","0","nop_07_suzume_tohoho_loop","507049"
"3","nop_idle_bitter","0.2","507","1","","","102831","","","507050"
"91","","","507","","","","507048","","","507051"
"21","vo_drama_10082007_009","","507","0","","","vo_drama_10082007","","0","507052"
"11","今年も賑やかな一年になりそう。\nあんたも、いつでも遊びに来てね。\nきっとみんな喜ぶわ。","0","507","8","0","0.5","102831","0","1","507053"
"3","nop_talk_normal","0.2","507","1","","","102831","","","507054"
"93","1","","507","","","","2.3","","","507055"
"3","nop_talk_joy1","0.2","507","1","","","102831","","","507056"
"91","","","507","","","","507053","","","507057"
"93","0","","507","","","","0.5","","","507058"
"1","101011","1.95","508","100","-255","nop_idle_normal_joy","1","0","-150","508001"
"1","104331","1.95","508","101","-255","nop_idle_arm_crossed","1","1","150","508002"
"1","101711","1.95","508","104","-275","nop_idle_joy_normal","1","0","-300","508003"
"1","101431","1.95","508","105","-275","nop_idle_normal","1","1","300","508004"
"93","0","","508","","","","0.5","","","508005"
"11","王子は～ん。\nあけましておめでとうございます～\n今年もよろしゅうに。","0","508","8","0","0.5","101011","0","1","508006"
"3","nop_talk_joy1","0.2","508","0","","","101011","","","508007"
"93","1","","508","","","","1.3","","","508008"
"3","nop_bow2","0.2","508","0","1","","101011","0.2","nop_talk_joy1","508009"
"91","","","508","","","","508006","","","508010"
"3","nop_idle_normal","0.2","508","1","","","101011","","","508011"
"11","呼んでくれてありがとうな。\nユイも喜んでたぜ。","0","508","8","0","0.5","104331","0","1","508012"
"3","nop_talk_joy1","0.2","508","1","","","104331","","","508013"
"91","","","508","","","","508012","","","508014"
"3","nop_idle_joy_normal","0.2","508","1","","","104331","","","508015"
"11","色んな料理がいっぱいで\n見てるだけで楽しいさ～！","0","508","8","0","0.5","101711","0","1","508016"
"3","nop_talk_joy2","0.2","508","1","","","101711","","","508017"
"91","","","508","","","","508016","","","508018"
"3","nop_idle_joy1","0.2","508","1","","","101711","","","508019"
"11","聞いた話だとこの会場には\n助手くんたちの作った\nおせち料理もあるらしいね。","0","508","8","0","0.5","101431","0","1","508020"
"3","nop_talk_thinking","0.2","508","1","","","101431","","","508021"
"93","1","","508","","","","1.5","","","508022"
"3","nop_talk_normal","0.2","508","1","","","101431","","","508023"
"91","","","508","","","","508020","","","508024"
"3","nop_idle_normal","0.2","508","1","","","101431","","","508025"
"11","【美食殿】のおせち料理？\n絶対美味しいさ～！","0","508","8","0","0.5","101711","0","1","508026"
"3","nop_talk_normal","0.2","508","1","","","101711","","","508027"
"93","1","","508","","","","1.75","","","508028"
"3","nop_talk_joy1","0.2","508","1","","","101711","","","508029"
"91","","","508","","","","508026","","","508030"
"3","nop_idle_joy_normal","0.2","508","1","","","101711","","","508031"
"11","けど、これだけ大きな会場で探すのは\nちょっと難しくないか？","0","508","8","0","0.5","104331","0","1","508032"
"3","nop_talk_arm_crossed2","0.2","508","0","1","","104331","0.2","nop_talk_arm_crossed_loop2","508033"
"91","","","508","","","","508032","","","508034"
"3","nop_idle_arm_crossed2","0.2","508","1","","","104331","","","508035"
"11","ふっふっふ、大丈夫さ。\n任せてくれたまえ！\n私の推理によると……","0","508","8","0","0.5","101431","0","1","508036"
"3","nop_talk_doya","0.2","508","0","1","","101431","0.2","nop_talk_doya_loop","508037"
"93","1","","508","","","","2.9","","","508038"
"3","nop_talk_thinking","0.2","508","1","","","101431","","","508039"
"12","10","0","508","1","0","0","101011","0","1","508040"
"3","nop_look_idle_normal","0.2","508","1","","","101011","","","508041"
"91","","","508","","","","508036","","","508042"
"3","nop_idle_thinking","0.2","508","1","","","101431","","","508043"
"91","","","508","","","","508040","","","508044"
"11","王子は～ん。\n王子はんたちが作りはったおせち、\nどれですの？\n教えてくれへんやろか～？","0","508","8","0","0.5","101011","0","1","508045"
"3","nop_look_smile","0.2","508","0","1","","101011","0.2","nop_talk_joy1","508046"
"93","1","","508","","","","4","","","508047"
"12","4","0","508","1","0","0","101431","0","1","508048"
"3","nop_idle_surprise2","0.2","508","1","","","101431","","","508049"
"91","","","508","","","","508045","","","508050"
"3","nop_idle_joy1","0.2","508","1","","","101011","","","508051"
"91","","","508","","","","508048","","","508052"
"11","ええー、マホさんずるいよ～！","0","508","8","0","0","101431","0","1","508053"
"3","nop_talk_joy1_sad","0.2","508","1","","","101431","","","508054"
"93","1","","508","","","","1","","","508055"
"3","nop_talk_sad2","0.2","508","1","","","101431","","","508056"
"91","","","508","","","","508053","","","508057"
"12","17","0","508","1","0","0","101431","0","1","508058"
"3","nop_idle_sad2","0.2","508","1","","","101431","","","508059"
"12","10","0","508","1","0","0","104331","0","1","508060"
"3","nop_talk_joy3","0.2","508","1","","","104331","","","508061"
"12","10","0","508","1","0","0","101711","0","1","508062"
"3","nop_talk_joy2","0.2","508","1","","","101711","","","508063"
"12","10","0","508","1","0","0","101011","0","1","508064"
"3","nop_talk_joy3","0.2","508","1","","","101011","","","508065"
"93","1","","508","","","","0.75","","","508066"
"93","0","","508","","","","0.5","","","508067"
"1","103311","1.95","509","100","-255","nop_idle_joy1","1","0","-150","509001"
"1","105211","1.95","509","104","-275","nop_idle_joy_normal","1","0","-300","509002"
"1","102611","1.95","509","101","-255","nop_idle_sad2","1","1","150","509003"
"1","103811","1.95","509","105","-275","nop_idle_normal","1","1","300","509004"
"93","0","","509","","","","0.5","","","509005"
"11","あけましておめでとうだべ！\nみんな元気にしてただか？\n牧場は新年あけても相変わらずだー","0","509","8","0","0.5","103311","0","1","509006"
"3","nop_talk_joy2","0.2","509","1","","","103311","","","509007"
"93","1","","509","","","","3.5","","","509008"
"3","nop_talk_normal","0.2","509","1","","","103311","","","509009"
"91","","","509","","","","509006","","","509010"
"3","nop_idle_normal","0.2","509","1","","","103311","","","509011"
"11","もー、ほんとは寝正月で\n過ごすつもりだったのにさー\nまあ、呼ばれたから来たけど。","0","509","8","0","0.5","102611","0","1","509012"
"3","nop_talk_jitome","0.2","509","1","","","102611","","","509013"
"93","1","","509","","","","3.5","","","509014"
"3","nop_talk_bitter","0.2","509","1","","","102611","","","509015"
"91","","","509","","","","509012","","","509016"
"3","nop_idle_bitter","0.2","509","1","","","102611","","","509017"
"11","ギルドレースも楽しかったけど\nこうしてのんびりおせちを\nいただくだけのお正月もいいわね～♪","0","509","8","0","0.5","105211","0","1","509018"
"3","nop_talk_normal","0.2","509","1","","","105211","","","509019"
"93","1","","509","","","","2","","","509020"
"3","nop_talk_joy2","0.2","509","1","","","105211","","","509021"
"91","","","509","","","","509018","","","509022"
"3","nop_idle_joy_dere2","0.2","509","1","","","105211","","","509023"
"11","お姉ちゃんにも会えましたし\nカスミさんたちにも挨拶できました。\nとっても素敵なお正月です。","0","509","8","0","0.5","103811","0","1","509024"
"3","nop_talk_normal","0.2","509","1","","","103811","","","509025"
"93","1","","509","","","","4","","","509026"
"3","nop_talk_joy1","0.2","509","1","","","103811","","","509027"
"91","","","509","","","","509024","","","509028"
"3","nop_idle_joy1","0.2","509","1","","","103811","","","509029"
"11","そうそう、この会場のおせちにも\n牧場の特産品を素材として使って\nもらってるんですって！\nそれってとっても素敵よね。","0","509","8","0","0.5","105211","0","1","509030"
"3","nop_talk_normal","0.2","509","1","","","105211","","","509031"
"93","1","","509","","","","5.75","","","509032"
"3","nop_talk_memory","0.2","509","1","","","105211","","","509033"
"91","","","509","","","","509030","","","509034"
"3","nop_idle_memory2","0.2","509","1","","","105211","","","509035"
"11","そうだなー\n今年は牧場の特産品を\n色んな人に届けられるように\nみんなで頑張るべ！","0","509","8","0","0.5","103311","0","1","509036"
"3","nop_talk_joy1","0.2","509","1","","","103311","","","509037"
"93","1","","509","","","","4.75","","","509038"
"3","nop_talk_guts2","0.2","509","0","1","","103311","0.2","nop_idle_guts2","509039"
"91","","","509","","","","509036","","","509040"
"11","あたしゃ忙しいのは勘弁だよ～\n今年もほどほどでいこうよ。\nほどほど～","0","509","8","0","0.5","102611","0","1","509041"
"3","nop_talk_sad2","0.2","509","1","","","102611","","","509042"
"93","1","","509","","","","4","","","509043"
"3","nop_talk_bitter","0.2","509","1","","","102611","","","509044"
"91","","","509","","","","509041","","","509045"
"3","nop_idle_bitter","0.2","509","1","","","102611","","","509046"
"3","nop_talk_joy1","0.2","509","1","","","103311","","","509047"
"12","10","0","509","1.5","0","0","103311","0","1","509048"
"3","nop_talk_joy3","0.2","509","1","","","105211","","","509049"
"12","10","0","509","1.5","0","0","105211","0","1","509050"
"91","","","509","","","","0","","","509051"
"11","あの……今年もみんなで\n仲良く頑張りますので\n見守っていてくださいね。","0","509","8","0","0.5","103811","0","1","509052"
"3","nop_talk_bitter","0.2","509","1","","","103811","","","509053"
"93","1","","509","","","","3","","","509054"
"3","nop_talk_joy1_wink","0.2","509","1","","","103811","","","509055"
"91","","","509","","","","509052","","","509056"
"3","nop_idle_joy1_wink","0.2","509","1","","","103811","","","509057"
"93","0","","509","","","","0.5","","","509058"
"1","103231","1.95","510","100","-255","nop_idle_normal","1","0","-150","510001"
"1","103411","1.95","510","104","-275","nop_10_yukari_06","1","1","1000","510002"
"5","11","1.95","510","105","-275","nop_10_yukari_06","1","1","1000","510003"
"1","104811","1.95","510","101","-255","nop_idle_doya","1","1","150","510004"
"1","104611","1.95","510","106","-275","nop_idle_joy1","1","0","-300","510005"
"93","0","","510","","","","0.5","","","510006"
"11","あけましておめでとうございます。\n今年も我が【メルクリウス財団】を\nよろしくお願いいたしますわ！","0","510","8","0","0.5","103231","0","1","510007"
"3","nop_bow","0.2","510","0","1","","103231","0.2","nop_talk_joy2","510008"
"93","1","","510","","","","5","","","510009"
"3","nop_wink","0.2","510","0","1","","103231","0.2","nop_idle_normal","510010"
"91","","","510","","","","510007","","","510011"
"3","nop_idle_normal","0.2","510","1","","","103231","","","510012"
"3","nop_10_yukari_05","0.5","510","1","1","","103411","0.1","nop_10_yukari_06","510013"
"3","nop_10_yukari_05","0.5","510","1","1","","11","0.1","nop_10_yukari_06","510014"
"2","750","","510","-245","7","","103411","","2.8","510015"
"2","750","","510","-245","7","","11","","2.8","510016"
"11","これだけの量のおせち……\n全種類味わうには相当な効率が必要ね。\n準備はいい？　タマキさん。","0","510","8","0","0.5","104811","0","1","510017"
"3","nop_talk_thinking","0.2","510","1","","","104811","","","510018"
"93","1","","510","","","","4","","","510019"
"3","nop_talk_normal","0.2","510","1","","","104811","","","510020"
"93","1","","510","","","","1","","","510021"
"3","nop_talk_guts","0.2","510","0","1","","104811","0.2","nop_idle_guts","510022"
"91","","","510","","","","510017","","","510023"
"3","nop_idle_guts","0.2","510","1","","","104811","","","510024"
"91","","","510","","","","510015","","","510025"
"3","nop_10_yukari_05","0.5","510","1","1","","103411","0.1","nop_10_yukari_06","510026"
"3","nop_10_yukari_05","0.5","510","1","1","","11","0.1","nop_10_yukari_06","510027"
"2","550","","510","-255","7","","103411","","2.8","510028"
"2","550","","510","-255","7","","11","","2.8","510029"
"11","にゃっ？\n落ち着くにゃミフユ！\nそんなことしたら正月太り\nまっしぐらにゃ！","0","510","8","0","0.5","104611","0","1","510030"
"3","nop_idle_surprise2","0.2","510","1","","","104611","","","510031"
"93","1","","510","","","","1","","","510032"
"3","nop_talk_worry","0.2","510","1","","","104611","","","510033"
"93","1","","510","","","","2","","","510034"
"3","nop_talk_joy1_sad","0.2","510","1","","","104611","","","510035"
"91","","","510","","","","510030","","","510036"
"3","nop_idle_worry","0.2","510","1","","","104611","","","510037"
"91","","","510","","","","510028","","","510038"
"3","nop_10_yukari_05","0.5","510","1","1","","103411","0.1","nop_10_yukari_06","510039"
"3","nop_10_yukari_05","0.5","510","1","1","","11","0.1","nop_10_yukari_06","510040"
"2","350","","510","-275","7","","103411","","2.8","510041"
"2","350","","510","-275","7","","11","","2.8","510042"
"11","大丈夫よ。\nちゃんと栄養バランスを考えれば……\nって、あら？　ユカリさん？","0","510","8","0","0.5","104811","0","1","510043"
"3","nop_talk_doya","0.2","510","0","1","","104811","0.2","nop_talk_doya_loop","510044"
"93","1","","510","","","","3","","","510045"
"4","0","","510","","","","104811","","","510046"
"3","nop_surprise","0.2","510","0","1","","104811","0.2","nop_talk_surprise1","510047"
"3","nop_idle_normal_suprise1","0.2","510","1","","","103231","","","510048"
"3","nop_idle_normal_suprise1","0.2","510","1","","","104611","","","510049"
"91","","","510","","","","510043","","","510050"
"3","nop_idle_surprise1","0.2","510","1","","","104811","","","510051"
"91","","","510","","","","510041","","","510052"
"11","んふふ～♪\n麦しゅわ麦しゅわ飲み放題～！\nうへへへ、最高よ～！","0","510","8","0","0.5","103411","0","1","510053"
"3","nop_10_yukari_04","0.2","510","1","","","103411","","","510054"
"3","nop_10_yukari_04","0.2","510","1","","","11","","","510055"
"93","1","","510","","","","1.5","","","510056"
"3","nop_10_yukari_07","0.2","510","0","1","","103411","0.2","nop_10_yukari_06","510057"
"3","nop_10_yukari_07","0.2","510","0","1","","11","0.2","nop_10_yukari_06","510058"
"91","","","510","","","","510053","","","510059"
"12","6","0","510","1","0","0","103411","0","1","510060"
"11","これは……栄養バランスとか関係なく\n完全に出来あがっちゃってるにゃ……\nユカリー！　しっかりするにゃー！\nそれ絶対あとで後悔するやつにゃー！","0","510","8","0","0.5","104611","0","1","510061"
"3","nop_10_tamaki_talk_doya_jitome","0.2","510","0","1","","104611","0.2","nop_10_tamaki_talk_doya_jitome_loop","510062"
"93","1","","510","","","","4.5","","","510063"
"3","nop_10_tamaki_guts_angry2","0.2","510","0","1","","104611","0.2","nop_10_tamaki_guts_angry2_loop","510064"
"93","1","","510","","","","2.5","","","510065"
"3","nop_talk_anger2","0.2","510","1","","","104611","","","510066"
"91","","","510","","","","510061","","","510067"
"3","nop_idle_anger2","0.2","510","1","","","104611","","","510068"
"11","みなさん盛り上がってますわね。\n今年もいい年になりそうで\n楽しみですわ～！","0","510","8","0","0.5","103231","0","1","510069"
"3","nop_talk_joy3_blink","0.2","510","1","","","103231","","","510070"
"93","1","","510","","","","2.5","","","510071"
"3","nop_talk_joy1","0.2","510","1","","","103231","","","510072"
"91","","","510","","","","510069","","","510073"
"3","nop_idle_joy1","0.2","510","1","","","103231","","","510074"
"93","0","","510","","","","0.5","","","510075"
"1","100911","1.95","511","101","-255","nop_idle_arm_crossed","1","0","-150","511001"
"1","101311","1.95","511","100","-255","nop_idle_joy_normal","1","1","150","511002"
"1","102711","1.95","511","105","-275","nop_idle_wish","1","0","-300","511003"
"1","105111","1.95","511","104","-275","nop_idle_normal","1","1","300","511004"
"93","0","","511","","","","0.5","","","511005"
"3","nop_11_eriko_talk_wish","0.2","511","1","","","102711","","","511006"
"21","vo_drama_10082011_001","","511","0","","","vo_drama_10082011","","0","511007"
"11","ああ、あなた様。\nあけましておめでとうございます。\n今年もよろしくお願いいたしますわ。\nクスクス……","0","511","8","0","0.5","102711","0","1","511008"
"93","1","","511","","","","2","","","511009"
"3","nop_bow2","0.2","511","0","1","","102711","0.2","nop_11_eriko_talk_wish","511010"
"93","1","","511","","","","3.5","","","511011"
"3","nop_11_eriko_smile","0.2","511","0","","","102711","","","511012"
"91","","","511","","","","511008","","","511013"
"3","nop_idle_wish","0.2","511","1","","","102711","","","511014"
"3","nop_11_anna_huhuStand_in","0.2","511","0","1","","100911","0","nop_11_anna_huhuStand_loop","511015"
"21","vo_drama_10082011_002","","511","0","","","vo_drama_10082011","","0","511016"
"11","おお、シグルドよ！\n楽しませてもらっているぞ！\n見事な滅びを超えし黎明の祝祭\nではないか！","0","511","8","0","0.5","100911","0","1","511017"
"93","1","","511","","","","3","","","511018"
"3","nop_11_anna_ahahaStand_in","0.2","511","0","1","","100911","0","nop_11_anna_ahahaStand_loop","511019"
"91","","","511","","","","511017","","","511020"
"3","nop_idle_arm_crossed","0.2","511","1","","","100911","","","511021"
"3","nop_talk_bitter","0.2","511","1","","","105111","","","511022"
"21","vo_drama_10082011_003","","511","0","","","vo_drama_10082011","","0","511023"
"11","ふふっ、今日はお招きありがとう。\n年末は大変だったみたいね。","0","511","8","0","0.5","105111","0","1","511024"
"93","1","","511","","","","2.5","","","511025"
"3","nop_look_talk_normal","0.2","511","1","","","105111","","","511026"
"91","","","511","","","","511024","","","511027"
"3","nop_idle_normal","0.2","511","1","","","105111","","","511028"
"3","nop_talk_joy2","0.2","511","1","","","101311","","","511029"
"21","vo_drama_10082011_004","","511","0","","","vo_drama_10082011","","0","511030"
"11","ルカ姉も水くさいにゃー。\n呼んでくれたらナナカちゃんたちも\nアシストに飛んでったのにさ！","0","511","8","0","0.5","101311","0","1","511031"
"91","","","511","","","","511031","","","511032"
"3","nop_idle_joy_normal","0.2","511","1","","","101311","","","511033"
"3","nop_15_tsumugi_talk_arm_crossed","0.2","511","0","1","","100911","0.2","nop_15_tsumugi_talk_arm_crossed_loop","511034"
"21","vo_drama_10082011_005","","511","0","","","vo_drama_10082011","","0","511035"
"11","うむ！\n我らの破壊の協奏曲でいかなる状況も\n吹き飛ばしてやったというのに！","0","511","8","0","0.5","100911","0","1","511036"
"91","","","511","","","","511036","","","511037"
"3","nop_idle_arm_crossed","0.2","511","1","","","100911","","","511038"
"3","nop_talk_sad2","0.2","511","1","","","105111","","","511039"
"21","vo_drama_10082011_006","","511","0","","","vo_drama_10082011","","0","511040"
"11","材料集めなんだから\n吹き飛ばしちゃだめでしょうに。\nまあ去年はみんな個別に活動してたから\nこうして会えてうれしいわ。","0","511","8","0","0.5","105111","0","1","511041"
"93","1","","511","","","","4","","","511042"
"3","nop_talk_normal","0.2","511","1","","","105111","","","511043"
"91","","","511","","","","511041","","","511044"
"3","nop_idle_normal","0.2","511","1","","","105111","","","511045"
"3","nop_talk_sad2","0.2","511","1","","","102711","","","511046"
"21","vo_drama_10082011_007","","511","0","","","vo_drama_10082011","","0","511047"
"11","でもこの会場……\nあなた様に付きまとう不埒者の\n気配を感じますね。\n許さない許さない許さない……","0","511","8","0","0.5","102711","0","1","511048"
"93","1","","511","","","","4.2","","","511049"
"3","nop_talk_wish2","0.2","511","1","","","102711","","","511050"
"93","1","","511","","","","0.2","","","511051"
"3","nop_11_anna_idle_sad","0.2","511","1","","","100911","","","511052"
"3","nop_11_mitsuki_idle_arm_crossed","0.2","511","1","","","105111","","","511053"
"3","nop_11_nanaka_idle_wish","0.2","511","1","","","101311","","","511054"
"91","","","511","","","","511048","","","511055"
"3","nop_idle_wish2","0.2","511","1","","","102711","","","511056"
"3","nop_11_nanaka_talk_nervous","0.2","511","1","","","101311","","","511057"
"21","vo_drama_10082011_008","","511","0","","","vo_drama_10082011","","0","511058"
"11","エ、エリコ様落ち着こ？\nとりあえず黄昏の都の場所でも\nみんなで考えながら、ね？","0","511","8","0","0.5","101311","0","1","511059"
"93","1","","511","","","","3.5","","","511060"
"3","nop_11_nanaka_talk_wish","0.2","511","1","","","101311","","","511061"
"91","","","511","","","","511059","","","511062"
"3","nop_11_nanaka_idle_wish","0.2","511","1","","","101311","","","511063"
"93","0","","511","","","","0.5","","","511064"
"1","101831","1.95","512","105","-265","nop_idle_wish","1","1","150","512001"
"1","101611","1.95","512","103","-255","nop_idle_joy1","1","0","-150","512002"
"1","105011","1.95","512","104","-275","nop_idle_joy_normal","1","0","-300","512003"
"93","0","","512","","","","0.5","","","512004"
"12","4","0","512","0.5","","","101611","","","512005"
"3","nop_idle_joy1_wink","0.2","512","1","","","101611","","","512006"
"91","","","512","","","","512005","","","512007"
"21","vo_drama_10082012_001","","512","0","","","vo_drama_10082012","","0","512008"
"11","あ！　ヒデサイ！\nあけおめー！\n今年もよろしくね！","0","512","8","0","0.5","101611","0","1","512009"
"3","nop_12_suzuna_talk_surprise","0.2","512","1","","","101611","","","512010"
"93","1","","512","","","","1","","","512011"
"3","nop_12_suzuna_smile","0.2","512","0","1","","101611","0.2","nop_12_suzuna_pose","512012"
"91","","","512","","","","512009","","","512013"
"3","nop_12_suzuna_pose_to_joy2","0.2","512","0","1","","101611","0.1","nop_idle_joy1","512014"
"21","vo_drama_10082012_002","","512","0","","","vo_drama_10082012","","0","512015"
"11","なかなかの新年会じゃない。\nま、アタシみたいなレディを\n招待するんだから\nこれくらいじゃないとね。","0","512","8","0","0.5","105011","0","1","512016"
"3","nop_talk_joy1","0.2","512","1","","","105011","","","512017"
"93","1","","512","","","","2","","","512018"
"3","nop_talk_arm_crossed","0.2","512","0","1","","105011","0.2","nop_talk_arm_crossed_loop","512019"
"91","","","512","","","","512016","","","512020"
"3","nop_idle_arm_crossed","0.2","512","1","","","105011","","","512021"
"21","vo_drama_10082012_003","","512","0","","","vo_drama_10082012","","0","512022"
"11","あけましておめでとう。\n本当、立派な新年会ね。\nたくさん人が来ていて、\n先生緊張しちゃうわ。","0","512","8","0","0.5","101831","0","1","512023"
"3","nop_bow","0.2","512","0","1","","101831","0.2","nop_talk_joy1","512024"
"93","1","","512","","","","4.5","","","512025"
"3","nop_talk_bitter","0.2","512","1","","","101831","","","512026"
"91","","","512","","","","512023","","","512027"
"3","nop_idle_bitter","0.2","512","1","","","101831","","","512028"
"21","vo_drama_10082012_004","","512","0","","","vo_drama_10082012","","0","512029"
"11","えー？　ちゃんイオ真面目すぎ！\nおせちも美味しいし\n楽しまなきゃソンだよ。ねー？","0","512","8","0","0.5","101611","0","1","512030"
"3","nop_talk_joy1","0.2","512","1","","","101611","","","512031"
"91","","","512","","","","512030","","","512032"
"3","nop_idle_joy_normal","0.2","512","1","","","101611","","","512033"
"21","vo_drama_10082012_005","","512","0","","","vo_drama_10082012","","0","512034"
"11","新しい年を乗り切るために\n大人にはこういう\n息抜きも必要なのよ。\n……たぶん。","0","512","8","0","0.5","105011","0","1","512035"
"3","nop_talk_thinking","0.2","512","1","","","105011","","","512036"
"93","1","","512","","","","4.5","","","512037"
"3","nop_talk_worry","0.2","512","1","","","105011","","","512038"
"91","","","512","","","","512035","","","512039"
"3","nop_idle_normal","0.2","512","1","","","105011","","","512040"
"21","vo_drama_10082012_006","","512","0","","","vo_drama_10082012","","0","512041"
"11","新しい年と言えば\nみんな、冬休みの宿題は\nちゃんとしているかしら？\n先生、新学期を楽しみにしてるわね。","0","512","8","0","0.5","101831","0","1","512042"
"3","nop_talk_normal","0.2","512","1","","","101831","","","512043"
"93","1","","512","","","","4.5","","","512044"
"3","nop_talk_joy1","0.2","512","1","","","101831","","","512045"
"3","nop_12_misaki_stop","5","512","1","","","105011","","","512046"
"3","nop_12_suzuna_stop2","5","512","1","","","101611","","","512047"
"91","","","512","","","","512042","","","512048"
"3","nop_idle_joy1","0.2","512","1","","","101831","","","512049"
"12","12","0","512","1.5","0","0","105011","0","1","512050"
"12","12","0","512","1.5","0","0","101611","0","1","512051"
"91","","","512","","","","0","","","512052"
"21","vo_drama_10082012_007","","512","0","","","vo_drama_10082012","","0","512053"
"11","しゅく……だい……？\nえ？　あったっけ？　スズナ？","0","512","8","0","0.5","105011","0","1","512054"
"3","nop_talk_surprise2","0.2","512","1","","","105011","","","512055"
"3","nop_idle_surprise2","0.2","512","1","","","101611","","","512056"
"93","1","","512","","","","2","","","512057"
"3","nop_idle_sad3","0.2","512","1","","","101611","","","512058"
"93","1","","512","","","","1","","","512059"
"3","nop_talk_worry","0.2","512","1","","","105011","","","512060"
"91","","","512","","","","512054","","","512061"
"3","nop_idle_worry","0.2","512","1","","","105011","","","512062"
"21","vo_drama_10082012_008","","512","0","","","vo_drama_10082012","","0","512063"
"11","……ヒデサーイ！\nあとでミサキっちもまぜて\n宿題教えて～！","0","512","8","0","0.5","101611","0","1","512064"
"3","nop_talk_tsun_pain","0.2","512","1","","","101611","","","512065"
"93","1","","512","","","","3","","","512066"
"3","nop_12_suzuna_talk_wish","0.2","512","1","","","101611","","","512067"
"93","1","","512","","","","0.5","","","512068"
"3","nop_12_suzuna_idle_wish","0.2","512","1","","","105011","","","512069"
"91","","","512","","","","512064","","","512070"
"3","nop_12_suzuna_idle_wish","0.2","512","1","","","101611","","","512071"
"93","0","","512","","","","0.5","","","512072"
"93","0","","512","","","","0.5","","","512073"
"1","105331","1.95","513","104","-255","nop_idle_normal","1","1","150","513001"
"1","104511","1.95","513","103","-280","nop_idle_joy1","1","1","-100","513002"
"1","103031","1.95","513","101","-180","nop_idle_guts2","1","0","-330","513003"
"1","100811","1.95","513","102","-270","nop_idle_thinking","1","0","-500","513004"
"1","105511","1.95","513","105","-255","nop_idle_sad","1","1","600","513005"
"93","0","","513","","","","0.5","","","513006"
"21","vo_drama_10082013_001","","513","0","","","vo_drama_10082013","","0","513007"
"11","あけましておめでとう！\nお招きにあずかり参上したぞ！\nってこらみんな！\nちゃんと整列しないか！","0","513","5","0","0.5","105331","0","1","513008"
"3","nop_13_monica_talk_doya","0.2","513","0","1","","105331","0.2","nop_13_monica_talk_doya_loop","513009"
"93","1","","513","","","","5","","","513010"
"3","nop_talk_anger2","0.2","513","1","","","105331","","","513011"
"91","","","513","","","","513008","","","513012"
"3","nop_idle_anger2","0.2","513","1","","","105331","","","513013"
"3","nop_walk_glad","0.2","513","1","","","104511","","","513014"
"2","-150","","513","-255","","","104511","","1.9","513015"
"93","","","513","","","","0.3","","","513016"
"3","nop_run","0.2","513","1","","","103031","","","513017"
"2","-300","","513","-225","","","103031","","1.6","513018"
"93","","","513","","","","0.3","","","513019"
"3","nop_walk_knmn","0.2","513","1","","","105511","","","513020"
"2","400","","513","-270","","","105511","","1.3","513021"
"93","","","513","","","","0.3","","","513022"
"3","nop_walk_kyapi","0.2","513","1","","","100811","","","513023"
"2","-450","","513","-255","","","100811","","1","513024"
"3","nop_talk_doya","0.2","513","0","1","","105331","0.2","nop_idle_doya","513025"
"91","","","513","","","","513024","","","513026"
"4","0","","513","","","","104511","","","513027"
"3","nop_idle_normal","0.2","513","1","","","104511","","","513028"
"3","nop_idle_normal","0.2","513","1","","","103031","","","513029"
"3","nop_idle_normal","0.2","513","1","","","105511","","","513030"
"3","nop_idle_normal","0.2","513","1","","","100811","","","513031"
"91","","","513","","","","513015","","","513032"
"21","vo_drama_10082013_002","","513","0","","","vo_drama_10082013","","0","513033"
"11","ショーグン！　アケオメデース！\nトーゴクのオセチがこんなにタクサン！\nまさに極楽デース！","0","513","5","0","0.5","103031","0","1","513034"
"3","nop_talk_joy1","0.2","513","1","","","103031","","","513035"
"93","1","","513","","","","3","","","513036"
"3","nop_talk_joy2","0.2","513","1","","","103031","","","513037"
"93","1","","513","","","","3.5","","","513038"
"3","nop_talk_memory","0.2","513","1","","","103031","","","513039"
"91","","","513","","","","513034","","","513040"
"3","nop_idle_memory2","0.2","513","1","","","103031","","","513041"
"21","vo_drama_10082013_003","","513","0","","","vo_drama_10082013","","0","513042"
"11","ふふ。ボクを呼んでくれて正解だよ。\nこの新年の晴れやかな日にこそ\nボクの輝く美貌が必要だからね！","0","513","5","0","0.5","100811","0","1","513043"
"3","nop_talk_thinking","0.2","513","1","","","100811","","","513044"
"91","","","513","","","","513043","","","513045"
"3","nop_idle_thinking","0.2","513","1","","","100811","","","513046"
"21","vo_drama_10082013_004","","513","0","","","vo_drama_10082013","","0","513047"
"11","クウカはこんな新年早々に\n豪華な料理とたくさんの人の前で\nドSさんに弄ばれ辱めを……！\nぐふふ……ぐふふふふ。","0","513","5","0","0.5","104511","0","1","513048"
"3","nop_13_kuka_talk_memory1","0.2","513","1","","","104511","","","513049"
"91","","","513","","","","513048","","","513050"
"3","nop_13_kuka_idle_memory1","0.2","513","1","","","104511","","","513051"
"21","vo_drama_10082013_005","","513","0","","","vo_drama_10082013","","0","513052"
"11","これだけの人数に会うのは\nギルドレースの祝賀会以来か。\n貴公の人望にはおそれいるな。","0","513","5","0","0.5","105331","0","1","513053"
"3","nop_talk_wish","0.2","513","1","","","105331","","","513054"
"93","1","","513","","","","5","","","513055"
"3","nop_13_monica_talk_arm_crossed","0.2","513","0","1","","105331","0.2","nop_13_monica_talk_arm_crossed_loop","513056"
"91","","","513","","","","513053","","","513057"
"3","nop_13_monica_idle_arm_crossed","0.2","513","1","","","105331","","","513058"
"21","vo_drama_10082013_006","","513","0","","","vo_drama_10082013","","0","513059"
"11","この場にいるたくさんの人たちに\nボクの美しさを届けられるのは\nキミのおかげだよ。","0","513","6","0","0.5","100811","0","1","513060"
"3","nop_13_yuki_pose","0.2","513","0","1","","100811","0.2","nop_13_yuki_pose_loop","513061"
"93","1","","513","","","","5","","","513062"
"3","nop_13_yuki_pose2_loop","0.2","513","1","","","100811","","","513063"
"91","","","513","","","","513060","","","513064"
"3","nop_13_yuki_pose3_loop","0.2","513","1","","","100811","","","513065"
"21","vo_drama_10082013_007","","513","0","","","vo_drama_10082013","","0","513066"
"11","ああ！　みなさんからの視線が\nクウカに、クウカに……！\nいったいどうなってしまうんでしょう！","0","513","6","0","0.5","104511","0","1","513067"
"3","nop_13_kuka_talk_memory2","0.2","513","1","","","104511","","","513068"
"91","","","513","","","","513067","","","513069"
"3","nop_13_kuka_idle_memory2","0.2","513","1","","","104511","","","513070"
"21","vo_drama_10082013_008","","513","0","","","vo_drama_10082013","","0","513071"
"11","さすがショーグン。\nこれなら天下統一も目前デス！","0","513","5","0","0.5","103031","0","1","513072"
"3","nop_talk_joy1","0.2","513","1","","","103031","","","513073"
"91","","","513","","","","513072","","","513074"
"3","nop_idle_joy1","0.2","513","1","","","103031","","","513075"
"21","vo_drama_10082013_009","","513","0","","","vo_drama_10082013","","0","513076"
"11","新年といういい機会だ。\n今年の抱負を発表しようじゃないか。","0","513","6","0","0.5","105331","0","1","513077"
"3","nop_talk_normal","0.2","513","1","","","105331","","","513078"
"91","","","513","","","","513077","","","513079"
"3","nop_idle_normal","0.2","513","1","","","105331","","","513080"
"21","vo_drama_10082013_010","","513","0","","","vo_drama_10082013","","0","513081"
"11","私はもちろん魔法……ではなく、\n立派な司令官になることだ！\nみんなはどうだ？","0","513","5","0","0.5","105331","0","1","513082"
"3","nop_talk_thinking","0.2","513","1","","","105331","","","513083"
"93","1","","513","","","","2.5","","","513084"
"3","nop_talk_surprise2","0.2","513","1","","","105331","","","513085"
"93","1","","513","","","","1","","","513086"
"3","nop_talk_doya","0.2","513","0","1","","105331","0.2","nop_talk_doya_loop","513087"
"93","1","","513","","","","2.75","","","513088"
"3","nop_talk_joy1","0.2","513","1","","","105331","","","513089"
"3","nop_idle_normal_joy","0.2","513","1","","","105511","","","513090"
"91","","","513","","","","513082","","","513091"
"3","nop_idle_joy1","0.2","513","1","","","105331","","","513092"
"21","vo_drama_10082013_011","","513","0","","","vo_drama_10082013","","0","513093"
"11","そんなことよりさ。\nボクってお正月でも美しいよねー\nお正月がめでたいから……ううん、\nむしろボクがお正月をめでたくしてる？","0","513","6","0","0.5","100811","0","1","513094"
"3","nop_talk_thinking","0.2","513","1","","","100811","","","513095"
"93","1","","513","","","","2","","","513096"
"3","nop_idle_normal_suprise1","0.2","513","1","","","105511","","","513097"
"93","1","","513","","","","2","","","513098"
"12","12","0","513","1","0","0","105331","0","1","513099"
"3","nop_idle_normal_bitter","0.2","513","1","","","105331","","","513100"
"3","nop_13_yuki_pose4","0.5","513","0","1","","100811","0.2","nop_talk_arm_crossed_loop2","513101"
"93","1","","513","","","","4.5","","","513102"
"3","nop_talk_memory","0.2","513","1","","","100811","","","513103"
"91","","","513","","","","513094","","","513104"
"3","nop_idle_memory2","0.2","513","1","","","100811","","","513105"
"4","1","","513","","","","103031","","","513106"
"3","nop_talk_surprise1","0.2","513","1","","","103031","","","513107"
"12","4","0","513","0.1","0","0","103031","0","1","513108"
"91","","","513","","","","513108","","","513109"
"91","","","513","","","","513099","","","513110"
"21","vo_drama_10082013_012","","513","0","","","vo_drama_10082013","","0","513111"
"11","ヤヤッ！\nあれはルカのアネゴの釣ったオサカナ！\nキット食べればシュッセウオ！\nサムライマスターに近付けるデス！","0","513","5","0","0.5","103031","0","1","513112"
"93","1","","513","","","","5","","","513113"
"12","1","0","513","1","0","0","105331","0","1","513114"
"3","nop_idle_normal_sad","0.2","513","1","","","105331","","","513115"
"93","1","","513","","","","0","","","513116"
"3","nop_talk_joy2","0.2","513","1","","","103031","","","513117"
"91","","","513","","","","513112","","","513118"
"12","6","0","513","2","0","0","103031","0","1","513119"
"3","nop_run","0.2","513","1","","","103031","","","513120"
"2","-1350","","513","-225","0","","103031","","5","513121"
"91","","","513","","","","513114","","","513122"
"21","vo_drama_10082013_013","","513","0","","","vo_drama_10082013","","0","513123"
"11","ああ、今年はいったいどんな辱めが\nクウカをまってるんでしょうか……\nああ、考えただけで\nクウカは、クウカは……！","0","513","5","0","1.75","104511","0","1","513124"
"3","nop_talk_memory","0.2","513","1","","","104511","","","513125"
"93","1","","513","","","","7","","","513126"
"12","17","0","513","1","0","0","105331","0","1","513127"
"3","nop_idle_jitome","0.2","513","1","","","105331","","","513128"
"93","1","","513","","","","0.5","","","513129"
"3","nop_13_kuka_down_in","0.2","513","0","1","","104511","0.2","nop_13_kuka_down_loop","513130"
"91","","","513","","","","513124","","","513131"
"91","","","513","","","","513127","","","513132"
"21","vo_drama_10082013_014","","513","0","","","vo_drama_10082013","","0","513133"
"11","みんな全然聞いてない……\nだが私はくじけないぞ！\n必ずやみんなを率いて立派な……\nん？　そういえば一人足りない気が……","0","513","4","0","0.5","105331","0","1","513134"
"3","nop_talk_sad3","0.2","513","1","","","105331","","","513135"
"93","1","","513","","","","3.5","","","513136"
"3","nop_talk_guts3","0.2","513","0","1","","105331","0.2","nop_talk_guts3_loop","513137"
"93","1","","513","","","","3.5","","","513138"
"3","nop_talk_sad2_cry","0.2","513","1","","","105331","","","513139"
"93","1","","513","","","","3.5","","","513140"
"3","nop_talk_sad","0.2","513","1","","","105331","","","513141"
"91","","","513","","","","513134","","","513142"
"3","nop_idle_sad","0.2","513","1","","","105331","","","513143"
"21","vo_drama_10082013_015","","513","0","","","vo_drama_10082013","","0","513144"
"11","こ、ここにいますー！\nあの……先輩！　今年は引っ込み思案を\n少しでも改善したいので……ええと……\n本年もよろしくお願いしまひゅっ！","0","513","4","0","3","105511","0","1","513145"
"3","nop_run_sad","0.2","513","1","","","105511","","","513146"
"2","350","","513","-275","","","105511","","1","513147"
"91","","","513","","","","0","","","513148"
"4","0","","513","","","","105331","","","513149"
"3","nop_idle_surprise1","0.2","513","1","","","105331","","","513150"
"12","4","40","513","2","","","105331","","","513151"
"3","nop_13_ayumi_talk_sad","0.2","513","1","","","105511","","","513152"
"93","1","","513","","","","7","","","513153"
"3","nop_look_talk_wish","0.2","513","1","","","105511","","","513154"
"93","1","","513","","","","7.5","","","513155"
"3","nop_13_ayumi_talk_guts2_loop","0.2","513","1","","","105511","","","513156"
"91","","","513","","","","513145","","","513157"
"93","0","","513","","","","0.5","","","513158"
"1","106831","1.95","514","102","-235","nop_idle_normal","1","1","150","514001"
"1","101131","1.95","514","101","-235","nop_idle_normal","1","0","-100","514002"
"5","1","1.95","514","104","-235","NoItem","1","0","-100","514003"
"1","104931","1.95","514","100","-215","nop_idle_normal","1","0","-250","514004"
"5","2","1.95","514","103","-215","NoItem","1","0","-250","514005"
"93","0","","514","","","","0.5","","","514006"
"21","vo_drama_10082014_001","","514","0","","","vo_drama_10082014","","0","514007"
"11","やあ少年。あけましておめでとう。\nこうして新たな年を迎えられたこと\nうれしく思うよ。","0","514","8","0","0.5","106831","0","1","514008"
"3","nop_look_smile","0.2","514","0","1","","106831","0.2","nop_talk_joy1","514009"
"93","1","","514","","","","2.4","","","514010"
"3","nop_talk_thinking","0.2","514","1","1","","106831","","","514011"
"91","","","514","","","","514008","","","514012"
"3","nop_idle_arm_crossed","0.2","514","1","","","106831","","","514013"
"21","vo_drama_10082014_002","","514","0","","","vo_drama_10082014","","0","514014"
"11","お兄ちゃん、近眼新年です！\n今年も妹としてよろしくお願いしま……","0","514","8","0","0.5","101131","0","1","514015"
"3","nop_look_smile","0.2","514","0","1","","101131","0.2","nop_14_rino_look_talk_joy4","514016"
"3","nop_14_shizur_arm_crossed","0.2","514","1","","","104931","","","514017"
"93","1","","514","","","","2.5","","","514018"
"3","nop_14_rino_headbutt","0.2","514","0","1","","101131","0","nop_14_rino_headbutt_loop","514019"
"3","nop_14_rino_headbutt","0","514","0","1","","1","0","nop_14_rino_headbutt_loop","514020"
"3","nop_14_shizuru_headbutt","0","514","0","","","104931","","","514021"
"3","nop_14_shizuru_headbutt","0","514","0","","","2","","","514022"
"3","nop_idle_arm_crossed2","0.2","514","1","","","106831","","","514023"
"91","","","514","","","","514015","","","514024"
"21","vo_drama_10082014_003","","514","0","","","vo_drama_10082014","","0","514025"
"11","弟くん！\nちゃんとおせち食べてる？\nお姉ちゃんが食べさせてあげるね！","0","514","8","0","0.5","104931","0","1","514026"
"3","nop_14_shizuru_talk_joy","0","514","1","","","104931","","","514027"
"3","NoItem","0","514","0","","","2","","","514028"
"93","1","","514","","","","2.5","","","514029"
"3","nop_14_shizuru_talk_memory","0.2","514","1","","","104931","","","514030"
"91","","","514","","","","514026","","","514031"
"21","vo_drama_10082014_004","","514","0","","","vo_drama_10082014","","0","514032"
"11","シズルお姉ちゃん！\n私も！　私もお世話します！\n妹にもその権利はあるんですよ！","0","514","8","0","0.5","101131","0","1","514033"
"4","1","","514","","","","101131","","","514034"
"4","1","","514","","","","1","","","514035"
"3","nop_shock_in","0","514","0","1","","101131","","nop_shock_loop","514036"
"3","NoItem","0","514","0","","","1","","","514037"
"93","1","","514","","","","1.1","","","514038"
"3","nop_talk_guts3_NoBlink","0.2","514","0","1","","101131","0","nop_talk_guts3_loop","514039"
"91","","","514","","","","514033","","","514040"
"21","vo_drama_10082014_005","","514","0","","","vo_drama_10082014","","0","514041"
"11","おっと……\nこらこら、二人とも。\nせっかくの正月なんだ。\n仲良くしないとだめだよ？","0","514","8","0","0.5","106831","0","1","514042"
"3","nop_talk_surprise1","0.2","514","1","","","106831","","","514043"
"93","1","","514","","","","1","","","514044"
"3","nop_talk_joy1_sad","0.2","514","1","","","106831","","","514045"
"91","","","514","","","","514042","","","514046"
"3","nop_idle_normal","0.2","514","1","","","106831","","","514047"
"21","vo_drama_10082014_006","","514","0","","","vo_drama_10082014","","0","514048"
"11","弟くん！\nはいこれ、美味しいよ。\nあーん！","0","514","8","0","0.5","104931","0","1","514049"
"3","nop_14_shizuru_talk_joy","0.2","514","1","","","104931","","","514050"
"93","","","514","","","","1","","","514051"
"3","nop_14_shizuru_feed_in","0.2","514","0","1","","104931","0","nop_14_shizuru_feed_loop","514052"
"3","nop_14_shizuru_feed_in","0","514","0","1","","2","0","nop_14_shizuru_feed_loop","514053"
"91","","","514","","","","514049","","","514054"
"21","vo_drama_10082014_007","","514","0","","","vo_drama_10082014","","0","514055"
"11","あーー！\nお兄ちゃん！\nこっちも美味しかったですよ！\nどうぞ！","0","514","8","0","0.5","101131","0","1","514056"
"3","nop_talk_anger2","0.2","514","1","","","101131","","","514057"
"93","1","","514","","","","1","","","514058"
"3","nop_14_rino_look_talk_joy4","0.2","514","1","","","101131","","","514059"
"93","1","","514","","","","1","","","514060"
"3","nop_14_rino_feed_in","0.2","514","0","1","","101131","0","nop_14_rino_feed_loop","514061"
"3","nop_14_rino_feed_in","0","514","0","1","","1","0","nop_14_rino_feed_loop","514062"
"91","","","514","","","","514056","","","514063"
"21","vo_drama_10082014_008","","514","0","","","vo_drama_10082014","","0","514064"
"11","大丈夫かい？\nははっ、キミのまわりは\n相変わらず賑やかだね。\n少なくとも退屈はしなくてよさそうだ。","0","514","8","0","0.5","106831","0","1","514065"
"3","nop_talk_bitter","0.2","514","1","","","106831","","","514066"
"93","1","","514","","","","4","","","514067"
"3","nop_talk_arm_crossed_joy","0.2","514","0","1","","106831","0","nop_talk_arm_crossed_loop_joy","514068"
"91","","","514","","","","514065","","","514069"
"93","0","","514","","","","0.5","","","514070"
"1","102931","1.95","515","105","-270","nop_idle_joy1","1","1","150","515001"
"1","104211","1.95","515","103","-255","nop_idle_wish","1","0","-150","515002"
"1","105411","1.95","515","104","-275","nop_15_tsumugi_idle_arm_crossed","1","0","-300","515003"
"93","0","","515","","","","0.5","","","515004"
"21","vo_drama_10082015_001","","515","0","","","vo_drama_10082015","","0","515005"
"11","あけましておめでとう！\nカルミナ新年ライブにようこそ！\n……じゃなくて、呼んでもらったのは\n私たちのほうだったね。ごめん！","0","515","6","0","0.5","102931","0","1","515006"
"3","nop_15_nozomi_talk_joy","0.2","515","1","","","102931","","","515007"
"93","1","","515","","","","2.5","","","515008"
"3","nop_15_nozomi_start","0.2","515","0","1","","102931","0.2","nop_15_nozomi_start_loop","515009"
"93","1","","515","","","","3","","","515010"
"3","nop_talk_bitter","0.2","515","1","","","102931","","","515011"
"91","","","515","","","","515006","","","515012"
"93","1","","515","","","","0.2","","","515013"
"3","nop_idle_bitter","0.2","515","1","","","102931","","","515014"
"21","vo_drama_10082015_002","","515","0","","","vo_drama_10082015","","0","515015"
"11","もう、ノゾミってば。\nすみません、先ほどまで\nリハーサルをしていたので……\n今日はお招きありがとうございます。","0","515","5","0","0.5","104211","0","1","515016"
"3","nop_talk_worry","0.2","515","1","","","104211","","","515017"
"93","1","","515","","","","3","","","515018"
"3","nop_talk_wish4","0.2","515","1","","","104211","","","515019"
"93","1","","515","","","","5","","","515020"
"3","nop_talk_joy3","0.2","515","1","","","104211","","","515021"
"93","1","","515","","","","1.5","","","515022"
"3","nop_bow2","0.2","515","0","1","","104211","0.2","nop_idle_normal","515023"
"91","","","515","","","","515016","","","515024"
"21","vo_drama_10082015_003","","515","0","","","vo_drama_10082015","","0","515025"
"11","まったく、騎士さんは\n誘ってくるのが急なんですから。\nアイドルは年末年始も\nスケジュールいっぱいなんですよ？","0","515","7","0","0.5","105411","0","1","515026"
"3","nop_talk_sad2","0.2","515","1","","","105411","","","515027"
"93","1","","515","","","","4.5","","","515028"
"3","nop_talk_anger","0.2","515","1","","","105411","","","515029"
"91","","","515","","","","515026","","","515030"
"3","nop_idle_anger","0.2","515","1","","","105411","","","515031"
"21","vo_drama_10082015_004","","515","0","","","vo_drama_10082015","","0","515032"
"11","ふふっ。お誘いを受けてから\nまっさきに『行きましょう！』　\nって言ったのはツムギなのにね。","0","515","8","0","0.5","102931","0","1","515033"
"3","nop_talk_bitter","0.2","515","1","","","102931","","","515034"
"93","1","","515","","","","1.5","","","515035"
"3","nop_talk_thinking","0.2","515","1","","","102931","","","515036"
"91","","","515","","","","515033","","","515037"
"3","nop_idle_thinking","0.2","515","1","","","102931","","","515038"
"21","vo_drama_10082015_005","","515","0","","","vo_drama_10082015","","0","515039"
"11","ノ、ノゾミさん！\nそれは、レイ様も来られるんじゃないか\nって思っただけですから！","0","515","6","0","0.5","105411","0","1","515040"
"3","nop_talk_surprise2","0.2","515","1","","","105411","","","515041"
"93","1","","515","","","","1.75","","","515042"
"3","nop_talk_anger2","0.2","515","1","","","105411","","","515043"
"91","","","515","","","","515040","","","515044"
"3","nop_idle_anger2","0.2","515","1","","","105411","","","515045"
"21","vo_drama_10082015_006","","515","0","","","vo_drama_10082015","","0","515046"
"11","確かに沢山の人が来られてますね。\nプロデューサーさんも\n楽しそうにしてました。","0","515","7","0","0.5","104211","0","1","515047"
"3","nop_talk_wish","0.2","515","1","","","104211","","","515048"
"91","","","515","","","","515047","","","515049"
"3","nop_idle_wish","0.2","515","1","","","104211","","","515050"
"21","vo_drama_10082015_007","","515","0","","","vo_drama_10082015","","0","515051"
"11","こんなに人が集まったのも\nきっとキミの人望だね。","0","515","6","0","0.5","102931","0","1","515052"
"3","nop_15_nozomi_talk_joy","0.2","515","1","","","102931","","","515053"
"91","","","515","","","","515052","","","515054"
"3","nop_idle_joy1","0.2","515","1","","","102931","","","515055"
"21","vo_drama_10082015_008","","515","0","","","vo_drama_10082015","","0","515056"
"11","そういえばさっきプロデューサーが\nこの会場に来てる連中を\n今度のライブに呼んでやったらどうだ\nって言ってましたけど……","0","515","7","0","0.5","105411","0","1","515057"
"3","nop_talk_surprise1","0.2","515","1","","","105411","","","515058"
"93","1","","515","","","","2","","","515059"
"3","nop_talk_thinking","0.5","515","1","","","105411","","","515060"
"93","1","","515","","","","5","","","515061"
"3","nop_talk_surprise1","0.2","515","1","","","105411","","","515062"
"91","","","515","","","","515057","","","515063"
"3","nop_idle_surprise1","0.2","515","1","","","105411","","","515064"
"21","vo_drama_10082015_009","","515","0","","","vo_drama_10082015","","0","515065"
"11","それいいね！\n迷惑じゃないならぜひ招待したいな。\nみんなはどう？","0","515","5","0","0.5","102931","0","1","515066"
"3","nop_talk_joy2","0.2","515","1","","","102931","","","515067"
"93","1","","515","","","","2","","","515068"
"3","nop_talk_normal","0.2","515","1","","","102931","","","515069"
"91","","","515","","","","515066","","","515070"
"3","nop_idle_normal","0.2","515","1","","","102931","","","515071"
"21","vo_drama_10082015_010","","515","0","","","vo_drama_10082015","","0","515072"
"11","私もお招きしたいです。\n素敵な新年会に呼んでいただいた\nお礼がしたいですから。","0","515","7","0","0.5","104211","0","1","515073"
"3","nop_talk_joy1","0.2","515","1","","","104211","","","515074"
"93","1","","515","","","","2.25","","","515075"
"3","nop_talk_wish","0.2","515","1","","","104211","","","515076"
"91","","","515","","","","515073","","","515077"
"3","nop_idle_wish","0.2","515","1","","","104211","","","515078"
"21","vo_drama_10082015_011","","515","0","","","vo_drama_10082015","","0","515079"
"11","そうなると次のライブも\n完璧にやりますよ。\nレイ様も呼ぶんですからね！","0","515","6","0","0.5","105411","0","1","515080"
"3","nop_talk_guts2","0.2","515","0","1","","105411","0.2","nop_talk_guts2_loop","515081"
"93","1","","515","","","","3.5","","","515082"
"3","nop_talk_doya","0.2","515","0","1","","105411","0.2","nop_talk_doya_loop","515083"
"91","","","515","","","","515080","","","515084"
"3","nop_idle_doya","0.2","515","1","","","105411","","","515085"
"21","vo_drama_10082015_012","","515","0","","","vo_drama_10082015","","0","515086"
"11","やる気十分だね！\nじゃあ帰ったらさっそく\nリハーサルの続きをしよう！","0","515","6","0","0.5","102931","0","1","515087"
"3","nop_talk_joy2","0.2","515","1","","","102931","","","515088"
"93","1","","515","","","","2","","","515089"
"3","nop_talk_joy1","0.2","515","1","","","102931","","","515090"
"91","","","515","","","","515087","","","515091"
"3","nop_idle_joy1","0.2","515","1","","","102931","","","515092"
"21","vo_drama_10082015_013","","515","0","","","vo_drama_10082015","","0","515093"
"11","新しい年の始まりに相応しい\n素敵なライブにしてみせます。","0","515","7","0","0.5","104211","0","1","515094"
"3","nop_talk_joy3_blink","0.2","515","1","","","104211","","","515095"
"91","","","515","","","","515094","","","515096"
"3","nop_idle_joy1","0.2","515","1","","","104211","","","515097"
"21","vo_drama_10082015_014","","515","0","","","vo_drama_10082015","","0","515098"
"11","完璧なステージを\nお見せしますから。\n期待しててください。","0","515","8","0","0.5","105411","0","1","515099"
"3","nop_15_tsumugi_talk_arm_crossed","0.2","515","0","1","","105411","0.2","nop_15_tsumugi_talk_arm_crossed_loop","515100"
"93","1","","515","","","","2.5","","","515101"
"3","nop_talk_arm_crossed_loop_joy","0.2","515","1","","","105411","","","515102"
"91","","","515","","","","515099","","","515103"
"3","nop_idle_arm_crossed_joy","0.2","515","1","","","105411","","","515104"
"21","vo_drama_10082015_015","","515","0","","","vo_drama_10082015","","0","515105"
"11","今年も私たちカルミナは\n全力でアイドルするから！\n見逃しちゃ、だめだよ♪","0","515","6","0","0.5","102931","0","1","515106"
"3","nop_talk_joy2","0.2","515","1","","","102931","","","515107"
"93","","","515","","","","3","","","515108"
"3","nop_15_cmn_last","0.2","515","0","1","","102931","0.2","nop_talk_joy1_wink","515109"
"91","","","515","","","","515106","","","515110"
"3","nop_talk_guts4","0.2","515","0","1","","102931","0.2","nop_idle_guts4","515111"
"93","","","515","","","","0.2","","","515112"
"3","nop_talk_guts2","0.2","515","0","1","","104211","0.2","nop_idle_guts2","515113"
"93","","","515","","","","0.1","","","515114"
"3","nop_talk_guts2","0.2","515","0","1","","105411","0.2","nop_idle_guts2","515115"
"93","0","","515","","","","1","","","515116"
"1","106731","1.95","516","105","-255","nop_idle_normal","1","1","150","516001"
"1","106631","1.95","516","101","-255","nop_idle_joy2","1","0","-150","516002"
"1","106531","1.95","516","104","-275","nop_16_kaya_idle_normal2","1","0","-300","516003"
"5","2","1.95","516","106","-255","nop_rago_idle","1","1","230","516004"
"5","22","1.95","516","106","-255","NoItem_idle","1","1","150","516005"
"5","23","1.95","516","100","-255","NoItem","1","1","150","516006"
"6","1","0","516","1","0","","23","0","1","516007"
"6","1","0","516","1","0","","22","0","1","516008"
"93","0","","516","","","","0.5","","","516009"
"3","nop_talk_joy2","0.2","516","1","","","106631","","","516010"
"21","vo_drama_10082016_001","","516","0","","","vo_drama_10082016","","0","516011"
"11","さあお兄さん！　あけおめですよ！\nお年玉をよこすです！","0","516","8","0","0.5","106631","0","1","516012"
"93","1","","516","","","","2.2","","","516013"
"3","nop_16_inori_talk_doya","0.2","516","0","1","","106631","0","nop_16_inori_talk_doya_loop","516014"
"91","","","516","","","","516012","","","516015"
"3","nop_16_inori_idle_doya","0.2","516","1","","","106631","","","516016"
"3","nop_16_kaya_talk_normal","0.2","516","1","","","106531","","","516017"
"21","vo_drama_10082016_002","","516","0","","","vo_drama_10082016","","0","516018"
"11","こーら、イノリ。\nなに新年早々みっともない\n真似してんだよ。\nボスも何か言ってくれよ。","0","516","8","0","0.5","106531","0","1","516019"
"93","1","","516","","","","4","","","516020"
"3","nop_16_kaya_talk_normal2","0.2","516","0","1","","106531","0","nop_16_kaya_talk_normal2_loop","516021"
"91","","","516","","","","516019","","","516022"
"3","nop_16_kaya_idle_normal2","0.2","516","1","","","106531","","","516023"
"3","nop_talk_joy1","0.2","516","1","","","106731","","","516024"
"21","vo_drama_10082016_003","","516","0","","","vo_drama_10082016","","0","516025"
"11","それにしてもすごいよね～\nこの会場には有力ギルドのマスター\nだけじゃなくて七冠に王女まで\n来てるんだもん。","0","516","8","0","0.5","106731","0","1","516026"
"91","","","516","","","","516026","","","516027"
"3","nop_idle_joy1","0.2","516","1","","","106731","","","516028"
"3","nop_16_inori_talk_nofaith","0.2","516","0","1","","106631","0","nop_16_inori_talk_nofaith_loop","516029"
"21","vo_drama_10082016_004","","516","0","","","vo_drama_10082016","","0","516030"
"11","なんか物騒なこと考えてやがるですよ？\nあたしじゃなくてこっちを\nなんとかすべきじゃないですか？\nマツリたちに突き出してやるです！！","0","516","8","0","0.5","106631","0","1","516031"
"93","1","","516","","","","4","","","516032"
"3","nop_16_inori_talk_guts","0.2","516","0","1","","106631","0","nop_16_inori_talk_guts_loop","516033"
"91","","","516","","","","516031","","","516034"
"3","nop_16_inori_idle_guts","0.2","516","1","","","106631","","","516035"
"3","nop_talk_normal","0.2","516","1","","","106731","","","516036"
"21","vo_drama_10082016_005","","516","0","","","vo_drama_10082016","","0","516037"
"11","イノリちゃんひどいな～\nそんなみんなと力を合わせて\n世界の秘密を明かしていこ～！\nって意味だよ？","0","516","8","0","0.5","106731","0","1","516038"
"93","1","","516","","","","4","","","516039"
"3","nop_talk_guts2","0.2","516","0","1","","106731","0","nop_talk_guts2_loop","516040"
"91","","","516","","","","516038","","","516041"
"3","nop_idle_wish","0.2","516","1","","","106731","","","516042"
"3","nop_16_homare_idle_wish","0.2","516","1","","","22","","","516043"
"3","nop_talk_sad","0.2","516","1","","","106631","","","516044"
"21","vo_drama_10082016_006","","516","0","","","vo_drama_10082016","","0","516045"
"11","そんなうさんくさいこと\n信用できるわけ……\nぴゃあっ！　目ッ！\n目を開けないでほしいですっ！","0","516","8","0","0.5","106631","0","1","516046"
"93","1","","516","","","","3.4","","","516047"
"3","BlackFade","0","516","1","","","23","","","516048"
"6","1","0.2","516","1","0.5","","23","0","1","516049"
"93","1","","516","","","","0.2","","","516050"
"6","1","0","516","1","1","","22","0","1","516051"
"3","nop_16_homare_talk_kaigan_wish","0.2","516","0","1","","22","0.2","nop_16_homare_idle_kaigan_wish","516052"
"3","nop_16_homare_talk_kaigan_wish","0.2","516","0","1","","106731","0.2","nop_16_homare_idle_kaigan_wish","516053"
"3","nop_surprise","0.2","516","0","1","","106631","0.2","nop_talk_surprise2","516054"
"93","0","","516","","","","1","","","516055"
"6","1","0.2","516","1","0","","23","0","1","516056"
"91","","","516","","","","516046","","","516057"
"3","nop_idle_surprise2","0.2","516","1","","","106631","","","516058"
"3","nop_15_tsumugi_talk_arm_crossed","0.2","516","0","1","","106531","0","nop_15_tsumugi_talk_arm_crossed_loop","516059"
"21","vo_drama_10082016_007","","516","0","","","vo_drama_10082016","","0","516060"
"11","はぁ……うちは年が明けても\n相変わらず、って感じだな。\nま、今年もよろしく頼むよ。","0","516","8","0","0.5","106531","0","1","516061"
"93","1","","516","","","","4","","","516062"
"3","nop_16_inori_talk_doya","0.2","516","0","1","","106531","0","nop_16_inori_talk_doya_loop","516063"
"91","","","516","","","","516061","","","516064"
"3","nop_16_inori_idle_doya","0.2","516","1","","","106531","","","516065"
"93","0","","516","","","","0.5","","","516066"
"1","111031","1.95","517","104","-225","nop_idle_normal","1","1","150","517001"
"1","110931","1.95","517","103","-225","nop_idle_normal","1","0","-150","517002"
"1","110831","1.95","517","105","-255","nop_17_chloe_idle_normal2","1","0","-300","517003"
"93","0","","517","","","","0.5","","","517004"
"21","vo_drama_10082017_001","","517","0","","","vo_drama_10082017","","0","517005"
"11","きゃあああ～ん！\n無敵の歌姫カルミナちゃんたち筆頭に、\n右も左も美少女ざんまい！\n何なんですか、この顔の良い新年会！","0","517","8","0","0.5","110931","0","1","517006"
"3","nop_17_chieru_swing","0.2","517","0","1","","110931","0.2","nop_idle_normal","517007"
"93","1","","517","","","","1.5","","","517008"
"3","nop_17_chieru_ahahaStand_in","0.2","517","0","1","","110931","0","nop_17_chieru_ahahaStand_loop","517009"
"93","1","","517","","","","4","","","517010"
"3","nop_17_chieru_huhuStand_in","0.2","517","0","1","","110931","0","nop_17_chieru_huhuStand_loop","517011"
"91","","","517","","","","517006","","","517012"
"21","vo_drama_10082017_002","","517","0","","","vo_drama_10082017","","0","517013"
"11","てかメンツ濃いなァ……\nうちら完全にモブじゃん。\nアオイなんか柱に抱きついて\nがたがた震えちゃってるじゃん。","0","517","8","0","0.5","110831","0","1","517014"
"3","nop_17_chloe_talk_normal_sad","0.2","517","0","1","","110831","0","nop_17_chloe_talk_normal_sad_loop","517015"
"93","1","","517","","","","3.5","","","517016"
"3","nop_talk_worry","0.2","517","1","","","110831","","","517017"
"91","","","517","","","","517014","","","517018"
"3","nop_17_chloe_idle_normal2","0.2","517","1","","","110831","","","517019"
"21","vo_drama_10082017_003","","517","0","","","vo_drama_10082017","","0","517020"
"11","それに比してメ団の面々は豪胆だ、\n麦しゅわ煽って大騒ぎとは畏れ入る。\nさすが辣腕の事業家と言ったところか。\nとりわけアキノ君は貴族の出自だしな。","0","517","8","0","0.5","111031","0","1","517021"
"3","nop_talk_normal_suprise1","0.2","517","1","","","111031","","","517022"
"3","nop_idle_normal_suprise1","0.2","517","1","","","110931","","","517023"
"93","1","","517","","","","2.2","","","517024"
"3","nop_talk_joy1","0.2","517","1","","","111031","","","517025"
"93","1","","517","","","","4.8","","","517026"
"3","nop_talk_joy3_blink2","0.2","517","1","","","111031","","","517027"
"91","","","517","","","","517021","","","517028"
"3","nop_idle_normal","0.2","517","1","","","111031","","","517029"
"21","vo_drama_10082017_004","","517","0","","","vo_drama_10082017","","0","517030"
"11","あ、そういえば貴族って、\nなんか教訓みたいのありましたよね？\n家ガチャ当たったオレたち金持ちは\n貧乏庶民を助けるべし、みたいなやつ。","0","517","8","0","0.5","110931","0","1","517031"
"3","nop_talk_joy1_normal","0.2","517","1","","","110931","","","517032"
"93","1","","517","","","","4.3","","","517033"
"3","nop_17_chieru_talk_doya","0.2","517","0","1","","110931","0","nop_17_chieru_talk_doya_loop","517034"
"91","","","517","","","","517031","","","517035"
"21","vo_drama_10082017_005","","517","0","","","vo_drama_10082017","","0","517036"
"11","それだチエル君。\nノブレス・オブリージュ──\n大雑把に換言すれば、アキノ君は我々に\n金銭的援助をほどこす義務がある。","0","517","8","0","0.5","111031","0","1","517037"
"3","nop_17_yuni_talk_nofaith","0.2","517","0","1","","111031","0","nop_17_yuni_talk_nofaith_loop","517038"
"93","1","","517","","","","3","","","517039"
"3","nop_talk_guts2","0.2","517","0","1","","111031","0","nop_talk_guts2_loop","517040"
"91","","","517","","","","517037","","","517041"
"21","vo_drama_10082017_006","","517","0","","","vo_drama_10082017","","0","517042"
"11","あ？　そーなんすか？\nしたら、お年玉もらいに\n行ってあげなきゃ駄目じゃん。","0","517","8","0","0.5","110831","0","1","517043"
"3","nop_talk_arm_crossed_loop2","0.2","517","1","","","110831","","","517044"
"93","1","","517","","","","1.7","","","517045"
"3","nop_17_chloe_talk_normal_joy","0.2","517","0","1","","110831","0","nop_17_chloe_talk_normal_joy_loop","517046"
"3","nop_idle_joy1","0.2","517","1","","","110931","","","517047"
"91","","","517","","","","517043","","","517048"
"3","nop_17_chloe_idle_normal_joy","0.2","517","1","","","110831","","","517049"
"21","vo_drama_10082017_007","","517","0","","","vo_drama_10082017","","0","517050"
"11","てゆか、こんだけ集まってれば、\n貴族とか王族とか\nやんごとない系の人たち、\nもう何人かいるんじゃないです？","0","517","8","0","0.5","110931","0","1","517051"
"3","nop_talk_joy2","0.2","517","1","","","110931","","","517052"
"93","1","","517","","","","5","","","517053"
"3","nop_idle_surprise_kira","0.2","517","1","","","111031","","","517054"
"91","","","517","","","","517051","","","517055"
"3","nop_idle_normal","0.2","517","1","","","110931","","","517056"
"21","vo_drama_10082017_008","","517","0","","","vo_drama_10082017","","0","517057"
"11","よし、ゆくぞ諸君！\nふはは富裕層どもめ、\n身ぐるみ剥いでくれるわー！","0","517","8","0","0.5","111031","0","1","517058"
"3","nop_17_yuni_pose","0.2","517","0","1","","111031","0","nop_17_yuni_pose_loop","517059"
"93","1","","517","","","","0.7","","","517060"
"3","nop_17_chieru_smile","0.2","517","0","1","","110931","0.2","nop_idle_normal","517061"
"12","10","0","517","1","0","0","110931","0","0","517062"
"3","nop_17_chloe_04","0.2","517","0","1","","110831","0.2","nop_17_chloe_idle_normal_joy","517063"
"12","6","0","517","1","0","0","110831","0","0","517064"
"93","1","","517","","","","1","","","517065"
"3","nop_17_yuni_huhuStand_in","0.2","517","0","","","111031","","","517066"
"93","1","","517","","","","1.5","","","517067"
"3","nop_17_yuni_ahahaStand_in","0.2","517","0","1","","111031","0","nop_17_yuni_ahahaStand_loop","517068"
"91","","","517","","","","517058","","","517069"
"4","0","","517","","","","111031","","","517070"
"3","nop_run","0.2","517","1","","","111031","","","517071"
"2","1000","","517","-225","0","","111031","","3","517072"
"93","0","","517","","","","0.3","","","517073"
"3","nop_run","0.2","517","1","","","110931","","","517074"
"2","1000","","517","-225","0","","110931","","3","517075"
"93","0","","517","","","","0.1","","","517076"
"3","nop_run_joy","0.2","517","1","","","110831","","","517077"
"2","1000","","517","-255","0","","110831","","3","517078"
"93","0","","517","","","","3","","","517079"
"93","0","","517","","","","0.5","","","517080"
"1","115031","1.95","518","105","-255","nop_idle_normal","1","0","-150","518001"
"1","114711","1.95","518","104","-255","nop_18_muimi_idle_joy_normal","1","1","150","518002"
"1","118511","1.95","518","107","-275","nop_18_karin_idle_normal","1","0","-1000","518003"
"1","118031","1.95","518","106","-275","nop_idle_joy2","1","1","300","518004"
"93","0","","518","","","","0.5","","","518005"
"3","nop_18_credita_talk_surprise","0.2","518","1","","","118031","","","518006"
"21","vo_drama_10082018_001","","518","0","","","vo_drama_10082018","","0","518007"
"11","あらあらまあまあ！\nなかなかの新年会ではありませんの！\n我が【リッチモンド商工会】主催の\n新年会にも引けを取りませんわね。","0","518","8","0","0.5","118031","0","1","518008"
"93","1","","518","","","","3.5","","","518009"
"3","nop_talk_doya","0.2","518","0","1","","118031","0","nop_talk_doya_loop","518010"
"91","","","518","","","","518008","","","518011"
"3","nop_idle_doya","0.2","518","1","","","118031","","","518012"
"3","nop_18_muimi_hello","0.2","518","1","","","114711","","","518013"
"21","vo_drama_10082018_002","","518","0","","","vo_drama_10082018","","0","518014"
"11","あけましておめでとう！\nおせちも美味しいし\n最高の正月だな！","0","518","8","0","0.5","114711","0","1","518015"
"93","1","","518","","","","1.5","","","518016"
"3","nop_talk_normal","0.2","518","1","","","114711","","","518017"
"91","","","518","","","","518015","","","518018"
"3","nop_idle_normal","0.2","518","1","","","114711","","","518019"
"3","nop_talk_sad2","0.2","518","1","","","115031","","","518020"
"21","vo_drama_10082018_003","","518","0","","","vo_drama_10082018","","0","518021"
"11","かなりの人数が集まっていますね。\n緊張感がないのは困りものですが\nまあ正月くらいはいいでしょう。","0","518","8","0","0.5","115031","0","1","518022"
"91","","","518","","","","518022","","","518023"
"3","nop_idle_normal","0.2","518","1","","","115031","","","518024"
"3","nop_talk_bitter","0.2","518","1","","","114711","","","518025"
"21","vo_drama_10082018_004","","518","0","","","vo_drama_10082018","","0","518026"
"11","そんなこと言いながらネネカも\nバッチリ晴れ着姿なんだな。","0","518","8","0","0.5","114711","0","1","518027"
"91","","","518","","","","518027","","","518028"
"3","nop_18_muimi_idle_normal","0.2","518","1","","","114711","","","518029"
"3","nop_talk_thinking","0.2","518","1","","","115031","","","518030"
"21","vo_drama_10082018_005","","518","0","","","vo_drama_10082018","","0","518031"
"11","……適した服装で場に溶け込むのは\n隠密工作の一種です。","0","518","8","0","0.5","115031","0","1","518032"
"91","","","518","","","","518032","","","518033"
"3","nop_idle_thinking","0.2","518","1","","","115031","","","518034"
"3","nop_18_neneka_talk_normal","0.2","518","1","","","115031","","","518035"
"21","vo_drama_10082018_006","","518","0","","","vo_drama_10082018","","0","518036"
"11","別に浮かれているわけでは\nありませんよ。\n不穏分子がいないかの\n確認は大切ですから……ふむ。","0","518","8","0","0.5","115031","0","1","518037"
"93","1","","518","","","","3","","","518038"
"3","nop_18_neneka_humu2","0.2","518","0","1","","115031","0","nop_18_neneka_humu2_loop","518039"
"91","","","518","","","","518037","","","518040"
"3","nop_surprise","0.2","518","0","1","","118031","0","nop_talk_surprise1","518041"
"21","vo_drama_10082018_007","","518","0","","","vo_drama_10082018","","0","518042"
"11","！？\n……な、なにやら視線を感じますわね。\nわたくしは陛下の忠実なるしもべ！\n不穏分子などではありませんわよ～っ！","0","518","8","0","0.5","118031","0","1","518043"
"93","1","","518","","","","1","","","518044"
"3","nop_talk_sad","0.2","518","1","","","118031","","","518045"
"93","1","","518","","","","2","","","518046"
"3","nop_18_credita_ahahaStand_in","0.2","518","0","1","","118031","0","nop_18_credita_ahahaStand_loop","518047"
"93","1","","518","","","","1","","","518048"
"3","nop_walk","0.2","518","1","","","118511","","","518049"
"2","-350","","518","-275","0","","118511","","3","518050"
"93","0","","518","","","","1","","","518051"
"3","nop_18_credita_ohohoStand_in","0.2","518","0","1","","118031","0","nop_18_credita_ohohoStand_loop","518052"
"93","0","","518","","","","2","","","518053"
"3","nop_18_karin_idle_normal","0.2","518","1","","","118511","","","518054"
"91","","","518","","","","518043","","","518055"
"3","nop_18_credita_ohohoStand_out","0.2","518","1","","","118031","0.4","nop_idle_sad","518056"
"93","0","","518","","","","0","","","518057"
"4","1","","518","","","","115031","","","518058"
"3","nop_idle_normal","0.2","518","1","","","115031","","","518059"
"93","0","","518","","","","0","","","518060"
"3","nop_idle_joy1","0.2","518","1","","","114711","","","518061"
"3","nop_idle_normal","0.2","518","1","","","118031","","","518062"
"3","nop_18_karin_talk_normal","0.2","518","1","","","118511","","","518063"
"21","vo_drama_10082018_008","","518","0","","","vo_drama_10082018","","0","518064"
"11","御来賓の皆さまも\n楽しんでいただけているようですね。\n本年もギルド管理協会ともども\nよろしくお願いいたします！","0","518","8","0","0.5","118511","0","1","518065"
"93","1","","518","","","","0.5","","","518066"
"93","1","","518","","","","4.5","","","518067"
"3","nop_18_karin_bow","0.2","518","0","1","","118511","0","nop_18_karin_idle_normal","518068"
"91","","","518","","","","518065","","","518069"
"3","nop_18_muimi_hello","0.2","518","0","1","","114711","0","nop_idle_normal","518070"
"3","nop_bow","0.2","518","0","1","","115031","0","nop_idle_normal","518071"
"3","nop_18_credita_ahahaStand_loop","0.2","518","1","","","118031","","","518072"
"93","0","","518","","","","1.5","","","518073"